provider,source,id,name,future_programmes,future_hours,desc_pct,url,reason
epgshare,AE1,1.Baghdad.ae,1 Baghdad,0,0.0,0.0,https://epgshare01.online/epgshare01/epg_ripper_AE1.xml.gz,ZERO_FUTURE_EPG
epgshare,AE1,Al.Aan.TV.ae,Al Aan TV,0,0.0,0.0,https://epgshare01.online/epgshare01/epg_ripper_AE1.xml.gz,ZERO_FUTURE_EPG
epgshare,AE1,Al.Assema.ae,Al Assema,0,0.0,0.0,https://epgshare01.online/epgshare01/epg_ripper_AE1.xml.gz,ZERO_FUTURE_EPG
epgshare,AE1,Al.Etejah.HD.ae,Al Etejah HD,0,0.0,0.0,https://epgshare01.online/epgshare01/epg_ripper_AE1.xml.gz,ZERO_FUTURE_EPG
epgshare,AE1,Al.Haqiqa.ae,Al Haqiqa,0,0.0,0.0,https://epgshare01.online/epgshare01/epg_ripper_AE1.xml.gz,ZERO_FUTURE_EPG
epgshare,AE1,Al.Hijaz.TV.ae,Al Hijaz TV,0,0.0,0.0,https://epgshare01.online/epgshare01/epg_ripper_AE1.xml.gz,ZERO_FUTURE_EPG
epgshare,AE1,Al.Hurra.TV.HD.ae,Al Hurra TV HD,0,0.0,0.0,https://epgshare01.online/epgshare01/epg_ripper_AE1.xml.gz,ZERO_FUTURE_EPG
epgshare,AE1,Al.Rahma.ae,Al Rahma,0,0.0,0.0,https://epgshare01.online/epgshare01/epg_ripper_AE1.xml.gz,ZERO_FUTURE_EPG
epgshare,AE1,Al.Sabah.ae,Al Sabah,0,0.0,0.0,https://epgshare01.online/epgshare01/epg_ripper_AE1.xml.gz,ZERO_FUTURE_EPG
epgshare,AE1,Al.Sayedah.TV.ae,Al Sayedah TV,0,0.0,0.0,https://epgshare01.online/epgshare01/epg_ripper_AE1.xml.gz,ZERO_FUTURE_EPG
epgshare,AE1,Al.Shaoub.TV.ae,Al Shaoub TV,0,0.0,0.0,https://epgshare01.online/epgshare01/epg_ripper_AE1.xml.gz,ZERO_FUTURE_EPG
epgshare,AE1,Al.Yoom.ae,Al Yoom,0,0.0,0.0,https://epgshare01.online/epgshare01/epg_ripper_AE1.xml.gz,ZERO_FUTURE_EPG
epgshare,AE1,Algerian.4kids.ae,Algerian 4kids,0,0.0,0.0,https://epgshare01.online/epgshare01/epg_ripper_AE1.xml.gz,ZERO_FUTURE_EPG
epgshare,AE1,Altaghier.TV.HD.ae,Altaghier TV HD,0,0.0,0.0,https://epgshare01.online/epgshare01/epg_ripper_AE1.xml.gz,ZERO_FUTURE_EPG
epgshare,AE1,AlThaqafeya.HD.ae,AlThaqafeya HD,0,0.0,0.0,https://epgshare01.online/epgshare01/epg_ripper_AE1.xml.gz,ZERO_FUTURE_EPG
epgshare,AE1,Angel.TV.Arabia.ae,Angel TV Arabia,0,0.0,0.0,https://epgshare01.online/epgshare01/epg_ripper_AE1.xml.gz,ZERO_FUTURE_EPG
epgshare,AE1,ar:.1.أبوظبي.الرياضية.ae,ar: 1 أبوظبي الرياضية,0,0.0,0.0,https://epgshare01.online/epgshare01/epg_ripper_AE1.xml.gz,ZERO_FUTURE_EPG
epgshare,AE1,ar:.2.أبوظبي.الرياضية.ae,ar: 2 أبوظبي الرياضية,0,0.0,0.0,https://epgshare01.online/epgshare01/epg_ripper_AE1.xml.gz,ZERO_FUTURE_EPG
epgshare,AE1,ar:.2M.Monde.ae,ar: 2M Monde,0,0.0,0.0,https://epgshare01.online/epgshare01/epg_ripper_AE1.xml.gz,ZERO_FUTURE_EPG
epgshare,AE1,ar:.Al.Jadeed.ae,ar: Al Jadeed,0,0.0,0.0,https://epgshare01.online/epgshare01/epg_ripper_AE1.xml.gz,ZERO_FUTURE_EPG
epgshare,AE1,ar:.DAZN.Combat.&.Fighting.ae,ar: DAZN Combat & Fighting,0,0.0,0.0,https://epgshare01.online/epgshare01/epg_ripper_AE1.xml.gz,ZERO_FUTURE_EPG
epgshare,AE1,ar:.M80.موسى.ae,ar: M80 موسى,0,0.0,0.0,https://epgshare01.online/epgshare01/epg_ripper_AE1.xml.gz,ZERO_FUTURE_EPG
epgshare,AE1,ar:.MBC+.e&.ae,ar: MBC+ e&,0,0.0,0.0,https://epgshare01.online/epgshare01/epg_ripper_AE1.xml.gz,ZERO_FUTURE_EPG
epgshare,AE1,ar:.Red.Bull.TV.Live.ae,ar: Red Bull TV Live,0,0.0,0.0,https://epgshare01.online/epgshare01/epg_ripper_AE1.xml.gz,ZERO_FUTURE_EPG
epgshare,AE1,ar:.Roya.TV.Live.ae,ar: Roya TV Live,0,0.0,0.0,https://epgshare01.online/epgshare01/epg_ripper_AE1.xml.gz,ZERO_FUTURE_EPG
epgshare,AE1,ar:.STARZPLAY.Sports.ae,ar: STARZPLAY Sports,0,0.0,0.0,https://epgshare01.online/epgshare01/epg_ripper_AE1.xml.gz,ZERO_FUTURE_EPG
epgshare,AE1,ar:.أبوظبي.كلاسيك.إف.إم.ae,ar: أبوظبي كلاسيك إف إم,0,0.0,0.0,https://epgshare01.online/epgshare01/epg_ripper_AE1.xml.gz,ZERO_FUTURE_EPG
epgshare,AE1,ar:.أس.تي.سي.دراما.ae,ar: أس تي سي دراما,0,0.0,0.0,https://epgshare01.online/epgshare01/epg_ripper_AE1.xml.gz,ZERO_FUTURE_EPG
epgshare,AE1,ar:.أس.تي.سي.سينما.ae,ar: أس تي سي سينما,0,0.0,0.0,https://epgshare01.online/epgshare01/epg_ripper_AE1.xml.gz,ZERO_FUTURE_EPG
epgshare,AE1,ar:.أس.تي.سي.عائلة.ae,ar: أس تي سي عائلة,0,0.0,0.0,https://epgshare01.online/epgshare01/epg_ripper_AE1.xml.gz,ZERO_FUTURE_EPG
epgshare,AE1,ar:.أيه.دبل.يو.إس.إن.بلس.ae,ar: أيه دبل يو إس إن بلس,0,0.0,0.0,https://epgshare01.online/epgshare01/epg_ripper_AE1.xml.gz,ZERO_FUTURE_EPG
epgshare,AE1,ar:.إذاعة.أبوظبي.إف.إم.ae,ar: إذاعة أبوظبي إف إم,0,0.0,0.0,https://epgshare01.online/epgshare01/epg_ripper_AE1.xml.gz,ZERO_FUTURE_EPG
epgshare,AE1,ar:.إذاعة.الإمارات.إف.إم.ae,ar: إذاعة الإمارات إف إم,0,0.0,0.0,https://epgshare01.online/epgshare01/epg_ripper_AE1.xml.gz,ZERO_FUTURE_EPG
epgshare,AE1,ar:.الشرق.للأخبار-.لايف.ae,ar: الشرق للأخبار- لايف,0,0.0,0.0,https://epgshare01.online/epgshare01/epg_ripper_AE1.xml.gz,ZERO_FUTURE_EPG
epgshare,AE1,ar:.اي.اي.اس.ال.(ايست.ايشيا.سوبر.ليغ.2025-2026).ae,ar: اي اي اس ال (ايست ايشيا سوبر ليغ 2025-2026),0,0.0,0.0,https://epgshare01.online/epgshare01/epg_ripper_AE1.xml.gz,ZERO_FUTURE_EPG
epgshare,AE1,ar:.جولف.لايف.ae,ar: جولف لايف,0,0.0,0.0,https://epgshare01.online/epgshare01/epg_ripper_AE1.xml.gz,ZERO_FUTURE_EPG
epgshare,AE1,ar:.راديو.1.ae,ar: راديو 1,0,0.0,0.0,https://epgshare01.online/epgshare01/epg_ripper_AE1.xml.gz,ZERO_FUTURE_EPG
epgshare,AE1,ar:.راديو.2.ae,ar: راديو 2,0,0.0,0.0,https://epgshare01.online/epgshare01/epg_ripper_AE1.xml.gz,ZERO_FUTURE_EPG
epgshare,AE1,ar:.زي.أفلام.-.مباشر.ae,ar: زي أفلام - مباشر,0,0.0,0.0,https://epgshare01.online/epgshare01/epg_ripper_AE1.xml.gz,ZERO_FUTURE_EPG
epgshare,AE1,ar:.زي.ألوان.-.البث.المباشر.ae,ar: زي ألوان - البث المباشر,0,0.0,0.0,https://epgshare01.online/epgshare01/epg_ripper_AE1.xml.gz,ZERO_FUTURE_EPG
epgshare,AE1,ar:.ستار.إف.إم.ae,ar: ستار إف إم,0,0.0,0.0,https://epgshare01.online/epgshare01/epg_ripper_AE1.xml.gz,ZERO_FUTURE_EPG
epgshare,AE1,ar:.ستارز.بلاي.كلاسيكز.ae,ar: ستارز بلاي كلاسيكز,0,0.0,0.0,https://epgshare01.online/epgshare01/epg_ripper_AE1.xml.gz,ZERO_FUTURE_EPG
epgshare,AE1,ar:.ستارزبلاي.كريكيت.2.ae,ar: ستارزبلاي كريكيت 2,0,0.0,0.0,https://epgshare01.online/epgshare01/epg_ripper_AE1.xml.gz,ZERO_FUTURE_EPG
epgshare,AE1,ar:.سكاي.نيوز.عربية.-.مباشر.ae,ar: سكاي نيوز عربية - مباشر,0,0.0,0.0,https://epgshare01.online/epgshare01/epg_ripper_AE1.xml.gz,ZERO_FUTURE_EPG
epgshare,AE1,ar:.سما.دبي.ae,ar: سما دبي,0,0.0,0.0,https://epgshare01.online/epgshare01/epg_ripper_AE1.xml.gz,ZERO_FUTURE_EPG
epgshare,AE1,ar:.سي.إن.بي.سي.عربية.-.مباشر.ae,ar: سي إن بي سي عربية - مباشر,0,0.0,0.0,https://epgshare01.online/epgshare01/epg_ripper_AE1.xml.gz,ZERO_FUTURE_EPG
epgshare,AE1,ar:.سي.جي.تي.إن.ae,ar: سي جي تي إن,0,0.0,0.0,https://epgshare01.online/epgshare01/epg_ripper_AE1.xml.gz,ZERO_FUTURE_EPG
epgshare,AE1,ar:.عناوين.أخبار.سي.إن.إن.ae,ar: عناوين أخبار سي إن إن,0,0.0,0.0,https://epgshare01.online/epgshare01/epg_ripper_AE1.xml.gz,ZERO_FUTURE_EPG
epgshare,AE1,ar:.غامبول.باي.دبليو.بي.تي.في.ae,ar: غامبول باي دبليو بي تي في,0,0.0,0.0,https://epgshare01.online/epgshare01/epg_ripper_AE1.xml.gz,ZERO_FUTURE_EPG
epgshare,AE1,ar:.قناة.أبوظبي.ae,ar: قناة أبوظبي,0,0.0,0.0,https://epgshare01.online/epgshare01/epg_ripper_AE1.xml.gz,ZERO_FUTURE_EPG
epgshare,AE1,ar:.قناة.إنديا.توداي.التلفزيونية.ae,ar: قناة إنديا توداي التلفزيونية,0,0.0,0.0,https://epgshare01.online/epgshare01/epg_ripper_AE1.xml.gz,ZERO_FUTURE_EPG
epgshare,AE1,ar:.قناة.إي.آر.واي.ديجيتال.ae,ar: قناة إي آر واي ديجيتال,0,0.0,0.0,https://epgshare01.online/epgshare01/epg_ripper_AE1.xml.gz,ZERO_FUTURE_EPG
epgshare,AE1,ar:.قناة.الإمارات.ae,ar: قناة الإمارات,0,0.0,0.0,https://epgshare01.online/epgshare01/epg_ripper_AE1.xml.gz,ZERO_FUTURE_EPG
epgshare,AE1,ar:.قناة.العربية.-.مباشر.ae,ar: قناة العربية - مباشر,0,0.0,0.0,https://epgshare01.online/epgshare01/epg_ripper_AE1.xml.gz,ZERO_FUTURE_EPG
epgshare,AE1,ar:.قناة.القرآن.الكريم.ae,ar: قناة القرآن الكريم,0,0.0,0.0,https://epgshare01.online/epgshare01/epg_ripper_AE1.xml.gz,ZERO_FUTURE_EPG
epgshare,AE1,ar:.قناة.بينونة.ae,ar: قناة بينونة,0,0.0,0.0,https://epgshare01.online/epgshare01/epg_ripper_AE1.xml.gz,ZERO_FUTURE_EPG
epgshare,AE1,ar:.قناة.جيو.ae,ar: قناة جيو,0,0.0,0.0,https://epgshare01.online/epgshare01/epg_ripper_AE1.xml.gz,ZERO_FUTURE_EPG
epgshare,AE1,ar:.قناة.ماجد.ae,ar: قناة ماجد,0,0.0,0.0,https://epgshare01.online/epgshare01/epg_ripper_AE1.xml.gz,ZERO_FUTURE_EPG
epgshare,AE1,ar:.قناة.ياس.ae,ar: قناة ياس,0,0.0,0.0,https://epgshare01.online/epgshare01/epg_ripper_AE1.xml.gz,ZERO_FUTURE_EPG
epgshare,AE1,ar:.ك-دراما+.ae,ar: ك-دراما+,0,0.0,0.0,https://epgshare01.online/epgshare01/epg_ripper_AE1.xml.gz,ZERO_FUTURE_EPG
epgshare,AE1,ar:.كاريم.نيسارام-مباشر.ae,ar: كاريم نيسارام-مباشر,0,0.0,0.0,https://epgshare01.online/epgshare01/epg_ripper_AE1.xml.gz,ZERO_FUTURE_EPG
epgshare,AE1,ar:.كدك.إف.إم.ae,ar: كدك إف إم,0,0.0,0.0,https://epgshare01.online/epgshare01/epg_ripper_AE1.xml.gz,ZERO_FUTURE_EPG
epgshare,AE1,ar:.كيوريوسيتي.ستريم.ae,ar: كيوريوسيتي ستريم,0,0.0,0.0,https://epgshare01.online/epgshare01/epg_ripper_AE1.xml.gz,ZERO_FUTURE_EPG
epgshare,AE1,ar:.ناشيونال.جيوغرافيك.أبوظبي.ae,ar: ناشيونال جيوغرافيك أبوظبي,0,0.0,0.0,https://epgshare01.online/epgshare01/epg_ripper_AE1.xml.gz,ZERO_FUTURE_EPG
epgshare,AE1,ar:.ويدوسبورتس.مينا.ae,ar: ويدوسبورتس مينا,0,0.0,0.0,https://epgshare01.online/epgshare01/epg_ripper_AE1.xml.gz,ZERO_FUTURE_EPG
epgshare,AE1,ar:.يونبيتن.سبورتس.ae,ar: يونبيتن سبورتس,0,0.0,0.0,https://epgshare01.online/epgshare01/epg_ripper_AE1.xml.gz,ZERO_FUTURE_EPG
epgshare,AE1,Aryen.TV.ae,Aryen TV,0,0.0,0.0,https://epgshare01.online/epgshare01/epg_ripper_AE1.xml.gz,ZERO_FUTURE_EPG
epgshare,AE1,Atfal.&.Mawaheb.ae,Atfal & Mawaheb,0,0.0,0.0,https://epgshare01.online/epgshare01/epg_ripper_AE1.xml.gz,ZERO_FUTURE_EPG
epgshare,AE1,AWE.ae,AWE,0,0.0,0.0,https://epgshare01.online/epgshare01/epg_ripper_AE1.xml.gz,ZERO_FUTURE_EPG
epgshare,AE1,B4U.Plus.ae,B4U Plus,0,0.0,0.0,https://epgshare01.online/epgshare01/epg_ripper_AE1.xml.gz,ZERO_FUTURE_EPG
epgshare,AE1,Bare.Knuckle.ae,Bare Knuckle,0,0.0,0.0,https://epgshare01.online/epgshare01/epg_ripper_AE1.xml.gz,ZERO_FUTURE_EPG
epgshare,AE1,Baywatch.ae,Baywatch,0,0.0,0.0,https://epgshare01.online/epgshare01/epg_ripper_AE1.xml.gz,ZERO_FUTURE_EPG
epgshare,AE1,Belqees.TV.ae,Belqees TV,0,0.0,0.0,https://epgshare01.online/epgshare01/epg_ripper_AE1.xml.gz,ZERO_FUTURE_EPG
epgshare,AE1,Cairo.Plus.Alyom.ae,Cairo Plus Alyom,0,0.0,0.0,https://epgshare01.online/epgshare01/epg_ripper_AE1.xml.gz,ZERO_FUTURE_EPG
epgshare,AE1,Cairo.Plus.Cinema.ae,Cairo Plus Cinema,0,0.0,0.0,https://epgshare01.online/epgshare01/epg_ripper_AE1.xml.gz,ZERO_FUTURE_EPG
epgshare,AE1,Cairo.Plus.Drama.ae,Cairo Plus Drama,0,0.0,0.0,https://epgshare01.online/epgshare01/epg_ripper_AE1.xml.gz,ZERO_FUTURE_EPG
epgshare,AE1,Cricket.Gold.ae,Cricket Gold,0,0.0,0.0,https://epgshare01.online/epgshare01/epg_ripper_AE1.xml.gz,ZERO_FUTURE_EPG
epgshare,AE1,Dream.7kayat.ae,Dream 7kayat,0,0.0,0.0,https://epgshare01.online/epgshare01/epg_ripper_AE1.xml.gz,ZERO_FUTURE_EPG
epgshare,AE1,Dream.Al.Wan.ae,Dream Al Wan,0,0.0,0.0,https://epgshare01.online/epgshare01/epg_ripper_AE1.xml.gz,ZERO_FUTURE_EPG
epgshare,AE1,Dream.Cinema.ae,Dream Cinema,0,0.0,0.0,https://epgshare01.online/epgshare01/epg_ripper_AE1.xml.gz,ZERO_FUTURE_EPG
epgshare,AE1,Dream.El.Youm.ae,Dream El Youm,0,0.0,0.0,https://epgshare01.online/epgshare01/epg_ripper_AE1.xml.gz,ZERO_FUTURE_EPG
epgshare,AE1,Dream.Monaweat.ae,Dream Monaweat,0,0.0,0.0,https://epgshare01.online/epgshare01/epg_ripper_AE1.xml.gz,ZERO_FUTURE_EPG
epgshare,AE1,Dream.Moselsalat.ae,Dream Moselsalat,0,0.0,0.0,https://epgshare01.online/epgshare01/epg_ripper_AE1.xml.gz,ZERO_FUTURE_EPG
epgshare,AE1,Dubai.Radio.ae,Dubai Radio,0,0.0,0.0,https://epgshare01.online/epgshare01/epg_ripper_AE1.xml.gz,ZERO_FUTURE_EPG
epgshare,AE1,en:.2M.Monde.ae,en: 2M Monde,0,0.0,0.0,https://epgshare01.online/epgshare01/epg_ripper_AE1.xml.gz,ZERO_FUTURE_EPG
epgshare,AE1,en:.Abu.Dhabi.Classic.FM.ae,en: Abu Dhabi Classic FM,0,0.0,0.0,https://epgshare01.online/epgshare01/epg_ripper_AE1.xml.gz,ZERO_FUTURE_EPG
epgshare,AE1,en:.Abu.Dhabi.FM.ae,en: Abu Dhabi FM,0,0.0,0.0,https://epgshare01.online/epgshare01/epg_ripper_AE1.xml.gz,ZERO_FUTURE_EPG
epgshare,AE1,en:.Abu.Dhabi.Sports.1.ae,en: Abu Dhabi Sports 1,0,0.0,0.0,https://epgshare01.online/epgshare01/epg_ripper_AE1.xml.gz,ZERO_FUTURE_EPG
epgshare,AE1,en:.Abu.Dhabi.Sports.2.ae,en: Abu Dhabi Sports 2,0,0.0,0.0,https://epgshare01.online/epgshare01/epg_ripper_AE1.xml.gz,ZERO_FUTURE_EPG
epgshare,AE1,en:.Abu.Dhabi.TV.ae,en: Abu Dhabi TV,0,0.0,0.0,https://epgshare01.online/epgshare01/epg_ripper_AE1.xml.gz,ZERO_FUTURE_EPG
epgshare,AE1,en:.Al.Arabiya.HD.ae,en: Al Arabiya HD,0,0.0,0.0,https://epgshare01.online/epgshare01/epg_ripper_AE1.xml.gz,ZERO_FUTURE_EPG
epgshare,AE1,en:.Al.Emarat.TV.ae,en: Al Emarat TV,0,0.0,0.0,https://epgshare01.online/epgshare01/epg_ripper_AE1.xml.gz,ZERO_FUTURE_EPG
epgshare,AE1,en:.Al.Jadeed.ae,en: Al Jadeed,0,0.0,0.0,https://epgshare01.online/epgshare01/epg_ripper_AE1.xml.gz,ZERO_FUTURE_EPG
epgshare,AE1,en:.ARY.Digital.ae,en: ARY Digital,0,0.0,0.0,https://epgshare01.online/epgshare01/epg_ripper_AE1.xml.gz,ZERO_FUTURE_EPG
epgshare,AE1,en:.Asharq.News.ae,en: Asharq News,0,0.0,0.0,https://epgshare01.online/epgshare01/epg_ripper_AE1.xml.gz,ZERO_FUTURE_EPG
epgshare,AE1,en:.AWSN+.ae,en: AWSN+,0,0.0,0.0,https://epgshare01.online/epgshare01/epg_ripper_AE1.xml.gz,ZERO_FUTURE_EPG
epgshare,AE1,en:.Baynounah.TV.ae,en: Baynounah TV,0,0.0,0.0,https://epgshare01.online/epgshare01/epg_ripper_AE1.xml.gz,ZERO_FUTURE_EPG
epgshare,AE1,en:.Ben.10.by.WBTV.ae,en: Ben 10 by WBTV,0,0.0,0.0,https://epgshare01.online/epgshare01/epg_ripper_AE1.xml.gz,ZERO_FUTURE_EPG
epgshare,AE1,en:.CGTN.ae,en: CGTN,0,0.0,0.0,https://epgshare01.online/epgshare01/epg_ripper_AE1.xml.gz,ZERO_FUTURE_EPG
epgshare,AE1,en:.CNBC.Arabiya.HD.ae,en: CNBC Arabiya HD,0,0.0,0.0,https://epgshare01.online/epgshare01/epg_ripper_AE1.xml.gz,ZERO_FUTURE_EPG
epgshare,AE1,en:.CNN.Headlines.ae,en: CNN Headlines,0,0.0,0.0,https://epgshare01.online/epgshare01/epg_ripper_AE1.xml.gz,ZERO_FUTURE_EPG
epgshare,AE1,en:.Curiosity.Stream.ae,en: Curiosity Stream,0,0.0,0.0,https://epgshare01.online/epgshare01/epg_ripper_AE1.xml.gz,ZERO_FUTURE_EPG
epgshare,AE1,en:.DAZN.Combat.&.Fighting.ae,en: DAZN Combat & Fighting,0,0.0,0.0,https://epgshare01.online/epgshare01/epg_ripper_AE1.xml.gz,ZERO_FUTURE_EPG
epgshare,AE1,en:.EASL.(East.Asia.Super.League.2025-2026).ae,en: EASL (East Asia Super League 2025-2026),0,0.0,0.0,https://epgshare01.online/epgshare01/epg_ripper_AE1.xml.gz,ZERO_FUTURE_EPG
epgshare,AE1,en:.Emarat.FM.ae,en: Emarat FM,0,0.0,0.0,https://epgshare01.online/epgshare01/epg_ripper_AE1.xml.gz,ZERO_FUTURE_EPG
epgshare,AE1,en:.Geo.TV.ae,en: Geo TV,0,0.0,0.0,https://epgshare01.online/epgshare01/epg_ripper_AE1.xml.gz,ZERO_FUTURE_EPG
epgshare,AE1,en:.Golf.Life.ae,en: Golf Life,0,0.0,0.0,https://epgshare01.online/epgshare01/epg_ripper_AE1.xml.gz,ZERO_FUTURE_EPG
epgshare,AE1,en:.India.Today.TV.ae,en: India Today TV,0,0.0,0.0,https://epgshare01.online/epgshare01/epg_ripper_AE1.xml.gz,ZERO_FUTURE_EPG
epgshare,AE1,en:.K-Drama+.ae,en: K-Drama+,0,0.0,0.0,https://epgshare01.online/epgshare01/epg_ripper_AE1.xml.gz,ZERO_FUTURE_EPG
epgshare,AE1,en:.KADAK.FM.ae,en: KADAK FM,0,0.0,0.0,https://epgshare01.online/epgshare01/epg_ripper_AE1.xml.gz,ZERO_FUTURE_EPG
epgshare,AE1,en:.Karyam.Nissaram.-.Live.ae,en: Karyam Nissaram - Live,0,0.0,0.0,https://epgshare01.online/epgshare01/epg_ripper_AE1.xml.gz,ZERO_FUTURE_EPG
epgshare,AE1,en:.M80.Moosa.ae,en: M80 Moosa,0,0.0,0.0,https://epgshare01.online/epgshare01/epg_ripper_AE1.xml.gz,ZERO_FUTURE_EPG
epgshare,AE1,en:.Majid.TV.ae,en: Majid TV,0,0.0,0.0,https://epgshare01.online/epgshare01/epg_ripper_AE1.xml.gz,ZERO_FUTURE_EPG
epgshare,AE1,en:.MBC+.e&.ae,en: MBC+ e&,0,0.0,0.0,https://epgshare01.online/epgshare01/epg_ripper_AE1.xml.gz,ZERO_FUTURE_EPG
epgshare,AE1,en:.National.Geographic.Abu.Dhabi.ae,en: National Geographic Abu Dhabi,0,0.0,0.0,https://epgshare01.online/epgshare01/epg_ripper_AE1.xml.gz,ZERO_FUTURE_EPG
epgshare,AE1,en:.Quran.Kareem.ae,en: Quran Kareem,0,0.0,0.0,https://epgshare01.online/epgshare01/epg_ripper_AE1.xml.gz,ZERO_FUTURE_EPG
epgshare,AE1,en:.Radio.1.ae,en: Radio 1,0,0.0,0.0,https://epgshare01.online/epgshare01/epg_ripper_AE1.xml.gz,ZERO_FUTURE_EPG
epgshare,AE1,en:.Radio.2.ae,en: Radio 2,0,0.0,0.0,https://epgshare01.online/epgshare01/epg_ripper_AE1.xml.gz,ZERO_FUTURE_EPG
epgshare,AE1,en:.Red.Bull.TV.Live.ae,en: Red Bull TV Live,0,0.0,0.0,https://epgshare01.online/epgshare01/epg_ripper_AE1.xml.gz,ZERO_FUTURE_EPG
epgshare,AE1,en:.Roya.TV.Live.ae,en: Roya TV Live,0,0.0,0.0,https://epgshare01.online/epgshare01/epg_ripper_AE1.xml.gz,ZERO_FUTURE_EPG
epgshare,AE1,en:.Sama.Dubai.ae,en: Sama Dubai,0,0.0,0.0,https://epgshare01.online/epgshare01/epg_ripper_AE1.xml.gz,ZERO_FUTURE_EPG
epgshare,AE1,en:.Sky.News.Arabia.-.Live.ae,en: Sky News Arabia - Live,0,0.0,0.0,https://epgshare01.online/epgshare01/epg_ripper_AE1.xml.gz,ZERO_FUTURE_EPG
epgshare,AE1,en:.Star.FM.ae,en: Star FM,0,0.0,0.0,https://epgshare01.online/epgshare01/epg_ripper_AE1.xml.gz,ZERO_FUTURE_EPG
epgshare,AE1,en:.STARZPLAY.Cricket.2.ae,en: STARZPLAY Cricket 2,0,0.0,0.0,https://epgshare01.online/epgshare01/epg_ripper_AE1.xml.gz,ZERO_FUTURE_EPG
epgshare,AE1,en:.STARZPLAY.KLASSICZ.ae,en: STARZPLAY KLASSICZ,0,0.0,0.0,https://epgshare01.online/epgshare01/epg_ripper_AE1.xml.gz,ZERO_FUTURE_EPG
epgshare,AE1,en:.STARZPLAY.Sports.ae,en: STARZPLAY Sports,0,0.0,0.0,https://epgshare01.online/epgshare01/epg_ripper_AE1.xml.gz,ZERO_FUTURE_EPG
epgshare,AE1,en:.STC.tv.Cinema.ae,en: STC tv Cinema,0,0.0,0.0,https://epgshare01.online/epgshare01/epg_ripper_AE1.xml.gz,ZERO_FUTURE_EPG
epgshare,AE1,en:.STC.tv.Drama.ae,en: STC tv Drama,0,0.0,0.0,https://epgshare01.online/epgshare01/epg_ripper_AE1.xml.gz,ZERO_FUTURE_EPG
epgshare,AE1,en:.STC.tv.Family.ae,en: STC tv Family,0,0.0,0.0,https://epgshare01.online/epgshare01/epg_ripper_AE1.xml.gz,ZERO_FUTURE_EPG
epgshare,AE1,en:.Unbeaten.Sports.ae,en: Unbeaten Sports,0,0.0,0.0,https://epgshare01.online/epgshare01/epg_ripper_AE1.xml.gz,ZERO_FUTURE_EPG
epgshare,AE1,en:.Wedo.Sports.MENA.ae,en: Wedo Sports MENA,0,0.0,0.0,https://epgshare01.online/epgshare01/epg_ripper_AE1.xml.gz,ZERO_FUTURE_EPG
epgshare,AE1,en:.Yas.ae,en: Yas,0,0.0,0.0,https://epgshare01.online/epgshare01/epg_ripper_AE1.xml.gz,ZERO_FUTURE_EPG
epgshare,AE1,en:.Zee.Aflam.-.Live.ae,en: Zee Aflam - Live,0,0.0,0.0,https://epgshare01.online/epgshare01/epg_ripper_AE1.xml.gz,ZERO_FUTURE_EPG
epgshare,AE1,en:.Zee.Alwan.ae,en: Zee Alwan,0,0.0,0.0,https://epgshare01.online/epgshare01/epg_ripper_AE1.xml.gz,ZERO_FUTURE_EPG
epgshare,AE1,Essalam.TV.ae,Essalam TV,0,0.0,0.0,https://epgshare01.online/epgshare01/epg_ripper_AE1.xml.gz,ZERO_FUTURE_EPG
epgshare,AE1,Fox.Movies.ae,Fox Movies,0,0.0,0.0,https://epgshare01.online/epgshare01/epg_ripper_AE1.xml.gz,ZERO_FUTURE_EPG
epgshare,AE1,Hawa.Baghdad.ae,Hawa Baghdad,0,0.0,0.0,https://epgshare01.online/epgshare01/epg_ripper_AE1.xml.gz,ZERO_FUTURE_EPG
epgshare,AE1,I24.News.Arabic.ae,I24 News Arabic,0,0.0,0.0,https://epgshare01.online/epgshare01/epg_ripper_AE1.xml.gz,ZERO_FUTURE_EPG
epgshare,AE1,Iraq.Edu.1.ae,Iraq Edu 1,0,0.0,0.0,https://epgshare01.online/epgshare01/epg_ripper_AE1.xml.gz,ZERO_FUTURE_EPG
epgshare,AE1,Iraq.Edu.2.ae,Iraq Edu 2,0,0.0,0.0,https://epgshare01.online/epgshare01/epg_ripper_AE1.xml.gz,ZERO_FUTURE_EPG
epgshare,AE1,Iraq.Edu.3.ae,Iraq Edu 3,0,0.0,0.0,https://epgshare01.online/epgshare01/epg_ripper_AE1.xml.gz,ZERO_FUTURE_EPG
epgshare,AE1,Iraq.Edu.4.ae,Iraq Edu 4,0,0.0,0.0,https://epgshare01.online/epgshare01/epg_ripper_AE1.xml.gz,ZERO_FUTURE_EPG
epgshare,AE1,Iraq.Edu.5.ae,Iraq Edu 5,0,0.0,0.0,https://epgshare01.online/epgshare01/epg_ripper_AE1.xml.gz,ZERO_FUTURE_EPG
epgshare,AE1,Iraq.Edu.6.ae,Iraq Edu 6,0,0.0,0.0,https://epgshare01.online/epgshare01/epg_ripper_AE1.xml.gz,ZERO_FUTURE_EPG
epgshare,AE1,Iraq.Edu.7.ae,Iraq Edu 7,0,0.0,0.0,https://epgshare01.online/epgshare01/epg_ripper_AE1.xml.gz,ZERO_FUTURE_EPG
epgshare,AE1,Jannah.TV.ae,Jannah TV,0,0.0,0.0,https://epgshare01.online/epgshare01/epg_ripper_AE1.xml.gz,ZERO_FUTURE_EPG
epgshare,AE1,Kidsy.TV.ae,Kidsy TV,0,0.0,0.0,https://epgshare01.online/epgshare01/epg_ripper_AE1.xml.gz,ZERO_FUTURE_EPG
epgshare,AE1,Kuwaitawi.TV.ae,Kuwaitawi TV,0,0.0,0.0,https://epgshare01.online/epgshare01/epg_ripper_AE1.xml.gz,ZERO_FUTURE_EPG
epgshare,AE1,Libya.Government.ae,Libya Government,0,0.0,0.0,https://epgshare01.online/epgshare01/epg_ripper_AE1.xml.gz,ZERO_FUTURE_EPG
epgshare,AE1,Libya.Ly.ae,Libya Ly,0,0.0,0.0,https://epgshare01.online/epgshare01/epg_ripper_AE1.xml.gz,ZERO_FUTURE_EPG
epgshare,AE1,M.Classic.ae,M Classic,0,0.0,0.0,https://epgshare01.online/epgshare01/epg_ripper_AE1.xml.gz,ZERO_FUTURE_EPG
epgshare,AE1,Makkah.TV.ae,Makkah TV,0,0.0,0.0,https://epgshare01.online/epgshare01/epg_ripper_AE1.xml.gz,ZERO_FUTURE_EPG
epgshare,AE1,Music.Iraq.ae,Music Iraq,0,0.0,0.0,https://epgshare01.online/epgshare01/epg_ripper_AE1.xml.gz,ZERO_FUTURE_EPG
epgshare,AE1,MVMT.Movement.of.Culture.ae,MVMT Movement of Culture,0,0.0,0.0,https://epgshare01.online/epgshare01/epg_ripper_AE1.xml.gz,ZERO_FUTURE_EPG
epgshare,AE1,New.Libya.ae,New Libya,0,0.0,0.0,https://epgshare01.online/epgshare01/epg_ripper_AE1.xml.gz,ZERO_FUTURE_EPG
epgshare,AE1,Nile.Education.ae,Nile Education,0,0.0,0.0,https://epgshare01.online/epgshare01/epg_ripper_AE1.xml.gz,ZERO_FUTURE_EPG
epgshare,AE1,Noor.Dubai.Radio.ae,Noor Dubai Radio,0,0.0,0.0,https://epgshare01.online/epgshare01/epg_ripper_AE1.xml.gz,ZERO_FUTURE_EPG
epgshare,AE1,Nour.al.Sharq.ae,Nour al Sharq,0,0.0,0.0,https://epgshare01.online/epgshare01/epg_ripper_AE1.xml.gz,ZERO_FUTURE_EPG
epgshare,AE1,Nour.Mariam.TV.ae,Nour Mariam TV,0,0.0,0.0,https://epgshare01.online/epgshare01/epg_ripper_AE1.xml.gz,ZERO_FUTURE_EPG
epgshare,AE1,Noursat.Al.Chabab.ae,Noursat Al Chabab,0,0.0,0.0,https://epgshare01.online/epgshare01/epg_ripper_AE1.xml.gz,ZERO_FUTURE_EPG
epgshare,AE1,NRT.4.ae,NRT 4,0,0.0,0.0,https://epgshare01.online/epgshare01/epg_ripper_AE1.xml.gz,ZERO_FUTURE_EPG
epgshare,AE1,Oscar.TV.ae,Oscar TV,0,0.0,0.0,https://epgshare01.online/epgshare01/epg_ripper_AE1.xml.gz,ZERO_FUTURE_EPG
epgshare,AE1,Play.Aflam.ae,Play Aflam,0,0.0,0.0,https://epgshare01.online/epgshare01/epg_ripper_AE1.xml.gz,ZERO_FUTURE_EPG
epgshare,AE1,Play.Cinema.ae,Play Cinema,0,0.0,0.0,https://epgshare01.online/epgshare01/epg_ripper_AE1.xml.gz,ZERO_FUTURE_EPG
epgshare,AE1,Play.Drama.ae,Play Drama,0,0.0,0.0,https://epgshare01.online/epgshare01/epg_ripper_AE1.xml.gz,ZERO_FUTURE_EPG
epgshare,AE1,Play.Hekayat.ae,Play Hekayat,0,0.0,0.0,https://epgshare01.online/epgshare01/epg_ripper_AE1.xml.gz,ZERO_FUTURE_EPG
epgshare,AE1,Play.Today.ae,Play Today,0,0.0,0.0,https://epgshare01.online/epgshare01/epg_ripper_AE1.xml.gz,ZERO_FUTURE_EPG
epgshare,AE1,Quran.Radio.ae,Quran Radio,0,0.0,0.0,https://epgshare01.online/epgshare01/epg_ripper_AE1.xml.gz,ZERO_FUTURE_EPG
epgshare,AE1,Roghayah.TV.ae,Roghayah TV,0,0.0,0.0,https://epgshare01.online/epgshare01/epg_ripper_AE1.xml.gz,ZERO_FUTURE_EPG
epgshare,AE1,Salahalddin.TV.ae,Salahalddin TV,0,0.0,0.0,https://epgshare01.online/epgshare01/epg_ripper_AE1.xml.gz,ZERO_FUTURE_EPG
epgshare,AE1,Star.1.ae,Star 1,0,0.0,0.0,https://epgshare01.online/epgshare01/epg_ripper_AE1.xml.gz,ZERO_FUTURE_EPG
epgshare,AE1,Star.2.ae,Star 2,0,0.0,0.0,https://epgshare01.online/epgshare01/epg_ripper_AE1.xml.gz,ZERO_FUTURE_EPG
epgshare,AE1,Sudan.Basic.Edu.TV.ae,Sudan Basic Edu TV,0,0.0,0.0,https://epgshare01.online/epgshare01/epg_ripper_AE1.xml.gz,ZERO_FUTURE_EPG
epgshare,AE1,Wasat.TV.HD.ae,Wasat TV HD,0,0.0,0.0,https://epgshare01.online/epgshare01/epg_ripper_AE1.xml.gz,ZERO_FUTURE_EPG
epgshare,AE1,Wion.HD.ae,Wion HD,0,0.0,0.0,https://epgshare01.online/epgshare01/epg_ripper_AE1.xml.gz,ZERO_FUTURE_EPG
epgshare,AE1,World.Poker.Tour.ae,World Poker Tour,0,0.0,0.0,https://epgshare01.online/epgshare01/epg_ripper_AE1.xml.gz,ZERO_FUTURE_EPG
epgshare,AE1,Yemen.Radio.ae,Yemen Radio,0,0.0,0.0,https://epgshare01.online/epgshare01/epg_ripper_AE1.xml.gz,ZERO_FUTURE_EPG
epgshare,BEIN1,4K-HDR-200x200-1_AR.bein,4K-HDR-200x200-1_AR,0,0.0,0.0,https://epgshare01.online/epgshare01/epg_ripper_BEIN1.xml.gz,ZERO_FUTURE_EPG
epgshare,BEIN1,4K-HDR-200x200-1_EN.bein,4K-HDR-200x200-1_EN,0,0.0,0.0,https://epgshare01.online/epgshare01/epg_ripper_BEIN1.xml.gz,ZERO_FUTURE_EPG
epgshare,BEIN1,beIN_SPORTS1_FRENCH_Digital_Mono_AR.bein,beIN_SPORTS1_FRENCH_Digital_Mono_AR,0,0.0,0.0,https://epgshare01.online/epgshare01/epg_ripper_BEIN1.xml.gz,ZERO_FUTURE_EPG
epgshare,EG1,2M.TV.eg,2M TV,0,0.0,0.0,https://epgshare01.online/epgshare01/epg_ripper_EG1.xml.gz,ZERO_FUTURE_EPG
epgshare,EG1,Abu.Dhabi.TV.eg,Abu Dhabi TV,0,0.0,0.0,https://epgshare01.online/epgshare01/epg_ripper_EG1.xml.gz,ZERO_FUTURE_EPG
epgshare,EG1,Al.Aoula.Morocco.eg,Al Aoula Morocco,0,0.0,0.0,https://epgshare01.online/epgshare01/epg_ripper_EG1.xml.gz,ZERO_FUTURE_EPG
epgshare,EG1,Al.Dafrah.eg,Al Dafrah,0,0.0,0.0,https://epgshare01.online/epgshare01/epg_ripper_EG1.xml.gz,ZERO_FUTURE_EPG
epgshare,EG1,Al.Jadeed.TV.eg,Al Jadeed TV,0,0.0,0.0,https://epgshare01.online/epgshare01/epg_ripper_EG1.xml.gz,ZERO_FUTURE_EPG
epgshare,EG1,Al.Kahera.Wal.Nas.TV.eg,Al Kahera Wal Nas TV,0,0.0,0.0,https://epgshare01.online/epgshare01/epg_ripper_EG1.xml.gz,ZERO_FUTURE_EPG
epgshare,EG1,Al.Kahera.Wal.Nas.TV.2.eg,Al Kahera Wal Nas TV 2,0,0.0,0.0,https://epgshare01.online/epgshare01/epg_ripper_EG1.xml.gz,ZERO_FUTURE_EPG
epgshare,EG1,Al.Nahar.Drama.eg,Al Nahar Drama,0,0.0,0.0,https://epgshare01.online/epgshare01/epg_ripper_EG1.xml.gz,ZERO_FUTURE_EPG
epgshare,EG1,Al.Nahar.TV.eg,Al Nahar TV,0,0.0,0.0,https://epgshare01.online/epgshare01/epg_ripper_EG1.xml.gz,ZERO_FUTURE_EPG
epgshare,EG1,Al.Shams.eg,Al Shams,0,0.0,0.0,https://epgshare01.online/epgshare01/epg_ripper_EG1.xml.gz,ZERO_FUTURE_EPG
epgshare,EG1,Alaraby.TV.2.eg,Alaraby TV 2,0,0.0,0.0,https://epgshare01.online/epgshare01/epg_ripper_EG1.xml.gz,ZERO_FUTURE_EPG
epgshare,EG1,Alhayat.Drama.eg,Alhayat Drama,0,0.0,0.0,https://epgshare01.online/epgshare01/epg_ripper_EG1.xml.gz,ZERO_FUTURE_EPG
epgshare,EG1,Alhayat.TV.eg,Alhayat TV,0,0.0,0.0,https://epgshare01.online/epgshare01/epg_ripper_EG1.xml.gz,ZERO_FUTURE_EPG
epgshare,EG1,Almahriah.TV.eg,Almahriah TV,0,0.0,0.0,https://epgshare01.online/epgshare01/epg_ripper_EG1.xml.gz,ZERO_FUTURE_EPG
epgshare,EG1,Aloula.eg,Aloula,0,0.0,0.0,https://epgshare01.online/epgshare01/epg_ripper_EG1.xml.gz,ZERO_FUTURE_EPG
epgshare,EG1,Alrasheed.eg,Alrasheed,0,0.0,0.0,https://epgshare01.online/epgshare01/epg_ripper_EG1.xml.gz,ZERO_FUTURE_EPG
epgshare,EG1,AlSaeedah.eg,AlSaeedah,0,0.0,0.0,https://epgshare01.online/epgshare01/epg_ripper_EG1.xml.gz,ZERO_FUTURE_EPG
epgshare,EG1,AlSharqiya.eg,AlSharqiya,0,0.0,0.0,https://epgshare01.online/epgshare01/epg_ripper_EG1.xml.gz,ZERO_FUTURE_EPG
epgshare,EG1,Alsumaria.eg,Alsumaria,0,0.0,0.0,https://epgshare01.online/epgshare01/epg_ripper_EG1.xml.gz,ZERO_FUTURE_EPG
epgshare,EG1,ART.Aflam.1.eg,ART Aflam 1,0,0.0,0.0,https://epgshare01.online/epgshare01/epg_ripper_EG1.xml.gz,ZERO_FUTURE_EPG
epgshare,EG1,ART.Aflam.2.eg,ART Aflam 2,0,0.0,0.0,https://epgshare01.online/epgshare01/epg_ripper_EG1.xml.gz,ZERO_FUTURE_EPG
epgshare,EG1,ART.Cinema.eg,ART Cinema,0,0.0,0.0,https://epgshare01.online/epgshare01/epg_ripper_EG1.xml.gz,ZERO_FUTURE_EPG
epgshare,EG1,ART.Hekayat.eg,ART Hekayat,0,0.0,0.0,https://epgshare01.online/epgshare01/epg_ripper_EG1.xml.gz,ZERO_FUTURE_EPG
epgshare,EG1,ART.Hekayat.2.eg,ART Hekayat 2,0,0.0,0.0,https://epgshare01.online/epgshare01/epg_ripper_EG1.xml.gz,ZERO_FUTURE_EPG
epgshare,EG1,atv.eg,atv,0,0.0,0.0,https://epgshare01.online/epgshare01/epg_ripper_EG1.xml.gz,ZERO_FUTURE_EPG
epgshare,EG1,Bahrain.TV.eg,Bahrain TV,0,0.0,0.0,https://epgshare01.online/epgshare01/epg_ripper_EG1.xml.gz,ZERO_FUTURE_EPG
epgshare,EG1,beIN.Drama.eg,beIN Drama,0,0.0,0.0,https://epgshare01.online/epgshare01/epg_ripper_EG1.xml.gz,ZERO_FUTURE_EPG
epgshare,EG1,BEIN.MOVIES.ACTION.eg,BEIN MOVIES ACTION,0,0.0,0.0,https://epgshare01.online/epgshare01/epg_ripper_EG1.xml.gz,ZERO_FUTURE_EPG
epgshare,EG1,BEIN.MOVIES.DRAMA.eg,BEIN MOVIES DRAMA,0,0.0,0.0,https://epgshare01.online/epgshare01/epg_ripper_EG1.xml.gz,ZERO_FUTURE_EPG
epgshare,EG1,BEIN.MOVIES.FAMILY.eg,BEIN MOVIES FAMILY,0,0.0,0.0,https://epgshare01.online/epgshare01/epg_ripper_EG1.xml.gz,ZERO_FUTURE_EPG
epgshare,EG1,BEIN.MOVIES.PREMIERE.eg,BEIN MOVIES PREMIERE,0,0.0,0.0,https://epgshare01.online/epgshare01/epg_ripper_EG1.xml.gz,ZERO_FUTURE_EPG
epgshare,EG1,BeIn.Series.HD.1.eg,BeIn Series HD 1,0,0.0,0.0,https://epgshare01.online/epgshare01/epg_ripper_EG1.xml.gz,ZERO_FUTURE_EPG
epgshare,EG1,beIN.Series.HD.2.eg,beIN Series HD 2,0,0.0,0.0,https://epgshare01.online/epgshare01/epg_ripper_EG1.xml.gz,ZERO_FUTURE_EPG
epgshare,EG1,CBC.eg,CBC,0,0.0,0.0,https://epgshare01.online/epgshare01/epg_ripper_EG1.xml.gz,ZERO_FUTURE_EPG
epgshare,EG1,CBC.Drama.eg,CBC Drama,0,0.0,0.0,https://epgshare01.online/epgshare01/epg_ripper_EG1.xml.gz,ZERO_FUTURE_EPG
epgshare,EG1,Cima.eg,Cima,0,0.0,0.0,https://epgshare01.online/epgshare01/epg_ripper_EG1.xml.gz,ZERO_FUTURE_EPG
epgshare,EG1,Dijlah.TV.eg,Dijlah TV,0,0.0,0.0,https://epgshare01.online/epgshare01/epg_ripper_EG1.xml.gz,ZERO_FUTURE_EPG
epgshare,EG1,DMC.eg,DMC,0,0.0,0.0,https://epgshare01.online/epgshare01/epg_ripper_EG1.xml.gz,ZERO_FUTURE_EPG
epgshare,EG1,DMC.DRAMA.eg,DMC DRAMA,0,0.0,0.0,https://epgshare01.online/epgshare01/epg_ripper_EG1.xml.gz,ZERO_FUTURE_EPG
epgshare,EG1,Dubai.One.eg,Dubai One,0,0.0,0.0,https://epgshare01.online/epgshare01/epg_ripper_EG1.xml.gz,ZERO_FUTURE_EPG
epgshare,EG1,Dubai.TV.eg,Dubai TV,0,0.0,0.0,https://epgshare01.online/epgshare01/epg_ripper_EG1.xml.gz,ZERO_FUTURE_EPG
epgshare,EG1,Dubai.Zaman.eg,Dubai Zaman,0,0.0,0.0,https://epgshare01.online/epgshare01/epg_ripper_EG1.xml.gz,ZERO_FUTURE_EPG
epgshare,EG1,Echorouk.TV.eg,Echorouk TV,0,0.0,0.0,https://epgshare01.online/epgshare01/epg_ripper_EG1.xml.gz,ZERO_FUTURE_EPG
epgshare,EG1,Egyptian.TV.eg,Egyptian TV,0,0.0,0.0,https://epgshare01.online/epgshare01/epg_ripper_EG1.xml.gz,ZERO_FUTURE_EPG
epgshare,EG1,Emirates.eg,Emirates,0,0.0,0.0,https://epgshare01.online/epgshare01/epg_ripper_EG1.xml.gz,ZERO_FUTURE_EPG
epgshare,EG1,ESC.eg,ESC,0,0.0,0.0,https://epgshare01.online/epgshare01/epg_ripper_EG1.xml.gz,ZERO_FUTURE_EPG
epgshare,EG1,ETC.TV.eg,ETC TV,0,0.0,0.0,https://epgshare01.online/epgshare01/epg_ripper_EG1.xml.gz,ZERO_FUTURE_EPG
epgshare,EG1,Fox.eg,Fox,0,0.0,0.0,https://epgshare01.online/epgshare01/epg_ripper_EG1.xml.gz,ZERO_FUTURE_EPG
epgshare,EG1,FOX.ACTION.MOVIES.eg,FOX ACTION MOVIES,0,0.0,0.0,https://epgshare01.online/epgshare01/epg_ripper_EG1.xml.gz,ZERO_FUTURE_EPG
epgshare,EG1,Fox.Movies.eg,Fox Movies,0,0.0,0.0,https://epgshare01.online/epgshare01/epg_ripper_EG1.xml.gz,ZERO_FUTURE_EPG
epgshare,EG1,Hadhramaut.TV.eg,Hadhramaut TV,0,0.0,0.0,https://epgshare01.online/epgshare01/epg_ripper_EG1.xml.gz,ZERO_FUTURE_EPG
epgshare,EG1,iFILM.TV.eg,iFILM TV,0,0.0,0.0,https://epgshare01.online/epgshare01/epg_ripper_EG1.xml.gz,ZERO_FUTURE_EPG
epgshare,EG1,Iraqia.TV.eg,Iraqia TV,0,0.0,0.0,https://epgshare01.online/epgshare01/epg_ripper_EG1.xml.gz,ZERO_FUTURE_EPG
epgshare,EG1,Jordan.TV.eg,Jordan TV,0,0.0,0.0,https://epgshare01.online/epgshare01/epg_ripper_EG1.xml.gz,ZERO_FUTURE_EPG
epgshare,EG1,Kuwait.eg,Kuwait,0,0.0,0.0,https://epgshare01.online/epgshare01/epg_ripper_EG1.xml.gz,ZERO_FUTURE_EPG
epgshare,EG1,Kuwait.Drama.eg,Kuwait Drama,0,0.0,0.0,https://epgshare01.online/epgshare01/epg_ripper_EG1.xml.gz,ZERO_FUTURE_EPG
epgshare,EG1,LBC.eg,LBC,0,0.0,0.0,https://epgshare01.online/epgshare01/epg_ripper_EG1.xml.gz,ZERO_FUTURE_EPG
epgshare,EG1,LBCI.eg,LBCI,0,0.0,0.0,https://epgshare01.online/epgshare01/epg_ripper_EG1.xml.gz,ZERO_FUTURE_EPG
epgshare,EG1,LDC.eg,LDC,0,0.0,0.0,https://epgshare01.online/epgshare01/epg_ripper_EG1.xml.gz,ZERO_FUTURE_EPG
epgshare,EG1,LTV.eg,LTV,0,0.0,0.0,https://epgshare01.online/epgshare01/epg_ripper_EG1.xml.gz,ZERO_FUTURE_EPG
epgshare,EG1,Maspero.Zaman.eg,Maspero Zaman,0,0.0,0.0,https://epgshare01.online/epgshare01/epg_ripper_EG1.xml.gz,ZERO_FUTURE_EPG
epgshare,EG1,MBC.eg,MBC,0,0.0,0.0,https://epgshare01.online/epgshare01/epg_ripper_EG1.xml.gz,ZERO_FUTURE_EPG
epgshare,EG1,MBC.2.eg,MBC 2,0,0.0,0.0,https://epgshare01.online/epgshare01/epg_ripper_EG1.xml.gz,ZERO_FUTURE_EPG
epgshare,EG1,MBC.4.eg,MBC 4,0,0.0,0.0,https://epgshare01.online/epgshare01/epg_ripper_EG1.xml.gz,ZERO_FUTURE_EPG
epgshare,EG1,MBC.5.eg,MBC 5,0,0.0,0.0,https://epgshare01.online/epgshare01/epg_ripper_EG1.xml.gz,ZERO_FUTURE_EPG
epgshare,EG1,MBC.Action.eg,MBC Action,0,0.0,0.0,https://epgshare01.online/epgshare01/epg_ripper_EG1.xml.gz,ZERO_FUTURE_EPG
epgshare,EG1,MBC.Bollywood.eg,MBC Bollywood,0,0.0,0.0,https://epgshare01.online/epgshare01/epg_ripper_EG1.xml.gz,ZERO_FUTURE_EPG
epgshare,EG1,MBC.Drama.eg,MBC Drama,0,0.0,0.0,https://epgshare01.online/epgshare01/epg_ripper_EG1.xml.gz,ZERO_FUTURE_EPG
epgshare,EG1,MBC.Drama.+.eg,MBC Drama +,0,0.0,0.0,https://epgshare01.online/epgshare01/epg_ripper_EG1.xml.gz,ZERO_FUTURE_EPG
epgshare,EG1,MBC.Egypt.eg,MBC Egypt,0,0.0,0.0,https://epgshare01.online/epgshare01/epg_ripper_EG1.xml.gz,ZERO_FUTURE_EPG
epgshare,EG1,MBC.Iraq.eg,MBC Iraq,0,0.0,0.0,https://epgshare01.online/epgshare01/epg_ripper_EG1.xml.gz,ZERO_FUTURE_EPG
epgshare,EG1,MBC.MASR.2.eg,MBC MASR 2,0,0.0,0.0,https://epgshare01.online/epgshare01/epg_ripper_EG1.xml.gz,ZERO_FUTURE_EPG
epgshare,EG1,MBC.MAX.eg,MBC MAX,0,0.0,0.0,https://epgshare01.online/epgshare01/epg_ripper_EG1.xml.gz,ZERO_FUTURE_EPG
epgshare,EG1,Mehwar.eg,Mehwar,0,0.0,0.0,https://epgshare01.online/epgshare01/epg_ripper_EG1.xml.gz,ZERO_FUTURE_EPG
epgshare,EG1,Mix.eg,Mix,0,0.0,0.0,https://epgshare01.online/epgshare01/epg_ripper_EG1.xml.gz,ZERO_FUTURE_EPG
epgshare,EG1,Mix.Bel.Araby.eg,Mix Bel Araby,0,0.0,0.0,https://epgshare01.online/epgshare01/epg_ripper_EG1.xml.gz,ZERO_FUTURE_EPG
epgshare,EG1,Mix.ONE.eg,Mix ONE,0,0.0,0.0,https://epgshare01.online/epgshare01/epg_ripper_EG1.xml.gz,ZERO_FUTURE_EPG
epgshare,EG1,MTV.eg,MTV,0,0.0,0.0,https://epgshare01.online/epgshare01/epg_ripper_EG1.xml.gz,ZERO_FUTURE_EPG
epgshare,EG1,Musawa.eg,Musawa,0,0.0,0.0,https://epgshare01.online/epgshare01/epg_ripper_EG1.xml.gz,ZERO_FUTURE_EPG
epgshare,EG1,National.Geographic.Abu.Dhabi.eg,National Geographic Abu Dhabi,0,0.0,0.0,https://epgshare01.online/epgshare01/epg_ripper_EG1.xml.gz,ZERO_FUTURE_EPG
epgshare,EG1,Nessma.eg,Nessma,0,0.0,0.0,https://epgshare01.online/epgshare01/epg_ripper_EG1.xml.gz,ZERO_FUTURE_EPG
epgshare,EG1,Network.Arabic.eg,Network Arabic,0,0.0,0.0,https://epgshare01.online/epgshare01/epg_ripper_EG1.xml.gz,ZERO_FUTURE_EPG
epgshare,EG1,Nile.Comedy.eg,Nile Comedy,0,0.0,0.0,https://epgshare01.online/epgshare01/epg_ripper_EG1.xml.gz,ZERO_FUTURE_EPG
epgshare,EG1,Nile.Drama.eg,Nile Drama,0,0.0,0.0,https://epgshare01.online/epgshare01/epg_ripper_EG1.xml.gz,ZERO_FUTURE_EPG
epgshare,EG1,Nile.Life.eg,Nile Life,0,0.0,0.0,https://epgshare01.online/epgshare01/epg_ripper_EG1.xml.gz,ZERO_FUTURE_EPG
epgshare,EG1,Oman.eg,Oman,0,0.0,0.0,https://epgshare01.online/epgshare01/epg_ripper_EG1.xml.gz,ZERO_FUTURE_EPG
epgshare,EG1,ON.Drama.eg,ON Drama,0,0.0,0.0,https://epgshare01.online/epgshare01/epg_ripper_EG1.xml.gz,ZERO_FUTURE_EPG
epgshare,EG1,ON.E.eg,ON E,0,0.0,0.0,https://epgshare01.online/epgshare01/epg_ripper_EG1.xml.gz,ZERO_FUTURE_EPG
epgshare,EG1,Qatar.eg,Qatar,0,0.0,0.0,https://epgshare01.online/epgshare01/epg_ripper_EG1.xml.gz,ZERO_FUTURE_EPG
epgshare,EG1,Qurain.eg,Qurain,0,0.0,0.0,https://epgshare01.online/epgshare01/epg_ripper_EG1.xml.gz,ZERO_FUTURE_EPG
epgshare,EG1,Rotana.Cinema.eg,Rotana Cinema,0,0.0,0.0,https://epgshare01.online/epgshare01/epg_ripper_EG1.xml.gz,ZERO_FUTURE_EPG
epgshare,EG1,Rotana.Cinema.Masr.eg,Rotana Cinema Masr,0,0.0,0.0,https://epgshare01.online/epgshare01/epg_ripper_EG1.xml.gz,ZERO_FUTURE_EPG
epgshare,EG1,Rotana.Classic.eg,Rotana Classic,0,0.0,0.0,https://epgshare01.online/epgshare01/epg_ripper_EG1.xml.gz,ZERO_FUTURE_EPG
epgshare,EG1,Rotana.Comedy.eg,Rotana Comedy,0,0.0,0.0,https://epgshare01.online/epgshare01/epg_ripper_EG1.xml.gz,ZERO_FUTURE_EPG
epgshare,EG1,Rotana.Drama.eg,Rotana Drama,0,0.0,0.0,https://epgshare01.online/epgshare01/epg_ripper_EG1.xml.gz,ZERO_FUTURE_EPG
epgshare,EG1,Rotana.Khalejia.eg,Rotana Khalejia,0,0.0,0.0,https://epgshare01.online/epgshare01/epg_ripper_EG1.xml.gz,ZERO_FUTURE_EPG
epgshare,EG1,Rotana.Kids.eg,Rotana Kids,0,0.0,0.0,https://epgshare01.online/epgshare01/epg_ripper_EG1.xml.gz,ZERO_FUTURE_EPG
epgshare,EG1,Rotana.Movies+.eg,Rotana Movies+,0,0.0,0.0,https://epgshare01.online/epgshare01/epg_ripper_EG1.xml.gz,ZERO_FUTURE_EPG
epgshare,EG1,Rotana+.HD.eg,Rotana+ HD,0,0.0,0.0,https://epgshare01.online/epgshare01/epg_ripper_EG1.xml.gz,ZERO_FUTURE_EPG
epgshare,EG1,Roya.eg,Roya,0,0.0,0.0,https://epgshare01.online/epgshare01/epg_ripper_EG1.xml.gz,ZERO_FUTURE_EPG
epgshare,EG1,Sada.El.Balad.eg,Sada El Balad,0,0.0,0.0,https://epgshare01.online/epgshare01/epg_ripper_EG1.xml.gz,ZERO_FUTURE_EPG
epgshare,EG1,Sada.El.Balad.2.eg,Sada El Balad 2,0,0.0,0.0,https://epgshare01.online/epgshare01/epg_ripper_EG1.xml.gz,ZERO_FUTURE_EPG
epgshare,EG1,Sada.El.Balad.Drama.eg,Sada El Balad Drama,0,0.0,0.0,https://epgshare01.online/epgshare01/epg_ripper_EG1.xml.gz,ZERO_FUTURE_EPG
epgshare,EG1,Salam.TV.eg,Salam TV,0,0.0,0.0,https://epgshare01.online/epgshare01/epg_ripper_EG1.xml.gz,ZERO_FUTURE_EPG
epgshare,EG1,Sama.Dubai.eg,Sama Dubai,0,0.0,0.0,https://epgshare01.online/epgshare01/epg_ripper_EG1.xml.gz,ZERO_FUTURE_EPG
epgshare,EG1,Sama.TV.eg,Sama TV,0,0.0,0.0,https://epgshare01.online/epgshare01/epg_ripper_EG1.xml.gz,ZERO_FUTURE_EPG
epgshare,EG1,Saudiya.TV.eg,Saudiya TV,0,0.0,0.0,https://epgshare01.online/epgshare01/epg_ripper_EG1.xml.gz,ZERO_FUTURE_EPG
epgshare,EG1,SBC.eg,SBC,0,0.0,0.0,https://epgshare01.online/epgshare01/epg_ripper_EG1.xml.gz,ZERO_FUTURE_EPG
epgshare,EG1,Sharjah.TV.eg,Sharjah TV,0,0.0,0.0,https://epgshare01.online/epgshare01/epg_ripper_EG1.xml.gz,ZERO_FUTURE_EPG
epgshare,EG1,Star.Movies.eg,Star Movies,0,0.0,0.0,https://epgshare01.online/epgshare01/epg_ripper_EG1.xml.gz,ZERO_FUTURE_EPG
epgshare,EG1,Star.World.eg,Star World,0,0.0,0.0,https://epgshare01.online/epgshare01/epg_ripper_EG1.xml.gz,ZERO_FUTURE_EPG
epgshare,EG1,Syria.Drama.eg,Syria Drama,0,0.0,0.0,https://epgshare01.online/epgshare01/epg_ripper_EG1.xml.gz,ZERO_FUTURE_EPG
epgshare,EG1,Syria.TV.eg,Syria TV,0,0.0,0.0,https://epgshare01.online/epgshare01/epg_ripper_EG1.xml.gz,ZERO_FUTURE_EPG
epgshare,EG1,TeN.TV.eg,TeN TV,0,0.0,0.0,https://epgshare01.online/epgshare01/epg_ripper_EG1.xml.gz,ZERO_FUTURE_EPG
epgshare,EG1,Thikrayat.Tv.eg,Thikrayat Tv,0,0.0,0.0,https://epgshare01.online/epgshare01/epg_ripper_EG1.xml.gz,ZERO_FUTURE_EPG
epgshare,EG1,Utv.eg,Utv,0,0.0,0.0,https://epgshare01.online/epgshare01/epg_ripper_EG1.xml.gz,ZERO_FUTURE_EPG
epgshare,EG1,Watania.2.eg,Watania 2,0,0.0,0.0,https://epgshare01.online/epgshare01/epg_ripper_EG1.xml.gz,ZERO_FUTURE_EPG
epgshare,EG1,Watania1.eg,Watania1,0,0.0,0.0,https://epgshare01.online/epgshare01/epg_ripper_EG1.xml.gz,ZERO_FUTURE_EPG
epgshare,EG1,Zee.alwan.eg,Zee alwan,0,0.0,0.0,https://epgshare01.online/epgshare01/epg_ripper_EG1.xml.gz,ZERO_FUTURE_EPG
epgshare,EG1,آي.فيلم.eg,آي فيلم,0,0.0,0.0,https://epgshare01.online/epgshare01/epg_ripper_EG1.xml.gz,ZERO_FUTURE_EPG
epgshare,EG1,أبو.ظبي.eg,أبو ظبي,0,0.0,0.0,https://epgshare01.online/epgshare01/epg_ripper_EG1.xml.gz,ZERO_FUTURE_EPG
epgshare,EG1,أون.إي.eg,أون إي,0,0.0,0.0,https://epgshare01.online/epgshare01/epg_ripper_EG1.xml.gz,ZERO_FUTURE_EPG
epgshare,EG1,أون.دراما.eg,أون دراما,0,0.0,0.0,https://epgshare01.online/epgshare01/epg_ripper_EG1.xml.gz,ZERO_FUTURE_EPG
epgshare,EG1,إس.بي.سي.eg,إس بي سي,0,0.0,0.0,https://epgshare01.online/epgshare01/epg_ripper_EG1.xml.gz,ZERO_FUTURE_EPG
epgshare,EG1,إل.بي.سي.eg,إل بي سي,0,0.0,0.0,https://epgshare01.online/epgshare01/epg_ripper_EG1.xml.gz,ZERO_FUTURE_EPG
epgshare,EG1,إل.بي.سي.آي.eg,إل بي سي آي,0,0.0,0.0,https://epgshare01.online/epgshare01/epg_ripper_EG1.xml.gz,ZERO_FUTURE_EPG
epgshare,EG1,إم.بي.سي.eg,إم بي سي,0,0.0,0.0,https://epgshare01.online/epgshare01/epg_ripper_EG1.xml.gz,ZERO_FUTURE_EPG
epgshare,EG1,إم.بي.سي.2.eg,إم بي سي 2,0,0.0,0.0,https://epgshare01.online/epgshare01/epg_ripper_EG1.xml.gz,ZERO_FUTURE_EPG
epgshare,EG1,إم.بي.سي.4.eg,إم بي سي 4,0,0.0,0.0,https://epgshare01.online/epgshare01/epg_ripper_EG1.xml.gz,ZERO_FUTURE_EPG
epgshare,EG1,إم.بي.سي.5.eg,إم بي سي 5,0,0.0,0.0,https://epgshare01.online/epgshare01/epg_ripper_EG1.xml.gz,ZERO_FUTURE_EPG
epgshare,EG1,إم.بي.سي.أكشن.eg,إم بي سي أكشن,0,0.0,0.0,https://epgshare01.online/epgshare01/epg_ripper_EG1.xml.gz,ZERO_FUTURE_EPG
epgshare,EG1,إم.بي.سي.العراق.eg,إم بي سي العراق,0,0.0,0.0,https://epgshare01.online/epgshare01/epg_ripper_EG1.xml.gz,ZERO_FUTURE_EPG
epgshare,EG1,إم.بي.سي.بوليوود.eg,إم بي سي بوليوود,0,0.0,0.0,https://epgshare01.online/epgshare01/epg_ripper_EG1.xml.gz,ZERO_FUTURE_EPG
epgshare,EG1,إم.بي.سي.دراما.eg,إم بي سي دراما,0,0.0,0.0,https://epgshare01.online/epgshare01/epg_ripper_EG1.xml.gz,ZERO_FUTURE_EPG
epgshare,EG1,إم.بي.سي.دراما.+.eg,إم بي سي دراما +,0,0.0,0.0,https://epgshare01.online/epgshare01/epg_ripper_EG1.xml.gz,ZERO_FUTURE_EPG
epgshare,EG1,إم.بي.سي.ماكس.eg,إم بي سي ماكس,0,0.0,0.0,https://epgshare01.online/epgshare01/epg_ripper_EG1.xml.gz,ZERO_FUTURE_EPG
epgshare,EG1,إم.بي.سي.مصر.eg,إم بي سي مصر,0,0.0,0.0,https://epgshare01.online/epgshare01/epg_ripper_EG1.xml.gz,ZERO_FUTURE_EPG
epgshare,EG1,إم.بي.سي.مصر.2.eg,إم بي سي مصر 2,0,0.0,0.0,https://epgshare01.online/epgshare01/epg_ripper_EG1.xml.gz,ZERO_FUTURE_EPG
epgshare,EG1,إم.تي.في.eg,إم تي في,0,0.0,0.0,https://epgshare01.online/epgshare01/epg_ripper_EG1.xml.gz,ZERO_FUTURE_EPG
epgshare,EG1,إي.تي.سي.eg,إي تي سي,0,0.0,0.0,https://epgshare01.online/epgshare01/epg_ripper_EG1.xml.gz,ZERO_FUTURE_EPG
epgshare,EG1,إيه.آر.تي.أفلام.1.eg,إيه آر تي أفلام 1,0,0.0,0.0,https://epgshare01.online/epgshare01/epg_ripper_EG1.xml.gz,ZERO_FUTURE_EPG
epgshare,EG1,إيه.آر.تي.افلام.2.eg,إيه آر تي افلام 2,0,0.0,0.0,https://epgshare01.online/epgshare01/epg_ripper_EG1.xml.gz,ZERO_FUTURE_EPG
epgshare,EG1,إيه.آر.تي.حكايات.eg,إيه آر تي حكايات,0,0.0,0.0,https://epgshare01.online/epgshare01/epg_ripper_EG1.xml.gz,ZERO_FUTURE_EPG
epgshare,EG1,إيه.آر.تي.حكايات.2.eg,إيه آر تي حكايات 2,0,0.0,0.0,https://epgshare01.online/epgshare01/epg_ripper_EG1.xml.gz,ZERO_FUTURE_EPG
epgshare,EG1,إيه.آر.تي.سينما.eg,إيه آر تي سينما,0,0.0,0.0,https://epgshare01.online/epgshare01/epg_ripper_EG1.xml.gz,ZERO_FUTURE_EPG
epgshare,EG1,إيه.تي.في.eg,إيه تي في,0,0.0,0.0,https://epgshare01.online/epgshare01/epg_ripper_EG1.xml.gz,ZERO_FUTURE_EPG
epgshare,EG1,ال.تي.في.eg,ال تي في,0,0.0,0.0,https://epgshare01.online/epgshare01/epg_ripper_EG1.xml.gz,ZERO_FUTURE_EPG
epgshare,EG1,ال.دي.سي.eg,ال دي سي,0,0.0,0.0,https://epgshare01.online/epgshare01/epg_ripper_EG1.xml.gz,ZERO_FUTURE_EPG
epgshare,EG1,الأردن.eg,الأردن,0,0.0,0.0,https://epgshare01.online/epgshare01/epg_ripper_EG1.xml.gz,ZERO_FUTURE_EPG
epgshare,EG1,الأولى.المغربية.eg,الأولى المغربية,0,0.0,0.0,https://epgshare01.online/epgshare01/epg_ripper_EG1.xml.gz,ZERO_FUTURE_EPG
epgshare,EG1,البحرين.eg,البحرين,0,0.0,0.0,https://epgshare01.online/epgshare01/epg_ripper_EG1.xml.gz,ZERO_FUTURE_EPG
epgshare,EG1,التلفزيون.العربي.2.eg,التلفزيون العربي 2,0,0.0,0.0,https://epgshare01.online/epgshare01/epg_ripper_EG1.xml.gz,ZERO_FUTURE_EPG
epgshare,EG1,الجديد.eg,الجديد,0,0.0,0.0,https://epgshare01.online/epgshare01/epg_ripper_EG1.xml.gz,ZERO_FUTURE_EPG
epgshare,EG1,الحياة.eg,الحياة,0,0.0,0.0,https://epgshare01.online/epgshare01/epg_ripper_EG1.xml.gz,ZERO_FUTURE_EPG
epgshare,EG1,الحياة.دراما.eg,الحياة دراما,0,0.0,0.0,https://epgshare01.online/epgshare01/epg_ripper_EG1.xml.gz,ZERO_FUTURE_EPG
epgshare,EG1,الرشيد.eg,الرشيد,0,0.0,0.0,https://epgshare01.online/epgshare01/epg_ripper_EG1.xml.gz,ZERO_FUTURE_EPG
epgshare,EG1,السعودية.eg,السعودية,0,0.0,0.0,https://epgshare01.online/epgshare01/epg_ripper_EG1.xml.gz,ZERO_FUTURE_EPG
epgshare,EG1,السعيدة.eg,السعيدة,0,0.0,0.0,https://epgshare01.online/epgshare01/epg_ripper_EG1.xml.gz,ZERO_FUTURE_EPG
epgshare,EG1,السومرية.eg,السومرية,0,0.0,0.0,https://epgshare01.online/epgshare01/epg_ripper_EG1.xml.gz,ZERO_FUTURE_EPG
epgshare,EG1,الشارقة.eg,الشارقة,0,0.0,0.0,https://epgshare01.online/epgshare01/epg_ripper_EG1.xml.gz,ZERO_FUTURE_EPG
epgshare,EG1,الشرقية.eg,الشرقية,0,0.0,0.0,https://epgshare01.online/epgshare01/epg_ripper_EG1.xml.gz,ZERO_FUTURE_EPG
epgshare,EG1,الشروق.الجزائرية.eg,الشروق الجزائرية,0,0.0,0.0,https://epgshare01.online/epgshare01/epg_ripper_EG1.xml.gz,ZERO_FUTURE_EPG
epgshare,EG1,الشمس.eg,الشمس,0,0.0,0.0,https://epgshare01.online/epgshare01/epg_ripper_EG1.xml.gz,ZERO_FUTURE_EPG
epgshare,EG1,الظفرة.eg,الظفرة,0,0.0,0.0,https://epgshare01.online/epgshare01/epg_ripper_EG1.xml.gz,ZERO_FUTURE_EPG
epgshare,EG1,العراقية.eg,العراقية,0,0.0,0.0,https://epgshare01.online/epgshare01/epg_ripper_EG1.xml.gz,ZERO_FUTURE_EPG
epgshare,EG1,الفضائية.المصرية.eg,الفضائية المصرية,0,0.0,0.0,https://epgshare01.online/epgshare01/epg_ripper_EG1.xml.gz,ZERO_FUTURE_EPG
epgshare,EG1,القاهرة.والناس.eg,القاهرة والناس,0,0.0,0.0,https://epgshare01.online/epgshare01/epg_ripper_EG1.xml.gz,ZERO_FUTURE_EPG
epgshare,EG1,القاهرة.والناس.2.eg,القاهرة والناس 2,0,0.0,0.0,https://epgshare01.online/epgshare01/epg_ripper_EG1.xml.gz,ZERO_FUTURE_EPG
epgshare,EG1,القرين.eg,القرين,0,0.0,0.0,https://epgshare01.online/epgshare01/epg_ripper_EG1.xml.gz,ZERO_FUTURE_EPG
epgshare,EG1,الكويت.eg,الكويت,0,0.0,0.0,https://epgshare01.online/epgshare01/epg_ripper_EG1.xml.gz,ZERO_FUTURE_EPG
epgshare,EG1,الكويت.دراما.eg,الكويت دراما,0,0.0,0.0,https://epgshare01.online/epgshare01/epg_ripper_EG1.xml.gz,ZERO_FUTURE_EPG
epgshare,EG1,المحور.eg,المحور,0,0.0,0.0,https://epgshare01.online/epgshare01/epg_ripper_EG1.xml.gz,ZERO_FUTURE_EPG
epgshare,EG1,المصرية.eg,المصرية,0,0.0,0.0,https://epgshare01.online/epgshare01/epg_ripper_EG1.xml.gz,ZERO_FUTURE_EPG
epgshare,EG1,المغربية.الثانية.eg,المغربية الثانية,0,0.0,0.0,https://epgshare01.online/epgshare01/epg_ripper_EG1.xml.gz,ZERO_FUTURE_EPG
epgshare,EG1,المهرية.eg,المهرية,0,0.0,0.0,https://epgshare01.online/epgshare01/epg_ripper_EG1.xml.gz,ZERO_FUTURE_EPG
epgshare,EG1,النهار.eg,النهار,0,0.0,0.0,https://epgshare01.online/epgshare01/epg_ripper_EG1.xml.gz,ZERO_FUTURE_EPG
epgshare,EG1,النهار.دراما.eg,النهار دراما,0,0.0,0.0,https://epgshare01.online/epgshare01/epg_ripper_EG1.xml.gz,ZERO_FUTURE_EPG
epgshare,EG1,الوطنية.1.eg,الوطنية 1,0,0.0,0.0,https://epgshare01.online/epgshare01/epg_ripper_EG1.xml.gz,ZERO_FUTURE_EPG
epgshare,EG1,الوطنية.2.eg,الوطنية 2,0,0.0,0.0,https://epgshare01.online/epgshare01/epg_ripper_EG1.xml.gz,ZERO_FUTURE_EPG
epgshare,EG1,اﻹمارات.eg,اﻹمارات,0,0.0,0.0,https://epgshare01.online/epgshare01/epg_ripper_EG1.xml.gz,ZERO_FUTURE_EPG
epgshare,EG1,بي.إن.دراما.eg,بي إن دراما,0,0.0,0.0,https://epgshare01.online/epgshare01/epg_ripper_EG1.xml.gz,ZERO_FUTURE_EPG
epgshare,EG1,بي.إن.سيريس.eg,بي إن سيريس,0,0.0,0.0,https://epgshare01.online/epgshare01/epg_ripper_EG1.xml.gz,ZERO_FUTURE_EPG
epgshare,EG1,بي.إن.سيريس.إتش.دي.2.eg,بي إن سيريس إتش دي 2,0,0.0,0.0,https://epgshare01.online/epgshare01/epg_ripper_EG1.xml.gz,ZERO_FUTURE_EPG
epgshare,EG1,بي.إن.موفيز.أكشن.eg,بي إن موفيز أكشن,0,0.0,0.0,https://epgshare01.online/epgshare01/epg_ripper_EG1.xml.gz,ZERO_FUTURE_EPG
epgshare,EG1,بي.إن.موفيز.بريمير.eg,بي إن موفيز بريمير,0,0.0,0.0,https://epgshare01.online/epgshare01/epg_ripper_EG1.xml.gz,ZERO_FUTURE_EPG
epgshare,EG1,بي.إن.موفيز.دراما.eg,بي إن موفيز دراما,0,0.0,0.0,https://epgshare01.online/epgshare01/epg_ripper_EG1.xml.gz,ZERO_FUTURE_EPG
epgshare,EG1,بي.إن.موفيز.فاميلي.eg,بي إن موفيز فاميلي,0,0.0,0.0,https://epgshare01.online/epgshare01/epg_ripper_EG1.xml.gz,ZERO_FUTURE_EPG
epgshare,EG1,تلفزيون.حضرموت.eg,تلفزيون حضرموت,0,0.0,0.0,https://epgshare01.online/epgshare01/epg_ripper_EG1.xml.gz,ZERO_FUTURE_EPG
epgshare,EG1,تلفزيون.سوريا.eg,تلفزيون سوريا,0,0.0,0.0,https://epgshare01.online/epgshare01/epg_ripper_EG1.xml.gz,ZERO_FUTURE_EPG
epgshare,EG1,تن.eg,تن,0,0.0,0.0,https://epgshare01.online/epgshare01/epg_ripper_EG1.xml.gz,ZERO_FUTURE_EPG
epgshare,EG1,دبي.eg,دبي,0,0.0,0.0,https://epgshare01.online/epgshare01/epg_ripper_EG1.xml.gz,ZERO_FUTURE_EPG
epgshare,EG1,دبي.زمان.eg,دبي زمان,0,0.0,0.0,https://epgshare01.online/epgshare01/epg_ripper_EG1.xml.gz,ZERO_FUTURE_EPG
epgshare,EG1,دبي.وان.eg,دبي وان,0,0.0,0.0,https://epgshare01.online/epgshare01/epg_ripper_EG1.xml.gz,ZERO_FUTURE_EPG
epgshare,EG1,دجلة.eg,دجلة,0,0.0,0.0,https://epgshare01.online/epgshare01/epg_ripper_EG1.xml.gz,ZERO_FUTURE_EPG
epgshare,EG1,دي.إم.سي.eg,دي إم سي,0,0.0,0.0,https://epgshare01.online/epgshare01/epg_ripper_EG1.xml.gz,ZERO_FUTURE_EPG
epgshare,EG1,دي.إم.سي.دراما.eg,دي إم سي دراما,0,0.0,0.0,https://epgshare01.online/epgshare01/epg_ripper_EG1.xml.gz,ZERO_FUTURE_EPG
epgshare,EG1,ذكريات.eg,ذكريات,0,0.0,0.0,https://epgshare01.online/epgshare01/epg_ripper_EG1.xml.gz,ZERO_FUTURE_EPG
epgshare,EG1,رؤيا.eg,رؤيا,0,0.0,0.0,https://epgshare01.online/epgshare01/epg_ripper_EG1.xml.gz,ZERO_FUTURE_EPG
epgshare,EG1,روتانا.أفلام.بلاس.eg,روتانا أفلام بلاس,0,0.0,0.0,https://epgshare01.online/epgshare01/epg_ripper_EG1.xml.gz,ZERO_FUTURE_EPG
epgshare,EG1,روتانا.خليجية.eg,روتانا خليجية,0,0.0,0.0,https://epgshare01.online/epgshare01/epg_ripper_EG1.xml.gz,ZERO_FUTURE_EPG
epgshare,EG1,روتانا.دراما.eg,روتانا دراما,0,0.0,0.0,https://epgshare01.online/epgshare01/epg_ripper_EG1.xml.gz,ZERO_FUTURE_EPG
epgshare,EG1,روتانا.سينما.eg,روتانا سينما,0,0.0,0.0,https://epgshare01.online/epgshare01/epg_ripper_EG1.xml.gz,ZERO_FUTURE_EPG
epgshare,EG1,روتانا.سينما.مصر.eg,روتانا سينما مصر,0,0.0,0.0,https://epgshare01.online/epgshare01/epg_ripper_EG1.xml.gz,ZERO_FUTURE_EPG
epgshare,EG1,روتانا.كلاسيك.eg,روتانا كلاسيك,0,0.0,0.0,https://epgshare01.online/epgshare01/epg_ripper_EG1.xml.gz,ZERO_FUTURE_EPG
epgshare,EG1,روتانا.كوميدي.eg,روتانا كوميدي,0,0.0,0.0,https://epgshare01.online/epgshare01/epg_ripper_EG1.xml.gz,ZERO_FUTURE_EPG
epgshare,EG1,روتانا.كيدز.eg,روتانا كيدز,0,0.0,0.0,https://epgshare01.online/epgshare01/epg_ripper_EG1.xml.gz,ZERO_FUTURE_EPG
epgshare,EG1,روتانا+.أتش.دي.eg,روتانا+ أتش دي,0,0.0,0.0,https://epgshare01.online/epgshare01/epg_ripper_EG1.xml.gz,ZERO_FUTURE_EPG
epgshare,EG1,زي.ألوان.eg,زي ألوان,0,0.0,0.0,https://epgshare01.online/epgshare01/epg_ripper_EG1.xml.gz,ZERO_FUTURE_EPG
epgshare,EG1,ستار.موفيز.eg,ستار موفيز,0,0.0,0.0,https://epgshare01.online/epgshare01/epg_ripper_EG1.xml.gz,ZERO_FUTURE_EPG
epgshare,EG1,ستار.ورلد.eg,ستار ورلد,0,0.0,0.0,https://epgshare01.online/epgshare01/epg_ripper_EG1.xml.gz,ZERO_FUTURE_EPG
epgshare,EG1,سلام.eg,سلام,0,0.0,0.0,https://epgshare01.online/epgshare01/epg_ripper_EG1.xml.gz,ZERO_FUTURE_EPG
epgshare,EG1,سما.eg,سما,0,0.0,0.0,https://epgshare01.online/epgshare01/epg_ripper_EG1.xml.gz,ZERO_FUTURE_EPG
epgshare,EG1,سما.دبي.eg,سما دبي,0,0.0,0.0,https://epgshare01.online/epgshare01/epg_ripper_EG1.xml.gz,ZERO_FUTURE_EPG
epgshare,EG1,سوريا.دراما.eg,سوريا دراما,0,0.0,0.0,https://epgshare01.online/epgshare01/epg_ripper_EG1.xml.gz,ZERO_FUTURE_EPG
epgshare,EG1,سي.بي.سي.eg,سي بي سي,0,0.0,0.0,https://epgshare01.online/epgshare01/epg_ripper_EG1.xml.gz,ZERO_FUTURE_EPG
epgshare,EG1,سي.بي.سي.دراما.eg,سي بي سي دراما,0,0.0,0.0,https://epgshare01.online/epgshare01/epg_ripper_EG1.xml.gz,ZERO_FUTURE_EPG
epgshare,EG1,سيما.eg,سيما,0,0.0,0.0,https://epgshare01.online/epgshare01/epg_ripper_EG1.xml.gz,ZERO_FUTURE_EPG
epgshare,EG1,صدى.البلد.eg,صدى البلد,0,0.0,0.0,https://epgshare01.online/epgshare01/epg_ripper_EG1.xml.gz,ZERO_FUTURE_EPG
epgshare,EG1,صدى.البلد.2.eg,صدى البلد 2,0,0.0,0.0,https://epgshare01.online/epgshare01/epg_ripper_EG1.xml.gz,ZERO_FUTURE_EPG
epgshare,EG1,صدى.البلد.دراما.eg,صدى البلد دراما,0,0.0,0.0,https://epgshare01.online/epgshare01/epg_ripper_EG1.xml.gz,ZERO_FUTURE_EPG
epgshare,EG1,عمان.eg,عمان,0,0.0,0.0,https://epgshare01.online/epgshare01/epg_ripper_EG1.xml.gz,ZERO_FUTURE_EPG
epgshare,EG1,فوكس.eg,فوكس,0,0.0,0.0,https://epgshare01.online/epgshare01/epg_ripper_EG1.xml.gz,ZERO_FUTURE_EPG
epgshare,EG1,فوكس.أكشن.موفيز.eg,فوكس أكشن موفيز,0,0.0,0.0,https://epgshare01.online/epgshare01/epg_ripper_EG1.xml.gz,ZERO_FUTURE_EPG
epgshare,EG1,فوكس.موفيز.eg,فوكس موفيز,0,0.0,0.0,https://epgshare01.online/epgshare01/epg_ripper_EG1.xml.gz,ZERO_FUTURE_EPG
epgshare,EG1,قطر.eg,قطر,0,0.0,0.0,https://epgshare01.online/epgshare01/epg_ripper_EG1.xml.gz,ZERO_FUTURE_EPG
epgshare,EG1,قناة.مصر.الأولى.eg,قناة مصر الأولى,0,0.0,0.0,https://epgshare01.online/epgshare01/epg_ripper_EG1.xml.gz,ZERO_FUTURE_EPG
epgshare,EG1,ماسبيرو.زمان.eg,ماسبيرو زمان,0,0.0,0.0,https://epgshare01.online/epgshare01/epg_ripper_EG1.xml.gz,ZERO_FUTURE_EPG
epgshare,EG1,مساواة.eg,مساواة,0,0.0,0.0,https://epgshare01.online/epgshare01/epg_ripper_EG1.xml.gz,ZERO_FUTURE_EPG
epgshare,EG1,ميكس.eg,ميكس,0,0.0,0.0,https://epgshare01.online/epgshare01/epg_ripper_EG1.xml.gz,ZERO_FUTURE_EPG
epgshare,EG1,ميكس.بالعربي.eg,ميكس بالعربي,0,0.0,0.0,https://epgshare01.online/epgshare01/epg_ripper_EG1.xml.gz,ZERO_FUTURE_EPG
epgshare,EG1,ميكس.وان.eg,ميكس وان,0,0.0,0.0,https://epgshare01.online/epgshare01/epg_ripper_EG1.xml.gz,ZERO_FUTURE_EPG
epgshare,EG1,ناشونال.جيوجرافيك.أبو.ظبي.eg,ناشونال جيوجرافيك أبو ظبي,0,0.0,0.0,https://epgshare01.online/epgshare01/epg_ripper_EG1.xml.gz,ZERO_FUTURE_EPG
epgshare,EG1,نايل.دراما.eg,نايل دراما,0,0.0,0.0,https://epgshare01.online/epgshare01/epg_ripper_EG1.xml.gz,ZERO_FUTURE_EPG
epgshare,EG1,نايل.كوميدي.eg,نايل كوميدي,0,0.0,0.0,https://epgshare01.online/epgshare01/epg_ripper_EG1.xml.gz,ZERO_FUTURE_EPG
epgshare,EG1,نايل.لايف.eg,نايل لايف,0,0.0,0.0,https://epgshare01.online/epgshare01/epg_ripper_EG1.xml.gz,ZERO_FUTURE_EPG
epgshare,EG1,نتورك.بالعربية.eg,نتورك بالعربية,0,0.0,0.0,https://epgshare01.online/epgshare01/epg_ripper_EG1.xml.gz,ZERO_FUTURE_EPG
epgshare,EG1,نسمة.eg,نسمة,0,0.0,0.0,https://epgshare01.online/epgshare01/epg_ripper_EG1.xml.gz,ZERO_FUTURE_EPG
epgshare,EG1,يو.تي.في.eg,يو تي في,0,0.0,0.0,https://epgshare01.online/epgshare01/epg_ripper_EG1.xml.gz,ZERO_FUTURE_EPG
epgshare,SA1,Al.Aan.TV.sa,Al Aan TV,0,0.0,0.0,https://epgshare01.online/epgshare01/epg_ripper_SA1.xml.gz,ZERO_FUTURE_EPG
epgshare,SA1,Al.Dafrah.TV.sa,Al Dafrah TV,0,0.0,0.0,https://epgshare01.online/epgshare01/epg_ripper_SA1.xml.gz,ZERO_FUTURE_EPG
epgshare,SA1,AL.Hurra.HD.sa,AL Hurra HD,0,0.0,0.0,https://epgshare01.online/epgshare01/epg_ripper_SA1.xml.gz,ZERO_FUTURE_EPG
epgshare,SA1,AL.Hurra.Iraq.HD.sa,AL Hurra Iraq HD,0,0.0,0.0,https://epgshare01.online/epgshare01/epg_ripper_SA1.xml.gz,ZERO_FUTURE_EPG
epgshare,SA1,Al.Qurain.HD.sa,Al Qurain HD,0,0.0,0.0,https://epgshare01.online/epgshare01/epg_ripper_SA1.xml.gz,ZERO_FUTURE_EPG
epgshare,SA1,Al.Roya.TV.sa,Al Roya TV,0,0.0,0.0,https://epgshare01.online/epgshare01/epg_ripper_SA1.xml.gz,ZERO_FUTURE_EPG
epgshare,SA1,Al.Safwa.sa,Al Safwa,0,0.0,0.0,https://epgshare01.online/epgshare01/epg_ripper_SA1.xml.gz,ZERO_FUTURE_EPG
epgshare,SA1,Al.Wosta.from.Al.Dhaid.sa,Al Wosta from Al Dhaid,0,0.0,0.0,https://epgshare01.online/epgshare01/epg_ripper_SA1.xml.gz,ZERO_FUTURE_EPG
epgshare,SA1,Alfa.Al.Yawm.sa,Alfa Al Yawm,0,0.0,0.0,https://epgshare01.online/epgshare01/epg_ripper_SA1.xml.gz,ZERO_FUTURE_EPG
epgshare,SA1,Alfa.Cinema.1.sa,Alfa Cinema 1,0,0.0,0.0,https://epgshare01.online/epgshare01/epg_ripper_SA1.xml.gz,ZERO_FUTURE_EPG
epgshare,SA1,Alfa.Cinema.2.sa,Alfa Cinema 2,0,0.0,0.0,https://epgshare01.online/epgshare01/epg_ripper_SA1.xml.gz,ZERO_FUTURE_EPG
epgshare,SA1,Alfa.Fann.sa,Alfa Fann,0,0.0,0.0,https://epgshare01.online/epgshare01/epg_ripper_SA1.xml.gz,ZERO_FUTURE_EPG
epgshare,SA1,Alfa.Series.+2.sa,Alfa Series +2,0,0.0,0.0,https://epgshare01.online/epgshare01/epg_ripper_SA1.xml.gz,ZERO_FUTURE_EPG
epgshare,SA1,Alfa.Series.Channel.sa,Alfa Series Channel,0,0.0,0.0,https://epgshare01.online/epgshare01/epg_ripper_SA1.xml.gz,ZERO_FUTURE_EPG
epgshare,SA1,AlMamlaka.TV.sa,AlMamlaka TV,0,0.0,0.0,https://epgshare01.online/epgshare01/epg_ripper_SA1.xml.gz,ZERO_FUTURE_EPG
epgshare,SA1,ANC.sa,ANC,0,0.0,0.0,https://epgshare01.online/epgshare01/epg_ripper_SA1.xml.gz,ZERO_FUTURE_EPG
epgshare,SA1,Animal.Planet.sa,Animal Planet,0,0.0,0.0,https://epgshare01.online/epgshare01/epg_ripper_SA1.xml.gz,ZERO_FUTURE_EPG
epgshare,SA1,Arirang.TV.sa,Arirang TV,0,0.0,0.0,https://epgshare01.online/epgshare01/epg_ripper_SA1.xml.gz,ZERO_FUTURE_EPG
epgshare,SA1,B4U.Aflam.sa,B4U Aflam,0,0.0,0.0,https://epgshare01.online/epgshare01/epg_ripper_SA1.xml.gz,ZERO_FUTURE_EPG
epgshare,SA1,B4U.Plus.sa,B4U Plus,0,0.0,0.0,https://epgshare01.online/epgshare01/epg_ripper_SA1.xml.gz,ZERO_FUTURE_EPG
epgshare,SA1,Bahrain.TV.sa,Bahrain TV,0,0.0,0.0,https://epgshare01.online/epgshare01/epg_ripper_SA1.xml.gz,ZERO_FUTURE_EPG
epgshare,SA1,BBC.Arabic.sa,BBC Arabic,0,0.0,0.0,https://epgshare01.online/epgshare01/epg_ripper_SA1.xml.gz,ZERO_FUTURE_EPG
epgshare,SA1,BBC.World.sa,BBC World,0,0.0,0.0,https://epgshare01.online/epgshare01/epg_ripper_SA1.xml.gz,ZERO_FUTURE_EPG
epgshare,SA1,Bloomberg.sa,Bloomberg,0,0.0,0.0,https://epgshare01.online/epgshare01/epg_ripper_SA1.xml.gz,ZERO_FUTURE_EPG
epgshare,SA1,Cartoon.Network.sa,Cartoon Network,0,0.0,0.0,https://epgshare01.online/epgshare01/epg_ripper_SA1.xml.gz,ZERO_FUTURE_EPG
epgshare,SA1,CGTN.sa,CGTN,0,0.0,0.0,https://epgshare01.online/epgshare01/epg_ripper_SA1.xml.gz,ZERO_FUTURE_EPG
epgshare,SA1,CGTN.Arabic.sa,CGTN Arabic,0,0.0,0.0,https://epgshare01.online/epgshare01/epg_ripper_SA1.xml.gz,ZERO_FUTURE_EPG
epgshare,SA1,Cine.Mo.sa,Cine Mo,0,0.0,0.0,https://epgshare01.online/epgshare01/epg_ripper_SA1.xml.gz,ZERO_FUTURE_EPG
epgshare,SA1,Cinema.One.Global.sa,Cinema One Global,0,0.0,0.0,https://epgshare01.online/epgshare01/epg_ripper_SA1.xml.gz,ZERO_FUTURE_EPG
epgshare,SA1,CNBC.sa,CNBC,0,0.0,0.0,https://epgshare01.online/epgshare01/epg_ripper_SA1.xml.gz,ZERO_FUTURE_EPG
epgshare,SA1,CNBC.Arabia.sa,CNBC Arabia,0,0.0,0.0,https://epgshare01.online/epgshare01/epg_ripper_SA1.xml.gz,ZERO_FUTURE_EPG
epgshare,SA1,CNN.sa,CNN,0,0.0,0.0,https://epgshare01.online/epgshare01/epg_ripper_SA1.xml.gz,ZERO_FUTURE_EPG
epgshare,SA1,Crime.&.Investigation.Network.sa,Crime & Investigation Network,0,0.0,0.0,https://epgshare01.online/epgshare01/epg_ripper_SA1.xml.gz,ZERO_FUTURE_EPG
epgshare,SA1,Discovery.HD.sa,Discovery HD,0,0.0,0.0,https://epgshare01.online/epgshare01/epg_ripper_SA1.xml.gz,ZERO_FUTURE_EPG
epgshare,SA1,Discovery.ID.sa,Discovery ID,0,0.0,0.0,https://epgshare01.online/epgshare01/epg_ripper_SA1.xml.gz,ZERO_FUTURE_EPG
epgshare,SA1,Dubai.Racing.1.HD.sa,Dubai Racing 1 HD,0,0.0,0.0,https://epgshare01.online/epgshare01/epg_ripper_SA1.xml.gz,ZERO_FUTURE_EPG
epgshare,SA1,Dubai.Racing.3.sa,Dubai Racing 3,0,0.0,0.0,https://epgshare01.online/epgshare01/epg_ripper_SA1.xml.gz,ZERO_FUTURE_EPG
epgshare,SA1,DWRR.101.9.sa,DWRR 101.9,0,0.0,0.0,https://epgshare01.online/epgshare01/epg_ripper_SA1.xml.gz,ZERO_FUTURE_EPG
epgshare,SA1,DZMM.Teleradyo.sa,DZMM Teleradyo,0,0.0,0.0,https://epgshare01.online/epgshare01/epg_ripper_SA1.xml.gz,ZERO_FUTURE_EPG
epgshare,SA1,E!.Entertainment.sa,E! Entertainment,0,0.0,0.0,https://epgshare01.online/epgshare01/epg_ripper_SA1.xml.gz,ZERO_FUTURE_EPG
epgshare,SA1,Fatafeat.sa,Fatafeat,0,0.0,0.0,https://epgshare01.online/epgshare01/epg_ripper_SA1.xml.gz,ZERO_FUTURE_EPG
epgshare,SA1,France.24.sa,France 24,0,0.0,0.0,https://epgshare01.online/epgshare01/epg_ripper_SA1.xml.gz,ZERO_FUTURE_EPG
epgshare,SA1,France.24.English.sa,France 24 English,0,0.0,0.0,https://epgshare01.online/epgshare01/epg_ripper_SA1.xml.gz,ZERO_FUTURE_EPG
epgshare,SA1,GMA.Life.TV.sa,GMA Life TV,0,0.0,0.0,https://epgshare01.online/epgshare01/epg_ripper_SA1.xml.gz,ZERO_FUTURE_EPG
epgshare,SA1,GMA.News.TV.sa,GMA News TV,0,0.0,0.0,https://epgshare01.online/epgshare01/epg_ripper_SA1.xml.gz,ZERO_FUTURE_EPG
epgshare,SA1,GMA.Pinoy.TV.sa,GMA Pinoy TV,0,0.0,0.0,https://epgshare01.online/epgshare01/epg_ripper_SA1.xml.gz,ZERO_FUTURE_EPG
epgshare,SA1,H2.HD.sa,H2 HD,0,0.0,0.0,https://epgshare01.online/epgshare01/epg_ripper_SA1.xml.gz,ZERO_FUTURE_EPG
epgshare,SA1,History.HD.sa,History HD,0,0.0,0.0,https://epgshare01.online/epgshare01/epg_ripper_SA1.xml.gz,ZERO_FUTURE_EPG
epgshare,SA1,Kapatid.TV5.sa,Kapatid TV5,0,0.0,0.0,https://epgshare01.online/epgshare01/epg_ripper_SA1.xml.gz,ZERO_FUTURE_EPG
epgshare,SA1,KTV.Arabe.HD.sa,KTV Arabe HD,0,0.0,0.0,https://epgshare01.online/epgshare01/epg_ripper_SA1.xml.gz,ZERO_FUTURE_EPG
epgshare,SA1,KTV.Ethraa.HD.sa,KTV Ethraa HD,0,0.0,0.0,https://epgshare01.online/epgshare01/epg_ripper_SA1.xml.gz,ZERO_FUTURE_EPG
epgshare,SA1,KTV.Majlis.HD.sa,KTV Majlis HD,0,0.0,0.0,https://epgshare01.online/epgshare01/epg_ripper_SA1.xml.gz,ZERO_FUTURE_EPG
epgshare,SA1,KTV.Sport.HD.sa,KTV Sport HD,0,0.0,0.0,https://epgshare01.online/epgshare01/epg_ripper_SA1.xml.gz,ZERO_FUTURE_EPG
epgshare,SA1,KTV.Sport.Plus.HD.sa,KTV Sport Plus HD,0,0.0,0.0,https://epgshare01.online/epgshare01/epg_ripper_SA1.xml.gz,ZERO_FUTURE_EPG
epgshare,SA1,KTV1.HD.sa,KTV1 HD,0,0.0,0.0,https://epgshare01.online/epgshare01/epg_ripper_SA1.xml.gz,ZERO_FUTURE_EPG
epgshare,SA1,KTV2.HD.sa,KTV2 HD,0,0.0,0.0,https://epgshare01.online/epgshare01/epg_ripper_SA1.xml.gz,ZERO_FUTURE_EPG
epgshare,SA1,Madani.TV.sa,Madani TV,0,0.0,0.0,https://epgshare01.online/epgshare01/epg_ripper_SA1.xml.gz,ZERO_FUTURE_EPG
epgshare,SA1,Marina.TV.sa,Marina TV,0,0.0,0.0,https://epgshare01.online/epgshare01/epg_ripper_SA1.xml.gz,ZERO_FUTURE_EPG
epgshare,SA1,Moonbug.Kids.sa,Moonbug Kids,0,0.0,0.0,https://epgshare01.online/epgshare01/epg_ripper_SA1.xml.gz,ZERO_FUTURE_EPG
epgshare,SA1,MTV.00s.sa,MTV 00s,0,0.0,0.0,https://epgshare01.online/epgshare01/epg_ripper_SA1.xml.gz,ZERO_FUTURE_EPG
epgshare,SA1,MTV.Live.HD.sa,MTV Live HD,0,0.0,0.0,https://epgshare01.online/epgshare01/epg_ripper_SA1.xml.gz,ZERO_FUTURE_EPG
epgshare,SA1,Music.Now.sa,Music Now,0,0.0,0.0,https://epgshare01.online/epgshare01/epg_ripper_SA1.xml.gz,ZERO_FUTURE_EPG
epgshare,SA1,Myx.sa,Myx,0,0.0,0.0,https://epgshare01.online/epgshare01/epg_ripper_SA1.xml.gz,ZERO_FUTURE_EPG
epgshare,SA1,NHK.World.TV.sa,NHK World TV,0,0.0,0.0,https://epgshare01.online/epgshare01/epg_ripper_SA1.xml.gz,ZERO_FUTURE_EPG
epgshare,SA1,Nick.Jr..sa,Nick Jr.,0,0.0,0.0,https://epgshare01.online/epgshare01/epg_ripper_SA1.xml.gz,ZERO_FUTURE_EPG
epgshare,SA1,Nickelodeon.HD.sa,Nickelodeon HD,0,0.0,0.0,https://epgshare01.online/epgshare01/epg_ripper_SA1.xml.gz,ZERO_FUTURE_EPG
epgshare,SA1,NickToons.HD.sa,NickToons HD,0,0.0,0.0,https://epgshare01.online/epgshare01/epg_ripper_SA1.xml.gz,ZERO_FUTURE_EPG
epgshare,SA1,OSN.TV.Comedy.sa,OSN TV Comedy,0,0.0,0.0,https://epgshare01.online/epgshare01/epg_ripper_SA1.xml.gz,ZERO_FUTURE_EPG
epgshare,SA1,OSN.TV.Crime.sa,OSN TV Crime,0,0.0,0.0,https://epgshare01.online/epgshare01/epg_ripper_SA1.xml.gz,ZERO_FUTURE_EPG
epgshare,SA1,OSN.TV.Kids.sa,OSN TV Kids,0,0.0,0.0,https://epgshare01.online/epgshare01/epg_ripper_SA1.xml.gz,ZERO_FUTURE_EPG
epgshare,SA1,OSN.TV.Kidzone.sa,OSN TV Kidzone,0,0.0,0.0,https://epgshare01.online/epgshare01/epg_ripper_SA1.xml.gz,ZERO_FUTURE_EPG
epgshare,SA1,OSN.TV.Mezze.sa,OSN TV Mezze,0,0.0,0.0,https://epgshare01.online/epgshare01/epg_ripper_SA1.xml.gz,ZERO_FUTURE_EPG
epgshare,SA1,OSN.TV.Movies.Action.sa,OSN TV Movies Action,0,0.0,0.0,https://epgshare01.online/epgshare01/epg_ripper_SA1.xml.gz,ZERO_FUTURE_EPG
epgshare,SA1,OSN.TV.Movies.Comedy.sa,OSN TV Movies Comedy,0,0.0,0.0,https://epgshare01.online/epgshare01/epg_ripper_SA1.xml.gz,ZERO_FUTURE_EPG
epgshare,SA1,OSN.TV.Movies.Family.sa,OSN TV Movies Family,0,0.0,0.0,https://epgshare01.online/epgshare01/epg_ripper_SA1.xml.gz,ZERO_FUTURE_EPG
epgshare,SA1,OSN.TV.Movies.Hollywood.sa,OSN TV Movies Hollywood,0,0.0,0.0,https://epgshare01.online/epgshare01/epg_ripper_SA1.xml.gz,ZERO_FUTURE_EPG
epgshare,SA1,OSN.TV.Movies.Premiere.sa,OSN TV Movies Premiere,0,0.0,0.0,https://epgshare01.online/epgshare01/epg_ripper_SA1.xml.gz,ZERO_FUTURE_EPG
epgshare,SA1,OSN.TV.News.sa,OSN TV News,0,0.0,0.0,https://epgshare01.online/epgshare01/epg_ripper_SA1.xml.gz,ZERO_FUTURE_EPG
epgshare,SA1,OSN.TV.Now.sa,OSN TV Now,0,0.0,0.0,https://epgshare01.online/epgshare01/epg_ripper_SA1.xml.gz,ZERO_FUTURE_EPG
epgshare,SA1,OSN.TV.One.sa,OSN TV One,0,0.0,0.0,https://epgshare01.online/epgshare01/epg_ripper_SA1.xml.gz,ZERO_FUTURE_EPG
epgshare,SA1,OSN.TV.Showcase.sa,OSN TV Showcase,0,0.0,0.0,https://epgshare01.online/epgshare01/epg_ripper_SA1.xml.gz,ZERO_FUTURE_EPG
epgshare,SA1,OSN.TV.Showcase.Classics.sa,OSN TV Showcase Classics,0,0.0,0.0,https://epgshare01.online/epgshare01/epg_ripper_SA1.xml.gz,ZERO_FUTURE_EPG
epgshare,SA1,OSN.TV.Yahala.sa,OSN TV Yahala,0,0.0,0.0,https://epgshare01.online/epgshare01/epg_ripper_SA1.xml.gz,ZERO_FUTURE_EPG
epgshare,SA1,OSN.TV.Yahala.Aflam.sa,OSN TV Yahala Aflam,0,0.0,0.0,https://epgshare01.online/epgshare01/epg_ripper_SA1.xml.gz,ZERO_FUTURE_EPG
epgshare,SA1,OSN.TV.Yahala.Bil.Arabi.sa,OSN TV Yahala Bil Arabi,0,0.0,0.0,https://epgshare01.online/epgshare01/epg_ripper_SA1.xml.gz,ZERO_FUTURE_EPG
epgshare,SA1,OSNtv.Movies.Horror.sa,OSNtv Movies Horror,0,0.0,0.0,https://epgshare01.online/epgshare01/epg_ripper_SA1.xml.gz,ZERO_FUTURE_EPG
epgshare,SA1,OSNtv.Popup.Bourne.Every.Minute.sa,OSNtv Popup Bourne Every Minute,0,0.0,0.0,https://epgshare01.online/epgshare01/epg_ripper_SA1.xml.gz,ZERO_FUTURE_EPG
epgshare,SA1,PBA.Rush.sa,PBA Rush,0,0.0,0.0,https://epgshare01.online/epgshare01/epg_ripper_SA1.xml.gz,ZERO_FUTURE_EPG
epgshare,SA1,Rusiya.Al.Yawm.sa,Rusiya Al Yawm,0,0.0,0.0,https://epgshare01.online/epgshare01/epg_ripper_SA1.xml.gz,ZERO_FUTURE_EPG
epgshare,SA1,Sharjah.Sport.HD.sa,Sharjah Sport HD,0,0.0,0.0,https://epgshare01.online/epgshare01/epg_ripper_SA1.xml.gz,ZERO_FUTURE_EPG
epgshare,SA1,Sharjah.TV.sa,Sharjah TV,0,0.0,0.0,https://epgshare01.online/epgshare01/epg_ripper_SA1.xml.gz,ZERO_FUTURE_EPG
epgshare,SA1,Sharqiya.from.Kalba.sa,Sharqiya from Kalba,0,0.0,0.0,https://epgshare01.online/epgshare01/epg_ripper_SA1.xml.gz,ZERO_FUTURE_EPG
epgshare,SA1,Sky.News.Arabia.sa,Sky News Arabia,0,0.0,0.0,https://epgshare01.online/epgshare01/epg_ripper_SA1.xml.gz,ZERO_FUTURE_EPG
epgshare,SA1,Sky.News.Arabia.HD.sa,Sky News Arabia HD,0,0.0,0.0,https://epgshare01.online/epgshare01/epg_ripper_SA1.xml.gz,ZERO_FUTURE_EPG
epgshare,SA1,Sky.News.HD.sa,Sky News HD,0,0.0,0.0,https://epgshare01.online/epgshare01/epg_ripper_SA1.xml.gz,ZERO_FUTURE_EPG
epgshare,SA1,TFC.sa,TFC,0,0.0,0.0,https://epgshare01.online/epgshare01/epg_ripper_SA1.xml.gz,ZERO_FUTURE_EPG
epgshare,SA1,TLC.HD.sa,TLC HD,0,0.0,0.0,https://epgshare01.online/epgshare01/epg_ripper_SA1.xml.gz,ZERO_FUTURE_EPG
openepg,egypt1,أبو ظبي.eg,أبو ظبي.eg,0,0.0,0.0,https://www.open-epg.com/files/egypt1.xml,ZERO_FUTURE_EPG
openepg,egypt1,أو إس إن كيدز.eg,أو إس إن كيدز.eg,0,0.0,0.0,https://www.open-epg.com/files/egypt1.xml,ZERO_FUTURE_EPG
openepg,egypt1,إي تي سي.eg,إي تي سي.eg,0,0.0,0.0,https://www.open-epg.com/files/egypt1.xml,ZERO_FUTURE_EPG
openepg,egypt1,إيه تي في.eg,إيه تي في.eg,0,0.0,0.0,https://www.open-epg.com/files/egypt1.xml,ZERO_FUTURE_EPG
openepg,egypt1,البحرين.eg,البحرين.eg,0,0.0,0.0,https://www.open-epg.com/files/egypt1.xml,ZERO_FUTURE_EPG
openepg,egypt1,الشمس.eg,الشمس.eg,0,0.0,0.0,https://www.open-epg.com/files/egypt1.xml,ZERO_FUTURE_EPG
openepg,egypt1,الكويت.eg,الكويت.eg,0,0.0,0.0,https://www.open-epg.com/files/egypt1.xml,ZERO_FUTURE_EPG
openepg,egypt1,المغربية الثانية.eg,المغربية الثانية.eg,0,0.0,0.0,https://www.open-epg.com/files/egypt1.xml,ZERO_FUTURE_EPG
openepg,egypt1,المنار.eg,المنار.eg,0,0.0,0.0,https://www.open-epg.com/files/egypt1.xml,ZERO_FUTURE_EPG
openepg,egypt1,الوطنية 1.eg,الوطنية 1.eg,0,0.0,0.0,https://www.open-epg.com/files/egypt1.xml,ZERO_FUTURE_EPG
openepg,egypt1,الوطنية 2.eg,الوطنية 2.eg,0,0.0,0.0,https://www.open-epg.com/files/egypt1.xml,ZERO_FUTURE_EPG
openepg,egypt1,ديسكفري.eg,ديسكفري.eg,0,0.0,0.0,https://www.open-epg.com/files/egypt1.xml,ZERO_FUTURE_EPG
openepg,egypt1,روتانا أفلام بلاس.eg,روتانا أفلام بلاس.eg,0,0.0,0.0,https://www.open-epg.com/files/egypt1.xml,ZERO_FUTURE_EPG
openepg,egypt1,روتانا+ أتش دي.eg,روتانا+ أتش دي.eg,0,0.0,0.0,https://www.open-epg.com/files/egypt1.xml,ZERO_FUTURE_EPG
openepg,egypt1,ستار أكشن.eg,ستار أكشن.eg,0,0.0,0.0,https://www.open-epg.com/files/egypt1.xml,ZERO_FUTURE_EPG
openepg,egypt1,ستار موفيز.eg,ستار موفيز.eg,0,0.0,0.0,https://www.open-epg.com/files/egypt1.xml,ZERO_FUTURE_EPG
openepg,egypt1,ستار ورلد.eg,ستار ورلد.eg,0,0.0,0.0,https://www.open-epg.com/files/egypt1.xml,ZERO_FUTURE_EPG
openepg,egypt1,سلام.eg,سلام.eg,0,0.0,0.0,https://www.open-epg.com/files/egypt1.xml,ZERO_FUTURE_EPG
openepg,egypt1,سي بي سي سفرة.eg,سي بي سي سفرة.eg,0,0.0,0.0,https://www.open-epg.com/files/egypt1.xml,ZERO_FUTURE_EPG
openepg,egypt1,قطر.eg,قطر.eg,0,0.0,0.0,https://www.open-epg.com/files/egypt1.xml,ZERO_FUTURE_EPG
openepg,egypt1,ميكس.eg,ميكس.eg,0,0.0,0.0,https://www.open-epg.com/files/egypt1.xml,ZERO_FUTURE_EPG
openepg,egypt1,ناشونال جيوجرافيك أبو ظبي.eg,ناشونال جيوجرافيك أبو ظبي.eg,0,0.0,0.0,https://www.open-epg.com/files/egypt1.xml,ZERO_FUTURE_EPG
openepg,egypt1,ناشيونال جيوجرافيك.eg,ناشيونال جيوجرافيك.eg,0,0.0,0.0,https://www.open-epg.com/files/egypt1.xml,ZERO_FUTURE_EPG
openepg,egypt1,وان موفيز.eg,وان موفيز.eg,0,0.0,0.0,https://www.open-epg.com/files/egypt1.xml,ZERO_FUTURE_EPG
openepg,egypt2,2M TV.eg,2M TV.eg,0,0.0,0.0,https://www.open-epg.com/files/egypt2.xml,ZERO_FUTURE_EPG
openepg,egypt2,Abu Dhabi TV.eg,Abu Dhabi TV.eg,0,0.0,0.0,https://www.open-epg.com/files/egypt2.xml,ZERO_FUTURE_EPG
openepg,egypt2,Al Shams.eg,Al Shams.eg,0,0.0,0.0,https://www.open-epg.com/files/egypt2.xml,ZERO_FUTURE_EPG
openepg,egypt2,Al-Manar.eg,Al-Manar.eg,0,0.0,0.0,https://www.open-epg.com/files/egypt2.xml,ZERO_FUTURE_EPG
openepg,egypt2,AlSharqiya.eg,AlSharqiya.eg,0,0.0,0.0,https://www.open-epg.com/files/egypt2.xml,ZERO_FUTURE_EPG
openepg,egypt2,atv.eg,atv.eg,0,0.0,0.0,https://www.open-epg.com/files/egypt2.xml,ZERO_FUTURE_EPG
openepg,egypt2,Bahrain TV.eg,Bahrain TV.eg,0,0.0,0.0,https://www.open-epg.com/files/egypt2.xml,ZERO_FUTURE_EPG
openepg,egypt2,beIN Series HD 2.eg,beIN Series HD 2.eg,0,0.0,0.0,https://www.open-epg.com/files/egypt2.xml,ZERO_FUTURE_EPG
openepg,egypt2,CBC sofra.eg,CBC sofra.eg,0,0.0,0.0,https://www.open-epg.com/files/egypt2.xml,ZERO_FUTURE_EPG
openepg,egypt2,Discovery.eg,Discovery.eg,0,0.0,0.0,https://www.open-epg.com/files/egypt2.xml,ZERO_FUTURE_EPG
openepg,egypt2,ETC TV.eg,ETC TV.eg,0,0.0,0.0,https://www.open-epg.com/files/egypt2.xml,ZERO_FUTURE_EPG
openepg,egypt2,iFILM TV.eg,iFILM TV.eg,0,0.0,0.0,https://www.open-epg.com/files/egypt2.xml,ZERO_FUTURE_EPG
openepg,egypt2,Kuwait.eg,Kuwait.eg,0,0.0,0.0,https://www.open-epg.com/files/egypt2.xml,ZERO_FUTURE_EPG
openepg,egypt2,Mix.eg,Mix.eg,0,0.0,0.0,https://www.open-epg.com/files/egypt2.xml,ZERO_FUTURE_EPG
openepg,egypt2,National Geographic Abu Dhabi.eg,National Geographic Abu Dhabi.eg,0,0.0,0.0,https://www.open-epg.com/files/egypt2.xml,ZERO_FUTURE_EPG
openepg,egypt2,National Geographic.eg,National Geographic.eg,0,0.0,0.0,https://www.open-epg.com/files/egypt2.xml,ZERO_FUTURE_EPG
openepg,egypt2,Oman.eg,Oman.eg,0,0.0,0.0,https://www.open-epg.com/files/egypt2.xml,ZERO_FUTURE_EPG
openepg,egypt2,One Movies.eg,One Movies.eg,0,0.0,0.0,https://www.open-epg.com/files/egypt2.xml,ZERO_FUTURE_EPG
openepg,egypt2,OSN TV Kids.eg,OSN TV Kids.eg,0,0.0,0.0,https://www.open-epg.com/files/egypt2.xml,ZERO_FUTURE_EPG
openepg,egypt2,Qatar.eg,Qatar.eg,0,0.0,0.0,https://www.open-epg.com/files/egypt2.xml,ZERO_FUTURE_EPG
openepg,egypt2,Rotana Movies+.eg,Rotana Movies+.eg,0,0.0,0.0,https://www.open-epg.com/files/egypt2.xml,ZERO_FUTURE_EPG
openepg,egypt2,Rotana+ HD.eg,Rotana+ HD.eg,0,0.0,0.0,https://www.open-epg.com/files/egypt2.xml,ZERO_FUTURE_EPG
openepg,egypt2,Salam TV.eg,Salam TV.eg,0,0.0,0.0,https://www.open-epg.com/files/egypt2.xml,ZERO_FUTURE_EPG
openepg,egypt2,Star Action.eg,Star Action.eg,0,0.0,0.0,https://www.open-epg.com/files/egypt2.xml,ZERO_FUTURE_EPG
openepg,egypt2,Star Movies.eg,Star Movies.eg,0,0.0,0.0,https://www.open-epg.com/files/egypt2.xml,ZERO_FUTURE_EPG
openepg,egypt2,Star World.eg,Star World.eg,0,0.0,0.0,https://www.open-epg.com/files/egypt2.xml,ZERO_FUTURE_EPG
openepg,egypt2,Thikrayat Tv.eg,Thikrayat Tv.eg,0,0.0,0.0,https://www.open-epg.com/files/egypt2.xml,ZERO_FUTURE_EPG
openepg,egypt2,Watania 2.eg,Watania 2.eg,0,0.0,0.0,https://www.open-epg.com/files/egypt2.xml,ZERO_FUTURE_EPG
openepg,egypt2,Watania1.eg,Watania1.eg,0,0.0,0.0,https://www.open-epg.com/files/egypt2.xml,ZERO_FUTURE_EPG
openepg,qatar1,beIN SPORTS 1 AFC.qa,beIN SPORTS 1 AFC.qa,0,0.0,0.0,https://www.open-epg.com/files/qatar1.xml,ZERO_FUTURE_EPG
openepg,qatar1,beIN SPORTS 2 AFC.qa,beIN SPORTS 2 AFC.qa,0,0.0,0.0,https://www.open-epg.com/files/qatar1.xml,ZERO_FUTURE_EPG
openepg,qatar1,beIN SPORTS 3 AFC.qa,beIN SPORTS 3 AFC.qa,0,0.0,0.0,https://www.open-epg.com/files/qatar1.xml,ZERO_FUTURE_EPG
openepg,qatar1,beIN SPORTS 4 AFC.qa,beIN SPORTS 4 AFC.qa,0,0.0,0.0,https://www.open-epg.com/files/qatar1.xml,ZERO_FUTURE_EPG
openepg,qatar1,beIN SPORTS 5 AFC.qa,beIN SPORTS 5 AFC.qa,0,0.0,0.0,https://www.open-epg.com/files/qatar1.xml,ZERO_FUTURE_EPG
openepg,qatar1,beIN SPORTS 6 AFC.qa,beIN SPORTS 6 AFC.qa,0,0.0,0.0,https://www.open-epg.com/files/qatar1.xml,ZERO_FUTURE_EPG
openepg,qatar1,beIN SPORTS AFC.qa,beIN SPORTS AFC.qa,0,0.0,0.0,https://www.open-epg.com/files/qatar1.xml,ZERO_FUTURE_EPG
openepg,qatar1,beIN SPORTS NBA.qa,beIN SPORTS NBA.qa,0,0.0,0.0,https://www.open-epg.com/files/qatar1.xml,ZERO_FUTURE_EPG
openepg,qatar3,2023 Alkass 8.qa,2023 Alkass 8.qa,0,0.0,0.0,https://www.open-epg.com/files/qatar3.xml,ZERO_FUTURE_EPG
openepg,qatar5,cartoonito.qa,cartoonito.qa,0,0.0,0.0,https://www.open-epg.com/files/qatar5.xml,ZERO_FUTURE_EPG
openepg,qatar5,CBeebies-1.qa,CBeebies-1.qa,0,0.0,0.0,https://www.open-epg.com/files/qatar5.xml,ZERO_FUTURE_EPG
openepg,saudiarabia1,Al Rai.sa,Al Rai.sa,0,0.0,0.0,https://www.open-epg.com/files/saudiarabia1.xml,ZERO_FUTURE_EPG
openepg,saudiarabia1,Al Thaqafeya.sa,Al Thaqafeya.sa,0,0.0,0.0,https://www.open-epg.com/files/saudiarabia1.xml,ZERO_FUTURE_EPG
openepg,saudiarabia1,Bedaya.sa,Bedaya.sa,0,0.0,0.0,https://www.open-epg.com/files/saudiarabia1.xml,ZERO_FUTURE_EPG
openepg,saudiarabia1,Bloomberg.sa,Bloomberg.sa,0,0.0,0.0,https://www.open-epg.com/files/saudiarabia1.xml,ZERO_FUTURE_EPG
openepg,saudiarabia1,CNBC.sa,CNBC.sa,0,0.0,0.0,https://www.open-epg.com/files/saudiarabia1.xml,ZERO_FUTURE_EPG
openepg,saudiarabia1,Punch TV.sa,Punch TV.sa,0,0.0,0.0,https://www.open-epg.com/files/saudiarabia1.xml,ZERO_FUTURE_EPG
openepg,saudiarabia1,SSC News.sa,SSC News.sa,0,0.0,0.0,https://www.open-epg.com/files/saudiarabia1.xml,ZERO_FUTURE_EPG
openepg,saudiarabia2,Al Rai.sa,Al Rai.sa,0,0.0,0.0,https://www.open-epg.com/files/saudiarabia2.xml,ZERO_FUTURE_EPG
openepg,saudiarabia2,Al Thaqafeya.sa,Al Thaqafeya.sa,0,0.0,0.0,https://www.open-epg.com/files/saudiarabia2.xml,ZERO_FUTURE_EPG
openepg,saudiarabia2,Bedaya.sa,Bedaya.sa,0,0.0,0.0,https://www.open-epg.com/files/saudiarabia2.xml,ZERO_FUTURE_EPG
openepg,saudiarabia2,Bloomberg.sa,Bloomberg.sa,0,0.0,0.0,https://www.open-epg.com/files/saudiarabia2.xml,ZERO_FUTURE_EPG
openepg,saudiarabia2,CNBC.sa,CNBC.sa,0,0.0,0.0,https://www.open-epg.com/files/saudiarabia2.xml,ZERO_FUTURE_EPG
openepg,saudiarabia2,Punch TV.sa,Punch TV.sa,0,0.0,0.0,https://www.open-epg.com/files/saudiarabia2.xml,ZERO_FUTURE_EPG
openepg,saudiarabia2,SSC News.sa,SSC News.sa,0,0.0,0.0,https://www.open-epg.com/files/saudiarabia2.xml,ZERO_FUTURE_EPG
openepg,saudiarabia3,24 Channel.sa,24 Channel.sa,0,0.0,0.0,https://www.open-epg.com/files/saudiarabia3.xml,ZERO_FUTURE_EPG
openepg,saudiarabia3,8 XM.sa,8 XM.sa,0,0.0,0.0,https://www.open-epg.com/files/saudiarabia3.xml,ZERO_FUTURE_EPG
openepg,saudiarabia3,A Plus.sa,A Plus.sa,0,0.0,0.0,https://www.open-epg.com/files/saudiarabia3.xml,ZERO_FUTURE_EPG
openepg,saudiarabia3,Aaj Entertainment.sa,Aaj Entertainment.sa,0,0.0,0.0,https://www.open-epg.com/files/saudiarabia3.xml,ZERO_FUTURE_EPG
openepg,saudiarabia3,Aaj News.sa,Aaj News.sa,0,0.0,0.0,https://www.open-epg.com/files/saudiarabia3.xml,ZERO_FUTURE_EPG
openepg,saudiarabia3,AAN TV.sa,AAN TV.sa,0,0.0,0.0,https://www.open-epg.com/files/saudiarabia3.xml,ZERO_FUTURE_EPG
openepg,saudiarabia3,Abb Takk News.sa,Abb Takk News.sa,0,0.0,0.0,https://www.open-epg.com/files/saudiarabia3.xml,ZERO_FUTURE_EPG
openepg,saudiarabia3,Abu Dhabi Sports 1 HD.sa,Abu Dhabi Sports 1 HD.sa,0,0.0,0.0,https://www.open-epg.com/files/saudiarabia3.xml,ZERO_FUTURE_EPG
openepg,saudiarabia3,Abu Dhabi Sports 2 HD.sa,Abu Dhabi Sports 2 HD.sa,0,0.0,0.0,https://www.open-epg.com/files/saudiarabia3.xml,ZERO_FUTURE_EPG
openepg,saudiarabia3,Abu Dhabi TV HD.sa,Abu Dhabi TV HD.sa,0,0.0,0.0,https://www.open-epg.com/files/saudiarabia3.xml,ZERO_FUTURE_EPG
openepg,saudiarabia3,Al Hurra HD.sa,Al Hurra HD.sa,0,0.0,0.0,https://www.open-epg.com/files/saudiarabia3.xml,ZERO_FUTURE_EPG
openepg,saudiarabia3,Al Resalah HD.sa,Al Resalah HD.sa,0,0.0,0.0,https://www.open-epg.com/files/saudiarabia3.xml,ZERO_FUTURE_EPG
openepg,saudiarabia3,ART Aflam 2.sa,ART Aflam 2.sa,0,0.0,0.0,https://www.open-epg.com/files/saudiarabia3.xml,ZERO_FUTURE_EPG
openepg,saudiarabia3,ART Aflam.sa,ART Aflam.sa,0,0.0,0.0,https://www.open-epg.com/files/saudiarabia3.xml,ZERO_FUTURE_EPG
openepg,saudiarabia3,ART Cinema.sa,ART Cinema.sa,0,0.0,0.0,https://www.open-epg.com/files/saudiarabia3.xml,ZERO_FUTURE_EPG
openepg,saudiarabia3,ART Hekayat 2.sa,ART Hekayat 2.sa,0,0.0,0.0,https://www.open-epg.com/files/saudiarabia3.xml,ZERO_FUTURE_EPG
openepg,saudiarabia3,ART Hekayat.sa,ART Hekayat.sa,0,0.0,0.0,https://www.open-epg.com/files/saudiarabia3.xml,ZERO_FUTURE_EPG
openepg,saudiarabia3,ARY Digital.sa,ARY Digital.sa,0,0.0,0.0,https://www.open-epg.com/files/saudiarabia3.xml,ZERO_FUTURE_EPG
openepg,saudiarabia3,ARY News Live.sa,ARY News Live.sa,0,0.0,0.0,https://www.open-epg.com/files/saudiarabia3.xml,ZERO_FUTURE_EPG
openepg,saudiarabia3,ARY Zindagae.sa,ARY Zindagae.sa,0,0.0,0.0,https://www.open-epg.com/files/saudiarabia3.xml,ZERO_FUTURE_EPG
openepg,saudiarabia3,Bol Entertainment.sa,Bol Entertainment.sa,0,0.0,0.0,https://www.open-epg.com/files/saudiarabia3.xml,ZERO_FUTURE_EPG
openepg,saudiarabia3,Bol News.sa,Bol News.sa,0,0.0,0.0,https://www.open-epg.com/files/saudiarabia3.xml,ZERO_FUTURE_EPG
openepg,saudiarabia3,Boomerang HD.sa,Boomerang HD.sa,0,0.0,0.0,https://www.open-epg.com/files/saudiarabia3.xml,ZERO_FUTURE_EPG
openepg,saudiarabia3,City 21.sa,City 21.sa,0,0.0,0.0,https://www.open-epg.com/files/saudiarabia3.xml,ZERO_FUTURE_EPG
openepg,saudiarabia3,City 42.sa,City 42.sa,0,0.0,0.0,https://www.open-epg.com/files/saudiarabia3.xml,ZERO_FUTURE_EPG
openepg,saudiarabia3,Dawn News.sa,Dawn News.sa,0,0.0,0.0,https://www.open-epg.com/files/saudiarabia3.xml,ZERO_FUTURE_EPG
openepg,saudiarabia3,Discover Pakistan.sa,Discover Pakistan.sa,0,0.0,0.0,https://www.open-epg.com/files/saudiarabia3.xml,ZERO_FUTURE_EPG
openepg,saudiarabia3,Dunya News.sa,Dunya News.sa,0,0.0,0.0,https://www.open-epg.com/files/saudiarabia3.xml,ZERO_FUTURE_EPG
openepg,saudiarabia3,Express Entertainment.sa,Express Entertainment.sa,0,0.0,0.0,https://www.open-epg.com/files/saudiarabia3.xml,ZERO_FUTURE_EPG
openepg,saudiarabia3,Express News.sa,Express News.sa,0,0.0,0.0,https://www.open-epg.com/files/saudiarabia3.xml,ZERO_FUTURE_EPG
openepg,saudiarabia3,Film World.sa,Film World.sa,0,0.0,0.0,https://www.open-epg.com/files/saudiarabia3.xml,ZERO_FUTURE_EPG
openepg,saudiarabia3,FILMAX.sa,FILMAX.sa,0,0.0,0.0,https://www.open-epg.com/files/saudiarabia3.xml,ZERO_FUTURE_EPG
openepg,saudiarabia3,Geo Entertainment.sa,Geo Entertainment.sa,0,0.0,0.0,https://www.open-epg.com/files/saudiarabia3.xml,ZERO_FUTURE_EPG
openepg,saudiarabia3,Geo Kahani.sa,Geo Kahani.sa,0,0.0,0.0,https://www.open-epg.com/files/saudiarabia3.xml,ZERO_FUTURE_EPG
openepg,saudiarabia3,Geo News Live.sa,Geo News Live.sa,0,0.0,0.0,https://www.open-epg.com/files/saudiarabia3.xml,ZERO_FUTURE_EPG
openepg,saudiarabia3,Geo Taiz.sa,Geo Taiz.sa,0,0.0,0.0,https://www.open-epg.com/files/saudiarabia3.xml,ZERO_FUTURE_EPG
openepg,saudiarabia3,GNN.sa,GNN.sa,0,0.0,0.0,https://www.open-epg.com/files/saudiarabia3.xml,ZERO_FUTURE_EPG
openepg,saudiarabia3,Hum News.sa,Hum News.sa,0,0.0,0.0,https://www.open-epg.com/files/saudiarabia3.xml,ZERO_FUTURE_EPG
openepg,saudiarabia3,Hum Sitaray.sa,Hum Sitaray.sa,0,0.0,0.0,https://www.open-epg.com/files/saudiarabia3.xml,ZERO_FUTURE_EPG
openepg,saudiarabia3,HUM TV.sa,HUM TV.sa,0,0.0,0.0,https://www.open-epg.com/files/saudiarabia3.xml,ZERO_FUTURE_EPG
openepg,saudiarabia3,Iqraa.sa,Iqraa.sa,0,0.0,0.0,https://www.open-epg.com/files/saudiarabia3.xml,ZERO_FUTURE_EPG
openepg,saudiarabia3,Kids Zone+.sa,Kids Zone+.sa,0,0.0,0.0,https://www.open-epg.com/files/saudiarabia3.xml,ZERO_FUTURE_EPG
openepg,saudiarabia3,Lahore News HD.sa,Lahore News HD.sa,0,0.0,0.0,https://www.open-epg.com/files/saudiarabia3.xml,ZERO_FUTURE_EPG
openepg,saudiarabia3,LTN Family.sa,LTN Family.sa,0,0.0,0.0,https://www.open-epg.com/files/saudiarabia3.xml,ZERO_FUTURE_EPG
openepg,saudiarabia3,M Plus HD.sa,M Plus HD.sa,0,0.0,0.0,https://www.open-epg.com/files/saudiarabia3.xml,ZERO_FUTURE_EPG
openepg,saudiarabia3,MBC Maser 2.sa,MBC Maser 2.sa,0,0.0,0.0,https://www.open-epg.com/files/saudiarabia3.xml,ZERO_FUTURE_EPG
openepg,saudiarabia3,MBC Plus Drama HD.sa,MBC Plus Drama HD.sa,0,0.0,0.0,https://www.open-epg.com/files/saudiarabia3.xml,ZERO_FUTURE_EPG
openepg,saudiarabia3,Minimax.sa,Minimax.sa,0,0.0,0.0,https://www.open-epg.com/files/saudiarabia3.xml,ZERO_FUTURE_EPG
openepg,saudiarabia3,Neo TV.sa,Neo TV.sa,0,0.0,0.0,https://www.open-epg.com/files/saudiarabia3.xml,ZERO_FUTURE_EPG
openepg,saudiarabia3,News One.sa,News One.sa,0,0.0,0.0,https://www.open-epg.com/files/saudiarabia3.xml,ZERO_FUTURE_EPG
openepg,saudiarabia3,Paigham TV.sa,Paigham TV.sa,0,0.0,0.0,https://www.open-epg.com/files/saudiarabia3.xml,ZERO_FUTURE_EPG
openepg,saudiarabia3,Planet Fun.sa,Planet Fun.sa,0,0.0,0.0,https://www.open-epg.com/files/saudiarabia3.xml,ZERO_FUTURE_EPG
openepg,saudiarabia3,PTV Home Entertainment.sa,PTV Home Entertainment.sa,0,0.0,0.0,https://www.open-epg.com/files/saudiarabia3.xml,ZERO_FUTURE_EPG
openepg,saudiarabia3,QTV.sa,QTV.sa,0,0.0,0.0,https://www.open-epg.com/files/saudiarabia3.xml,ZERO_FUTURE_EPG
openepg,saudiarabia3,Rotana + HD.sa,Rotana + HD.sa,0,0.0,0.0,https://www.open-epg.com/files/saudiarabia3.xml,ZERO_FUTURE_EPG
openepg,saudiarabia3,Rotana Cinema HD.sa,Rotana Cinema HD.sa,0,0.0,0.0,https://www.open-epg.com/files/saudiarabia3.xml,ZERO_FUTURE_EPG
openepg,saudiarabia3,Rotana Classic HD.sa,Rotana Classic HD.sa,0,0.0,0.0,https://www.open-epg.com/files/saudiarabia3.xml,ZERO_FUTURE_EPG
openepg,saudiarabia3,Rotana Clip.sa,Rotana Clip.sa,0,0.0,0.0,https://www.open-epg.com/files/saudiarabia3.xml,ZERO_FUTURE_EPG
openepg,saudiarabia3,Rotana Comedy HD.sa,Rotana Comedy HD.sa,0,0.0,0.0,https://www.open-epg.com/files/saudiarabia3.xml,ZERO_FUTURE_EPG
openepg,saudiarabia3,Rotana Drama.sa,Rotana Drama.sa,0,0.0,0.0,https://www.open-epg.com/files/saudiarabia3.xml,ZERO_FUTURE_EPG
openepg,saudiarabia3,Rotana Khaleejiah HD.sa,Rotana Khaleejiah HD.sa,0,0.0,0.0,https://www.open-epg.com/files/saudiarabia3.xml,ZERO_FUTURE_EPG
openepg,saudiarabia3,Rotana Mousica HD.sa,Rotana Mousica HD.sa,0,0.0,0.0,https://www.open-epg.com/files/saudiarabia3.xml,ZERO_FUTURE_EPG
openepg,saudiarabia3,Urdu 1.sa,Urdu 1.sa,0,0.0,0.0,https://www.open-epg.com/files/saudiarabia3.xml,ZERO_FUTURE_EPG
openepg,saudiarabia3,كيدز بوب آب.sa,كيدز بوب آب.sa,0,0.0,0.0,https://www.open-epg.com/files/saudiarabia3.xml,ZERO_FUTURE_EPG
openepg,saudiarabia4,24 Channel.sa,24 Channel.sa,0,0.0,0.0,https://www.open-epg.com/files/saudiarabia4.xml,ZERO_FUTURE_EPG
openepg,saudiarabia4,8 XM.sa,8 XM.sa,0,0.0,0.0,https://www.open-epg.com/files/saudiarabia4.xml,ZERO_FUTURE_EPG
openepg,saudiarabia4,A Plus.sa,A Plus.sa,0,0.0,0.0,https://www.open-epg.com/files/saudiarabia4.xml,ZERO_FUTURE_EPG
openepg,saudiarabia4,Aaj Entertainment.sa,Aaj Entertainment.sa,0,0.0,0.0,https://www.open-epg.com/files/saudiarabia4.xml,ZERO_FUTURE_EPG
openepg,saudiarabia4,Aaj News.sa,Aaj News.sa,0,0.0,0.0,https://www.open-epg.com/files/saudiarabia4.xml,ZERO_FUTURE_EPG
openepg,saudiarabia4,AAN TV.sa,AAN TV.sa,0,0.0,0.0,https://www.open-epg.com/files/saudiarabia4.xml,ZERO_FUTURE_EPG
openepg,saudiarabia4,Abb Takk News.sa,Abb Takk News.sa,0,0.0,0.0,https://www.open-epg.com/files/saudiarabia4.xml,ZERO_FUTURE_EPG
openepg,saudiarabia4,Abu Dhabi Sports 1 HD.sa,Abu Dhabi Sports 1 HD.sa,0,0.0,0.0,https://www.open-epg.com/files/saudiarabia4.xml,ZERO_FUTURE_EPG
openepg,saudiarabia4,Abu Dhabi Sports 2 HD.sa,Abu Dhabi Sports 2 HD.sa,0,0.0,0.0,https://www.open-epg.com/files/saudiarabia4.xml,ZERO_FUTURE_EPG
openepg,saudiarabia4,Abu Dhabi TV HD.sa,Abu Dhabi TV HD.sa,0,0.0,0.0,https://www.open-epg.com/files/saudiarabia4.xml,ZERO_FUTURE_EPG
openepg,saudiarabia4,Al Hurra HD.sa,Al Hurra HD.sa,0,0.0,0.0,https://www.open-epg.com/files/saudiarabia4.xml,ZERO_FUTURE_EPG
openepg,saudiarabia4,Al Resalah HD.sa,Al Resalah HD.sa,0,0.0,0.0,https://www.open-epg.com/files/saudiarabia4.xml,ZERO_FUTURE_EPG
openepg,saudiarabia4,ART Aflam 2.sa,ART Aflam 2.sa,0,0.0,0.0,https://www.open-epg.com/files/saudiarabia4.xml,ZERO_FUTURE_EPG
openepg,saudiarabia4,ART Aflam.sa,ART Aflam.sa,0,0.0,0.0,https://www.open-epg.com/files/saudiarabia4.xml,ZERO_FUTURE_EPG
openepg,saudiarabia4,ART Cinema.sa,ART Cinema.sa,0,0.0,0.0,https://www.open-epg.com/files/saudiarabia4.xml,ZERO_FUTURE_EPG
openepg,saudiarabia4,ART Hekayat 2.sa,ART Hekayat 2.sa,0,0.0,0.0,https://www.open-epg.com/files/saudiarabia4.xml,ZERO_FUTURE_EPG
openepg,saudiarabia4,ART Hekayat.sa,ART Hekayat.sa,0,0.0,0.0,https://www.open-epg.com/files/saudiarabia4.xml,ZERO_FUTURE_EPG
openepg,saudiarabia4,ARY Digital.sa,ARY Digital.sa,0,0.0,0.0,https://www.open-epg.com/files/saudiarabia4.xml,ZERO_FUTURE_EPG
openepg,saudiarabia4,ARY News Live.sa,ARY News Live.sa,0,0.0,0.0,https://www.open-epg.com/files/saudiarabia4.xml,ZERO_FUTURE_EPG
openepg,saudiarabia4,ARY Zindagae.sa,ARY Zindagae.sa,0,0.0,0.0,https://www.open-epg.com/files/saudiarabia4.xml,ZERO_FUTURE_EPG
openepg,saudiarabia4,Bol Entertainment.sa,Bol Entertainment.sa,0,0.0,0.0,https://www.open-epg.com/files/saudiarabia4.xml,ZERO_FUTURE_EPG
openepg,saudiarabia4,Bol News.sa,Bol News.sa,0,0.0,0.0,https://www.open-epg.com/files/saudiarabia4.xml,ZERO_FUTURE_EPG
openepg,saudiarabia4,Boomerang HD.sa,Boomerang HD.sa,0,0.0,0.0,https://www.open-epg.com/files/saudiarabia4.xml,ZERO_FUTURE_EPG
openepg,saudiarabia4,City 21.sa,City 21.sa,0,0.0,0.0,https://www.open-epg.com/files/saudiarabia4.xml,ZERO_FUTURE_EPG
openepg,saudiarabia4,City 42.sa,City 42.sa,0,0.0,0.0,https://www.open-epg.com/files/saudiarabia4.xml,ZERO_FUTURE_EPG
openepg,saudiarabia4,Dawn News.sa,Dawn News.sa,0,0.0,0.0,https://www.open-epg.com/files/saudiarabia4.xml,ZERO_FUTURE_EPG
openepg,saudiarabia4,Discover Pakistan.sa,Discover Pakistan.sa,0,0.0,0.0,https://www.open-epg.com/files/saudiarabia4.xml,ZERO_FUTURE_EPG
openepg,saudiarabia4,Dunya News.sa,Dunya News.sa,0,0.0,0.0,https://www.open-epg.com/files/saudiarabia4.xml,ZERO_FUTURE_EPG
openepg,saudiarabia4,Express Entertainment.sa,Express Entertainment.sa,0,0.0,0.0,https://www.open-epg.com/files/saudiarabia4.xml,ZERO_FUTURE_EPG
openepg,saudiarabia4,Express News.sa,Express News.sa,0,0.0,0.0,https://www.open-epg.com/files/saudiarabia4.xml,ZERO_FUTURE_EPG
openepg,saudiarabia4,Film World.sa,Film World.sa,0,0.0,0.0,https://www.open-epg.com/files/saudiarabia4.xml,ZERO_FUTURE_EPG
openepg,saudiarabia4,FILMAX.sa,FILMAX.sa,0,0.0,0.0,https://www.open-epg.com/files/saudiarabia4.xml,ZERO_FUTURE_EPG
openepg,saudiarabia4,Geo Entertainment.sa,Geo Entertainment.sa,0,0.0,0.0,https://www.open-epg.com/files/saudiarabia4.xml,ZERO_FUTURE_EPG
openepg,saudiarabia4,Geo Kahani.sa,Geo Kahani.sa,0,0.0,0.0,https://www.open-epg.com/files/saudiarabia4.xml,ZERO_FUTURE_EPG
openepg,saudiarabia4,Geo News Live.sa,Geo News Live.sa,0,0.0,0.0,https://www.open-epg.com/files/saudiarabia4.xml,ZERO_FUTURE_EPG
openepg,saudiarabia4,Geo Taiz.sa,Geo Taiz.sa,0,0.0,0.0,https://www.open-epg.com/files/saudiarabia4.xml,ZERO_FUTURE_EPG
openepg,saudiarabia4,GNN.sa,GNN.sa,0,0.0,0.0,https://www.open-epg.com/files/saudiarabia4.xml,ZERO_FUTURE_EPG
openepg,saudiarabia4,Hum News.sa,Hum News.sa,0,0.0,0.0,https://www.open-epg.com/files/saudiarabia4.xml,ZERO_FUTURE_EPG
openepg,saudiarabia4,Hum Sitaray.sa,Hum Sitaray.sa,0,0.0,0.0,https://www.open-epg.com/files/saudiarabia4.xml,ZERO_FUTURE_EPG
openepg,saudiarabia4,HUM TV.sa,HUM TV.sa,0,0.0,0.0,https://www.open-epg.com/files/saudiarabia4.xml,ZERO_FUTURE_EPG
openepg,saudiarabia4,Iqraa.sa,Iqraa.sa,0,0.0,0.0,https://www.open-epg.com/files/saudiarabia4.xml,ZERO_FUTURE_EPG
openepg,saudiarabia4,Kids Zone+.sa,Kids Zone+.sa,0,0.0,0.0,https://www.open-epg.com/files/saudiarabia4.xml,ZERO_FUTURE_EPG
openepg,saudiarabia4,Lahore News HD.sa,Lahore News HD.sa,0,0.0,0.0,https://www.open-epg.com/files/saudiarabia4.xml,ZERO_FUTURE_EPG
openepg,saudiarabia4,LTN Family.sa,LTN Family.sa,0,0.0,0.0,https://www.open-epg.com/files/saudiarabia4.xml,ZERO_FUTURE_EPG
openepg,saudiarabia4,M Plus HD.sa,M Plus HD.sa,0,0.0,0.0,https://www.open-epg.com/files/saudiarabia4.xml,ZERO_FUTURE_EPG
openepg,saudiarabia4,MBC Maser 2.sa,MBC Maser 2.sa,0,0.0,0.0,https://www.open-epg.com/files/saudiarabia4.xml,ZERO_FUTURE_EPG
openepg,saudiarabia4,MBC Plus Drama HD.sa,MBC Plus Drama HD.sa,0,0.0,0.0,https://www.open-epg.com/files/saudiarabia4.xml,ZERO_FUTURE_EPG
openepg,saudiarabia4,Minimax.sa,Minimax.sa,0,0.0,0.0,https://www.open-epg.com/files/saudiarabia4.xml,ZERO_FUTURE_EPG
openepg,saudiarabia4,Neo TV.sa,Neo TV.sa,0,0.0,0.0,https://www.open-epg.com/files/saudiarabia4.xml,ZERO_FUTURE_EPG
openepg,saudiarabia4,News One.sa,News One.sa,0,0.0,0.0,https://www.open-epg.com/files/saudiarabia4.xml,ZERO_FUTURE_EPG
openepg,saudiarabia4,Paigham TV.sa,Paigham TV.sa,0,0.0,0.0,https://www.open-epg.com/files/saudiarabia4.xml,ZERO_FUTURE_EPG
openepg,saudiarabia4,Planet Fun.sa,Planet Fun.sa,0,0.0,0.0,https://www.open-epg.com/files/saudiarabia4.xml,ZERO_FUTURE_EPG
openepg,saudiarabia4,PTV Home Entertainment.sa,PTV Home Entertainment.sa,0,0.0,0.0,https://www.open-epg.com/files/saudiarabia4.xml,ZERO_FUTURE_EPG
openepg,saudiarabia4,QTV.sa,QTV.sa,0,0.0,0.0,https://www.open-epg.com/files/saudiarabia4.xml,ZERO_FUTURE_EPG
openepg,saudiarabia4,Rotana + HD.sa,Rotana + HD.sa,0,0.0,0.0,https://www.open-epg.com/files/saudiarabia4.xml,ZERO_FUTURE_EPG
openepg,saudiarabia4,Rotana Cinema HD.sa,Rotana Cinema HD.sa,0,0.0,0.0,https://www.open-epg.com/files/saudiarabia4.xml,ZERO_FUTURE_EPG
openepg,saudiarabia4,Rotana Classic HD.sa,Rotana Classic HD.sa,0,0.0,0.0,https://www.open-epg.com/files/saudiarabia4.xml,ZERO_FUTURE_EPG
openepg,saudiarabia4,Rotana Clip.sa,Rotana Clip.sa,0,0.0,0.0,https://www.open-epg.com/files/saudiarabia4.xml,ZERO_FUTURE_EPG
openepg,saudiarabia4,Rotana Comedy HD.sa,Rotana Comedy HD.sa,0,0.0,0.0,https://www.open-epg.com/files/saudiarabia4.xml,ZERO_FUTURE_EPG
openepg,saudiarabia4,Rotana Drama.sa,Rotana Drama.sa,0,0.0,0.0,https://www.open-epg.com/files/saudiarabia4.xml,ZERO_FUTURE_EPG
openepg,saudiarabia4,Rotana Khaleejiah HD.sa,Rotana Khaleejiah HD.sa,0,0.0,0.0,https://www.open-epg.com/files/saudiarabia4.xml,ZERO_FUTURE_EPG
openepg,saudiarabia4,Rotana Mousica HD.sa,Rotana Mousica HD.sa,0,0.0,0.0,https://www.open-epg.com/files/saudiarabia4.xml,ZERO_FUTURE_EPG
openepg,saudiarabia4,Urdu 1.sa,Urdu 1.sa,0,0.0,0.0,https://www.open-epg.com/files/saudiarabia4.xml,ZERO_FUTURE_EPG
openepg,saudiarabia4,كيدز بوب آب.sa,كيدز بوب آب.sa,0,0.0,0.0,https://www.open-epg.com/files/saudiarabia4.xml,ZERO_FUTURE_EPG
openepg,saudiarabia5,2M Monde.sa,2M Monde.sa,0,0.0,0.0,https://www.open-epg.com/files/saudiarabia5.xml,ZERO_FUTURE_EPG
openepg,saudiarabia5,AD Sports 2 HD.sa,AD Sports 2 HD.sa,0,0.0,0.0,https://www.open-epg.com/files/saudiarabia5.xml,ZERO_FUTURE_EPG
openepg,saudiarabia5,Ajman TV.sa,Ajman TV.sa,0,0.0,0.0,https://www.open-epg.com/files/saudiarabia5.xml,ZERO_FUTURE_EPG
openepg,saudiarabia5,Al Adalah TV.sa,Al Adalah TV.sa,0,0.0,0.0,https://www.open-epg.com/files/saudiarabia5.xml,ZERO_FUTURE_EPG
openepg,saudiarabia5,Al Akhbar.sa,Al Akhbar.sa,0,0.0,0.0,https://www.open-epg.com/files/saudiarabia5.xml,ZERO_FUTURE_EPG
openepg,saudiarabia5,Al Anwar TV.sa,Al Anwar TV.sa,0,0.0,0.0,https://www.open-epg.com/files/saudiarabia5.xml,ZERO_FUTURE_EPG
openepg,saudiarabia5,Al Aoula Inter.sa,Al Aoula Inter.sa,0,0.0,0.0,https://www.open-epg.com/files/saudiarabia5.xml,ZERO_FUTURE_EPG
openepg,saudiarabia5,Al Araby 2.sa,Al Araby 2.sa,0,0.0,0.0,https://www.open-epg.com/files/saudiarabia5.xml,ZERO_FUTURE_EPG
openepg,saudiarabia5,Al Awhad TV.sa,Al Awhad TV.sa,0,0.0,0.0,https://www.open-epg.com/files/saudiarabia5.xml,ZERO_FUTURE_EPG
openepg,saudiarabia5,Al Dafrah HD.sa,Al Dafrah HD.sa,0,0.0,0.0,https://www.open-epg.com/files/saudiarabia5.xml,ZERO_FUTURE_EPG
openepg,saudiarabia5,Al Ekhbaria HD.sa,Al Ekhbaria HD.sa,0,0.0,0.0,https://www.open-epg.com/files/saudiarabia5.xml,ZERO_FUTURE_EPG
openepg,saudiarabia5,Al Emarat TV HD.sa,Al Emarat TV HD.sa,0,0.0,0.0,https://www.open-epg.com/files/saudiarabia5.xml,ZERO_FUTURE_EPG
openepg,saudiarabia5,Al Fateh.sa,Al Fateh.sa,0,0.0,0.0,https://www.open-epg.com/files/saudiarabia5.xml,ZERO_FUTURE_EPG
openepg,saudiarabia5,Al Ghad TV.sa,Al Ghad TV.sa,0,0.0,0.0,https://www.open-epg.com/files/saudiarabia5.xml,ZERO_FUTURE_EPG
openepg,saudiarabia5,Al Hurra Iraq HD.sa,Al Hurra Iraq HD.sa,0,0.0,0.0,https://www.open-epg.com/files/saudiarabia5.xml,ZERO_FUTURE_EPG
openepg,saudiarabia5,Al Iraqia (El Ekhbariya).sa,Al Iraqia (El Ekhbariya).sa,0,0.0,0.0,https://www.open-epg.com/files/saudiarabia5.xml,ZERO_FUTURE_EPG
openepg,saudiarabia5,Al Kahera wa Al Nas.sa,Al Kahera wa Al Nas.sa,0,0.0,0.0,https://www.open-epg.com/files/saudiarabia5.xml,ZERO_FUTURE_EPG
openepg,saudiarabia5,Al Maaly TV.sa,Al Maaly TV.sa,0,0.0,0.0,https://www.open-epg.com/files/saudiarabia5.xml,ZERO_FUTURE_EPG
openepg,saudiarabia5,Al Mahdi.sa,Al Mahdi.sa,0,0.0,0.0,https://www.open-epg.com/files/saudiarabia5.xml,ZERO_FUTURE_EPG
openepg,saudiarabia5,Al Majd TV.sa,Al Majd TV.sa,0,0.0,0.0,https://www.open-epg.com/files/saudiarabia5.xml,ZERO_FUTURE_EPG
openepg,saudiarabia5,Al Mashhad.sa,Al Mashhad.sa,0,0.0,0.0,https://www.open-epg.com/files/saudiarabia5.xml,ZERO_FUTURE_EPG
openepg,saudiarabia5,Al Mergab TV.sa,Al Mergab TV.sa,0,0.0,0.0,https://www.open-epg.com/files/saudiarabia5.xml,ZERO_FUTURE_EPG
openepg,saudiarabia5,AL Nahar Drama.sa,AL Nahar Drama.sa,0,0.0,0.0,https://www.open-epg.com/files/saudiarabia5.xml,ZERO_FUTURE_EPG
openepg,saudiarabia5,Al Nahar.sa,Al Nahar.sa,0,0.0,0.0,https://www.open-epg.com/files/saudiarabia5.xml,ZERO_FUTURE_EPG
openepg,saudiarabia5,Al Nile.sa,Al Nile.sa,0,0.0,0.0,https://www.open-epg.com/files/saudiarabia5.xml,ZERO_FUTURE_EPG
openepg,saudiarabia5,Al Oula HD.sa,Al Oula HD.sa,0,0.0,0.0,https://www.open-epg.com/files/saudiarabia5.xml,ZERO_FUTURE_EPG
openepg,saudiarabia5,Al Quran Al Kareem TV HD.sa,Al Quran Al Kareem TV HD.sa,0,0.0,0.0,https://www.open-epg.com/files/saudiarabia5.xml,ZERO_FUTURE_EPG
openepg,saudiarabia5,Al Rai.sa,Al Rai.sa,0,0.0,0.0,https://www.open-epg.com/files/saudiarabia5.xml,ZERO_FUTURE_EPG
openepg,saudiarabia5,Al Resalah.sa,Al Resalah.sa,0,0.0,0.0,https://www.open-epg.com/files/saudiarabia5.xml,ZERO_FUTURE_EPG
openepg,saudiarabia5,Al Saeeda.sa,Al Saeeda.sa,0,0.0,0.0,https://www.open-epg.com/files/saudiarabia5.xml,ZERO_FUTURE_EPG
openepg,saudiarabia5,Al Saudiah Now.sa,Al Saudiah Now.sa,0,0.0,0.0,https://www.open-epg.com/files/saudiarabia5.xml,ZERO_FUTURE_EPG
openepg,saudiarabia5,Al Sharqiya HD.sa,Al Sharqiya HD.sa,0,0.0,0.0,https://www.open-epg.com/files/saudiarabia5.xml,ZERO_FUTURE_EPG
openepg,saudiarabia5,Al Sharqiya News.sa,Al Sharqiya News.sa,0,0.0,0.0,https://www.open-epg.com/files/saudiarabia5.xml,ZERO_FUTURE_EPG
openepg,saudiarabia5,Al Sunnah Al Nabawiyah TV HD.sa,Al Sunnah Al Nabawiyah TV HD.sa,0,0.0,0.0,https://www.open-epg.com/files/saudiarabia5.xml,ZERO_FUTURE_EPG
openepg,saudiarabia5,Al Watania 1.sa,Al Watania 1.sa,0,0.0,0.0,https://www.open-epg.com/files/saudiarabia5.xml,ZERO_FUTURE_EPG
openepg,saudiarabia5,Al Wathaeqya.sa,Al Wathaeqya.sa,0,0.0,0.0,https://www.open-epg.com/files/saudiarabia5.xml,ZERO_FUTURE_EPG
openepg,saudiarabia5,Al Wousta from Al Dhaid HD.sa,Al Wousta from Al Dhaid HD.sa,0,0.0,0.0,https://www.open-epg.com/files/saudiarabia5.xml,ZERO_FUTURE_EPG
openepg,saudiarabia5,Alfa Khalija't Radio.sa,Alfa Khalija't Radio.sa,0,0.0,0.0,https://www.open-epg.com/files/saudiarabia5.xml,ZERO_FUTURE_EPG
openepg,saudiarabia5,Alfa Monawaat Radio.sa,Alfa Monawaat Radio.sa,0,0.0,0.0,https://www.open-epg.com/files/saudiarabia5.xml,ZERO_FUTURE_EPG
openepg,saudiarabia5,Alfa Tarabiyat Radio.sa,Alfa Tarabiyat Radio.sa,0,0.0,0.0,https://www.open-epg.com/files/saudiarabia5.xml,ZERO_FUTURE_EPG
openepg,saudiarabia5,Alhayat Mosalsalat.sa,Alhayat Mosalsalat.sa,0,0.0,0.0,https://www.open-epg.com/files/saudiarabia5.xml,ZERO_FUTURE_EPG
openepg,saudiarabia5,AlHayat.sa,AlHayat.sa,0,0.0,0.0,https://www.open-epg.com/files/saudiarabia5.xml,ZERO_FUTURE_EPG
openepg,saudiarabia5,Aliman.sa,Aliman.sa,0,0.0,0.0,https://www.open-epg.com/files/saudiarabia5.xml,ZERO_FUTURE_EPG
openepg,saudiarabia5,Almajd Holy Quran.sa,Almajd Holy Quran.sa,0,0.0,0.0,https://www.open-epg.com/files/saudiarabia5.xml,ZERO_FUTURE_EPG
openepg,saudiarabia5,AlMamlaka TV.sa,AlMamlaka TV.sa,0,0.0,0.0,https://www.open-epg.com/files/saudiarabia5.xml,ZERO_FUTURE_EPG
openepg,saudiarabia5,Altaghier.sa,Altaghier.sa,0,0.0,0.0,https://www.open-epg.com/files/saudiarabia5.xml,ZERO_FUTURE_EPG
openepg,saudiarabia5,Althanya.sa,Althanya.sa,0,0.0,0.0,https://www.open-epg.com/files/saudiarabia5.xml,ZERO_FUTURE_EPG
openepg,saudiarabia5,Amman TV.sa,Amman TV.sa,0,0.0,0.0,https://www.open-epg.com/files/saudiarabia5.xml,ZERO_FUTURE_EPG
openepg,saudiarabia5,ANC.sa,ANC.sa,0,0.0,0.0,https://www.open-epg.com/files/saudiarabia5.xml,ZERO_FUTURE_EPG
openepg,saudiarabia5,Arirang TV.sa,Arirang TV.sa,0,0.0,0.0,https://www.open-epg.com/files/saudiarabia5.xml,ZERO_FUTURE_EPG
openepg,saudiarabia5,Asharq News.sa,Asharq News.sa,0,0.0,0.0,https://www.open-epg.com/files/saudiarabia5.xml,ZERO_FUTURE_EPG
openepg,saudiarabia5,B4U Aflam.sa,B4U Aflam.sa,0,0.0,0.0,https://www.open-epg.com/files/saudiarabia5.xml,ZERO_FUTURE_EPG
openepg,saudiarabia5,B4U Plus.sa,B4U Plus.sa,0,0.0,0.0,https://www.open-epg.com/files/saudiarabia5.xml,ZERO_FUTURE_EPG
openepg,saudiarabia5,BBC Arabic.sa,BBC Arabic.sa,0,0.0,0.0,https://www.open-epg.com/files/saudiarabia5.xml,ZERO_FUTURE_EPG
openepg,saudiarabia5,beIN SPORTS HD.sa,beIN SPORTS HD.sa,0,0.0,0.0,https://www.open-epg.com/files/saudiarabia5.xml,ZERO_FUTURE_EPG
openepg,saudiarabia5,beIN SPORTS NEWS.sa,beIN SPORTS NEWS.sa,0,0.0,0.0,https://www.open-epg.com/files/saudiarabia5.xml,ZERO_FUTURE_EPG
openepg,saudiarabia5,CBC Drama.sa,CBC Drama.sa,0,0.0,0.0,https://www.open-epg.com/files/saudiarabia5.xml,ZERO_FUTURE_EPG
openepg,saudiarabia5,CBC Extra News.sa,CBC Extra News.sa,0,0.0,0.0,https://www.open-epg.com/files/saudiarabia5.xml,ZERO_FUTURE_EPG
openepg,saudiarabia5,CBC Sofra.sa,CBC Sofra.sa,0,0.0,0.0,https://www.open-epg.com/files/saudiarabia5.xml,ZERO_FUTURE_EPG
openepg,saudiarabia5,CBC.sa,CBC.sa,0,0.0,0.0,https://www.open-epg.com/files/saudiarabia5.xml,ZERO_FUTURE_EPG
openepg,saudiarabia5,CGTN Arabic.sa,CGTN Arabic.sa,0,0.0,0.0,https://www.open-epg.com/files/saudiarabia5.xml,ZERO_FUTURE_EPG
openepg,saudiarabia5,CGTN.sa,CGTN.sa,0,0.0,0.0,https://www.open-epg.com/files/saudiarabia5.xml,ZERO_FUTURE_EPG
openepg,saudiarabia5,Cinema One Global.sa,Cinema One Global.sa,0,0.0,0.0,https://www.open-epg.com/files/saudiarabia5.xml,ZERO_FUTURE_EPG
openepg,saudiarabia5,CineMo.sa,CineMo.sa,0,0.0,0.0,https://www.open-epg.com/files/saudiarabia5.xml,ZERO_FUTURE_EPG
openepg,saudiarabia5,CNBC Arabia.sa,CNBC Arabia.sa,0,0.0,0.0,https://www.open-epg.com/files/saudiarabia5.xml,ZERO_FUTURE_EPG
openepg,saudiarabia5,DMC Drama.sa,DMC Drama.sa,0,0.0,0.0,https://www.open-epg.com/files/saudiarabia5.xml,ZERO_FUTURE_EPG
openepg,saudiarabia5,DMC HD.sa,DMC HD.sa,0,0.0,0.0,https://www.open-epg.com/files/saudiarabia5.xml,ZERO_FUTURE_EPG
openepg,saudiarabia5,Dubai One HD.sa,Dubai One HD.sa,0,0.0,0.0,https://www.open-epg.com/files/saudiarabia5.xml,ZERO_FUTURE_EPG
openepg,saudiarabia5,Dubai Racing 1 HD.sa,Dubai Racing 1 HD.sa,0,0.0,0.0,https://www.open-epg.com/files/saudiarabia5.xml,ZERO_FUTURE_EPG
openepg,saudiarabia5,Dubai Racing 2 HD.sa,Dubai Racing 2 HD.sa,0,0.0,0.0,https://www.open-epg.com/files/saudiarabia5.xml,ZERO_FUTURE_EPG
openepg,saudiarabia5,Dubai Sports 1 HD.sa,Dubai Sports 1 HD.sa,0,0.0,0.0,https://www.open-epg.com/files/saudiarabia5.xml,ZERO_FUTURE_EPG
openepg,saudiarabia5,Dubai Sports 2 HD.sa,Dubai Sports 2 HD.sa,0,0.0,0.0,https://www.open-epg.com/files/saudiarabia5.xml,ZERO_FUTURE_EPG
openepg,saudiarabia5,DZMM TeleRadyo.sa,DZMM TeleRadyo.sa,0,0.0,0.0,https://www.open-epg.com/files/saudiarabia5.xml,ZERO_FUTURE_EPG
openepg,saudiarabia5,Egypt Channel 1.sa,Egypt Channel 1.sa,0,0.0,0.0,https://www.open-epg.com/files/saudiarabia5.xml,ZERO_FUTURE_EPG
openepg,saudiarabia5,El Mehwar Channel.sa,El Mehwar Channel.sa,0,0.0,0.0,https://www.open-epg.com/files/saudiarabia5.xml,ZERO_FUTURE_EPG
openepg,saudiarabia5,Ennahar TV.sa,Ennahar TV.sa,0,0.0,0.0,https://www.open-epg.com/files/saudiarabia5.xml,ZERO_FUTURE_EPG
openepg,saudiarabia5,France 24 Arabic.sa,France 24 Arabic.sa,0,0.0,0.0,https://www.open-epg.com/files/saudiarabia5.xml,ZERO_FUTURE_EPG
openepg,saudiarabia5,France 24 Eng.sa,France 24 Eng.sa,0,0.0,0.0,https://www.open-epg.com/files/saudiarabia5.xml,ZERO_FUTURE_EPG
openepg,saudiarabia5,Free TV.sa,Free TV.sa,0,0.0,0.0,https://www.open-epg.com/files/saudiarabia5.xml,ZERO_FUTURE_EPG
openepg,saudiarabia5,Fujairah TV HD.sa,Fujairah TV HD.sa,0,0.0,0.0,https://www.open-epg.com/files/saudiarabia5.xml,ZERO_FUTURE_EPG
openepg,saudiarabia5,GMA Life TV.sa,GMA Life TV.sa,0,0.0,0.0,https://www.open-epg.com/files/saudiarabia5.xml,ZERO_FUTURE_EPG
openepg,saudiarabia5,GMA News TV.sa,GMA News TV.sa,0,0.0,0.0,https://www.open-epg.com/files/saudiarabia5.xml,ZERO_FUTURE_EPG
openepg,saudiarabia5,GMA Pinoy TV.sa,GMA Pinoy TV.sa,0,0.0,0.0,https://www.open-epg.com/files/saudiarabia5.xml,ZERO_FUTURE_EPG
openepg,saudiarabia5,INews TV HD.sa,INews TV HD.sa,0,0.0,0.0,https://www.open-epg.com/files/saudiarabia5.xml,ZERO_FUTURE_EPG
openepg,saudiarabia5,Iqraa.sa,Iqraa.sa,0,0.0,0.0,https://www.open-epg.com/files/saudiarabia5.xml,ZERO_FUTURE_EPG
openepg,saudiarabia5,Iraqia Sport HD.sa,Iraqia Sport HD.sa,0,0.0,0.0,https://www.open-epg.com/files/saudiarabia5.xml,ZERO_FUTURE_EPG
openepg,saudiarabia5,Jordan Sport HD.sa,Jordan Sport HD.sa,0,0.0,0.0,https://www.open-epg.com/files/saudiarabia5.xml,ZERO_FUTURE_EPG
openepg,saudiarabia5,Jordan TV.sa,Jordan TV.sa,0,0.0,0.0,https://www.open-epg.com/files/saudiarabia5.xml,ZERO_FUTURE_EPG
openepg,saudiarabia5,Kapatid TV5 International.sa,Kapatid TV5 International.sa,0,0.0,0.0,https://www.open-epg.com/files/saudiarabia5.xml,ZERO_FUTURE_EPG
openepg,saudiarabia5,Karameesh.sa,Karameesh.sa,0,0.0,0.0,https://www.open-epg.com/files/saudiarabia5.xml,ZERO_FUTURE_EPG
openepg,saudiarabia5,Karma TV.sa,Karma TV.sa,0,0.0,0.0,https://www.open-epg.com/files/saudiarabia5.xml,ZERO_FUTURE_EPG
openepg,saudiarabia5,Khartoum TV.sa,Khartoum TV.sa,0,0.0,0.0,https://www.open-epg.com/files/saudiarabia5.xml,ZERO_FUTURE_EPG
openepg,saudiarabia5,KSA Sports 2 HD.sa,KSA Sports 2 HD.sa,0,0.0,0.0,https://www.open-epg.com/files/saudiarabia5.xml,ZERO_FUTURE_EPG
openepg,saudiarabia5,KSA Sports 3 HD.sa,KSA Sports 3 HD.sa,0,0.0,0.0,https://www.open-epg.com/files/saudiarabia5.xml,ZERO_FUTURE_EPG
openepg,saudiarabia5,KTV Channel 2 HD.sa,KTV Channel 2 HD.sa,0,0.0,0.0,https://www.open-epg.com/files/saudiarabia5.xml,ZERO_FUTURE_EPG
openepg,saudiarabia5,KTV Sport HD.sa,KTV Sport HD.sa,0,0.0,0.0,https://www.open-epg.com/files/saudiarabia5.xml,ZERO_FUTURE_EPG
openepg,saudiarabia5,KTV Sports 2 HD.sa,KTV Sports 2 HD.sa,0,0.0,0.0,https://www.open-epg.com/files/saudiarabia5.xml,ZERO_FUTURE_EPG
openepg,saudiarabia5,Kurdistan 24.sa,Kurdistan 24.sa,0,0.0,0.0,https://www.open-epg.com/files/saudiarabia5.xml,ZERO_FUTURE_EPG
openepg,saudiarabia5,Kurdistan TV.sa,Kurdistan TV.sa,0,0.0,0.0,https://www.open-epg.com/files/saudiarabia5.xml,ZERO_FUTURE_EPG
openepg,saudiarabia5,KurdMax.sa,KurdMax.sa,0,0.0,0.0,https://www.open-epg.com/files/saudiarabia5.xml,ZERO_FUTURE_EPG
openepg,saudiarabia5,Libya Al Mustaqbal HD.sa,Libya Al Mustaqbal HD.sa,0,0.0,0.0,https://www.open-epg.com/files/saudiarabia5.xml,ZERO_FUTURE_EPG
openepg,saudiarabia5,Majid Kids TV.sa,Majid Kids TV.sa,0,0.0,0.0,https://www.open-epg.com/files/saudiarabia5.xml,ZERO_FUTURE_EPG
openepg,saudiarabia5,Marina TV.sa,Marina TV.sa,0,0.0,0.0,https://www.open-epg.com/files/saudiarabia5.xml,ZERO_FUTURE_EPG
openepg,saudiarabia5,Mazzika.sa,Mazzika.sa,0,0.0,0.0,https://www.open-epg.com/files/saudiarabia5.xml,ZERO_FUTURE_EPG
openepg,saudiarabia5,MBC 2.sa,MBC 2.sa,0,0.0,0.0,https://www.open-epg.com/files/saudiarabia5.xml,ZERO_FUTURE_EPG
openepg,saudiarabia5,MBC 4.sa,MBC 4.sa,0,0.0,0.0,https://www.open-epg.com/files/saudiarabia5.xml,ZERO_FUTURE_EPG
openepg,saudiarabia5,MBC Action.sa,MBC Action.sa,0,0.0,0.0,https://www.open-epg.com/files/saudiarabia5.xml,ZERO_FUTURE_EPG
openepg,saudiarabia5,MBC Bollywood.sa,MBC Bollywood.sa,0,0.0,0.0,https://www.open-epg.com/files/saudiarabia5.xml,ZERO_FUTURE_EPG
openepg,saudiarabia5,MBC Iraq.sa,MBC Iraq.sa,0,0.0,0.0,https://www.open-epg.com/files/saudiarabia5.xml,ZERO_FUTURE_EPG
openepg,saudiarabia5,MBC Masr.sa,MBC Masr.sa,0,0.0,0.0,https://www.open-epg.com/files/saudiarabia5.xml,ZERO_FUTURE_EPG
openepg,saudiarabia5,MBC Masr2.sa,MBC Masr2.sa,0,0.0,0.0,https://www.open-epg.com/files/saudiarabia5.xml,ZERO_FUTURE_EPG
openepg,saudiarabia5,Mix One.sa,Mix One.sa,0,0.0,0.0,https://www.open-epg.com/files/saudiarabia5.xml,ZERO_FUTURE_EPG
openepg,saudiarabia5,MOR Global Radio.sa,MOR Global Radio.sa,0,0.0,0.0,https://www.open-epg.com/files/saudiarabia5.xml,ZERO_FUTURE_EPG
openepg,saudiarabia5,Musawa.sa,Musawa.sa,0,0.0,0.0,https://www.open-epg.com/files/saudiarabia5.xml,ZERO_FUTURE_EPG
openepg,saudiarabia5,Myx.sa,Myx.sa,0,0.0,0.0,https://www.open-epg.com/files/saudiarabia5.xml,ZERO_FUTURE_EPG
openepg,saudiarabia5,Nat Geo AD HD.sa,Nat Geo AD HD.sa,0,0.0,0.0,https://www.open-epg.com/files/saudiarabia5.xml,ZERO_FUTURE_EPG
openepg,saudiarabia5,NHK World Japan.sa,NHK World Japan.sa,0,0.0,0.0,https://www.open-epg.com/files/saudiarabia5.xml,ZERO_FUTURE_EPG
openepg,saudiarabia5,Nile Cinema.sa,Nile Cinema.sa,0,0.0,0.0,https://www.open-epg.com/files/saudiarabia5.xml,ZERO_FUTURE_EPG
openepg,saudiarabia5,Nile Comedy.sa,Nile Comedy.sa,0,0.0,0.0,https://www.open-epg.com/files/saudiarabia5.xml,ZERO_FUTURE_EPG
openepg,saudiarabia5,Nile Culture.sa,Nile Culture.sa,0,0.0,0.0,https://www.open-epg.com/files/saudiarabia5.xml,ZERO_FUTURE_EPG
openepg,saudiarabia5,Nile Drama.sa,Nile Drama.sa,0,0.0,0.0,https://www.open-epg.com/files/saudiarabia5.xml,ZERO_FUTURE_EPG
openepg,saudiarabia5,Nile Live.sa,Nile Live.sa,0,0.0,0.0,https://www.open-epg.com/files/saudiarabia5.xml,ZERO_FUTURE_EPG
openepg,saudiarabia5,Nile Sport.sa,Nile Sport.sa,0,0.0,0.0,https://www.open-epg.com/files/saudiarabia5.xml,ZERO_FUTURE_EPG
openepg,saudiarabia5,Nile TV International.sa,Nile TV International.sa,0,0.0,0.0,https://www.open-epg.com/files/saudiarabia5.xml,ZERO_FUTURE_EPG
openepg,saudiarabia5,Noor Dubai.sa,Noor Dubai.sa,0,0.0,0.0,https://www.open-epg.com/files/saudiarabia5.xml,ZERO_FUTURE_EPG
openepg,saudiarabia5,NourSat.sa,NourSat.sa,0,0.0,0.0,https://www.open-epg.com/files/saudiarabia5.xml,ZERO_FUTURE_EPG
openepg,saudiarabia5,Oman TV Culture HD.sa,Oman TV Culture HD.sa,0,0.0,0.0,https://www.open-epg.com/files/saudiarabia5.xml,ZERO_FUTURE_EPG
openepg,saudiarabia5,Oman TV Mubashir.sa,Oman TV Mubashir.sa,0,0.0,0.0,https://www.open-epg.com/files/saudiarabia5.xml,ZERO_FUTURE_EPG
openepg,saudiarabia5,Oman TV Sport.sa,Oman TV Sport.sa,0,0.0,0.0,https://www.open-epg.com/files/saudiarabia5.xml,ZERO_FUTURE_EPG
openepg,saudiarabia5,ON Drama.sa,ON Drama.sa,0,0.0,0.0,https://www.open-epg.com/files/saudiarabia5.xml,ZERO_FUTURE_EPG
openepg,saudiarabia5,ON E HD.sa,ON E HD.sa,0,0.0,0.0,https://www.open-epg.com/files/saudiarabia5.xml,ZERO_FUTURE_EPG
openepg,saudiarabia5,ON Sport 2.sa,ON Sport 2.sa,0,0.0,0.0,https://www.open-epg.com/files/saudiarabia5.xml,ZERO_FUTURE_EPG
openepg,saudiarabia5,ON Sport HD.sa,ON Sport HD.sa,0,0.0,0.0,https://www.open-epg.com/files/saudiarabia5.xml,ZERO_FUTURE_EPG
openepg,saudiarabia5,OSNtv.sa,OSNtv.sa,0,0.0,0.0,https://www.open-epg.com/files/saudiarabia5.xml,ZERO_FUTURE_EPG
openepg,saudiarabia5,Palestinian Channel.sa,Palestinian Channel.sa,0,0.0,0.0,https://www.open-epg.com/files/saudiarabia5.xml,ZERO_FUTURE_EPG
openepg,saudiarabia5,Panorama Drama.sa,Panorama Drama.sa,0,0.0,0.0,https://www.open-epg.com/files/saudiarabia5.xml,ZERO_FUTURE_EPG
openepg,saudiarabia5,Payam TV.sa,Payam TV.sa,0,0.0,0.0,https://www.open-epg.com/files/saudiarabia5.xml,ZERO_FUTURE_EPG
openepg,saudiarabia5,Rotana Cinema.sa,Rotana Cinema.sa,0,0.0,0.0,https://www.open-epg.com/files/saudiarabia5.xml,ZERO_FUTURE_EPG
openepg,saudiarabia5,Rotana Classic.sa,Rotana Classic.sa,0,0.0,0.0,https://www.open-epg.com/files/saudiarabia5.xml,ZERO_FUTURE_EPG
openepg,saudiarabia5,Rotana Clip.sa,Rotana Clip.sa,0,0.0,0.0,https://www.open-epg.com/files/saudiarabia5.xml,ZERO_FUTURE_EPG
openepg,saudiarabia5,Rotana Drama.sa,Rotana Drama.sa,0,0.0,0.0,https://www.open-epg.com/files/saudiarabia5.xml,ZERO_FUTURE_EPG
openepg,saudiarabia5,Rotana Khalijia.sa,Rotana Khalijia.sa,0,0.0,0.0,https://www.open-epg.com/files/saudiarabia5.xml,ZERO_FUTURE_EPG
openepg,saudiarabia5,Rotana Music.sa,Rotana Music.sa,0,0.0,0.0,https://www.open-epg.com/files/saudiarabia5.xml,ZERO_FUTURE_EPG
openepg,saudiarabia5,Rudaw TV.sa,Rudaw TV.sa,0,0.0,0.0,https://www.open-epg.com/files/saudiarabia5.xml,ZERO_FUTURE_EPG
openepg,saudiarabia5,Sada Al Balad.sa,Sada Al Balad.sa,0,0.0,0.0,https://www.open-epg.com/files/saudiarabia5.xml,ZERO_FUTURE_EPG
openepg,saudiarabia5,Sama Dubai HD.sa,Sama Dubai HD.sa,0,0.0,0.0,https://www.open-epg.com/files/saudiarabia5.xml,ZERO_FUTURE_EPG
openepg,saudiarabia5,Sat 7 Kids.sa,Sat 7 Kids.sa,0,0.0,0.0,https://www.open-epg.com/files/saudiarabia5.xml,ZERO_FUTURE_EPG
openepg,saudiarabia5,Sat 7.sa,Sat 7.sa,0,0.0,0.0,https://www.open-epg.com/files/saudiarabia5.xml,ZERO_FUTURE_EPG
openepg,saudiarabia5,SBC HD.sa,SBC HD.sa,0,0.0,0.0,https://www.open-epg.com/files/saudiarabia5.xml,ZERO_FUTURE_EPG
openepg,saudiarabia5,Shams.sa,Shams.sa,0,0.0,0.0,https://www.open-epg.com/files/saudiarabia5.xml,ZERO_FUTURE_EPG
openepg,saudiarabia5,Sharjah Quran.sa,Sharjah Quran.sa,0,0.0,0.0,https://www.open-epg.com/files/saudiarabia5.xml,ZERO_FUTURE_EPG
openepg,saudiarabia5,Sharjah Radio.sa,Sharjah Radio.sa,0,0.0,0.0,https://www.open-epg.com/files/saudiarabia5.xml,ZERO_FUTURE_EPG
openepg,saudiarabia5,Sharjah Sport HD.sa,Sharjah Sport HD.sa,0,0.0,0.0,https://www.open-epg.com/files/saudiarabia5.xml,ZERO_FUTURE_EPG
openepg,saudiarabia5,Sharjah TV HD.sa,Sharjah TV HD.sa,0,0.0,0.0,https://www.open-epg.com/files/saudiarabia5.xml,ZERO_FUTURE_EPG
openepg,saudiarabia5,Sharqiya from Kalba HD.sa,Sharqiya from Kalba HD.sa,0,0.0,0.0,https://www.open-epg.com/files/saudiarabia5.xml,ZERO_FUTURE_EPG
openepg,saudiarabia5,Sky News Arabia.sa,Sky News Arabia.sa,0,0.0,0.0,https://www.open-epg.com/files/saudiarabia5.xml,ZERO_FUTURE_EPG
openepg,saudiarabia5,Spacetoon Arabic.sa,Spacetoon Arabic.sa,0,0.0,0.0,https://www.open-epg.com/files/saudiarabia5.xml,ZERO_FUTURE_EPG
openepg,saudiarabia5,Syria Drama.sa,Syria Drama.sa,0,0.0,0.0,https://www.open-epg.com/files/saudiarabia5.xml,ZERO_FUTURE_EPG
openepg,saudiarabia5,Syria News.sa,Syria News.sa,0,0.0,0.0,https://www.open-epg.com/files/saudiarabia5.xml,ZERO_FUTURE_EPG
openepg,saudiarabia5,Syria TV.sa,Syria TV.sa,0,0.0,0.0,https://www.open-epg.com/files/saudiarabia5.xml,ZERO_FUTURE_EPG
openepg,saudiarabia5,Taha.sa,Taha.sa,0,0.0,0.0,https://www.open-epg.com/files/saudiarabia5.xml,ZERO_FUTURE_EPG
openepg,saudiarabia5,TeN.sa,TeN.sa,0,0.0,0.0,https://www.open-epg.com/files/saudiarabia5.xml,ZERO_FUTURE_EPG
openepg,saudiarabia5,TFC HD.sa,TFC HD.sa,0,0.0,0.0,https://www.open-epg.com/files/saudiarabia5.xml,ZERO_FUTURE_EPG
openepg,saudiarabia5,Thekrayat HD.sa,Thekrayat HD.sa,0,0.0,0.0,https://www.open-epg.com/files/saudiarabia5.xml,ZERO_FUTURE_EPG
openepg,saudiarabia5,Tunisia Al Wataniya 2.sa,Tunisia Al Wataniya 2.sa,0,0.0,0.0,https://www.open-epg.com/files/saudiarabia5.xml,ZERO_FUTURE_EPG
openepg,saudiarabia5,TV 5 Monde Maghreb.sa,TV 5 Monde Maghreb.sa,0,0.0,0.0,https://www.open-epg.com/files/saudiarabia5.xml,ZERO_FUTURE_EPG
openepg,saudiarabia5,TVRI World.sa,TVRI World.sa,0,0.0,0.0,https://www.open-epg.com/files/saudiarabia5.xml,ZERO_FUTURE_EPG
openepg,saudiarabia5,YAS Sports HD.sa,YAS Sports HD.sa,0,0.0,0.0,https://www.open-epg.com/files/saudiarabia5.xml,ZERO_FUTURE_EPG
openepg,saudiarabia5,Yemen TV.sa,Yemen TV.sa,0,0.0,0.0,https://www.open-epg.com/files/saudiarabia5.xml,ZERO_FUTURE_EPG
openepg,saudiarabia5,Zagros TV.sa,Zagros TV.sa,0,0.0,0.0,https://www.open-epg.com/files/saudiarabia5.xml,ZERO_FUTURE_EPG
openepg,saudiarabia5,Zee Aflam.sa,Zee Aflam.sa,0,0.0,0.0,https://www.open-epg.com/files/saudiarabia5.xml,ZERO_FUTURE_EPG
openepg,saudiarabia5,Zee Alwan.sa,Zee Alwan.sa,0,0.0,0.0,https://www.open-epg.com/files/saudiarabia5.xml,ZERO_FUTURE_EPG
openepg,uae6,Big Time Plus.ae,Big Time Plus.ae,0,0.0,0.0,https://www.open-epg.com/files/uae6.xml,ZERO_FUTURE_EPG
openepg,uae6,BIG TIME.ae,BIG TIME.ae,0,0.0,0.0,https://www.open-epg.com/files/uae6.xml,ZERO_FUTURE_EPG
openepg,uae6,Panorama FM.ae,Panorama FM.ae,0,0.0,0.0,https://www.open-epg.com/files/uae6.xml,ZERO_FUTURE_EPG
openepg,uae6,Red Bull TV.ae,Red Bull TV.ae,0,0.0,0.0,https://www.open-epg.com/files/uae6.xml,ZERO_FUTURE_EPG
openepg,uae6,SBC.ae,SBC.ae,0,0.0,0.0,https://www.open-epg.com/files/uae6.xml,ZERO_FUTURE_EPG
openepg,uae6,SSC Extra 1 HD.ae,SSC Extra 1 HD.ae,0,0.0,0.0,https://www.open-epg.com/files/uae6.xml,ZERO_FUTURE_EPG
openepg,uae6,SSC Extra 2 HD.ae,SSC Extra 2 HD.ae,0,0.0,0.0,https://www.open-epg.com/files/uae6.xml,ZERO_FUTURE_EPG
openepg,uae6,SSC Extra 3 HD.ae,SSC Extra 3 HD.ae,0,0.0,0.0,https://www.open-epg.com/files/uae6.xml,ZERO_FUTURE_EPG
openepg,uae6,SSC News.ae,SSC News.ae,0,0.0,0.0,https://www.open-epg.com/files/uae6.xml,ZERO_FUTURE_EPG
openepg,uae6,SSC1 HD.ae,SSC1 HD.ae,0,0.0,0.0,https://www.open-epg.com/files/uae6.xml,ZERO_FUTURE_EPG
openepg,uae6,SSC2 HD.ae,SSC2 HD.ae,0,0.0,0.0,https://www.open-epg.com/files/uae6.xml,ZERO_FUTURE_EPG
openepg,uae6,SSC3 HD.ae,SSC3 HD.ae,0,0.0,0.0,https://www.open-epg.com/files/uae6.xml,ZERO_FUTURE_EPG
openepg,uae6,SSC4 HD.ae,SSC4 HD.ae,0,0.0,0.0,https://www.open-epg.com/files/uae6.xml,ZERO_FUTURE_EPG
openepg,uae6,SSC5 HD.ae,SSC5 HD.ae,0,0.0,0.0,https://www.open-epg.com/files/uae6.xml,ZERO_FUTURE_EPG
openepg,uae6,Top Chef Channel.ae,Top Chef Channel.ae,0,0.0,0.0,https://www.open-epg.com/files/uae6.xml,ZERO_FUTURE_EPG
openepg,uae6,إذاعة خزامى.ae,إذاعة خزامى.ae,0,0.0,0.0,https://www.open-epg.com/files/uae6.xml,ZERO_FUTURE_EPG
openepg,uae6,الإخبارية.ae,الإخبارية.ae,0,0.0,0.0,https://www.open-epg.com/files/uae6.xml,ZERO_FUTURE_EPG
openepg,uae6,الثقافية.ae,الثقافية.ae,0,0.0,0.0,https://www.open-epg.com/files/uae6.xml,ZERO_FUTURE_EPG
openepg,uae6,السعودية الآن.ae,السعودية الآن.ae,0,0.0,0.0,https://www.open-epg.com/files/uae6.xml,ZERO_FUTURE_EPG
openepg,uae6,السعودية.ae,السعودية.ae,0,0.0,0.0,https://www.open-epg.com/files/uae6.xml,ZERO_FUTURE_EPG
openepg,uae6,السنة النبوية.ae,السنة النبوية.ae,0,0.0,0.0,https://www.open-epg.com/files/uae6.xml,ZERO_FUTURE_EPG
openepg,uae6,الصدمة.ae,الصدمة.ae,0,0.0,0.0,https://www.open-epg.com/files/uae6.xml,ZERO_FUTURE_EPG
openepg,uae6,القرآن الكريم.ae,القرآن الكريم.ae,0,0.0,0.0,https://www.open-epg.com/files/uae6.xml,ZERO_FUTURE_EPG
openepg,uae6,بداية.ae,بداية.ae,0,0.0,0.0,https://www.open-epg.com/files/uae6.xml,ZERO_FUTURE_EPG
openepg,uae6,ذكريات.ae,ذكريات.ae,0,0.0,0.0,https://www.open-epg.com/files/uae6.xml,ZERO_FUTURE_EPG
openepg,uae6,رامز.ae,رامز.ae,0,0.0,0.0,https://www.open-epg.com/files/uae6.xml,ZERO_FUTURE_EPG
openepg,uae6,طرب.ae,طرب.ae,0,0.0,0.0,https://www.open-epg.com/files/uae6.xml,ZERO_FUTURE_EPG
openepg,uae6,عبدالمجيد عبدالله.ae,عبدالمجيد عبدالله.ae,0,0.0,0.0,https://www.open-epg.com/files/uae6.xml,ZERO_FUTURE_EPG
openepg,uae6,قناة ستوديو.ae,قناة ستوديو.ae,0,0.0,0.0,https://www.open-epg.com/files/uae6.xml,ZERO_FUTURE_EPG
openepg,uae6,قناة سكة سفر.ae,قناة سكة سفر.ae,0,0.0,0.0,https://www.open-epg.com/files/uae6.xml,ZERO_FUTURE_EPG
openepg,uae6,قناة سيلفي.ae,قناة سيلفي.ae,0,0.0,0.0,https://www.open-epg.com/files/uae6.xml,ZERO_FUTURE_EPG
openepg,uae6,قناة سين.ae,قناة سين.ae,0,0.0,0.0,https://www.open-epg.com/files/uae6.xml,ZERO_FUTURE_EPG
openepg,uae6,ماجد المهندس.ae,ماجد المهندس.ae,0,0.0,0.0,https://www.open-epg.com/files/uae6.xml,ZERO_FUTURE_EPG
openepg,uae6,محمد عبده.ae,محمد عبده.ae,0,0.0,0.0,https://www.open-epg.com/files/uae6.xml,ZERO_FUTURE_EPG
openepg,uae6,من الجو.ae,من الجو.ae,0,0.0,0.0,https://www.open-epg.com/files/uae6.xml,ZERO_FUTURE_EPG
openepg,uae6,وناسه.ae,وناسه.ae,0,0.0,0.0,https://www.open-epg.com/files/uae6.xml,ZERO_FUTURE_EPG
