provider,source,id,name,future_programmes,future_hours,desc_pct,sample_title,sample_desc,suspicious_clone,clone_group_size,url
epgshare,AE1,Dubai.ae,Dubai,70,46.8,64.3,اول مرة أشوف : Ep   6,الحلقة :6 مناطحة الثيران - عمان في هذه الحلقة نبرز إحدى الممارسات التراثية في سلطنة عمان، حيث تقام منافسات مناطحة الثريان كجزء من تقاليد محلية متوارثة، نسلط الضوء على البعد الثقافي والاجتماعي لهذا الحدث، وأجوائه الشعبية التي تعكس ارتباط المجتمع باالارث الريفي والاحتفالات التقليدية.,False,1,https://epgshare01.online/epgshare01/epg_ripper_AE1.xml.gz
epgshare,AE1,Sama.Dubai.ae,Sama Dubai,76,47.3,40.8,سوق المقاصيص: Ep  27,,False,1,https://epgshare01.online/epgshare01/epg_ripper_AE1.xml.gz
epgshare,AE1,One.Tv.ae,One Tv,30,45.8,63.3,Son Of BigFoot,"A young teenage boy sets out to find his missing father, only to discover that he's actually the mythical creature known as Bigfoot.",False,1,https://epgshare01.online/epgshare01/epg_ripper_AE1.xml.gz
epgshare,AE1,Noor.DubaiTV.ae,Noor DubaiTV,56,47.3,23.2,احلام سعيدة 2026: Ep  49,"ويتفرد برنامج ""أحلام سعيدة"" بما يُقدمه من معارفَ واسعةٍ تتعلق بأصول علم تفسير الأحلام وقواعده، وأحوال المفسر والشروط التي يجب أن تتوفر لديه ليتمكن من ممارسة هذا العلم الذي يمتاز بتعقيداته وتفاصيله العميقة، حيث يحرص مقدمه في أولى فقرات البرنامج على شرح معاني الرؤى الصادقة وعلاماتها، وكيفية التفريق بينها وبين أضغاث الأحلام، وإبراز أهمية العلوم المرتبطة بذلك، بما يُسهم في رفع مستوى الوعي لدى الجمهور حول هذا العلم وأهميته وكيفية تحليل رموزه المختلفة، وفق قواعدَ وأسسٍ علميةٍ واضحةٍ.",False,1,https://epgshare01.online/epgshare01/epg_ripper_AE1.xml.gz
epgshare,AE1,Dubai.Sports.1.ae,Dubai Sports 1,38,47.8,0.0,Euroleague – R1) Dubai BC (UAE) vs Real Madrid (ESP),,False,1,https://epgshare01.online/epgshare01/epg_ripper_AE1.xml.gz
epgshare,AE1,Dubai.Racing.ae,Dubai Racing,24,47.3,0.0,Al Shira'a International Show Jumping Championship Abu Dhabi 23/01/2026,,False,1,https://epgshare01.online/epgshare01/epg_ripper_AE1.xml.gz
epgshare,AE1,Dubai.Zaman.ae,Dubai Zaman,85,48.1,20.0,Wa Sama' Zata El Bourouj ep 11,,False,1,https://epgshare01.online/epgshare01/epg_ripper_AE1.xml.gz
epgshare,AE1,Dubai.Radio.ae,Dubai Radio,0,0,0.0,,,False,1,https://epgshare01.online/epgshare01/epg_ripper_AE1.xml.gz
epgshare,AE1,Noor.Dubai.Radio.ae,Noor Dubai Radio,0,0,0.0,,,False,1,https://epgshare01.online/epgshare01/epg_ripper_AE1.xml.gz
epgshare,AE1,Quran.Radio.ae,Quran Radio,0,0,0.0,,,False,1,https://epgshare01.online/epgshare01/epg_ripper_AE1.xml.gz
epgshare,AE1,Abu.Dhabi.HD.ae,Abu Dhabi HD,80,69.3,100.0,Science Of Stupid,"Sciences Don't miss Richard Hammond, as he brings the most idiotic and funniest videos on the Internet and shows the scientific reasons behind them. Dallas Campbell, Richard Hammond.",False,1,https://epgshare01.online/epgshare01/epg_ripper_AE1.xml.gz
epgshare,AE1,Emarat.HD.ae,Emarat HD,82,69.3,100.0,Home News Tonight,"A distinctive coverage of all the events and developments in the Arab area, especially the United Arab Emirates and the Gulf region. It also highlights the most important political, economic, and social news. Manal Ahmed.",False,1,https://epgshare01.online/epgshare01/epg_ripper_AE1.xml.gz
epgshare,AE1,Dubai.HD.ae,Dubai HD,67,69.8,100.0,Mehmed: Sultan Of Conquests,"When Sultan Mohamed takes the Ottoman throne, he is thrust into a web of intrigue and conflict, forced to defeat enemies both inside the palace and across rival lands to fulfill his lifelong dream of conquering Istanbul. Serkan Chayoglu, Sinan Albayrak.",False,1,https://epgshare01.online/epgshare01/epg_ripper_AE1.xml.gz
epgshare,AE1,Nat.Geo.Abu.Dhabi.HD.ae,Nat Geo Abu Dhabi HD,93,69.3,100.0,Rise And Fall Of The Maya,"History Across the decades, research into the origins of the Maya civilization continues as scientists and researchers discover many antiquities and evidence that point to the history of that ancient civilization.",False,1,https://epgshare01.online/epgshare01/epg_ripper_AE1.xml.gz
epgshare,AE1,MBC.1.ae,MBC 1,84,69.8,100.0,Women Talks,"People Four brilliant women gather every week to discuss important issues and topics that vary between feminism, arts, culture and other interesting issues to all Arab family members. Fawziah Salama , Farah Baseso , Rania Barghooth , Elham wagdy, Farah Baseso.",False,1,https://epgshare01.online/epgshare01/epg_ripper_AE1.xml.gz
epgshare,AE1,MBC.2.ae,MBC 2,48,70.8,100.0,Boss Level,"Roy is caught in a time loop that ends with his death every day as deadly assassins hunt him down. With each repetition, he learns more about his attackers so he races to save his family and break the cycle. Frank Grillo, Mel Gibson, Naomi Watts, Michelle Yeoh, Will Sasso, Joe Carnahan, Chris Borey.",False,1,https://epgshare01.online/epgshare01/epg_ripper_AE1.xml.gz
epgshare,AE1,MBC.4.ae,MBC 4,105,69.6,100.0,A Princess With No Crown,"Masal leaves the world of dreams and fairy tales in which she has always lived with her mother's tales, and is forced to find a job that helps her pay the expenses of her mother's treatment; She finds that her teacher is the first to help her. Elif Kurtuaran, Feride Çetin, Ismail Hacioglu, Liya Su Elez, Sümeyye Aydogan, Volkan Keskin, Pinar Bulut.",False,1,https://epgshare01.online/epgshare01/epg_ripper_AE1.xml.gz
epgshare,AE1,MBC.Drama.ae,MBC Drama,70,69.3,100.0,Bab Al Harah,"Grief controls the people living in the district. As a lot of young people where killed in the last battle. But that doesn't stop them defending their beloved district. Milad Youssef, Mona Wasef, Sabah Al Jazaaery, Wael Sharaf, Wafeeq Al Zaeem, Bassam Al Molla, Kamal Morra, Mona Wassef.",False,1,https://epgshare01.online/epgshare01/epg_ripper_AE1.xml.gz
epgshare,AE1,MBC.Action.ae,MBC Action,88,69.4,100.0,The Summit,"A gripping account of the deadliest day on K2, where a group of climbers faces an unexplained catastrophe amidst the treacherous conditions of the world's second-highest peak. Christine Barnes, Hoselito Bite.",False,1,https://epgshare01.online/epgshare01/epg_ripper_AE1.xml.gz
epgshare,AE1,MBC.Bollywood.ae,MBC Bollywood,70,69.3,100.0,Mahnoor,"Mahnoor tries in every way possible to escape her painful past, where her father chose a different path, forcing her and her sister apart from a young age; each now has her own separate world. Khadija Saleem, Humayoun Ashraf.",False,1,https://epgshare01.online/epgshare01/epg_ripper_AE1.xml.gz
epgshare,AE1,MBC.Masr.HD.ae,MBC Masr HD,59,69.3,100.0,Parineetii,"Two loyal friends, who are known for their unconditional support of each other in all circumstances, are confronted with a complicated scenario after both end up married to the same man. Aanchal Sahu, Ankur Verma.",False,1,https://epgshare01.online/epgshare01/epg_ripper_AE1.xml.gz
epgshare,AE1,Sama.Dubai.HD.ae,Sama Dubai HD,71,69.6,100.0,Detective Faseeh,"Engaging educational segments designed to enrich children's Arabic language skills in a fun and simple way, blending humor with learning while encouraging young viewers to interact positively with the language Ayoub Youssif.",False,1,https://epgshare01.online/epgshare01/epg_ripper_AE1.xml.gz
epgshare,AE1,Dubai.One.HD.ae,Dubai One HD,51,70.3,100.0,The Black Prince,"The final Sikh ruler of Punjab becomes king in childhood, but British conquest forces him into exile in England, far from the home he is never permitted to see again. There, he forms a friendship with Queen Victoria. Kavi Raz, Jason Flemyng, Amanda Root.",False,1,https://epgshare01.online/epgshare01/epg_ripper_AE1.xml.gz
epgshare,AE1,Rotana.Khalijia.ae,Rotana Khalijia,74,69.3,100.0,The Game Of Happiness,"Two families find a magical map of a buried treasure, and both families strive to find it. But they won't find it with the help of the map alone, as a prophecy must be fulfilled first. Khaled Albriky, Abdelmohsen Elkaffas, Ahmed Al Ounan, Amira Mohamed, Reem Arhamah, Mohamed Safar, Gam'aan El Rowiei, Walid Kamal, Khaled Al Buraiki, Abd Al Mohsen Al Qafas.",False,1,https://epgshare01.online/epgshare01/epg_ripper_AE1.xml.gz
epgshare,AE1,Rotana.Cinema.KSA.ae,Rotana Cinema KSA,37,69.3,100.0,The Lodge Of Surprises,"At the hotel where dancer Nibla is staying, private detective Katkoot Al Hadq passes off a lookalike dog as her missing pet. Impressed by his apparent success, the hotel manager hires him to uncover a mysterious thief targeting the guests. Abdel Moneim Ibrahim, Ismail Yassine, Hend Rostom, Soher Elbably, Reiad Al Qasabgy, Essa Karamah, Essa Karamah, Ismail Yassin, Abd Al Moneim Ibrahim, Ismail Yasin.",False,1,https://epgshare01.online/epgshare01/epg_ripper_AE1.xml.gz
epgshare,AE1,Rotana.Cinema.Egypt.ae,Rotana Cinema Egypt,38,70.3,100.0,The Return Of The Most Dangerous Man In The World,"When a notorious gangster returns to Cairo to steal a priceless jewel from an Indian maharaja, a low-level insurance clerk becomes caught in the scheme after his striking resemblance to the criminal leads to a dangerous case of mistaken identity. Foad Al Mohandes, Mervat Amin, Samir Sabri, Soaad Hussien, Salah Nazmy, Anwar Abd Allah, Mahmoud Farid, Foaad Al Mohandes, Fouad Al Mohandes.",False,1,https://epgshare01.online/epgshare01/epg_ripper_AE1.xml.gz
epgshare,AE1,Rotana.Classic.ae,Rotana Classic,32,70.3,100.0,Ismail Yassine In The Madhouse,"When a debt-ridden father promises his daughter to multiple suitors, the young man she loves is declared insane and sent to a mental hospital, sparking a chaotic race filled with disguises, escapes, and comic misunderstandings. Ismail Yassine, Hend Rostom, Abdel Fatah Al Qusari, Reiad Al Qasabgy, Hussein Assr, Abd Elfatah Elkosary, Abbas Kamel, Abd Al Fattah Al Sayed, Essa Karamah, Riyad Al Qasabgy, Ismail Yassin, Ismail Yasin.",False,1,https://epgshare01.online/epgshare01/epg_ripper_AE1.xml.gz
epgshare,AE1,Rotana.Drama.ae,Rotana Drama,70,69.3,100.0,A Love Glimpse,"An incident upends the lives of Qamar and her fiancé, Nabil, threatening the peace of the entire family. Conflicts and traps intensify between them, but a love story is born from the heart of these successive challenges between Qamar and Bahr. Bassel Khaiat, Karmen Bsebas, Michel Hourany, Hossam Ali, Rafi Wahbi, Jifra Younis, Marah Hasan, Jafra Younes, Carmen Bsaibes, Pierre Dagher, Randa Kaady.",False,1,https://epgshare01.online/epgshare01/epg_ripper_AE1.xml.gz
epgshare,AE1,Al.Arabiya.HD.ae,Al Arabiya HD,85,69.3,100.0,Discussion Point,Debate Fearless presentation of various main topics that concern the public and discussing all points of view objectively. Rasha Nabil.,False,1,https://epgshare01.online/epgshare01/epg_ripper_AE1.xml.gz
epgshare,AE1,Al.Hadath.ae,Al Hadath,70,69.3,100.0,سكاي نيوز عربية,No Desription Available.,False,1,https://epgshare01.online/epgshare01/epg_ripper_AE1.xml.gz
epgshare,AE1,Sky.News.Arabia.HD.ae,Sky News Arabia HD,70,69.3,100.0,سكاي نيوز عربية,No Desription Available.,False,1,https://epgshare01.online/epgshare01/epg_ripper_AE1.xml.gz
epgshare,AE1,Saudi.Al.Ekhbariya.HD.ae,Saudi Al Ekhbariya HD,149,69.3,100.0,120,"Investigation A curated overview of the latest international news developments and major global events that hold particular relevance, significance, or appeal to the people and leadership of Saudi Arabia.",False,1,https://epgshare01.online/epgshare01/epg_ripper_AE1.xml.gz
epgshare,AE1,BBC.Arabic.ae,BBC Arabic,125,69.3,100.0,Without Restrictions,Debate Hot interviews with top politicians and economists to open all the taboo topics and issues that concern every Arab citizen. Tarek Alas.,False,1,https://epgshare01.online/epgshare01/epg_ripper_AE1.xml.gz
epgshare,AE1,Extra.News.HD.ae,Extra News HD,91,69.3,100.0,Top Of The Hour,"Investigation Accurate and in-depth follow-up of the most important events, issues, files, and topics of interest to Egyptian society.",False,1,https://epgshare01.online/epgshare01/epg_ripper_AE1.xml.gz
epgshare,AE1,RT.Arabic.HD.ae,RT Arabic HD,140,69.3,100.0,Africa: The Continent Of The Future,No Desription Available.,False,1,https://epgshare01.online/epgshare01/epg_ripper_AE1.xml.gz
epgshare,AE1,CGTN.Arabic.ae,CGTN Arabic,128,69.3,100.0,مسرحيات تلفزيونية,No Desription Available.,False,1,https://epgshare01.online/epgshare01/epg_ripper_AE1.xml.gz
epgshare,AE1,France.24.Arabic.ae,France 24 Arabic,367,69.3,100.0,ضيف ومسيرة,", Episode 5.",False,1,https://epgshare01.online/epgshare01/epg_ripper_AE1.xml.gz
epgshare,AE1,B4U.Plus.ae,B4U Plus,0,0,0.0,,,False,1,https://epgshare01.online/epgshare01/epg_ripper_AE1.xml.gz
epgshare,AE1,Zee.Aflam.ae,Zee Aflam,37,69.3,100.0,Everyone Feels Scared,"A chilling anthology explores the supernatural in every episode, as ordinary lives collide with ghosts, zombies, haunted objects, witches and other terrifying forces beyond the realm of the known. Shweta Basu Prasad, Vikas Sethi.",False,1,https://epgshare01.online/epgshare01/epg_ripper_AE1.xml.gz
epgshare,AE1,Zee.Alwan.ae,Zee Alwan,139,69.3,100.0,Ali Kelay,"With a noble heart and steady courage, Ali Kelay gives his fight winnings to charity and oversees his adoptive father's auto parts business, though his rise creates enemies in the market and ignites jealousy within his family. Ahmed Al Awady, Dorra Zarrouq.",False,1,https://epgshare01.online/epgshare01/epg_ripper_AE1.xml.gz
epgshare,AE1,Al.Aan.TV.ae,Al Aan TV,0,0,0.0,,,False,1,https://epgshare01.online/epgshare01/epg_ripper_AE1.xml.gz
epgshare,AE1,LBC.ae,LBC,59,69.3,100.0,Rotana Concerts,"Entertainment Rotana offers a collection of exclusive concerts featuring its famous Arab singers to the audience, such as Sherine, Elissa and Assala.",False,1,https://epgshare01.online/epgshare01/epg_ripper_AE1.xml.gz
epgshare,AE1,CBC.ae,CBC,56,69.3,100.0,Arabic Movie,Drama A library of great and enjoyable films that have an immortal mark on the memory of Arab cinema.,False,1,https://epgshare01.online/epgshare01/epg_ripper_AE1.xml.gz
epgshare,AE1,Sudan.TV.ae,Sudan TV,67,69.3,100.0,My Fate And Your Destiny,"An anthology series on the patterns of emotional relationships between men and women, and the factors on which the success or failure of these relationships depends. Hany Salama, Nicole Saba, Riham Hagag, Shery Adel, Mai Selem, Ali Edris, Ateya Amin, Amr Mahmoud Yasin, Hany Salama, Mai Seleem, Riham Haggag, Mai Selim, Attia Amin, Amr Mahmoud Yassin.",False,1,https://epgshare01.online/epgshare01/epg_ripper_AE1.xml.gz
epgshare,AE1,On.Drama.ae,On Drama,67,69.3,100.0,My Fate And Your Destiny,"An anthology series on the patterns of emotional relationships between men and women, and the factors on which the success or failure of these relationships depends. Hany Salama, Nicole Saba, Riham Hagag, Shery Adel, Mai Selem, Ali Edris, Ateya Amin, Amr Mahmoud Yasin, Hany Salama, Mai Seleem, Riham Haggag, Mai Selim, Attia Amin, Amr Mahmoud Yassin.",False,1,https://epgshare01.online/epgshare01/epg_ripper_AE1.xml.gz
epgshare,AE1,Kuwait.TV.1.HD.ae,Kuwait TV 1 HD,101,69.3,100.0,A Verse And A Tale,"Religion Sheikh Mishary Rashid Al Afasi shares enlightening tales intertwined with Quranic verses, fostering deeper reflection and understanding during the sacred month of Ramadan. Mishary Alafasy.",False,1,https://epgshare01.online/epgshare01/epg_ripper_AE1.xml.gz
epgshare,AE1,Nile.Cinema.ae,Nile Cinema,38,69.3,100.0,Announcement To The Public,"Samy seeks to return the savings of depositors of a money-recruitment company, whose owner has defrauded them, so he decides to risk himself to get the smuggled money in a bank abroad. Poussi, Ezzat El Alaili, Mostafa Metwaly, Hala Fakher, Emad Muharram, Mohi Mohsen, ahmed sabaawy, Bousy.",False,1,https://epgshare01.online/epgshare01/epg_ripper_AE1.xml.gz
epgshare,AE1,Jordan.TV.HD.ae,Jordan TV HD,163,69.3,100.0,Tracks,"Following all the updates on the social, political, and economic aspects that form the pillars of the country. Abdul Karim Al Omari, Muhannad Mobaideen.",False,1,https://epgshare01.online/epgshare01/epg_ripper_AE1.xml.gz
epgshare,AE1,MBC.Masr.2.HD.ae,MBC Masr 2 HD,66,69.3,100.0,The Price,"Desperate to afford her son's treatment for a severe illness, widow Sarah turns to her manager, Zein, who agrees to help on one condition: she must spend one night with him. Bassel Khaiat, Nicolas Mouawad, Razane Jammal, Sara Abi Kanaan, Ali Yones, Fekret Qady, Yam Mashhady, Sara Abi Kan'an.",False,1,https://epgshare01.online/epgshare01/epg_ripper_AE1.xml.gz
epgshare,AE1,Roya.TV.HD.ae,Roya TV HD,53,71.8,100.0,Roya's Kitchen,"With a collection of new recipes, each meal is given a different taste, whether it is from an Arab or an international cuisine. Samir Hegazy, Nidal Al Brihi.",False,1,https://epgshare01.online/epgshare01/epg_ripper_AE1.xml.gz
epgshare,AE1,Sada.El.Balad.ae,Sada El Balad,66,69.3,100.0,Qamar Bani Hashem,"The biography of the Prophet Mohamed from the birth of his grandfather, Abdel Muttalib, until the final moments of the Prophet's life, the history of Mecca, and the subsequent changes in the world, especially after the Islamic conquest. Rasheed Aassaaf, Bassem Yakhour, Asaad Fda, Mohammad El Sheikh Najib, Mamoud Abd Al Karim, Zuhair Ramadan, Tayser Edris, Najah Safkouney, Abdul Hakim Qutaifan, Ali Kareem, Rasheed Assaaf, Najah Safkuni, Abd Al Hakim Qutaifan, Basem Yakhour.",False,1,https://epgshare01.online/epgshare01/epg_ripper_AE1.xml.gz
epgshare,AE1,DMC.ae,DMC,54,70.8,100.0,Arabic Movie,Drama A library of great and enjoyable films that have an immortal mark on the memory of Arab cinema.,False,1,https://epgshare01.online/epgshare01/epg_ripper_AE1.xml.gz
epgshare,AE1,Sharjah.HD.ae,Sharjah HD,84,69.3,100.0,TV Program,"People Following up on the most significant social, political, and economic events and issues that concern the public and directly affect their lives by hosting the best experts in each field.",False,1,https://epgshare01.online/epgshare01/epg_ripper_AE1.xml.gz
epgshare,AE1,SBC.HD.ae,SBC HD,64,69.3,100.0,It's Your Place,"Debate Bringing together distinguished Saudi talents and achievers in engaging conversations that explore their journeys, aspirations, and accomplishments, offering audiences a closer look at the lives inspiring progress and creativity across the Kingdom. Hisham Al Howaish, Basem Kristo.",False,1,https://epgshare01.online/epgshare01/epg_ripper_AE1.xml.gz
epgshare,AE1,Saudi.HD.ae,Saudi HD,88,71.3,100.0,Forefathers's Sciences,"Religion The history of Saudi Arabia since its establishment and the Phases it went through. Nawaf Al Huwaimel, Abdullah Abu Talib.",False,1,https://epgshare01.online/epgshare01/epg_ripper_AE1.xml.gz
epgshare,AE1,AD.Sports.1.HD.ae,AD Sports 1 HD,57,70.3,100.0,UAE Pro League,14 amazing football teams from around UAE play against each other to have the honor of being the champion of this highly ranked league.,False,1,https://epgshare01.online/epgshare01/epg_ripper_AE1.xml.gz
epgshare,AE1,AD.Sports.2.HD.ae,AD Sports 2 HD,58,70.3,100.0,Khaled Bin Mohamed Bin Zayed Al Nahyan Jiu-Jitsu Championship,"Martial Sports A premier showcase in the UAE that features elite grapplers Jiu-Jitsu competing for both national, and international recognition.",False,1,https://epgshare01.online/epgshare01/epg_ripper_AE1.xml.gz
epgshare,AE1,Yas.TV.HD.ae,Yas TV HD,56,72.5,100.0,Yas TV,"Show A channel shows various types of sports and variable sports competitions and specializes in displaying Arabian races of Hybrids, horses, birds, boats and etc.",False,1,https://epgshare01.online/epgshare01/epg_ripper_AE1.xml.gz
epgshare,AE1,Dubai.Sports.1.HD.ae,Dubai Sports 1 HD,53,69.8,100.0,Water Sports,Water Sports Shows the water activities and competitions.,False,1,https://epgshare01.online/epgshare01/epg_ripper_AE1.xml.gz
epgshare,AE1,Dubai.Sports.2.ae,Dubai Sports 2,55,69.6,100.0,Inside Sailing,"Show On a magical sea tour, we explore the world's most iconic sailing events. We explore stunning destinations, thrilling challenges, and stunning open nature as we explore the best places with sailing enthusiasts.",False,1,https://epgshare01.online/epgshare01/epg_ripper_AE1.xml.gz
epgshare,AE1,Dubai.Racing.1.HD.ae,Dubai Racing 1 HD,42,69.8,100.0,RACE FROM FOX SPORTS RACING,"Equestrian Experience the thrill of elite horse racing on FOX Sports. Enjoy live stakes, expert analysis, and top-tier action on the track.",False,1,https://epgshare01.online/epgshare01/epg_ripper_AE1.xml.gz
epgshare,AE1,Dubai.Racing.2.ae,Dubai Racing 2,60,71.9,100.0,Sports Line,"Investigation The program broadcasts local sports events and their details to the masses, but during adherence to the precautionary measures against the Coronavirus.",False,1,https://epgshare01.online/epgshare01/epg_ripper_AE1.xml.gz
epgshare,AE1,Sharjah.Sports.HD.ae,Sharjah Sports HD,60,71.9,100.0,Sports Line,"Investigation The program broadcasts local sports events and their details to the masses, but during adherence to the precautionary measures against the Coronavirus.",False,1,https://epgshare01.online/epgshare01/epg_ripper_AE1.xml.gz
epgshare,AE1,KSA.sports.1.ae,KSA sports 1,109,69.7,100.0,Ben 10,"When young Ben finds a device called the Omnitrix that allows him to turn into ten different aliens with different powers, he starts fighting crime and evil everywhere around him. Scooter Tidwell, Sebastian Montes, Joe Casey, Joe Kelly.",True,11,https://epgshare01.online/epgshare01/epg_ripper_AE1.xml.gz
epgshare,AE1,KSA.sports.2.HD.ae,KSA sports 2 HD,109,69.7,100.0,Ben 10,"When young Ben finds a device called the Omnitrix that allows him to turn into ten different aliens with different powers, he starts fighting crime and evil everywhere around him. Scooter Tidwell, Sebastian Montes, Joe Casey, Joe Kelly.",True,11,https://epgshare01.online/epgshare01/epg_ripper_AE1.xml.gz
epgshare,AE1,Sharjah.Quran.TV.ae,Sharjah Quran TV,109,69.7,100.0,Ben 10,"When young Ben finds a device called the Omnitrix that allows him to turn into ten different aliens with different powers, he starts fighting crime and evil everywhere around him. Scooter Tidwell, Sebastian Montes, Joe Casey, Joe Kelly.",True,11,https://epgshare01.online/epgshare01/epg_ripper_AE1.xml.gz
epgshare,AE1,Saudi.Quran.TV.HD.ae,Saudi Quran TV HD,109,69.7,100.0,Ben 10,"When young Ben finds a device called the Omnitrix that allows him to turn into ten different aliens with different powers, he starts fighting crime and evil everywhere around him. Scooter Tidwell, Sebastian Montes, Joe Casey, Joe Kelly.",True,11,https://epgshare01.online/epgshare01/epg_ripper_AE1.xml.gz
epgshare,AE1,Saudi.Sunna.TV.HD.ae,Saudi Sunna TV HD,109,69.7,100.0,Ben 10,"When young Ben finds a device called the Omnitrix that allows him to turn into ten different aliens with different powers, he starts fighting crime and evil everywhere around him. Scooter Tidwell, Sebastian Montes, Joe Casey, Joe Kelly.",True,11,https://epgshare01.online/epgshare01/epg_ripper_AE1.xml.gz
epgshare,AE1,Al.Resala.ae,Al Resala,109,69.7,100.0,Ben 10,"When young Ben finds a device called the Omnitrix that allows him to turn into ten different aliens with different powers, he starts fighting crime and evil everywhere around him. Scooter Tidwell, Sebastian Montes, Joe Casey, Joe Kelly.",True,11,https://epgshare01.online/epgshare01/epg_ripper_AE1.xml.gz
epgshare,AE1,Al.Majd.ae,Al Majd,109,69.7,100.0,Ben 10,"When young Ben finds a device called the Omnitrix that allows him to turn into ten different aliens with different powers, he starts fighting crime and evil everywhere around him. Scooter Tidwell, Sebastian Montes, Joe Casey, Joe Kelly.",True,11,https://epgshare01.online/epgshare01/epg_ripper_AE1.xml.gz
epgshare,AE1,Al.Majd.Holy.Quran.ae,Al Majd Holy Quran,109,69.7,100.0,Ben 10,"When young Ben finds a device called the Omnitrix that allows him to turn into ten different aliens with different powers, he starts fighting crime and evil everywhere around him. Scooter Tidwell, Sebastian Montes, Joe Casey, Joe Kelly.",True,11,https://epgshare01.online/epgshare01/epg_ripper_AE1.xml.gz
epgshare,AE1,Makkah.TV.ae,Makkah TV,0,0,0.0,,,False,1,https://epgshare01.online/epgshare01/epg_ripper_AE1.xml.gz
epgshare,AE1,MBC.3.ae,MBC 3,109,69.7,100.0,Ben 10,"When young Ben finds a device called the Omnitrix that allows him to turn into ten different aliens with different powers, he starts fighting crime and evil everywhere around him. Scooter Tidwell, Sebastian Montes, Joe Casey, Joe Kelly.",True,11,https://epgshare01.online/epgshare01/epg_ripper_AE1.xml.gz
epgshare,AE1,Majid.Kids.TV.HD.ae,Majid Kids TV HD,109,69.7,100.0,Ben 10,"When young Ben finds a device called the Omnitrix that allows him to turn into ten different aliens with different powers, he starts fighting crime and evil everywhere around him. Scooter Tidwell, Sebastian Montes, Joe Casey, Joe Kelly.",True,11,https://epgshare01.online/epgshare01/epg_ripper_AE1.xml.gz
epgshare,AE1,CN.Arabic.ae,CN Arabic,109,69.7,100.0,Ben 10,"When young Ben finds a device called the Omnitrix that allows him to turn into ten different aliens with different powers, he starts fighting crime and evil everywhere around him. Scooter Tidwell, Sebastian Montes, Joe Casey, Joe Kelly.",True,11,https://epgshare01.online/epgshare01/epg_ripper_AE1.xml.gz
epgshare,AE1,Space.Toon.ae,Space Toon,150,69.3,100.0,The Prince Of Tennis,"Ryoma Echizen is a 12-year-old child and a mastermind in tennis. He begins to develop his skills to participate in an important tournament, he also discovers the meaning of playing tennis to him. Junichi Suwabe, Erik Davies.",False,1,https://epgshare01.online/epgshare01/epg_ripper_AE1.xml.gz
epgshare,AE1,Rotana.Music.ae,Rotana Music,162,69.3,100.0,Unspun World with John Simpson,", Season 6. John Simpson, in discussion with the BBC's unparalleled range of experts across the world, analyses the state of the German government after resounding regional election defeats. John Simpson.",False,1,https://epgshare01.online/epgshare01/epg_ripper_AE1.xml.gz
epgshare,AE1,Rotana.Clip.ae,Rotana Clip,162,69.3,100.0,Unspun World with John Simpson,", Season 6. John Simpson, in discussion with the BBC's unparalleled range of experts across the world, analyses the state of the German government after resounding regional election defeats. John Simpson.",False,1,https://epgshare01.online/epgshare01/epg_ripper_AE1.xml.gz
epgshare,AE1,Mazzika.ae,Mazzika,162,69.3,100.0,Unspun World with John Simpson,", Season 6. John Simpson, in discussion with the BBC's unparalleled range of experts across the world, analyses the state of the German government after resounding regional election defeats. John Simpson.",False,1,https://epgshare01.online/epgshare01/epg_ripper_AE1.xml.gz
epgshare,AE1,Chada.TV.ae,Chada TV,162,69.3,100.0,Unspun World with John Simpson,", Season 6. John Simpson, in discussion with the BBC's unparalleled range of experts across the world, analyses the state of the German government after resounding regional election defeats. John Simpson.",False,1,https://epgshare01.online/epgshare01/epg_ripper_AE1.xml.gz
epgshare,AE1,BBC.World.News.ae,BBC World News,162,69.3,100.0,Unspun World with John Simpson,", Season 6. John Simpson, in discussion with the BBC's unparalleled range of experts across the world, analyses the state of the German government after resounding regional election defeats. John Simpson.",False,1,https://epgshare01.online/epgshare01/epg_ripper_AE1.xml.gz
epgshare,AE1,CNN.International.ae,CNN International,352,69.3,100.0,News,", Episode 465. An international news bulletin, presented live from the newsroom.",False,1,https://epgshare01.online/epgshare01/epg_ripper_AE1.xml.gz
epgshare,AE1,France.24.English.ae,France 24 English,352,69.3,100.0,News,", Episode 465. An international news bulletin, presented live from the newsroom.",False,1,https://epgshare01.online/epgshare01/epg_ripper_AE1.xml.gz
epgshare,AE1,NHK.World.Japan.ae,NHK World Japan,219,69.3,100.0,Nakai Seiya's Railway Journey,"Photographer Nakai Seiya travels three of Aichi's local railroads, capturing autumn scenery, a surprise steam locomotive, and local products along the way. Join us on a marvelous railway journey.",False,1,https://epgshare01.online/epgshare01/epg_ripper_AE1.xml.gz
epgshare,AE1,CGTN.ae,CGTN,130,69.3,100.0,Big Story,". Big Story is a documentary film program on CGTN. It explores global events with in a variety of filmic styles and featuring original, in-depth, thought-provoking storytelling.",False,1,https://epgshare01.online/epgshare01/epg_ripper_AE1.xml.gz
epgshare,AE1,MBC.Masr.Drama.HD.ae,MBC Masr Drama HD,35,70.6,100.0,Devil's Joy,"Hamam, the wealthy merchant falls in love with his servant and destroying his entire family, trying to control the iron trade with the help of influential people. Jamal Soliman, Sabrien.",False,1,https://epgshare01.online/epgshare01/epg_ripper_AE1.xml.gz
epgshare,AE1,MBC.Iraq.HD.ae,MBC Iraq HD,85,69.3,100.0,Silk Maker,"A diver emerges from a prison known as the Grave with a mysterious face and identity, hunting a lost treasure while navigating the neighborhood's deadly schemes, where his new, false identity is his only shield for survival. Samer Al Masry, Dima Kandalaft.",False,1,https://epgshare01.online/epgshare01/epg_ripper_AE1.xml.gz
epgshare,AE1,TV5.Monde.ae,TV5 Monde,129,69.3,100.0,ARCTIC RACE OF NORWAY 2026,. The 13th edition of the Arctic Race of Norway took place from 13 to 16 August.,False,1,https://epgshare01.online/epgshare01/epg_ripper_AE1.xml.gz
epgshare,AE1,KBS.World.ae,KBS World,71,69.5,100.0,Mad Dog,". Two young people go missing after a rave party in the woods. Meda and Rio, a man defeated by life and an uncompromising captain, are the two cops leading the investigation. It’s an old nightmare coming back to haunt the people from the small village near the forest but, this time, the monster has chosen the wrong person. Edoardo Pesce, Massimo Popolizio, Chiara Bassermann, Roberta Caronia, Luka Zunic, Vincenzo Alfieri, Fabrizio Bettelli, Giorgio Glaviano.",False,1,https://epgshare01.online/epgshare01/epg_ripper_AE1.xml.gz
epgshare,AE1,Al.Oula.ae,Al Oula,73,70.3,100.0,There Is No God But Allah,"A closer look at the period of monotheism in the era of the Prophet Joseph, which in turn affected the Pharaonic civilization in various fields of life. Yousef Shaaban, Abd El Menem Ibrahim, Raghda , Hala Fakher, Kamal Hussein, Ahmed Tantawi, Amian Al Sawy, Abdel Monem Ibrahim, Abdel Moneim Ibrahim.",False,1,https://epgshare01.online/epgshare01/epg_ripper_AE1.xml.gz
epgshare,AE1,Al.Thanya.ae,Al Thanya,67,69.8,100.0,Al Hayat Today,"Investigation Covering the major news and events of the past 24 hours along with reports and interviews with officials and politicians. Lobna Asal, Khalid Abo Bakr.",False,1,https://epgshare01.online/epgshare01/epg_ripper_AE1.xml.gz
epgshare,AE1,Al.Masriyah.ae,Al Masriyah,67,69.8,100.0,Al Hayat Today,"Investigation Covering the major news and events of the past 24 hours along with reports and interviews with officials and politicians. Lobna Asal, Khalid Abo Bakr.",False,1,https://epgshare01.online/epgshare01/epg_ripper_AE1.xml.gz
epgshare,AE1,Al.Shams.TV.ae,Al Shams TV,67,69.8,100.0,Al Hayat Today,"Investigation Covering the major news and events of the past 24 hours along with reports and interviews with officials and politicians. Lobna Asal, Khalid Abo Bakr.",False,1,https://epgshare01.online/epgshare01/epg_ripper_AE1.xml.gz
epgshare,AE1,Al.Hayah.HD.ae,Al Hayah HD,67,69.8,100.0,Al Hayat Today,"Investigation Covering the major news and events of the past 24 hours along with reports and interviews with officials and politicians. Lobna Asal, Khalid Abo Bakr.",False,1,https://epgshare01.online/epgshare01/epg_ripper_AE1.xml.gz
epgshare,AE1,Al.Hayah.2.ae,Al Hayah 2,71,71.5,100.0,Candid Camera,Comedy In any place or any time a new victim will be hunted for a new comic and unexpected trick.,False,1,https://epgshare01.online/epgshare01/epg_ripper_AE1.xml.gz
epgshare,AE1,Al.Kahera.Wal.Nas.ae,Al Kahera Wal Nas,71,71.5,100.0,Candid Camera,Comedy In any place or any time a new victim will be hunted for a new comic and unexpected trick.,False,1,https://epgshare01.online/epgshare01/epg_ripper_AE1.xml.gz
epgshare,AE1,Al.Kahera.Wal.Nas.2.ae,Al Kahera Wal Nas 2,58,70.4,100.0,Marriage By Force,"Leila is exposed to a serious accident that caused her to lose a lot of blood. When her private driver discovers that they have matching blood types, he decides to donate blood to her. She wakes up to the shock that she suffers AIDS. Zeina, Ahmed Fahmy, Mohsen Mohie Eldien, Farah Yossif, Tamer Yousry, Iman El Haddad, Akram Mostafa.",False,1,https://epgshare01.online/epgshare01/epg_ripper_AE1.xml.gz
epgshare,AE1,Al.Nahar.TV.ae,Al Nahar TV,76,69.3,100.0,Dressing Room,"Show Interviewing Egyptian or international football players, discussing the most prominent issues related to football, as well as analyzing matches. Ahmed Hosaam Mido.",False,1,https://epgshare01.online/epgshare01/epg_ripper_AE1.xml.gz
epgshare,AE1,On.E.HD.ae,On E HD,54,69.3,100.0,Mourad's House,"Show Writer Ahmed Mourad hosts his daughter to talk about the art of the novel, discuss the most influential books, and present the Father's point of view through his life experience and his daughter's, who represents the current generation of teenagers. Ahmed Mourad.",False,1,https://epgshare01.online/epgshare01/epg_ripper_AE1.xml.gz
epgshare,AE1,El.Mehwar.HD.ae,El Mehwar HD,64,69.3,100.0,Love Story,"Ahmed has a wonderful singing talent that qualifies him to achieve his dream and win the one he loves, but fate stands between him and his happiness when he learns that he has a terminal illness. Mariam Fakhr Al Deen, Abd Al Halim Hafez, Mahmoud Al Mligy, Abdel Salam Al Nabulsi, Saeed Khalil, Helmy Halim, Ali El Zorkani, Helmy Halim, Mahmoud Al Meligy, Mariam Fakhr Al Din, Abdel Haleem Hafez, Abdel Halim Hafez.",False,1,https://epgshare01.online/epgshare01/epg_ripper_AE1.xml.gz
epgshare,AE1,Nile.Life.ae,Nile Life,69,69.3,100.0,Your Health Is Everything,"Debate Hosting a group of doctors and specialists who share their expertise, address everyday health concerns, and offer practical advice to support care and prevention. Marian Younan, Rania Hamed.",False,1,https://epgshare01.online/epgshare01/epg_ripper_AE1.xml.gz
epgshare,AE1,Sada.El.Balad.2.ae,Sada El Balad 2,66,69.3,100.0,Arabic Movie,Drama A library of great and enjoyable films that have an immortal mark on the memory of Arab cinema.,False,1,https://epgshare01.online/epgshare01/epg_ripper_AE1.xml.gz
epgshare,AE1,Ten.ae,Ten,72,69.3,100.0,Clapperboard,"Fitness & Health In a fun and warm atmosphere, it discusses the details that every person goes through at the beginning of each stage of their life, whether it is childhood, adolescence, relationships, or marriage, and hosts several stars and specialists to benefit from their experiences. Basant Samir.",False,1,https://epgshare01.online/epgshare01/epg_ripper_AE1.xml.gz
epgshare,AE1,Egyptian.TV.HD.ae,Egyptian TV HD,70,69.3,100.0,أخبار,No Desription Available.,True,9,https://epgshare01.online/epgshare01/epg_ripper_AE1.xml.gz
epgshare,AE1,Al.Kahera.3.ae,Al Kahera 3,70,69.3,100.0,أخبار,No Desription Available.,True,9,https://epgshare01.online/epgshare01/epg_ripper_AE1.xml.gz
epgshare,AE1,Al.Kanal.4.ae,Al Kanal 4,70,69.3,100.0,أخبار,No Desription Available.,True,9,https://epgshare01.online/epgshare01/epg_ripper_AE1.xml.gz
epgshare,AE1,Al.Askandria.5.ae,Al Askandria 5,70,69.3,100.0,أخبار,No Desription Available.,True,9,https://epgshare01.online/epgshare01/epg_ripper_AE1.xml.gz
epgshare,AE1,Al.Delta.6.ae,Al Delta 6,70,69.3,100.0,أخبار,No Desription Available.,True,9,https://epgshare01.online/epgshare01/epg_ripper_AE1.xml.gz
epgshare,AE1,Al.Saeed.7.ae,Al Saeed 7,70,69.3,100.0,أخبار,No Desription Available.,True,9,https://epgshare01.online/epgshare01/epg_ripper_AE1.xml.gz
epgshare,AE1,Teba.8.ae,Teba 8,70,69.3,100.0,أخبار,No Desription Available.,True,9,https://epgshare01.online/epgshare01/epg_ripper_AE1.xml.gz
epgshare,AE1,Extra.live.ae,Extra live,70,69.3,100.0,أخبار,No Desription Available.,True,9,https://epgshare01.online/epgshare01/epg_ripper_AE1.xml.gz
epgshare,AE1,Al.Ghad.ae,Al Ghad,70,69.3,100.0,أخبار,No Desription Available.,True,9,https://epgshare01.online/epgshare01/epg_ripper_AE1.xml.gz
epgshare,AE1,Fujairah.HD.ae,Fujairah HD,59,69.3,100.0,Neighbors,"A group of families lives in one building, but their nationalities differ, so their cultures and ways of thinking differ, which creates many fun situations between them. At the same time, they form strong human relationships. Mohamed Abd El Aziz, Osama Hossam Eldin, Bayoumi Fouad, Jessy Abdo, Maram ali, Shaimaa Seif, Wesam Sabbagh, Ebrahim Al-Semman, Jamal Choukair, Wissam Sabbagh, Mohamed Abdelaziz, Jamal Chouqair.",False,1,https://epgshare01.online/epgshare01/epg_ripper_AE1.xml.gz
epgshare,AE1,Saudi.Thikrayat.ae,Saudi Thikrayat,88,69.3,100.0,Best Of Nights,"Debate Sarah Abd Al Aziz and Faisal Al Saleh provide comprehensive coverage of events held during the Riyadh Season. Sara Abdel Aziz, Faisal Al Saleh.",False,1,https://epgshare01.online/epgshare01/epg_ripper_AE1.xml.gz
epgshare,AE1,Saudia.Alaan.TV.ae,Saudia Alaan TV,121,71.0,100.0,Sohour With Awnan,"At Sohour's table, Ahmed Awnan leads light conversations with celebrities chattering about various topics on Ramadan nights. Ahmed Al-Ounan, Ahmed Al Ounan.",False,1,https://epgshare01.online/epgshare01/epg_ripper_AE1.xml.gz
epgshare,AE1,Bahrain.TV.HD.ae,Bahrain TV HD,121,71.0,100.0,Sohour With Awnan,"At Sohour's table, Ahmed Awnan leads light conversations with celebrities chattering about various topics on Ramadan nights. Ahmed Al-Ounan, Ahmed Al Ounan.",False,1,https://epgshare01.online/epgshare01/epg_ripper_AE1.xml.gz
epgshare,AE1,Bahrain.International.ae,Bahrain International,121,71.0,100.0,Sohour With Awnan,"At Sohour's table, Ahmed Awnan leads light conversations with celebrities chattering about various topics on Ramadan nights. Ahmed Al-Ounan, Ahmed Al Ounan.",False,1,https://epgshare01.online/epgshare01/epg_ripper_AE1.xml.gz
epgshare,AE1,Al.Rai.TV.ae,Al Rai TV,121,71.0,100.0,Sohour With Awnan,"At Sohour's table, Ahmed Awnan leads light conversations with celebrities chattering about various topics on Ramadan nights. Ahmed Al-Ounan, Ahmed Al Ounan.",False,1,https://epgshare01.online/epgshare01/epg_ripper_AE1.xml.gz
epgshare,AE1,Kuwait.TV.2.HD.ae,Kuwait TV 2 HD,132,69.3,100.0,From Oman,Politics Up to the minute coverage of all the latest issues and events happening inside Sultanate Oman.,False,1,https://epgshare01.online/epgshare01/epg_ripper_AE1.xml.gz
epgshare,AE1,Kuwait.Al.Akhbar.ae,Kuwait Al Akhbar,132,69.3,100.0,From Oman,Politics Up to the minute coverage of all the latest issues and events happening inside Sultanate Oman.,False,1,https://epgshare01.online/epgshare01/epg_ripper_AE1.xml.gz
epgshare,AE1,Oman.TV.HD.ae,Oman TV HD,132,69.3,100.0,From Oman,Politics Up to the minute coverage of all the latest issues and events happening inside Sultanate Oman.,False,1,https://epgshare01.online/epgshare01/epg_ripper_AE1.xml.gz
epgshare,AE1,Oman.TV.Mubasher.HD.ae,Oman TV Mubasher HD,73,69.3,100.0,Man's Prints,"Magazine Exploring the unique world of human markers beyond fingerprints. Modern science reveals distinct voice, smell, tongue, ear, and eye prints. Discover how these unique traits are used in advanced technology.",False,1,https://epgshare01.online/epgshare01/epg_ripper_AE1.xml.gz
epgshare,AE1,Al.Rayyan.HD.ae,Al Rayyan HD,73,69.3,100.0,Man's Prints,"Magazine Exploring the unique world of human markers beyond fingerprints. Modern science reveals distinct voice, smell, tongue, ear, and eye prints. Discover how these unique traits are used in advanced technology.",False,1,https://epgshare01.online/epgshare01/epg_ripper_AE1.xml.gz
epgshare,AE1,Qatar.TV.HD.ae,Qatar TV HD,79,76.3,100.0,Badge Of Quran,"Show Sheikh Fahd Al-Kendary presents inspiring stories for kids who have been able to memorize the holy Quran, which could motivate others to do the same. Walid Yousry, Fahd Salem Al Kindary.",False,1,https://epgshare01.online/epgshare01/epg_ripper_AE1.xml.gz
epgshare,AE1,Qatar.2.HD.ae,Qatar 2 HD,112,70.3,100.0,On The Road,"Debate The host discusses different aspects of life with his guests from a religious perspective, as a reminder to Muslims about the facets of Islam that people often overlook. Aqeel Al Jenahi.",False,1,https://epgshare01.online/epgshare01/epg_ripper_AE1.xml.gz
epgshare,AE1,Yemen.TV.ae,Yemen TV,67,77.3,100.0,A Citizen's Diary,"An ordinary man named Khairi faces the ups and downs of everyday life with optimism and determination, as the comedic and dramatic events in his neighborhood reveal the strength of hope and solidarity. Fahad Al Qarni, mohammed Al Amawei, Mohammed Al Amawy.",False,1,https://epgshare01.online/epgshare01/epg_ripper_AE1.xml.gz
epgshare,AE1,Aden.TV.ae,Aden TV,67,77.3,100.0,A Citizen's Diary,"An ordinary man named Khairi faces the ups and downs of everyday life with optimism and determination, as the comedic and dramatic events in his neighborhood reveal the strength of hope and solidarity. Fahad Al Qarni, mohammed Al Amawei, Mohammed Al Amawy.",False,1,https://epgshare01.online/epgshare01/epg_ripper_AE1.xml.gz
epgshare,AE1,Yemen.Shabab.ae,Yemen Shabab,67,77.3,100.0,A Citizen's Diary,"An ordinary man named Khairi faces the ups and downs of everyday life with optimism and determination, as the comedic and dramatic events in his neighborhood reveal the strength of hope and solidarity. Fahad Al Qarni, mohammed Al Amawei, Mohammed Al Amawy.",False,1,https://epgshare01.online/epgshare01/epg_ripper_AE1.xml.gz
epgshare,AE1,Reef.AlYemen.ae,Reef AlYemen,67,77.3,100.0,A Citizen's Diary,"An ordinary man named Khairi faces the ups and downs of everyday life with optimism and determination, as the comedic and dramatic events in his neighborhood reveal the strength of hope and solidarity. Fahad Al Qarni, mohammed Al Amawei, Mohammed Al Amawy.",False,1,https://epgshare01.online/epgshare01/epg_ripper_AE1.xml.gz
epgshare,AE1,Al.Aoula.ae,Al Aoula,77,71.8,100.0,Canal Atlas,No Desription Available.,False,1,https://epgshare01.online/epgshare01/epg_ripper_AE1.xml.gz
epgshare,AE1,2M.Monde.ae,2M Monde,103,70.1,100.0,TV Program,"People Following up on the most significant social, political, and economic events and issues that concern the public and directly affect their lives by hosting the best experts in each field.",False,1,https://epgshare01.online/epgshare01/epg_ripper_AE1.xml.gz
epgshare,AE1,Canal.Algerie.ae,Canal Algerie,89,69.3,100.0,TV Program,"People Following up on the most significant social, political, and economic events and issues that concern the public and directly affect their lives by hosting the best experts in each field.",False,1,https://epgshare01.online/epgshare01/epg_ripper_AE1.xml.gz
epgshare,AE1,Algérie.4.ae,Algérie 4,89,69.3,100.0,TV Program,"People Following up on the most significant social, political, and economic events and issues that concern the public and directly affect their lives by hosting the best experts in each field.",False,1,https://epgshare01.online/epgshare01/epg_ripper_AE1.xml.gz
epgshare,AE1,Algérie.6.HD.ae,Algérie 6 HD,89,69.3,100.0,TV Program,"People Following up on the most significant social, political, and economic events and issues that concern the public and directly affect their lives by hosting the best experts in each field.",False,1,https://epgshare01.online/epgshare01/epg_ripper_AE1.xml.gz
epgshare,AE1,Echorouk.TV.HD.ae,Echorouk TV HD,89,69.3,100.0,TV Program,"People Following up on the most significant social, political, and economic events and issues that concern the public and directly affect their lives by hosting the best experts in each field.",False,1,https://epgshare01.online/epgshare01/epg_ripper_AE1.xml.gz
epgshare,AE1,One.TV.ae,One TV,78,70.8,100.0,World Cup Studio,"Analysts and experts analyze every World Cup match with detailed tactics, highlight key moments, provide player insights, and engage in expert debates.",False,1,https://epgshare01.online/epgshare01/epg_ripper_AE1.xml.gz
epgshare,AE1,Al.Djazair.N°1.ae,Al Djazair N°1,78,70.8,100.0,World Cup Studio,"Analysts and experts analyze every World Cup match with detailed tactics, highlight key moments, provide player insights, and engage in expert debates.",False,1,https://epgshare01.online/epgshare01/epg_ripper_AE1.xml.gz
epgshare,AE1,Tunisia.Nat.1.ae,Tunisia Nat 1,78,70.8,100.0,World Cup Studio,"Analysts and experts analyze every World Cup match with detailed tactics, highlight key moments, provide player insights, and engage in expert debates.",False,1,https://epgshare01.online/epgshare01/epg_ripper_AE1.xml.gz
epgshare,AE1,Tunisia.Nat.2.ae,Tunisia Nat 2,65,69.3,100.0,Fiqh Of Life,"Show As an expert on religion and Sharia, Sheikh Ashraf Al Omari addresses life issues that concern every Muslim. Dr. Ashraf Yahya Al Omary.",False,1,https://epgshare01.online/epgshare01/epg_ripper_AE1.xml.gz
epgshare,AE1,EL.FadjrDrama.DZ.HD.ae,EL FadjrDrama DZ HD,65,69.3,100.0,Fiqh Of Life,"Show As an expert on religion and Sharia, Sheikh Ashraf Al Omari addresses life issues that concern every Muslim. Dr. Ashraf Yahya Al Omary.",False,1,https://epgshare01.online/epgshare01/epg_ripper_AE1.xml.gz
epgshare,AE1,Essalam.TV.ae,Essalam TV,0,0,0.0,,,False,1,https://epgshare01.online/epgshare01/epg_ripper_AE1.xml.gz
epgshare,AE1,Zaytoona.ae,Zaytoona,65,69.3,100.0,Fiqh Of Life,"Show As an expert on religion and Sharia, Sheikh Ashraf Al Omari addresses life issues that concern every Muslim. Dr. Ashraf Yahya Al Omary.",False,1,https://epgshare01.online/epgshare01/epg_ripper_AE1.xml.gz
epgshare,AE1,Amman.TV.HD.ae,Amman TV HD,65,69.3,100.0,Fiqh Of Life,"Show As an expert on religion and Sharia, Sheikh Ashraf Al Omari addresses life issues that concern every Muslim. Dr. Ashraf Yahya Al Omary.",False,1,https://epgshare01.online/epgshare01/epg_ripper_AE1.xml.gz
epgshare,AE1,Al.Mamlaka.TV.HD.ae,Al Mamlaka TV HD,65,69.3,100.0,Fiqh Of Life,"Show As an expert on religion and Sharia, Sheikh Ashraf Al Omari addresses life issues that concern every Muslim. Dr. Ashraf Yahya Al Omary.",False,1,https://epgshare01.online/epgshare01/epg_ripper_AE1.xml.gz
epgshare,AE1,Iraq.Edu.1.ae,Iraq Edu 1,0,0,0.0,,,False,1,https://epgshare01.online/epgshare01/epg_ripper_AE1.xml.gz
epgshare,AE1,Iraq.Edu.2.ae,Iraq Edu 2,0,0,0.0,,,False,1,https://epgshare01.online/epgshare01/epg_ripper_AE1.xml.gz
epgshare,AE1,Iraq.Edu.3.ae,Iraq Edu 3,0,0,0.0,,,False,1,https://epgshare01.online/epgshare01/epg_ripper_AE1.xml.gz
epgshare,AE1,Iraq.Edu.4.ae,Iraq Edu 4,0,0,0.0,,,False,1,https://epgshare01.online/epgshare01/epg_ripper_AE1.xml.gz
epgshare,AE1,Iraq.Edu.5.ae,Iraq Edu 5,0,0,0.0,,,False,1,https://epgshare01.online/epgshare01/epg_ripper_AE1.xml.gz
epgshare,AE1,Iraq.Edu.6.ae,Iraq Edu 6,0,0,0.0,,,False,1,https://epgshare01.online/epgshare01/epg_ripper_AE1.xml.gz
epgshare,AE1,Iraq.Edu.7.ae,Iraq Edu 7,0,0,0.0,,,False,1,https://epgshare01.online/epgshare01/epg_ripper_AE1.xml.gz
epgshare,AE1,Al.Iraqiya.HD.ae,Al Iraqiya HD,84,69.3,100.0,TV Program,"People Following up on the most significant social, political, and economic events and issues that concern the public and directly affect their lives by hosting the best experts in each field.",False,1,https://epgshare01.online/epgshare01/epg_ripper_AE1.xml.gz
epgshare,AE1,Al.Sharqiya.TV.HD.ae,Al Sharqiya TV HD,84,69.3,100.0,TV Program,"People Following up on the most significant social, political, and economic events and issues that concern the public and directly affect their lives by hosting the best experts in each field.",False,1,https://epgshare01.online/epgshare01/epg_ripper_AE1.xml.gz
epgshare,AE1,Al.Sumaria.TV.ae,Al Sumaria TV,83,69.7,100.0,Biotic,"Medecine Scientific advice surrounding healthy dietary and fitness habits, highlighting several unhealthy lifestyle habits and how to overcome them. Farah Al Khayat.",False,1,https://epgshare01.online/epgshare01/epg_ripper_AE1.xml.gz
epgshare,AE1,Al.Rasheed.TV.HD.ae,Al Rasheed TV HD,71,69.3,100.0,Play Fields' Studio,"Magazine An amazing, comprehensive overview on all sports updates in Iraq and the whole globe, packed with field reports and analytic interviews. Muhammed Al Nasser.",False,1,https://epgshare01.online/epgshare01/epg_ripper_AE1.xml.gz
epgshare,AE1,Iraq.Al.Hadath.ae,Iraq Al Hadath,71,69.3,100.0,Play Fields' Studio,"Magazine An amazing, comprehensive overview on all sports updates in Iraq and the whole globe, packed with field reports and analytic interviews. Muhammed Al Nasser.",False,1,https://epgshare01.online/epgshare01/epg_ripper_AE1.xml.gz
epgshare,AE1,Iraq.24.HD.ae,Iraq 24 HD,70,69.3,100.0,Iran International,". Latest Iran News. Premier source of in-depth news, analysis, insights, and opinions on Iran by native and non-native journalists and experts.",True,12,https://epgshare01.online/epgshare01/epg_ripper_AE1.xml.gz
epgshare,AE1,Karbala.TV.HD.ae,Karbala TV HD,70,69.3,100.0,Iran International,". Latest Iran News. Premier source of in-depth news, analysis, insights, and opinions on Iran by native and non-native journalists and experts.",True,12,https://epgshare01.online/epgshare01/epg_ripper_AE1.xml.gz
epgshare,AE1,Al.Forat.ae,Al Forat,70,69.3,100.0,Iran International,". Latest Iran News. Premier source of in-depth news, analysis, insights, and opinions on Iran by native and non-native journalists and experts.",True,12,https://epgshare01.online/epgshare01/epg_ripper_AE1.xml.gz
epgshare,AE1,Iraq.Now.ae,Iraq Now,70,69.3,100.0,Iran International,". Latest Iran News. Premier source of in-depth news, analysis, insights, and opinions on Iran by native and non-native journalists and experts.",True,12,https://epgshare01.online/epgshare01/epg_ripper_AE1.xml.gz
epgshare,AE1,Alawla.ae,Alawla,70,69.3,100.0,Iran International,". Latest Iran News. Premier source of in-depth news, analysis, insights, and opinions on Iran by native and non-native journalists and experts.",True,12,https://epgshare01.online/epgshare01/epg_ripper_AE1.xml.gz
epgshare,AE1,Al.Iraqiya.Kurd.ae,Al Iraqiya Kurd,70,69.3,100.0,Iran International,". Latest Iran News. Premier source of in-depth news, analysis, insights, and opinions on Iran by native and non-native journalists and experts.",True,12,https://epgshare01.online/epgshare01/epg_ripper_AE1.xml.gz
epgshare,AE1,Kurdistan.TV.ae,Kurdistan TV,70,69.3,100.0,Iran International,". Latest Iran News. Premier source of in-depth news, analysis, insights, and opinions on Iran by native and non-native journalists and experts.",True,12,https://epgshare01.online/epgshare01/epg_ripper_AE1.xml.gz
epgshare,AE1,KurdMax.HD.ae,KurdMax HD,70,69.3,100.0,Iran International,". Latest Iran News. Premier source of in-depth news, analysis, insights, and opinions on Iran by native and non-native journalists and experts.",True,12,https://epgshare01.online/epgshare01/epg_ripper_AE1.xml.gz
epgshare,AE1,Kurdsat.ae,Kurdsat,70,69.3,100.0,Iran International,". Latest Iran News. Premier source of in-depth news, analysis, insights, and opinions on Iran by native and non-native journalists and experts.",True,12,https://epgshare01.online/epgshare01/epg_ripper_AE1.xml.gz
epgshare,AE1,Rûdaw.TV.HD.ae,Rûdaw TV HD,70,69.3,100.0,Iran International,". Latest Iran News. Premier source of in-depth news, analysis, insights, and opinions on Iran by native and non-native journalists and experts.",True,12,https://epgshare01.online/epgshare01/epg_ripper_AE1.xml.gz
epgshare,AE1,Speda.HD.ae,Speda HD,70,69.3,100.0,Iran International,". Latest Iran News. Premier source of in-depth news, analysis, insights, and opinions on Iran by native and non-native journalists and experts.",True,12,https://epgshare01.online/epgshare01/epg_ripper_AE1.xml.gz
epgshare,AE1,Zagros.ae,Zagros,70,69.3,100.0,Iran International,". Latest Iran News. Premier source of in-depth news, analysis, insights, and opinions on Iran by native and non-native journalists and experts.",True,12,https://epgshare01.online/epgshare01/epg_ripper_AE1.xml.gz
epgshare,AE1,One.America.News.Network.ae,One America News Network,116,69.8,100.0,Royal Documentaries,"The most notable woman in modern times has to be our Late Queen, Elizabeth II. She ruled for 70 years, the longest reign in British history. Once a princess who wasn't supposed to be queen, Elizabeth II led the country to thrive after World War II and became a steady presence in our changing world. In a thousand years of British monarchy, Elizabeth II is likely one of the most outstanding monarchs ever.",False,1,https://epgshare01.online/epgshare01/epg_ripper_AE1.xml.gz
epgshare,AE1,Al.Iraqiya.Turkuman.ae,Al Iraqiya Turkuman,116,69.8,100.0,Royal Documentaries,"The most notable woman in modern times has to be our Late Queen, Elizabeth II. She ruled for 70 years, the longest reign in British history. Once a princess who wasn't supposed to be queen, Elizabeth II led the country to thrive after World War II and became a steady presence in our changing world. In a thousand years of British monarchy, Elizabeth II is likely one of the most outstanding monarchs ever.",False,1,https://epgshare01.online/epgshare01/epg_ripper_AE1.xml.gz
epgshare,AE1,Iraqia.Syriac.ae,Iraqia Syriac,116,69.8,100.0,Royal Documentaries,"The most notable woman in modern times has to be our Late Queen, Elizabeth II. She ruled for 70 years, the longest reign in British history. Once a princess who wasn't supposed to be queen, Elizabeth II led the country to thrive after World War II and became a steady presence in our changing world. In a thousand years of British monarchy, Elizabeth II is likely one of the most outstanding monarchs ever.",False,1,https://epgshare01.online/epgshare01/epg_ripper_AE1.xml.gz
epgshare,AE1,China.Arab.TV.ae,China Arab TV,116,69.8,100.0,Royal Documentaries,"The most notable woman in modern times has to be our Late Queen, Elizabeth II. She ruled for 70 years, the longest reign in British history. Once a princess who wasn't supposed to be queen, Elizabeth II led the country to thrive after World War II and became a steady presence in our changing world. In a thousand years of British monarchy, Elizabeth II is likely one of the most outstanding monarchs ever.",False,1,https://epgshare01.online/epgshare01/epg_ripper_AE1.xml.gz
epgshare,AE1,Zee.Alwan.Egypt.ae,Zee Alwan Egypt,116,69.8,100.0,Royal Documentaries,"The most notable woman in modern times has to be our Late Queen, Elizabeth II. She ruled for 70 years, the longest reign in British history. Once a princess who wasn't supposed to be queen, Elizabeth II led the country to thrive after World War II and became a steady presence in our changing world. In a thousand years of British monarchy, Elizabeth II is likely one of the most outstanding monarchs ever.",False,1,https://epgshare01.online/epgshare01/epg_ripper_AE1.xml.gz
epgshare,AE1,Baywatch.ae,Baywatch,0,0,0.0,,,False,1,https://epgshare01.online/epgshare01/epg_ripper_AE1.xml.gz
epgshare,AE1,Wedotv.Big.Stories.ae,Wedotv Big Stories,116,69.8,100.0,Royal Documentaries,"The most notable woman in modern times has to be our Late Queen, Elizabeth II. She ruled for 70 years, the longest reign in British history. Once a princess who wasn't supposed to be queen, Elizabeth II led the country to thrive after World War II and became a steady presence in our changing world. In a thousand years of British monarchy, Elizabeth II is likely one of the most outstanding monarchs ever.",False,1,https://epgshare01.online/epgshare01/epg_ripper_AE1.xml.gz
epgshare,AE1,AWE.ae,AWE,0,0,0.0,,,False,1,https://epgshare01.online/epgshare01/epg_ripper_AE1.xml.gz
epgshare,AE1,Mix.bel.Araby.TV.ae,Mix bel Araby TV,36,70.3,100.0,The Gold Merchant,"Fathiya abandons the love of her life to wed Al Hoot, a ruthless businessman who controls the gold trade. She subsequently plans to exact revenge on him for leaving her for another woman, though. Fifi Abdou, Kamal El Shennawi, Salah Abdullah, Enas Mekky, Fouad Khalel, Mohsin Al Jalad, Ahmed Al Sabaawy, Kamal Al Shennawi.",False,1,https://epgshare01.online/epgshare01/epg_ripper_AE1.xml.gz
epgshare,AE1,Cima.ae,Cima,36,70.3,100.0,The Gold Merchant,"Fathiya abandons the love of her life to wed Al Hoot, a ruthless businessman who controls the gold trade. She subsequently plans to exact revenge on him for leaving her for another woman, though. Fifi Abdou, Kamal El Shennawi, Salah Abdullah, Enas Mekky, Fouad Khalel, Mohsin Al Jalad, Ahmed Al Sabaawy, Kamal Al Shennawi.",False,1,https://epgshare01.online/epgshare01/epg_ripper_AE1.xml.gz
epgshare,AE1,Dijlah.Zaman.ae,Dijlah Zaman,35,69.3,100.0,My Story With Time,"Soheir gives up singing for her husband, only to discover his involvement in illegal activities. After leaving him, he takes their daughter away, driving her back to the stage. They eventually reunite, but by then, she has fallen for another man. Warda Algazarya, Roshdy Abaza, Samir Sabri, Youssef Wehby, Leblba , Mohamed Mostafa Samy, Hasan Al Emam, Warda Al Jazairia.",False,1,https://epgshare01.online/epgshare01/epg_ripper_AE1.xml.gz
epgshare,AE1,Al.Hayah.Mosalsalat.ae,Al Hayah Mosalsalat,35,69.3,100.0,My Story With Time,"Soheir gives up singing for her husband, only to discover his involvement in illegal activities. After leaving him, he takes their daughter away, driving her back to the stage. They eventually reunite, but by then, she has fallen for another man. Warda Algazarya, Roshdy Abaza, Samir Sabri, Youssef Wehby, Leblba , Mohamed Mostafa Samy, Hasan Al Emam, Warda Al Jazairia.",False,1,https://epgshare01.online/epgshare01/epg_ripper_AE1.xml.gz
epgshare,AE1,Nile.Comedy.ae,Nile Comedy,83,69.3,100.0,For Security Matters,"Farid AL Deep symbolizes the symbol of influence, power and authority .He adores success and refuses any alternatives for it even on the detriment of others.However ,law doesn't criminalize him. Thus, his victims seek revenge and Farid now is under threat of murdering. Kamal Al Shennawi, Maged El Masry.",False,1,https://epgshare01.online/epgshare01/epg_ripper_AE1.xml.gz
epgshare,AE1,Nile.Drama.ae,Nile Drama,83,69.3,100.0,For Security Matters,"Farid AL Deep symbolizes the symbol of influence, power and authority .He adores success and refuses any alternatives for it even on the detriment of others.However ,law doesn't criminalize him. Thus, his victims seek revenge and Farid now is under threat of murdering. Kamal Al Shennawi, Maged El Masry.",False,1,https://epgshare01.online/epgshare01/epg_ripper_AE1.xml.gz
epgshare,AE1,Nile.Family.ae,Nile Family,70,69.3,100.0,The Rainbow Colors,"Four girls struggle for life. They have dreams seeking to achieve them. But their low social-economic status prevents them from being what they aim at. Abeer Sabry, Lekaa El Khamissi, Ferial Yousef, Injy Abdulaah, Ahmad Wafiq, Abd Al Aziz Hashad, Ahmed Subhi, Lekaa Al Khamisi, Lekaa Al Khamisi.",False,1,https://epgshare01.online/epgshare01/epg_ripper_AE1.xml.gz
epgshare,AE1,Al.Nahar.Drama.ae,Al Nahar Drama,70,69.3,100.0,The Rainbow Colors,"Four girls struggle for life. They have dreams seeking to achieve them. But their low social-economic status prevents them from being what they aim at. Abeer Sabry, Lekaa El Khamissi, Ferial Yousef, Injy Abdulaah, Ahmad Wafiq, Abd Al Aziz Hashad, Ahmed Subhi, Lekaa Al Khamisi, Lekaa Al Khamisi.",False,1,https://epgshare01.online/epgshare01/epg_ripper_AE1.xml.gz
epgshare,AE1,CBC.Drama.ae,CBC Drama,70,69.3,100.0,Sweet Life,"Different young women live stories in which love plays an essential role, and coincidence and fate have a dramatic intervention that causes the events in each of their lives to turn despite their different circumstances and personalities. Hannah El Zahed, Mohamed El-Kilany, Mahmoud Abdel Moghni, Mohamed El Sharnouby, Ahmed Hatem, Khaled El Halfawy, Mohamed Jalal, Mahmoud Abd Al Moghni, Mohamed El Kilany, Mahmoud Abd Al Moghny, Mahmoud Abd Al Moghny, Mohamed Kelany, Mahmoud Abdelmoghny, Mahmoud Abdel moghny, Mohamad El Sharnouby, Khalid EAl Halfawy, Khalid Al Halfawy.",False,1,https://epgshare01.online/epgshare01/epg_ripper_AE1.xml.gz
epgshare,AE1,DMC.Drama.ae,DMC Drama,59,70.3,100.0,Man's Shadow,"Galal's quiet life turns into hell when his daughter Shahd is subjected to a violent incident, and with the help of Dr. Malak, he seeks to uncover the truth and reveal the perpetrator's identity for revenge. Yasser Galal, Nermin Alfky, Mahmoud Abdel Moghni, Nour, Ehab Fahmy, Ahmed Abd Alfattah, Ahmed Saleh, Mahmoud Abd Al Moghni, Nermine Al Fiky, Mahmoud Abd Al Moghny, Nermin Al-Fiqqy, Ahmad Abdulfattah, Mahmoud Abdelmoghny, Ahmad Saleh, Mahmoud Abdel moghny, Nermine El Fiky.",False,1,https://epgshare01.online/epgshare01/epg_ripper_AE1.xml.gz
epgshare,AE1,Sada.El.Balad.Drama.ae,Sada El Balad Drama,70,69.3,100.0,Qalaa Al Hajar: Sakhra Tribes,"In Upper Egypt, an intense rebellion erupts as women challenge rigid traditions, igniting a battle against those determined to preserve the old ways. As tensions soar, they must fight for their freedom or risk being silenced forever. Mohamed Reyad, Sawsan Badr, Abdelaziz Makhyoun, Lekaa Swidan, Mofeed Ashour, Samira Abd El Aziz, Marwa Abd Al Moneim, Hosny saleh, Samira Abdel Aziz, Marwa Abdel Moneim, Ahmed Wafdy.",False,1,https://epgshare01.online/epgshare01/epg_ripper_AE1.xml.gz
epgshare,AE1,Al.Rayyan.Al.Qadeem.HD.ae,Al Rayyan Al Qadeem HD,69,70.3,100.0,Religious Talk,Religion A religious program presented by a religious scholar who talks about many topics related to Sharia and religious laws that interest every Muslim.,False,1,https://epgshare01.online/epgshare01/epg_ripper_AE1.xml.gz
epgshare,AE1,Panorama.Drama.ae,Panorama Drama,107,69.3,100.0,Coffee Shop's Stories,Culture Broadcaster Samia Al Atrby interviews crafters to talk about the details and challenges of their profession and show their products. Samia Al Etribi.,True,8,https://epgshare01.online/epgshare01/epg_ripper_AE1.xml.gz
epgshare,AE1,Panorama.Drama.2.ae,Panorama Drama 2,107,69.3,100.0,Coffee Shop's Stories,Culture Broadcaster Samia Al Atrby interviews crafters to talk about the details and challenges of their profession and show their products. Samia Al Etribi.,True,8,https://epgshare01.online/epgshare01/epg_ripper_AE1.xml.gz
epgshare,AE1,Panorama.Film.ae,Panorama Film,107,69.3,100.0,Coffee Shop's Stories,Culture Broadcaster Samia Al Atrby interviews crafters to talk about the details and challenges of their profession and show their products. Samia Al Etribi.,True,8,https://epgshare01.online/epgshare01/epg_ripper_AE1.xml.gz
epgshare,AE1,Beirut.Aflam.ae,Beirut Aflam,107,69.3,100.0,Coffee Shop's Stories,Culture Broadcaster Samia Al Atrby interviews crafters to talk about the details and challenges of their profession and show their products. Samia Al Etribi.,True,8,https://epgshare01.online/epgshare01/epg_ripper_AE1.xml.gz
epgshare,AE1,Beirut.Alyoom.ae,Beirut Alyoom,107,69.3,100.0,Coffee Shop's Stories,Culture Broadcaster Samia Al Atrby interviews crafters to talk about the details and challenges of their profession and show their products. Samia Al Etribi.,True,8,https://epgshare01.online/epgshare01/epg_ripper_AE1.xml.gz
epgshare,AE1,Beirut.Cinema.ae,Beirut Cinema,107,69.3,100.0,Coffee Shop's Stories,Culture Broadcaster Samia Al Atrby interviews crafters to talk about the details and challenges of their profession and show their products. Samia Al Etribi.,True,8,https://epgshare01.online/epgshare01/epg_ripper_AE1.xml.gz
epgshare,AE1,Beirut.Drama.ae,Beirut Drama,107,69.3,100.0,Coffee Shop's Stories,Culture Broadcaster Samia Al Atrby interviews crafters to talk about the details and challenges of their profession and show their products. Samia Al Etribi.,True,8,https://epgshare01.online/epgshare01/epg_ripper_AE1.xml.gz
epgshare,AE1,Maspero.Zaman.ae,Maspero Zaman,107,69.3,100.0,Coffee Shop's Stories,Culture Broadcaster Samia Al Atrby interviews crafters to talk about the details and challenges of their profession and show their products. Samia Al Etribi.,True,8,https://epgshare01.online/epgshare01/epg_ripper_AE1.xml.gz
epgshare,AE1,El.Omda.Drama.ae,El Omda Drama,62,70.3,100.0,Little Engineer,"Jawad joins Amir Kabir University, and a friendship develops between him, Masoud, and Qasim. Then they enroll at Portland University and face problems because of their academic project. Roozbeh Hesari, Sorayya Qasemi.",True,30,https://epgshare01.online/epgshare01/epg_ripper_AE1.xml.gz
epgshare,AE1,El.Omda.Hekayat.Film.ae,El Omda Hekayat Film,62,70.3,100.0,Little Engineer,"Jawad joins Amir Kabir University, and a friendship develops between him, Masoud, and Qasim. Then they enroll at Portland University and face problems because of their academic project. Roozbeh Hesari, Sorayya Qasemi.",True,30,https://epgshare01.online/epgshare01/epg_ripper_AE1.xml.gz
epgshare,AE1,El.Omda.Al.yom.ae,El Omda Al yom,62,70.3,100.0,Little Engineer,"Jawad joins Amir Kabir University, and a friendship develops between him, Masoud, and Qasim. Then they enroll at Portland University and face problems because of their academic project. Roozbeh Hesari, Sorayya Qasemi.",True,30,https://epgshare01.online/epgshare01/epg_ripper_AE1.xml.gz
epgshare,AE1,Elasema.welanas.ae,Elasema welanas,62,70.3,100.0,Little Engineer,"Jawad joins Amir Kabir University, and a friendship develops between him, Masoud, and Qasim. Then they enroll at Portland University and face problems because of their academic project. Roozbeh Hesari, Sorayya Qasemi.",True,30,https://epgshare01.online/epgshare01/epg_ripper_AE1.xml.gz
epgshare,AE1,Alking.Drama.TV.ae,Alking Drama TV,62,70.3,100.0,Little Engineer,"Jawad joins Amir Kabir University, and a friendship develops between him, Masoud, and Qasim. Then they enroll at Portland University and face problems because of their academic project. Roozbeh Hesari, Sorayya Qasemi.",True,30,https://epgshare01.online/epgshare01/epg_ripper_AE1.xml.gz
epgshare,AE1,Fox.Movies.ae,Fox Movies,0,0,0.0,,,False,1,https://epgshare01.online/epgshare01/epg_ripper_AE1.xml.gz
epgshare,AE1,One.Movies.ae,One Movies,62,70.3,100.0,Little Engineer,"Jawad joins Amir Kabir University, and a friendship develops between him, Masoud, and Qasim. Then they enroll at Portland University and face problems because of their academic project. Roozbeh Hesari, Sorayya Qasemi.",True,30,https://epgshare01.online/epgshare01/epg_ripper_AE1.xml.gz
epgshare,AE1,One.Drama.ae,One Drama,62,70.3,100.0,Little Engineer,"Jawad joins Amir Kabir University, and a friendship develops between him, Masoud, and Qasim. Then they enroll at Portland University and face problems because of their academic project. Roozbeh Hesari, Sorayya Qasemi.",True,30,https://epgshare01.online/epgshare01/epg_ripper_AE1.xml.gz
epgshare,AE1,Al.Shasha.Cinema.ae,Al Shasha Cinema,62,70.3,100.0,Little Engineer,"Jawad joins Amir Kabir University, and a friendship develops between him, Masoud, and Qasim. Then they enroll at Portland University and face problems because of their academic project. Roozbeh Hesari, Sorayya Qasemi.",True,30,https://epgshare01.online/epgshare01/epg_ripper_AE1.xml.gz
epgshare,AE1,Al.Shasha.Musalsalat.ae,Al Shasha Musalsalat,62,70.3,100.0,Little Engineer,"Jawad joins Amir Kabir University, and a friendship develops between him, Masoud, and Qasim. Then they enroll at Portland University and face problems because of their academic project. Roozbeh Hesari, Sorayya Qasemi.",True,30,https://epgshare01.online/epgshare01/epg_ripper_AE1.xml.gz
epgshare,AE1,Al.Shasha.Hekayat.ae,Al Shasha Hekayat,62,70.3,100.0,Little Engineer,"Jawad joins Amir Kabir University, and a friendship develops between him, Masoud, and Qasim. Then they enroll at Portland University and face problems because of their academic project. Roozbeh Hesari, Sorayya Qasemi.",True,30,https://epgshare01.online/epgshare01/epg_ripper_AE1.xml.gz
epgshare,AE1,Al.Shasha.Drama.ae,Al Shasha Drama,62,70.3,100.0,Little Engineer,"Jawad joins Amir Kabir University, and a friendship develops between him, Masoud, and Qasim. Then they enroll at Portland University and face problems because of their academic project. Roozbeh Hesari, Sorayya Qasemi.",True,30,https://epgshare01.online/epgshare01/epg_ripper_AE1.xml.gz
epgshare,AE1,Al.Shasha.Film.ae,Al Shasha Film,62,70.3,100.0,Little Engineer,"Jawad joins Amir Kabir University, and a friendship develops between him, Masoud, and Qasim. Then they enroll at Portland University and face problems because of their academic project. Roozbeh Hesari, Sorayya Qasemi.",True,30,https://epgshare01.online/epgshare01/epg_ripper_AE1.xml.gz
epgshare,AE1,Al.Shasha.Alwan.ae,Al Shasha Alwan,62,70.3,100.0,Little Engineer,"Jawad joins Amir Kabir University, and a friendship develops between him, Masoud, and Qasim. Then they enroll at Portland University and face problems because of their academic project. Roozbeh Hesari, Sorayya Qasemi.",True,30,https://epgshare01.online/epgshare01/epg_ripper_AE1.xml.gz
epgshare,AE1,Al.Dawaar.ae,Al Dawaar,62,70.3,100.0,Little Engineer,"Jawad joins Amir Kabir University, and a friendship develops between him, Masoud, and Qasim. Then they enroll at Portland University and face problems because of their academic project. Roozbeh Hesari, Sorayya Qasemi.",True,30,https://epgshare01.online/epgshare01/epg_ripper_AE1.xml.gz
epgshare,AE1,AlSukariya.Drama.ae,AlSukariya Drama,62,70.3,100.0,Little Engineer,"Jawad joins Amir Kabir University, and a friendship develops between him, Masoud, and Qasim. Then they enroll at Portland University and face problems because of their academic project. Roozbeh Hesari, Sorayya Qasemi.",True,30,https://epgshare01.online/epgshare01/epg_ripper_AE1.xml.gz
epgshare,AE1,Sukariya.Cinema.ae,Sukariya Cinema,62,70.3,100.0,Little Engineer,"Jawad joins Amir Kabir University, and a friendship develops between him, Masoud, and Qasim. Then they enroll at Portland University and face problems because of their academic project. Roozbeh Hesari, Sorayya Qasemi.",True,30,https://epgshare01.online/epgshare01/epg_ripper_AE1.xml.gz
epgshare,AE1,Sukariya.Hekayat.ae,Sukariya Hekayat,62,70.3,100.0,Little Engineer,"Jawad joins Amir Kabir University, and a friendship develops between him, Masoud, and Qasim. Then they enroll at Portland University and face problems because of their academic project. Roozbeh Hesari, Sorayya Qasemi.",True,30,https://epgshare01.online/epgshare01/epg_ripper_AE1.xml.gz
epgshare,AE1,Sukariya.Zaman.ae,Sukariya Zaman,62,70.3,100.0,Little Engineer,"Jawad joins Amir Kabir University, and a friendship develops between him, Masoud, and Qasim. Then they enroll at Portland University and face problems because of their academic project. Roozbeh Hesari, Sorayya Qasemi.",True,30,https://epgshare01.online/epgshare01/epg_ripper_AE1.xml.gz
epgshare,AE1,Sukariya.Classic.ae,Sukariya Classic,62,70.3,100.0,Little Engineer,"Jawad joins Amir Kabir University, and a friendship develops between him, Masoud, and Qasim. Then they enroll at Portland University and face problems because of their academic project. Roozbeh Hesari, Sorayya Qasemi.",True,30,https://epgshare01.online/epgshare01/epg_ripper_AE1.xml.gz
epgshare,AE1,Elzaeem.Cinema.ae,Elzaeem Cinema,62,70.3,100.0,Little Engineer,"Jawad joins Amir Kabir University, and a friendship develops between him, Masoud, and Qasim. Then they enroll at Portland University and face problems because of their academic project. Roozbeh Hesari, Sorayya Qasemi.",True,30,https://epgshare01.online/epgshare01/epg_ripper_AE1.xml.gz
epgshare,AE1,Elzaeem.Drama.ae,Elzaeem Drama,62,70.3,100.0,Little Engineer,"Jawad joins Amir Kabir University, and a friendship develops between him, Masoud, and Qasim. Then they enroll at Portland University and face problems because of their academic project. Roozbeh Hesari, Sorayya Qasemi.",True,30,https://epgshare01.online/epgshare01/epg_ripper_AE1.xml.gz
epgshare,AE1,Dolly.Drama.ae,Dolly Drama,62,70.3,100.0,Little Engineer,"Jawad joins Amir Kabir University, and a friendship develops between him, Masoud, and Qasim. Then they enroll at Portland University and face problems because of their academic project. Roozbeh Hesari, Sorayya Qasemi.",True,30,https://epgshare01.online/epgshare01/epg_ripper_AE1.xml.gz
epgshare,AE1,Dolly.Mosalsalat.ae,Dolly Mosalsalat,62,70.3,100.0,Little Engineer,"Jawad joins Amir Kabir University, and a friendship develops between him, Masoud, and Qasim. Then they enroll at Portland University and face problems because of their academic project. Roozbeh Hesari, Sorayya Qasemi.",True,30,https://epgshare01.online/epgshare01/epg_ripper_AE1.xml.gz
epgshare,AE1,Dolly.Alyoom.ae,Dolly Alyoom,62,70.3,100.0,Little Engineer,"Jawad joins Amir Kabir University, and a friendship develops between him, Masoud, and Qasim. Then they enroll at Portland University and face problems because of their academic project. Roozbeh Hesari, Sorayya Qasemi.",True,30,https://epgshare01.online/epgshare01/epg_ripper_AE1.xml.gz
epgshare,AE1,Dolly.Cinema.ae,Dolly Cinema,62,70.3,100.0,Little Engineer,"Jawad joins Amir Kabir University, and a friendship develops between him, Masoud, and Qasim. Then they enroll at Portland University and face problems because of their academic project. Roozbeh Hesari, Sorayya Qasemi.",True,30,https://epgshare01.online/epgshare01/epg_ripper_AE1.xml.gz
epgshare,AE1,Dolly.Movies.ae,Dolly Movies,62,70.3,100.0,Little Engineer,"Jawad joins Amir Kabir University, and a friendship develops between him, Masoud, and Qasim. Then they enroll at Portland University and face problems because of their academic project. Roozbeh Hesari, Sorayya Qasemi.",True,30,https://epgshare01.online/epgshare01/epg_ripper_AE1.xml.gz
epgshare,AE1,Alfa.Cinema.ae,Alfa Cinema,62,70.3,100.0,Little Engineer,"Jawad joins Amir Kabir University, and a friendship develops between him, Masoud, and Qasim. Then they enroll at Portland University and face problems because of their academic project. Roozbeh Hesari, Sorayya Qasemi.",True,30,https://epgshare01.online/epgshare01/epg_ripper_AE1.xml.gz
epgshare,AE1,Alfa.Drama.ae,Alfa Drama,62,70.3,100.0,Little Engineer,"Jawad joins Amir Kabir University, and a friendship develops between him, Masoud, and Qasim. Then they enroll at Portland University and face problems because of their academic project. Roozbeh Hesari, Sorayya Qasemi.",True,30,https://epgshare01.online/epgshare01/epg_ripper_AE1.xml.gz
epgshare,AE1,Alfa.Hekayat.ae,Alfa Hekayat,62,70.3,100.0,Little Engineer,"Jawad joins Amir Kabir University, and a friendship develops between him, Masoud, and Qasim. Then they enroll at Portland University and face problems because of their academic project. Roozbeh Hesari, Sorayya Qasemi.",True,30,https://epgshare01.online/epgshare01/epg_ripper_AE1.xml.gz
epgshare,AE1,Cairo.Plus.Cinema.ae,Cairo Plus Cinema,0,0,0.0,,,False,1,https://epgshare01.online/epgshare01/epg_ripper_AE1.xml.gz
epgshare,AE1,Cairo.Plus.Drama.ae,Cairo Plus Drama,0,0,0.0,,,False,1,https://epgshare01.online/epgshare01/epg_ripper_AE1.xml.gz
epgshare,AE1,Cairo.Plus.Alyom.ae,Cairo Plus Alyom,0,0,0.0,,,False,1,https://epgshare01.online/epgshare01/epg_ripper_AE1.xml.gz
epgshare,AE1,Dream.Cinema.ae,Dream Cinema,0,0,0.0,,,False,1,https://epgshare01.online/epgshare01/epg_ripper_AE1.xml.gz
epgshare,AE1,Dream.Al.Wan.ae,Dream Al Wan,0,0,0.0,,,False,1,https://epgshare01.online/epgshare01/epg_ripper_AE1.xml.gz
epgshare,AE1,Dream.El.Youm.ae,Dream El Youm,0,0,0.0,,,False,1,https://epgshare01.online/epgshare01/epg_ripper_AE1.xml.gz
epgshare,AE1,Dream.Moselsalat.ae,Dream Moselsalat,0,0,0.0,,,False,1,https://epgshare01.online/epgshare01/epg_ripper_AE1.xml.gz
epgshare,AE1,Dream.7kayat.ae,Dream 7kayat,0,0,0.0,,,False,1,https://epgshare01.online/epgshare01/epg_ripper_AE1.xml.gz
epgshare,AE1,Dream.Monaweat.ae,Dream Monaweat,0,0,0.0,,,False,1,https://epgshare01.online/epgshare01/epg_ripper_AE1.xml.gz
epgshare,AE1,M.Classic.ae,M Classic,0,0,0.0,,,False,1,https://epgshare01.online/epgshare01/epg_ripper_AE1.xml.gz
epgshare,AE1,Play.Today.ae,Play Today,0,0,0.0,,,False,1,https://epgshare01.online/epgshare01/epg_ripper_AE1.xml.gz
epgshare,AE1,Play.Drama.ae,Play Drama,0,0,0.0,,,False,1,https://epgshare01.online/epgshare01/epg_ripper_AE1.xml.gz
epgshare,AE1,Play.Cinema.ae,Play Cinema,0,0,0.0,,,False,1,https://epgshare01.online/epgshare01/epg_ripper_AE1.xml.gz
epgshare,AE1,Play.Hekayat.ae,Play Hekayat,0,0,0.0,,,False,1,https://epgshare01.online/epgshare01/epg_ripper_AE1.xml.gz
epgshare,AE1,Play.Aflam.ae,Play Aflam,0,0,0.0,,,False,1,https://epgshare01.online/epgshare01/epg_ripper_AE1.xml.gz
epgshare,AE1,iFilm.Arabic.ae,iFilm Arabic,62,70.3,100.0,Little Engineer,"Jawad joins Amir Kabir University, and a friendship develops between him, Masoud, and Qasim. Then they enroll at Portland University and face problems because of their academic project. Roozbeh Hesari, Sorayya Qasemi.",True,30,https://epgshare01.online/epgshare01/epg_ripper_AE1.xml.gz
epgshare,AE1,Star.1.ae,Star 1,0,0,0.0,,,False,1,https://epgshare01.online/epgshare01/epg_ripper_AE1.xml.gz
epgshare,AE1,Star.2.ae,Star 2,0,0,0.0,,,False,1,https://epgshare01.online/epgshare01/epg_ripper_AE1.xml.gz
epgshare,AE1,Al.Dafrah.HD.ae,Al Dafrah HD,79,69.3,100.0,The Station's Cafe,"A mysterious murder shakes the train station, drawing a young prosecutor into a tangled web of secrets and lies, where uncovering the truth hinges on his battle between evidence and intuition. Rushdi Al Shami, Ahmad Ghozzi, Ahmed Khaled Saleh, Bayoumi Fouad, Entesar, Riyad Al Khouly, Hala Sedqi, Islam Khairy, Abdul Rahim Kamal, Rushdi Al Shamy, Abdelrahim Kamal, Ahmed Khaled Salleh, Roshdi Al Shamy.",False,1,https://epgshare01.online/epgshare01/epg_ripper_AE1.xml.gz
epgshare,AE1,Mix.One.ae,Mix One,31,69.6,100.0,The Intern,"Ben, an elderly widower who refuses to let retirement define his days, comes to believe that life still has more to offer and unexpectedly enrolls in an internship at a fast-paced fashion website. Robert De Niro, Anne Hathaway, Anders Holm, Rene Russo, Andrew Rannells, Nancy Meyers, Nancy Meyers, Adam Devine, Jason Orley.",False,1,https://epgshare01.online/epgshare01/epg_ripper_AE1.xml.gz
epgshare,AE1,Mix.ae,Mix,31,69.6,100.0,The Intern,"Ben, an elderly widower who refuses to let retirement define his days, comes to believe that life still has more to offer and unexpectedly enrolls in an internship at a fast-paced fashion website. Robert De Niro, Anne Hathaway, Anders Holm, Rene Russo, Andrew Rannells, Nancy Meyers, Nancy Meyers, Adam Devine, Jason Orley.",False,1,https://epgshare01.online/epgshare01/epg_ripper_AE1.xml.gz
epgshare,AE1,Oscar.TV.ae,Oscar TV,0,0,0.0,,,False,1,https://epgshare01.online/epgshare01/epg_ripper_AE1.xml.gz
epgshare,AE1,CBC.Sofra.ae,CBC Sofra,75,69.8,100.0,Budget Friendly Recipes,"Entertainment Chef Naglaa Al Shershaby brings traditional and popular recipes to life with simple, affordable ingredients, maintaining quality without exceeding the budget. Naglaa Al Shershaby.",False,1,https://epgshare01.online/epgshare01/epg_ripper_AE1.xml.gz
epgshare,AE1,Panorama.Food.ae,Panorama Food,63,70.8,100.0,Folk Meals,"Take a wide look at the most popular Egyptian dishes and the most delicious recipes offered by Chef Nuna, to revive the heritage and the secret flavors of our ancestors. Nona.",False,1,https://epgshare01.online/epgshare01/epg_ripper_AE1.xml.gz
epgshare,AE1,Samira.HD.ae,Samira HD,47,69.3,100.0,TMC,People.,False,1,https://epgshare01.online/epgshare01/epg_ripper_AE1.xml.gz
epgshare,AE1,Zahra.TV.ae,Zahra TV,63,70.3,100.0,Shepherds Around The World,"People Mark Michel and his team embark on a global journey, immersing themselves in the lives of five diverse pastoral communities to explore their unique cultures, challenges, and enduring traditions.",False,1,https://epgshare01.online/epgshare01/epg_ripper_AE1.xml.gz
epgshare,AE1,Al.Araby.2.HD.ae,Al Araby 2 HD,63,70.3,100.0,Shepherds Around The World,"People Mark Michel and his team embark on a global journey, immersing themselves in the lives of five diverse pastoral communities to explore their unique cultures, challenges, and enduring traditions.",False,1,https://epgshare01.online/epgshare01/epg_ripper_AE1.xml.gz
epgshare,AE1,Baynounah.TV.HD.ae,Baynounah TV HD,63,70.3,100.0,Shepherds Around The World,"People Mark Michel and his team embark on a global journey, immersing themselves in the lives of five diverse pastoral communities to explore their unique cultures, challenges, and enduring traditions.",False,1,https://epgshare01.online/epgshare01/epg_ripper_AE1.xml.gz
epgshare,AE1,Asharq.Documentary.HD.ae,Asharq Documentary HD,63,70.3,100.0,Shepherds Around The World,"People Mark Michel and his team embark on a global journey, immersing themselves in the lives of five diverse pastoral communities to explore their unique cultures, challenges, and enduring traditions.",False,1,https://epgshare01.online/epgshare01/epg_ripper_AE1.xml.gz
epgshare,AE1,Al.Jazeera.Documentary.HD.ae,Al Jazeera Documentary HD,63,70.3,100.0,Shepherds Around The World,"People Mark Michel and his team embark on a global journey, immersing themselves in the lives of five diverse pastoral communities to explore their unique cultures, challenges, and enduring traditions.",False,1,https://epgshare01.online/epgshare01/epg_ripper_AE1.xml.gz
epgshare,AE1,Palestine.Edu.HD.ae,Palestine Edu HD,76,69.3,100.0,The Dizel Workshop,"Motor Sports In Texas, a family revives vintage cars, crafting them into powerful masterpieces of unmatched design and performance, leaving an indelible legacy in the world of automobiles.",False,1,https://epgshare01.online/epgshare01/epg_ripper_AE1.xml.gz
epgshare,AE1,Nile.Education.ae,Nile Education,0,0,0.0,,,False,1,https://epgshare01.online/epgshare01/epg_ripper_AE1.xml.gz
epgshare,AE1,Nile.Culture.ae,Nile Culture,76,69.3,100.0,The Dizel Workshop,"Motor Sports In Texas, a family revives vintage cars, crafting them into powerful masterpieces of unmatched design and performance, leaving an indelible legacy in the world of automobiles.",False,1,https://epgshare01.online/epgshare01/epg_ripper_AE1.xml.gz
epgshare,AE1,Asharq.Discovery.HD.ae,Asharq Discovery HD,76,69.3,100.0,The Dizel Workshop,"Motor Sports In Texas, a family revives vintage cars, crafting them into powerful masterpieces of unmatched design and performance, leaving an indelible legacy in the world of automobiles.",False,1,https://epgshare01.online/epgshare01/epg_ripper_AE1.xml.gz
epgshare,AE1,AlThaqafeya.HD.ae,AlThaqafeya HD,0,0,0.0,,,False,1,https://epgshare01.online/epgshare01/epg_ripper_AE1.xml.gz
epgshare,AE1,Algérie.7.ae,Algérie 7,13,73.3,100.0,Athletics - Asian Games Aichi-Nagoya 2026 - W/M,No Desription Available.,True,11,https://epgshare01.online/epgshare01/epg_ripper_AE1.xml.gz
epgshare,AE1,Algérie.8.HD.ae,Algérie 8 HD,13,73.3,100.0,Athletics - Asian Games Aichi-Nagoya 2026 - W/M,No Desription Available.,True,11,https://epgshare01.online/epgshare01/epg_ripper_AE1.xml.gz
epgshare,AE1,Oman.TV.Culture.HD.ae,Oman TV Culture HD,13,73.3,100.0,Athletics - Asian Games Aichi-Nagoya 2026 - W/M,No Desription Available.,True,11,https://epgshare01.online/epgshare01/epg_ripper_AE1.xml.gz
epgshare,AE1,Yemen.Documentary.ae,Yemen Documentary,13,73.3,100.0,Athletics - Asian Games Aichi-Nagoya 2026 - W/M,No Desription Available.,True,11,https://epgshare01.online/epgshare01/epg_ripper_AE1.xml.gz
epgshare,AE1,Yemen.Education.ae,Yemen Education,13,73.3,100.0,Athletics - Asian Games Aichi-Nagoya 2026 - W/M,No Desription Available.,True,11,https://epgshare01.online/epgshare01/epg_ripper_AE1.xml.gz
epgshare,AE1,Sheba.TV.ae,Sheba TV,13,73.3,100.0,Athletics - Asian Games Aichi-Nagoya 2026 - W/M,No Desription Available.,True,11,https://epgshare01.online/epgshare01/epg_ripper_AE1.xml.gz
epgshare,AE1,Al.Wathaeqya.ae,Al Wathaeqya,13,73.3,100.0,Athletics - Asian Games Aichi-Nagoya 2026 - W/M,No Desription Available.,True,11,https://epgshare01.online/epgshare01/epg_ripper_AE1.xml.gz
epgshare,AE1,Marina.HD.ae,Marina HD,13,73.3,100.0,Athletics - Asian Games Aichi-Nagoya 2026 - W/M,No Desription Available.,True,11,https://epgshare01.online/epgshare01/epg_ripper_AE1.xml.gz
epgshare,AE1,Kaifa.TV.ae,Kaifa TV,13,73.3,100.0,Athletics - Asian Games Aichi-Nagoya 2026 - W/M,No Desription Available.,True,11,https://epgshare01.online/epgshare01/epg_ripper_AE1.xml.gz
epgshare,AE1,NRT.2.HD.ae,NRT 2 HD,13,73.3,100.0,Athletics - Asian Games Aichi-Nagoya 2026 - W/M,No Desription Available.,True,11,https://epgshare01.online/epgshare01/epg_ripper_AE1.xml.gz
epgshare,AE1,beIN.Sports.HD.ae,beIN Sports HD,13,73.3,100.0,Athletics - Asian Games Aichi-Nagoya 2026 - W/M,No Desription Available.,True,11,https://epgshare01.online/epgshare01/epg_ripper_AE1.xml.gz
epgshare,AE1,beIN.Sports.News.ae,beIN Sports News,32,45.8,100.0,ON Target,"Highlighting Egypt's top football stars with exclusive interviews, match analysis, and behind-the-scenes stories, bringing fans closer to their favorite players. Abd El Rahman Magdy, Mohamed Ghanem.",True,8,https://epgshare01.online/epgshare01/epg_ripper_AE1.xml.gz
epgshare,AE1,Palestine.Sport.ae,Palestine Sport,32,45.8,100.0,ON Target,"Highlighting Egypt's top football stars with exclusive interviews, match analysis, and behind-the-scenes stories, bringing fans closer to their favorite players. Abd El Rahman Magdy, Mohamed Ghanem.",True,8,https://epgshare01.online/epgshare01/epg_ripper_AE1.xml.gz
epgshare,AE1,Jordan.Sport.HD.ae,Jordan Sport HD,32,45.8,100.0,ON Target,"Highlighting Egypt's top football stars with exclusive interviews, match analysis, and behind-the-scenes stories, bringing fans closer to their favorite players. Abd El Rahman Magdy, Mohamed Ghanem.",True,8,https://epgshare01.online/epgshare01/epg_ripper_AE1.xml.gz
epgshare,AE1,KSA.Sports.3.HD.ae,KSA Sports 3 HD,32,45.8,100.0,ON Target,"Highlighting Egypt's top football stars with exclusive interviews, match analysis, and behind-the-scenes stories, bringing fans closer to their favorite players. Abd El Rahman Magdy, Mohamed Ghanem.",True,8,https://epgshare01.online/epgshare01/epg_ripper_AE1.xml.gz
epgshare,AE1,Kuwait.Sport.HD.ae,Kuwait Sport HD,32,45.8,100.0,ON Target,"Highlighting Egypt's top football stars with exclusive interviews, match analysis, and behind-the-scenes stories, bringing fans closer to their favorite players. Abd El Rahman Magdy, Mohamed Ghanem.",True,8,https://epgshare01.online/epgshare01/epg_ripper_AE1.xml.gz
epgshare,AE1,Kuwait.TV.Sport.Plus.HD.ae,Kuwait TV Sport Plus HD,32,45.8,100.0,ON Target,"Highlighting Egypt's top football stars with exclusive interviews, match analysis, and behind-the-scenes stories, bringing fans closer to their favorite players. Abd El Rahman Magdy, Mohamed Ghanem.",True,8,https://epgshare01.online/epgshare01/epg_ripper_AE1.xml.gz
epgshare,AE1,Oman.TV.Sport.HD.ae,Oman TV Sport HD,32,45.8,100.0,ON Target,"Highlighting Egypt's top football stars with exclusive interviews, match analysis, and behind-the-scenes stories, bringing fans closer to their favorite players. Abd El Rahman Magdy, Mohamed Ghanem.",True,8,https://epgshare01.online/epgshare01/epg_ripper_AE1.xml.gz
epgshare,AE1,On.Time.Sports.HD.ae,On Time Sports HD,32,45.8,100.0,ON Target,"Highlighting Egypt's top football stars with exclusive interviews, match analysis, and behind-the-scenes stories, bringing fans closer to their favorite players. Abd El Rahman Magdy, Mohamed Ghanem.",True,8,https://epgshare01.online/epgshare01/epg_ripper_AE1.xml.gz
epgshare,AE1,On.Time.Sport.2.HD.ae,On Time Sport 2 HD,51,70.3,100.0,Stadium Echoes,"Show Exploring Egypt's leading local and international sports news and achievements, including insights and interviews with prominent Egyptian sports stars. Shereen Mostafa.",False,1,https://epgshare01.online/epgshare01/epg_ripper_AE1.xml.gz
epgshare,AE1,Nile.Sport.ae,Nile Sport,51,70.3,100.0,Stadium Echoes,"Show Exploring Egypt's leading local and international sports news and achievements, including insights and interviews with prominent Egyptian sports stars. Shereen Mostafa.",False,1,https://epgshare01.online/epgshare01/epg_ripper_AE1.xml.gz
epgshare,AE1,Al.Ahly.TV.HD.ae,Al Ahly TV HD,51,70.3,100.0,Stadium Echoes,"Show Exploring Egypt's leading local and international sports news and achievements, including insights and interviews with prominent Egyptian sports stars. Shereen Mostafa.",False,1,https://epgshare01.online/epgshare01/epg_ripper_AE1.xml.gz
epgshare,AE1,Zamalek.TV.ae,Zamalek TV,67,70.3,100.0,News,"Newscast Stay updated with match highlights, player statistics, breaking news, and expert analysis of both local and international matches.",False,1,https://epgshare01.online/epgshare01/epg_ripper_AE1.xml.gz
epgshare,AE1,Hogan.TV.ae,Hogan TV,67,70.3,100.0,News,"Newscast Stay updated with match highlights, player statistics, breaking news, and expert analysis of both local and international matches.",False,1,https://epgshare01.online/epgshare01/epg_ripper_AE1.xml.gz
epgshare,AE1,Yalla.Mosar3a.ae,Yalla Mosar3a,67,70.3,100.0,News,"Newscast Stay updated with match highlights, player statistics, breaking news, and expert analysis of both local and international matches.",False,1,https://epgshare01.online/epgshare01/epg_ripper_AE1.xml.gz
epgshare,AE1,Libya.Sport.ae,Libya Sport,67,70.3,100.0,News,"Newscast Stay updated with match highlights, player statistics, breaking news, and expert analysis of both local and international matches.",False,1,https://epgshare01.online/epgshare01/epg_ripper_AE1.xml.gz
epgshare,AE1,Libya.Sport.2.HD.ae,Libya Sport 2 HD,67,70.3,100.0,News,"Newscast Stay updated with match highlights, player statistics, breaking news, and expert analysis of both local and international matches.",False,1,https://epgshare01.online/epgshare01/epg_ripper_AE1.xml.gz
epgshare,AE1,Alkass.One.HD.ae,Alkass One HD,67,70.3,100.0,News,"Newscast Stay updated with match highlights, player statistics, breaking news, and expert analysis of both local and international matches.",False,1,https://epgshare01.online/epgshare01/epg_ripper_AE1.xml.gz
epgshare,AE1,Alkass.Two.HD.ae,Alkass Two HD,314,69.7,100.0,Viral Outdoors S1 Ep1 - Ted Nugent,"The Internet's best hunting, fishing, and all around outdoor viral videos. Brought to you all in one show with special guest Ted Nugent.",False,1,https://epgshare01.online/epgshare01/epg_ripper_AE1.xml.gz
epgshare,AE1,Alkass.Three.ae,Alkass Three,314,69.7,100.0,Viral Outdoors S1 Ep1 - Ted Nugent,"The Internet's best hunting, fishing, and all around outdoor viral videos. Brought to you all in one show with special guest Ted Nugent.",False,1,https://epgshare01.online/epgshare01/epg_ripper_AE1.xml.gz
epgshare,AE1,Alkass.Four.ae,Alkass Four,314,69.7,100.0,Viral Outdoors S1 Ep1 - Ted Nugent,"The Internet's best hunting, fishing, and all around outdoor viral videos. Brought to you all in one show with special guest Ted Nugent.",False,1,https://epgshare01.online/epgshare01/epg_ripper_AE1.xml.gz
epgshare,AE1,Al.Iraqiya.Sport.HD.ae,Al Iraqiya Sport HD,314,69.7,100.0,Viral Outdoors S1 Ep1 - Ted Nugent,"The Internet's best hunting, fishing, and all around outdoor viral videos. Brought to you all in one show with special guest Ted Nugent.",False,1,https://epgshare01.online/epgshare01/epg_ripper_AE1.xml.gz
epgshare,AE1,Outdoor.Channel.ae,Outdoor Channel,314,69.7,100.0,Viral Outdoors S1 Ep1 - Ted Nugent,"The Internet's best hunting, fishing, and all around outdoor viral videos. Brought to you all in one show with special guest Ted Nugent.",False,1,https://epgshare01.online/epgshare01/epg_ripper_AE1.xml.gz
epgshare,AE1,World.Poker.Tour.ae,World Poker Tour,0,0,0.0,,,False,1,https://epgshare01.online/epgshare01/epg_ripper_AE1.xml.gz
epgshare,AE1,Cricket.Gold.ae,Cricket Gold,0,0,0.0,,,False,1,https://epgshare01.online/epgshare01/epg_ripper_AE1.xml.gz
epgshare,AE1,Bare.Knuckle.ae,Bare Knuckle,0,0,0.0,,,False,1,https://epgshare01.online/epgshare01/epg_ripper_AE1.xml.gz
epgshare,AE1,World.Fishing.Network.ae,World Fishing Network,139,69.5,100.0,Alaskan Rainbow Trout/Alligator Gar,"ALASKAN RAINBOW TROUT/ALLIGATOR GAR. Trev Gowdy hunts down massive Rainbows in Alaska, while Fred targets monster Alligator Gar in this murky, Texas river.",False,1,https://epgshare01.online/epgshare01/epg_ripper_AE1.xml.gz
epgshare,AE1,MVMT.Movement.of.Culture.ae,MVMT Movement of Culture,0,0,0.0,,,False,1,https://epgshare01.online/epgshare01/epg_ripper_AE1.xml.gz
epgshare,AE1,Sports.First.ae,Sports First,311,69.6,100.0,International GT Open 2023 Rd 8 Barcelona - Race 2 - PART 5,No Desription Available.,False,1,https://epgshare01.online/epgshare01/epg_ripper_AE1.xml.gz
epgshare,AE1,Asharq.News.HD.ae,Asharq News HD,86,69.3,100.0,News Bulletin,Investigation Distinctive coverage of the latest news and developments in the Arab and international arenas through reports brought to you from the heart of events.,False,1,https://epgshare01.online/epgshare01/epg_ripper_AE1.xml.gz
epgshare,AE1,Al.Arabiya.Business.ae,Al Arabiya Business,86,69.3,100.0,News Bulletin,Investigation Distinctive coverage of the latest news and developments in the Arab and international arenas through reports brought to you from the heart of events.,False,1,https://epgshare01.online/epgshare01/epg_ripper_AE1.xml.gz
epgshare,AE1,Al.Mashhad.ae,Al Mashhad,86,69.3,100.0,News Bulletin,Investigation Distinctive coverage of the latest news and developments in the Arab and international arenas through reports brought to you from the heart of events.,False,1,https://epgshare01.online/epgshare01/epg_ripper_AE1.xml.gz
epgshare,AE1,Al.Shaoub.TV.ae,Al Shaoub TV,0,0,0.0,,,False,1,https://epgshare01.online/epgshare01/epg_ripper_AE1.xml.gz
epgshare,AE1,Al.Jazeera.HD.ae,Al Jazeera HD,86,69.3,100.0,News Bulletin,Investigation Distinctive coverage of the latest news and developments in the Arab and international arenas through reports brought to you from the heart of events.,False,1,https://epgshare01.online/epgshare01/epg_ripper_AE1.xml.gz
epgshare,AE1,Al.Jazeera.Mobasher.HD.ae,Al Jazeera Mobasher HD,87,69.3,100.0,News,Investigation Timely coverage of the latest major events across the region and around the world.,False,1,https://epgshare01.online/epgshare01/epg_ripper_AE1.xml.gz
epgshare,AE1,Al.Jazeera.Mobasher.2.HD.ae,Al Jazeera Mobasher 2 HD,87,69.3,100.0,News,Investigation Timely coverage of the latest major events across the region and around the world.,False,1,https://epgshare01.online/epgshare01/epg_ripper_AE1.xml.gz
epgshare,AE1,Al.Araby.HD.ae,Al Araby HD,87,69.3,100.0,News,Investigation Timely coverage of the latest major events across the region and around the world.,False,1,https://epgshare01.online/epgshare01/epg_ripper_AE1.xml.gz
epgshare,AE1,CNBC.Arabiya.ae,CNBC Arabiya,135,69.3,100.0,عن كثب,No Desription Available.,False,1,https://epgshare01.online/epgshare01/epg_ripper_AE1.xml.gz
epgshare,AE1,DW.Arabia.HD.ae,DW Arabia HD,135,69.3,100.0,عن كثب,No Desription Available.,False,1,https://epgshare01.online/epgshare01/epg_ripper_AE1.xml.gz
epgshare,AE1,Palestine.Live.HD.ae,Palestine Live HD,70,69.3,100.0,أخبار الميادين,No Desription Available.,False,1,https://epgshare01.online/epgshare01/epg_ripper_AE1.xml.gz
epgshare,AE1,falestinona.TV.ae,falestinona TV,70,69.3,100.0,أخبار الميادين,No Desription Available.,False,1,https://epgshare01.online/epgshare01/epg_ripper_AE1.xml.gz
epgshare,AE1,Al.Mayadeen.HD.ae,Al Mayadeen HD,70,69.3,100.0,أخبار الميادين,No Desription Available.,False,1,https://epgshare01.online/epgshare01/epg_ripper_AE1.xml.gz
epgshare,AE1,Al.Iraqiya.News.HD.ae,Al Iraqiya News HD,70,69.3,100.0,Summary,"Debate Another dimension to review the political problems in Iraq and the Arab world with a wonderful selection of the best political analysts. Aya Alqam, Ahmad Khedr, Maher Adnan.",False,1,https://epgshare01.online/epgshare01/epg_ripper_AE1.xml.gz
epgshare,AE1,Al.sharqiya.News.HD.ae,Al sharqiya News HD,70,69.3,100.0,Summary,"Debate Another dimension to review the political problems in Iraq and the Arab world with a wonderful selection of the best political analysts. Aya Alqam, Ahmad Khedr, Maher Adnan.",False,1,https://epgshare01.online/epgshare01/epg_ripper_AE1.xml.gz
epgshare,AE1,Al.Rabiaa.HD.ae,Al Rabiaa HD,91,75.3,100.0,TV Program,"People Following up on the most significant social, political, and economic events and issues that concern the public and directly affect their lives by hosting the best experts in each field.",True,10,https://epgshare01.online/epgshare01/epg_ripper_AE1.xml.gz
epgshare,AE1,Al.Masar.TV.HD.ae,Al Masar TV HD,91,75.3,100.0,TV Program,"People Following up on the most significant social, political, and economic events and issues that concern the public and directly affect their lives by hosting the best experts in each field.",True,10,https://epgshare01.online/epgshare01/epg_ripper_AE1.xml.gz
epgshare,AE1,Al.Janoub.ae,Al Janoub,91,75.3,100.0,TV Program,"People Following up on the most significant social, political, and economic events and issues that concern the public and directly affect their lives by hosting the best experts in each field.",True,10,https://epgshare01.online/epgshare01/epg_ripper_AE1.xml.gz
epgshare,AE1,Al.Anwar.TV.2.ae,Al Anwar TV 2,91,75.3,100.0,TV Program,"People Following up on the most significant social, political, and economic events and issues that concern the public and directly affect their lives by hosting the best experts in each field.",True,10,https://epgshare01.online/epgshare01/epg_ripper_AE1.xml.gz
epgshare,AE1,Al.Mawqef.ae,Al Mawqef,91,75.3,100.0,TV Program,"People Following up on the most significant social, political, and economic events and issues that concern the public and directly affect their lives by hosting the best experts in each field.",True,10,https://epgshare01.online/epgshare01/epg_ripper_AE1.xml.gz
epgshare,AE1,M24.TV.ae,M24 TV,91,75.3,100.0,TV Program,"People Following up on the most significant social, political, and economic events and issues that concern the public and directly affect their lives by hosting the best experts in each field.",True,10,https://epgshare01.online/epgshare01/epg_ripper_AE1.xml.gz
epgshare,AE1,Albarlemania.al.Mauritania.TV.ae,Albarlemania al Mauritania TV,91,75.3,100.0,TV Program,"People Following up on the most significant social, political, and economic events and issues that concern the public and directly affect their lives by hosting the best experts in each field.",True,10,https://epgshare01.online/epgshare01/epg_ripper_AE1.xml.gz
epgshare,AE1,Algérie.3.HD.ae,Algérie 3 HD,91,75.3,100.0,TV Program,"People Following up on the most significant social, political, and economic events and issues that concern the public and directly affect their lives by hosting the best experts in each field.",True,10,https://epgshare01.online/epgshare01/epg_ripper_AE1.xml.gz
epgshare,AE1,Echorouk.News.ae,Echorouk News,91,75.3,100.0,TV Program,"People Following up on the most significant social, political, and economic events and issues that concern the public and directly affect their lives by hosting the best experts in each field.",True,10,https://epgshare01.online/epgshare01/epg_ripper_AE1.xml.gz
epgshare,AE1,Ennahar.TV.ae,Ennahar TV,91,75.3,100.0,TV Program,"People Following up on the most significant social, political, and economic events and issues that concern the public and directly affect their lives by hosting the best experts in each field.",True,10,https://epgshare01.online/epgshare01/epg_ripper_AE1.xml.gz
epgshare,AE1,Bilad.ae,Bilad,31,83.3,100.0,Journal Télévisé,No Desription Available.,True,10,https://epgshare01.online/epgshare01/epg_ripper_AE1.xml.gz
epgshare,AE1,El.Hayat.TV.ae,El Hayat TV,31,83.3,100.0,Journal Télévisé,No Desription Available.,True,10,https://epgshare01.online/epgshare01/epg_ripper_AE1.xml.gz
epgshare,AE1,Al.24.News.ae,Al 24 News,31,83.3,100.0,Journal Télévisé,No Desription Available.,True,10,https://epgshare01.online/epgshare01/epg_ripper_AE1.xml.gz
epgshare,AE1,Nile.News.ae,Nile News,31,83.3,100.0,Journal Télévisé,No Desription Available.,True,10,https://epgshare01.online/epgshare01/epg_ripper_AE1.xml.gz
epgshare,AE1,Halab.Today.TV.ae,Halab Today TV,31,83.3,100.0,Journal Télévisé,No Desription Available.,True,10,https://epgshare01.online/epgshare01/epg_ripper_AE1.xml.gz
epgshare,AE1,Yemen.Today.TV.ae,Yemen Today TV,31,83.3,100.0,Journal Télévisé,No Desription Available.,True,10,https://epgshare01.online/epgshare01/epg_ripper_AE1.xml.gz
epgshare,AE1,Al.Saeedah.ae,Al Saeedah,31,83.3,100.0,Journal Télévisé,No Desription Available.,True,10,https://epgshare01.online/epgshare01/epg_ripper_AE1.xml.gz
epgshare,AE1,Almasirah.TV.ae,Almasirah TV,31,83.3,100.0,Journal Télévisé,No Desription Available.,True,10,https://epgshare01.online/epgshare01/epg_ripper_AE1.xml.gz
epgshare,AE1,Almasirah.TV.Mubasher.ae,Almasirah TV Mubasher,31,83.3,100.0,Journal Télévisé,No Desription Available.,True,10,https://epgshare01.online/epgshare01/epg_ripper_AE1.xml.gz
epgshare,AE1,Suhail.TV.ae,Suhail TV,31,83.3,100.0,Journal Télévisé,No Desription Available.,True,10,https://epgshare01.online/epgshare01/epg_ripper_AE1.xml.gz
epgshare,AE1,Al.Sahat.TV.ae,Al Sahat TV,132,69.3,100.0,Interaction,Social Delving into the realm social media to analyse the ongoing digital conversations about contemporary issues and everyday subjects.,False,1,https://epgshare01.online/epgshare01/epg_ripper_AE1.xml.gz
epgshare,AE1,Al.Hurra.TV.HD.ae,Al Hurra TV HD,0,0,0.0,,,False,1,https://epgshare01.online/epgshare01/epg_ripper_AE1.xml.gz
epgshare,AE1,Anewz.ae,Anewz,132,69.3,100.0,Interaction,Social Delving into the realm social media to analyse the ongoing digital conversations about contemporary issues and everyday subjects.,False,1,https://epgshare01.online/epgshare01/epg_ripper_AE1.xml.gz
epgshare,AE1,TRT.Arabiya.ae,TRT Arabiya,132,69.3,100.0,Interaction,Social Delving into the realm social media to analyse the ongoing digital conversations about contemporary issues and everyday subjects.,False,1,https://epgshare01.online/epgshare01/epg_ripper_AE1.xml.gz
epgshare,AE1,I24.News.Arabic.ae,I24 News Arabic,0,0,0.0,,,False,1,https://epgshare01.online/epgshare01/epg_ripper_AE1.xml.gz
epgshare,AE1,Al.Qahera.News.ae,Al Qahera News,108,69.3,100.0,Al Jazeera World,and today's conflict with Iran.,True,31,https://epgshare01.online/epgshare01/epg_ripper_AE1.xml.gz
epgshare,AE1,Al.Baghdadia.Now.ae,Al Baghdadia Now,108,69.3,100.0,Al Jazeera World,and today's conflict with Iran.,True,31,https://epgshare01.online/epgshare01/epg_ripper_AE1.xml.gz
epgshare,AE1,Al.Yoom.ae,Al Yoom,0,0,0.0,,,False,1,https://epgshare01.online/epgshare01/epg_ripper_AE1.xml.gz
epgshare,AE1,Alghadeer.TV.ae,Alghadeer TV,108,69.3,100.0,Al Jazeera World,and today's conflict with Iran.,True,31,https://epgshare01.online/epgshare01/epg_ripper_AE1.xml.gz
epgshare,AE1,Al.Sharq.TV.ae,Al Sharq TV,108,69.3,100.0,Al Jazeera World,and today's conflict with Iran.,True,31,https://epgshare01.online/epgshare01/epg_ripper_AE1.xml.gz
epgshare,AE1,I.News.HD.ae,I News HD,108,69.3,100.0,Al Jazeera World,and today's conflict with Iran.,True,31,https://epgshare01.online/epgshare01/epg_ripper_AE1.xml.gz
epgshare,AE1,Kirkuk.TV.ae,Kirkuk TV,108,69.3,100.0,Al Jazeera World,and today's conflict with Iran.,True,31,https://epgshare01.online/epgshare01/epg_ripper_AE1.xml.gz
epgshare,AE1,Afaq.TV.ae,Afaq TV,108,69.3,100.0,Al Jazeera World,and today's conflict with Iran.,True,31,https://epgshare01.online/epgshare01/epg_ripper_AE1.xml.gz
epgshare,AE1,Al.Anbar.ae,Al Anbar,108,69.3,100.0,Al Jazeera World,and today's conflict with Iran.,True,31,https://epgshare01.online/epgshare01/epg_ripper_AE1.xml.gz
epgshare,AE1,Al.Fallujah.TV.ae,Al Fallujah TV,108,69.3,100.0,Al Jazeera World,and today's conflict with Iran.,True,31,https://epgshare01.online/epgshare01/epg_ripper_AE1.xml.gz
epgshare,AE1,Al.Hiwar.TV.HD.ae,Al Hiwar TV HD,108,69.3,100.0,Al Jazeera World,and today's conflict with Iran.,True,31,https://epgshare01.online/epgshare01/epg_ripper_AE1.xml.gz
epgshare,AE1,Al.Sabah.ae,Al Sabah,0,0,0.0,,,False,1,https://epgshare01.online/epgshare01/epg_ripper_AE1.xml.gz
epgshare,AE1,AlHadath.Alyoum.ae,AlHadath Alyoum,108,69.3,100.0,Al Jazeera World,and today's conflict with Iran.,True,31,https://epgshare01.online/epgshare01/epg_ripper_AE1.xml.gz
epgshare,AE1,Iraq.Future.TV.ae,Iraq Future TV,108,69.3,100.0,Al Jazeera World,and today's conflict with Iran.,True,31,https://epgshare01.online/epgshare01/epg_ripper_AE1.xml.gz
epgshare,AE1,Libya.Al.Ahrar.HD.ae,Libya Al Ahrar HD,108,69.3,100.0,Al Jazeera World,and today's conflict with Iran.,True,31,https://epgshare01.online/epgshare01/epg_ripper_AE1.xml.gz
epgshare,AE1,Al.Jamahiriya.TV.ae,Al Jamahiriya TV,108,69.3,100.0,Al Jazeera World,and today's conflict with Iran.,True,31,https://epgshare01.online/epgshare01/epg_ripper_AE1.xml.gz
epgshare,AE1,Libya.Alhadath.HD.ae,Libya Alhadath HD,108,69.3,100.0,Al Jazeera World,and today's conflict with Iran.,True,31,https://epgshare01.online/epgshare01/epg_ripper_AE1.xml.gz
epgshare,AE1,Libya.Alrasmia.Channel.ae,Libya Alrasmia Channel,108,69.3,100.0,Al Jazeera World,and today's conflict with Iran.,True,31,https://epgshare01.online/epgshare01/epg_ripper_AE1.xml.gz
epgshare,AE1,Libya.Al.Hedaya.ae,Libya Al Hedaya,108,69.3,100.0,Al Jazeera World,and today's conflict with Iran.,True,31,https://epgshare01.online/epgshare01/epg_ripper_AE1.xml.gz
epgshare,AE1,LuaLua.TV.HD.ae,LuaLua TV HD,108,69.3,100.0,Al Jazeera World,and today's conflict with Iran.,True,31,https://epgshare01.online/epgshare01/epg_ripper_AE1.xml.gz
epgshare,AE1,Mekameleen.ae,Mekameleen,108,69.3,100.0,Al Jazeera World,and today's conflict with Iran.,True,31,https://epgshare01.online/epgshare01/epg_ripper_AE1.xml.gz
epgshare,AE1,Misr.Al.Zeraeey.ae,Misr Al Zeraeey,108,69.3,100.0,Al Jazeera World,and today's conflict with Iran.,True,31,https://epgshare01.online/epgshare01/epg_ripper_AE1.xml.gz
epgshare,AE1,Palestine.HD.ae,Palestine HD,108,69.3,100.0,Al Jazeera World,and today's conflict with Iran.,True,31,https://epgshare01.online/epgshare01/epg_ripper_AE1.xml.gz
epgshare,AE1,Palestine.Today.ae,Palestine Today,108,69.3,100.0,Al Jazeera World,and today's conflict with Iran.,True,31,https://epgshare01.online/epgshare01/epg_ripper_AE1.xml.gz
epgshare,AE1,Salahalddin.TV.ae,Salahalddin TV,0,0,0.0,,,False,1,https://epgshare01.online/epgshare01/epg_ripper_AE1.xml.gz
epgshare,AE1,Palestine.News.ae,Palestine News,108,69.3,100.0,Al Jazeera World,and today's conflict with Iran.,True,31,https://epgshare01.online/epgshare01/epg_ripper_AE1.xml.gz
epgshare,AE1,Gali.Kurdistan.HD.ae,Gali Kurdistan HD,108,69.3,100.0,Al Jazeera World,and today's conflict with Iran.,True,31,https://epgshare01.online/epgshare01/epg_ripper_AE1.xml.gz
epgshare,AE1,Channel.8.ae,Channel 8,108,69.3,100.0,Al Jazeera World,and today's conflict with Iran.,True,31,https://epgshare01.online/epgshare01/epg_ripper_AE1.xml.gz
epgshare,AE1,Kurdsat.News.HD.ae,Kurdsat News HD,108,69.3,100.0,Al Jazeera World,and today's conflict with Iran.,True,31,https://epgshare01.online/epgshare01/epg_ripper_AE1.xml.gz
epgshare,AE1,TRT.Kurdî.ae,TRT Kurdî,108,69.3,100.0,Al Jazeera World,and today's conflict with Iran.,True,31,https://epgshare01.online/epgshare01/epg_ripper_AE1.xml.gz
epgshare,AE1,NRT.HD.ae,NRT HD,108,69.3,100.0,Al Jazeera World,and today's conflict with Iran.,True,31,https://epgshare01.online/epgshare01/epg_ripper_AE1.xml.gz
epgshare,AE1,Payam.TV.ae,Payam TV,108,69.3,100.0,Al Jazeera World,and today's conflict with Iran.,True,31,https://epgshare01.online/epgshare01/epg_ripper_AE1.xml.gz
epgshare,AE1,Rojava.TV.HD.ae,Rojava TV HD,108,69.3,100.0,Al Jazeera World,and today's conflict with Iran.,True,31,https://epgshare01.online/epgshare01/epg_ripper_AE1.xml.gz
epgshare,AE1,Al.Jazeera.English.HD.ae,Al Jazeera English HD,108,69.3,100.0,Al Jazeera World,and today's conflict with Iran.,True,31,https://epgshare01.online/epgshare01/epg_ripper_AE1.xml.gz
epgshare,AE1,Nile.TV.ae,Nile TV,135,69.3,100.0,The Longest Day,". We follow an Indonesian family from Sumba, as they face food shortage and Vietnamese local farmers in the Mekong Delta, finding solutions for drought. Intan Suci Nurhati, Heinrich Dengi, Jarinda Ho, Ashok Lall, Khudiram Mondal, Andree Bernard.",False,1,https://epgshare01.online/epgshare01/epg_ripper_AE1.xml.gz
epgshare,AE1,TRT.World.ae,TRT World,135,69.3,100.0,The Longest Day,". We follow an Indonesian family from Sumba, as they face food shortage and Vietnamese local farmers in the Mekong Delta, finding solutions for drought. Intan Suci Nurhati, Heinrich Dengi, Jarinda Ho, Ashok Lall, Khudiram Mondal, Andree Bernard.",False,1,https://epgshare01.online/epgshare01/epg_ripper_AE1.xml.gz
epgshare,AE1,Wion.HD.ae,Wion HD,0,0,0.0,,,False,1,https://epgshare01.online/epgshare01/epg_ripper_AE1.xml.gz
epgshare,AE1,Press.TV.HD.ae,Press TV HD,139,69.3,100.0,Mystory,Episode 18.,False,1,https://epgshare01.online/epgshare01/epg_ripper_AE1.xml.gz
epgshare,AE1,Arirang.World.ae,Arirang World,139,69.3,100.0,Mystory,Episode 18.,False,1,https://epgshare01.online/epgshare01/epg_ripper_AE1.xml.gz
epgshare,AE1,Karameesh.ae,Karameesh,114,69.3,100.0,Topics Of Interest To You,Religion The host provides an informative discussion on Islamic topics and occasions while linking science and logic to the religion. Saad Ben Naser Al Shethri.,True,37,https://epgshare01.online/epgshare01/epg_ripper_AE1.xml.gz
epgshare,AE1,Toyor.Aljanah.TV.ae,Toyor Aljanah TV,114,69.3,100.0,Topics Of Interest To You,Religion The host provides an informative discussion on Islamic topics and occasions while linking science and logic to the religion. Saad Ben Naser Al Shethri.,True,37,https://epgshare01.online/epgshare01/epg_ripper_AE1.xml.gz
epgshare,AE1,Kidsy.TV.ae,Kidsy TV,0,0,0.0,,,False,1,https://epgshare01.online/epgshare01/epg_ripper_AE1.xml.gz
epgshare,AE1,Atfal.&.Mawaheb.ae,Atfal & Mawaheb,0,0,0.0,,,False,1,https://epgshare01.online/epgshare01/epg_ripper_AE1.xml.gz
epgshare,AE1,HodHod.TV.ae,HodHod TV,114,69.3,100.0,Topics Of Interest To You,Religion The host provides an informative discussion on Islamic topics and occasions while linking science and logic to the religion. Saad Ben Naser Al Shethri.,True,37,https://epgshare01.online/epgshare01/epg_ripper_AE1.xml.gz
epgshare,AE1,Koogi.TV.ae,Koogi TV,114,69.3,100.0,Topics Of Interest To You,Religion The host provides an informative discussion on Islamic topics and occasions while linking science and logic to the religion. Saad Ben Naser Al Shethri.,True,37,https://epgshare01.online/epgshare01/epg_ripper_AE1.xml.gz
epgshare,AE1,Shehab.TV.HD.ae,Shehab TV HD,114,69.3,100.0,Topics Of Interest To You,Religion The host provides an informative discussion on Islamic topics and occasions while linking science and logic to the religion. Saad Ben Naser Al Shethri.,True,37,https://epgshare01.online/epgshare01/epg_ripper_AE1.xml.gz
epgshare,AE1,Taha.ae,Taha,114,69.3,100.0,Topics Of Interest To You,Religion The host provides an informative discussion on Islamic topics and occasions while linking science and logic to the religion. Saad Ben Naser Al Shethri.,True,37,https://epgshare01.online/epgshare01/epg_ripper_AE1.xml.gz
epgshare,AE1,Sat-7.Kids.ae,Sat-7 Kids,114,69.3,100.0,Topics Of Interest To You,Religion The host provides an informative discussion on Islamic topics and occasions while linking science and logic to the religion. Saad Ben Naser Al Shethri.,True,37,https://epgshare01.online/epgshare01/epg_ripper_AE1.xml.gz
epgshare,AE1,Cookies.TV.ae,Cookies TV,114,69.3,100.0,Topics Of Interest To You,Religion The host provides an informative discussion on Islamic topics and occasions while linking science and logic to the religion. Saad Ben Naser Al Shethri.,True,37,https://epgshare01.online/epgshare01/epg_ripper_AE1.xml.gz
epgshare,AE1,Algerian.4kids.ae,Algerian 4kids,0,0,0.0,,,False,1,https://epgshare01.online/epgshare01/epg_ripper_AE1.xml.gz
epgshare,AE1,Zarok.TV.ae,Zarok TV,114,69.3,100.0,Topics Of Interest To You,Religion The host provides an informative discussion on Islamic topics and occasions while linking science and logic to the religion. Saad Ben Naser Al Shethri.,True,37,https://epgshare01.online/epgshare01/epg_ripper_AE1.xml.gz
epgshare,AE1,Nogoum.FM.TV.ae,Nogoum FM TV,114,69.3,100.0,Topics Of Interest To You,Religion The host provides an informative discussion on Islamic topics and occasions while linking science and logic to the religion. Saad Ben Naser Al Shethri.,True,37,https://epgshare01.online/epgshare01/epg_ripper_AE1.xml.gz
epgshare,AE1,El.Moled.ae,El Moled,114,69.3,100.0,Topics Of Interest To You,Religion The host provides an informative discussion on Islamic topics and occasions while linking science and logic to the religion. Saad Ben Naser Al Shethri.,True,37,https://epgshare01.online/epgshare01/epg_ripper_AE1.xml.gz
epgshare,AE1,Falastini.TV.ae,Falastini TV,114,69.3,100.0,Topics Of Interest To You,Religion The host provides an informative discussion on Islamic topics and occasions while linking science and logic to the religion. Saad Ben Naser Al Shethri.,True,37,https://epgshare01.online/epgshare01/epg_ripper_AE1.xml.gz
epgshare,AE1,Music.Iraq.ae,Music Iraq,0,0,0.0,,,False,1,https://epgshare01.online/epgshare01/epg_ripper_AE1.xml.gz
epgshare,AE1,Med.Muzîk.ae,Med Muzîk,114,69.3,100.0,Topics Of Interest To You,Religion The host provides an informative discussion on Islamic topics and occasions while linking science and logic to the religion. Saad Ben Naser Al Shethri.,True,37,https://epgshare01.online/epgshare01/epg_ripper_AE1.xml.gz
epgshare,AE1,Al.Quds.Today.TV.ae,Al Quds Today TV,114,69.3,100.0,Topics Of Interest To You,Religion The host provides an informative discussion on Islamic topics and occasions while linking science and logic to the religion. Saad Ben Naser Al Shethri.,True,37,https://epgshare01.online/epgshare01/epg_ripper_AE1.xml.gz
epgshare,AE1,Huda.TV.ae,Huda TV,114,69.3,100.0,Topics Of Interest To You,Religion The host provides an informative discussion on Islamic topics and occasions while linking science and logic to the religion. Saad Ben Naser Al Shethri.,True,37,https://epgshare01.online/epgshare01/epg_ripper_AE1.xml.gz
epgshare,AE1,Algérie.5.ae,Algérie 5,114,69.3,100.0,Topics Of Interest To You,Religion The host provides an informative discussion on Islamic topics and occasions while linking science and logic to the religion. Saad Ben Naser Al Shethri.,True,37,https://epgshare01.online/epgshare01/epg_ripper_AE1.xml.gz
epgshare,AE1,Al.Najaf.Al.Ashraf.TV.ae,Al Najaf Al Ashraf TV,114,69.3,100.0,Topics Of Interest To You,Religion The host provides an informative discussion on Islamic topics and occasions while linking science and logic to the religion. Saad Ben Naser Al Shethri.,True,37,https://epgshare01.online/epgshare01/epg_ripper_AE1.xml.gz
epgshare,AE1,Daewa.TV.ae,Daewa TV,114,69.3,100.0,Topics Of Interest To You,Religion The host provides an informative discussion on Islamic topics and occasions while linking science and logic to the religion. Saad Ben Naser Al Shethri.,True,37,https://epgshare01.online/epgshare01/epg_ripper_AE1.xml.gz
epgshare,AE1,Haq.TV.ae,Haq TV,114,69.3,100.0,Topics Of Interest To You,Religion The host provides an informative discussion on Islamic topics and occasions while linking science and logic to the religion. Saad Ben Naser Al Shethri.,True,37,https://epgshare01.online/epgshare01/epg_ripper_AE1.xml.gz
epgshare,AE1,Al.Ahvaz.TV.ae,Al Ahvaz TV,114,69.3,100.0,Topics Of Interest To You,Religion The host provides an informative discussion on Islamic topics and occasions while linking science and logic to the religion. Saad Ben Naser Al Shethri.,True,37,https://epgshare01.online/epgshare01/epg_ripper_AE1.xml.gz
epgshare,AE1,Als3yda.Madeeh.ae,Als3yda Madeeh,114,69.3,100.0,Topics Of Interest To You,Religion The host provides an informative discussion on Islamic topics and occasions while linking science and logic to the religion. Saad Ben Naser Al Shethri.,True,37,https://epgshare01.online/epgshare01/epg_ripper_AE1.xml.gz
epgshare,AE1,Libya.Ifta.TV.ae,Libya Ifta TV,114,69.3,100.0,Topics Of Interest To You,Religion The host provides an informative discussion on Islamic topics and occasions while linking science and logic to the religion. Saad Ben Naser Al Shethri.,True,37,https://epgshare01.online/epgshare01/epg_ripper_AE1.xml.gz
epgshare,AE1,Al.Rahma.ae,Al Rahma,0,0,0.0,,,False,1,https://epgshare01.online/epgshare01/epg_ripper_AE1.xml.gz
epgshare,AE1,Al.Nas.ae,Al Nas,114,69.3,100.0,Topics Of Interest To You,Religion The host provides an informative discussion on Islamic topics and occasions while linking science and logic to the religion. Saad Ben Naser Al Shethri.,True,37,https://epgshare01.online/epgshare01/epg_ripper_AE1.xml.gz
epgshare,AE1,Madrasetna.1.ae,Madrasetna 1,114,69.3,100.0,Topics Of Interest To You,Religion The host provides an informative discussion on Islamic topics and occasions while linking science and logic to the religion. Saad Ben Naser Al Shethri.,True,37,https://epgshare01.online/epgshare01/epg_ripper_AE1.xml.gz
epgshare,AE1,Madrasetna.2.ae,Madrasetna 2,114,69.3,100.0,Topics Of Interest To You,Religion The host provides an informative discussion on Islamic topics and occasions while linking science and logic to the religion. Saad Ben Naser Al Shethri.,True,37,https://epgshare01.online/epgshare01/epg_ripper_AE1.xml.gz
epgshare,AE1,Madrasetna.3.ae,Madrasetna 3,114,69.3,100.0,Topics Of Interest To You,Religion The host provides an informative discussion on Islamic topics and occasions while linking science and logic to the religion. Saad Ben Naser Al Shethri.,True,37,https://epgshare01.online/epgshare01/epg_ripper_AE1.xml.gz
epgshare,AE1,Al.Ayyam.TV.ae,Al Ayyam TV,114,69.3,100.0,Topics Of Interest To You,Religion The host provides an informative discussion on Islamic topics and occasions while linking science and logic to the religion. Saad Ben Naser Al Shethri.,True,37,https://epgshare01.online/epgshare01/epg_ripper_AE1.xml.gz
epgshare,AE1,Al.Madeeh.ae,Al Madeeh,114,69.3,100.0,Topics Of Interest To You,Religion The host provides an informative discussion on Islamic topics and occasions while linking science and logic to the religion. Saad Ben Naser Al Shethri.,True,37,https://epgshare01.online/epgshare01/epg_ripper_AE1.xml.gz
epgshare,AE1,Al.Nada.TV.ae,Al Nada TV,114,69.3,100.0,Topics Of Interest To You,Religion The host provides an informative discussion on Islamic topics and occasions while linking science and logic to the religion. Saad Ben Naser Al Shethri.,True,37,https://epgshare01.online/epgshare01/epg_ripper_AE1.xml.gz
epgshare,AE1,Misr.Quran.Kareem.ae,Misr Quran Kareem,114,69.3,100.0,Topics Of Interest To You,Religion The host provides an informative discussion on Islamic topics and occasions while linking science and logic to the religion. Saad Ben Naser Al Shethri.,True,37,https://epgshare01.online/epgshare01/epg_ripper_AE1.xml.gz
epgshare,AE1,Aden.Almustakillah.HD.ae,Aden Almustakillah HD,114,69.3,100.0,Topics Of Interest To You,Religion The host provides an informative discussion on Islamic topics and occasions while linking science and logic to the religion. Saad Ben Naser Al Shethri.,True,37,https://epgshare01.online/epgshare01/epg_ripper_AE1.xml.gz
epgshare,AE1,Alfath.TV.ae,Alfath TV,114,69.3,100.0,Topics Of Interest To You,Religion The host provides an informative discussion on Islamic topics and occasions while linking science and logic to the religion. Saad Ben Naser Al Shethri.,True,37,https://epgshare01.online/epgshare01/epg_ripper_AE1.xml.gz
epgshare,AE1,Alistiqama.TV.ae,Alistiqama TV,114,69.3,100.0,Topics Of Interest To You,Religion The host provides an informative discussion on Islamic topics and occasions while linking science and logic to the religion. Saad Ben Naser Al Shethri.,True,37,https://epgshare01.online/epgshare01/epg_ripper_AE1.xml.gz
epgshare,AE1,Al.Nahar.Noor.ae,Al Nahar Noor,114,69.3,100.0,Topics Of Interest To You,Religion The host provides an informative discussion on Islamic topics and occasions while linking science and logic to the religion. Saad Ben Naser Al Shethri.,True,37,https://epgshare01.online/epgshare01/epg_ripper_AE1.xml.gz
epgshare,AE1,Shamalia.TV.ae,Shamalia TV,114,69.3,100.0,Topics Of Interest To You,Religion The host provides an informative discussion on Islamic topics and occasions while linking science and logic to the religion. Saad Ben Naser Al Shethri.,True,37,https://epgshare01.online/epgshare01/epg_ripper_AE1.xml.gz
epgshare,AE1,Thaqalayn.TV.ae,Thaqalayn TV,114,69.3,100.0,Topics Of Interest To You,Religion The host provides an informative discussion on Islamic topics and occasions while linking science and logic to the religion. Saad Ben Naser Al Shethri.,True,37,https://epgshare01.online/epgshare01/epg_ripper_AE1.xml.gz
epgshare,AE1,Zad.TV.ae,Zad TV,114,69.3,100.0,Topics Of Interest To You,Religion The host provides an informative discussion on Islamic topics and occasions while linking science and logic to the religion. Saad Ben Naser Al Shethri.,True,37,https://epgshare01.online/epgshare01/epg_ripper_AE1.xml.gz
epgshare,AE1,NRT.4.ae,NRT 4,0,0,0.0,,,False,1,https://epgshare01.online/epgshare01/epg_ripper_AE1.xml.gz
epgshare,AE1,Bangawaz.TV.ae,Bangawaz TV,62,45.3,100.0,Our Houses,"Focusing on the most pressing social issues people face by narrating numerous human stories and hosting several experts to discuss possible solutions for each problem, thus benefiting the viewers. Abdullah Al Zarouni.",True,232,https://epgshare01.online/epgshare01/epg_ripper_AE1.xml.gz
epgshare,AE1,Al.Anwar.TV.ae,Al Anwar TV,62,45.3,100.0,Our Houses,"Focusing on the most pressing social issues people face by narrating numerous human stories and hosting several experts to discuss possible solutions for each problem, thus benefiting the viewers. Abdullah Al Zarouni.",True,232,https://epgshare01.online/epgshare01/epg_ripper_AE1.xml.gz
epgshare,AE1,Imam.Ali.Shrine.TV.ae,Imam Ali Shrine TV,62,45.3,100.0,Our Houses,"Focusing on the most pressing social issues people face by narrating numerous human stories and hosting several experts to discuss possible solutions for each problem, thus benefiting the viewers. Abdullah Al Zarouni.",True,232,https://epgshare01.online/epgshare01/epg_ripper_AE1.xml.gz
epgshare,AE1,Al.Salam.TV.ae,Al Salam TV,62,45.3,100.0,Our Houses,"Focusing on the most pressing social issues people face by narrating numerous human stories and hosting several experts to discuss possible solutions for each problem, thus benefiting the viewers. Abdullah Al Zarouni.",True,232,https://epgshare01.online/epgshare01/epg_ripper_AE1.xml.gz
epgshare,AE1,MarjaeyatTV.2.HD.ae,MarjaeyatTV 2 HD,62,45.3,100.0,Our Houses,"Focusing on the most pressing social issues people face by narrating numerous human stories and hosting several experts to discuss possible solutions for each problem, thus benefiting the viewers. Abdullah Al Zarouni.",True,232,https://epgshare01.online/epgshare01/epg_ripper_AE1.xml.gz
epgshare,AE1,Asil.TV.ae,Asil TV,62,45.3,100.0,Our Houses,"Focusing on the most pressing social issues people face by narrating numerous human stories and hosting several experts to discuss possible solutions for each problem, thus benefiting the viewers. Abdullah Al Zarouni.",True,232,https://epgshare01.online/epgshare01/epg_ripper_AE1.xml.gz
epgshare,AE1,Roghayah.TV.ae,Roghayah TV,0,0,0.0,,,False,1,https://epgshare01.online/epgshare01/epg_ripper_AE1.xml.gz
epgshare,AE1,Al.Sayedah.TV.ae,Al Sayedah TV,0,0,0.0,,,False,1,https://epgshare01.online/epgshare01/epg_ripper_AE1.xml.gz
epgshare,AE1,Kuwaitawi.TV.ae,Kuwaitawi TV,0,0,0.0,,,False,1,https://epgshare01.online/epgshare01/epg_ripper_AE1.xml.gz
epgshare,AE1,Al.Hijaz.TV.ae,Al Hijaz TV,0,0,0.0,,,False,1,https://epgshare01.online/epgshare01/epg_ripper_AE1.xml.gz
epgshare,AE1,Al.Qamar.TV.ae,Al Qamar TV,62,45.3,100.0,Our Houses,"Focusing on the most pressing social issues people face by narrating numerous human stories and hosting several experts to discuss possible solutions for each problem, thus benefiting the viewers. Abdullah Al Zarouni.",True,232,https://epgshare01.online/epgshare01/epg_ripper_AE1.xml.gz
epgshare,AE1,Imam.Hussein.TV.2.ae,Imam Hussein TV 2,62,45.3,100.0,Our Houses,"Focusing on the most pressing social issues people face by narrating numerous human stories and hosting several experts to discuss possible solutions for each problem, thus benefiting the viewers. Abdullah Al Zarouni.",True,232,https://epgshare01.online/epgshare01/epg_ripper_AE1.xml.gz
epgshare,AE1,Al.Aqila.TV.ae,Al Aqila TV,62,45.3,100.0,Our Houses,"Focusing on the most pressing social issues people face by narrating numerous human stories and hosting several experts to discuss possible solutions for each problem, thus benefiting the viewers. Abdullah Al Zarouni.",True,232,https://epgshare01.online/epgshare01/epg_ripper_AE1.xml.gz
epgshare,AE1,Ahadu.TV.ae,Ahadu TV,62,45.3,100.0,Our Houses,"Focusing on the most pressing social issues people face by narrating numerous human stories and hosting several experts to discuss possible solutions for each problem, thus benefiting the viewers. Abdullah Al Zarouni.",True,232,https://epgshare01.online/epgshare01/epg_ripper_AE1.xml.gz
epgshare,AE1,Al.Mahdi.TV.ae,Al Mahdi TV,62,45.3,100.0,Our Houses,"Focusing on the most pressing social issues people face by narrating numerous human stories and hosting several experts to discuss possible solutions for each problem, thus benefiting the viewers. Abdullah Al Zarouni.",True,232,https://epgshare01.online/epgshare01/epg_ripper_AE1.xml.gz
epgshare,AE1,Alshaaer.TV.ae,Alshaaer TV,62,45.3,100.0,Our Houses,"Focusing on the most pressing social issues people face by narrating numerous human stories and hosting several experts to discuss possible solutions for each problem, thus benefiting the viewers. Abdullah Al Zarouni.",True,232,https://epgshare01.online/epgshare01/epg_ripper_AE1.xml.gz
epgshare,AE1,Dua.Channel.ae,Dua Channel,62,45.3,100.0,Our Houses,"Focusing on the most pressing social issues people face by narrating numerous human stories and hosting several experts to discuss possible solutions for each problem, thus benefiting the viewers. Abdullah Al Zarouni.",True,232,https://epgshare01.online/epgshare01/epg_ripper_AE1.xml.gz
epgshare,AE1,Saout.Alaqila.ae,Saout Alaqila,62,45.3,100.0,Our Houses,"Focusing on the most pressing social issues people face by narrating numerous human stories and hosting several experts to discuss possible solutions for each problem, thus benefiting the viewers. Abdullah Al Zarouni.",True,232,https://epgshare01.online/epgshare01/epg_ripper_AE1.xml.gz
epgshare,AE1,Amozhgary.TV.ae,Amozhgary TV,62,45.3,100.0,Our Houses,"Focusing on the most pressing social issues people face by narrating numerous human stories and hosting several experts to discuss possible solutions for each problem, thus benefiting the viewers. Abdullah Al Zarouni.",True,232,https://epgshare01.online/epgshare01/epg_ripper_AE1.xml.gz
epgshare,AE1,CTV.ae,CTV,62,45.3,100.0,Our Houses,"Focusing on the most pressing social issues people face by narrating numerous human stories and hosting several experts to discuss possible solutions for each problem, thus benefiting the viewers. Abdullah Al Zarouni.",True,232,https://epgshare01.online/epgshare01/epg_ripper_AE1.xml.gz
epgshare,AE1,Aghapy.TV.ae,Aghapy TV,62,45.3,100.0,Our Houses,"Focusing on the most pressing social issues people face by narrating numerous human stories and hosting several experts to discuss possible solutions for each problem, thus benefiting the viewers. Abdullah Al Zarouni.",True,232,https://epgshare01.online/epgshare01/epg_ripper_AE1.xml.gz
epgshare,AE1,KTO.ae,KTO,62,45.3,100.0,Our Houses,"Focusing on the most pressing social issues people face by narrating numerous human stories and hosting several experts to discuss possible solutions for each problem, thus benefiting the viewers. Abdullah Al Zarouni.",True,232,https://epgshare01.online/epgshare01/epg_ripper_AE1.xml.gz
epgshare,AE1,Noursat.TV.ae,Noursat TV,62,45.3,100.0,Our Houses,"Focusing on the most pressing social issues people face by narrating numerous human stories and hosting several experts to discuss possible solutions for each problem, thus benefiting the viewers. Abdullah Al Zarouni.",True,232,https://epgshare01.online/epgshare01/epg_ripper_AE1.xml.gz
epgshare,AE1,Noursat.Al.Chabab.ae,Noursat Al Chabab,0,0,0.0,,,False,1,https://epgshare01.online/epgshare01/epg_ripper_AE1.xml.gz
epgshare,AE1,Al.Kalema.ae,Al Kalema,62,45.3,100.0,Our Houses,"Focusing on the most pressing social issues people face by narrating numerous human stories and hosting several experts to discuss possible solutions for each problem, thus benefiting the viewers. Abdullah Al Zarouni.",True,232,https://epgshare01.online/epgshare01/epg_ripper_AE1.xml.gz
epgshare,AE1,Nour.Koddass.ae,Nour Koddass,62,45.3,100.0,Our Houses,"Focusing on the most pressing social issues people face by narrating numerous human stories and hosting several experts to discuss possible solutions for each problem, thus benefiting the viewers. Abdullah Al Zarouni.",True,232,https://epgshare01.online/epgshare01/epg_ripper_AE1.xml.gz
epgshare,AE1,Nour.Mariam.TV.ae,Nour Mariam TV,0,0,0.0,,,False,1,https://epgshare01.online/epgshare01/epg_ripper_AE1.xml.gz
epgshare,AE1,Nour.al.Sharq.ae,Nour al Sharq,0,0,0.0,,,False,1,https://epgshare01.online/epgshare01/epg_ripper_AE1.xml.gz
epgshare,AE1,Al.Hayat.ae,Al Hayat,62,45.3,100.0,Our Houses,"Focusing on the most pressing social issues people face by narrating numerous human stories and hosting several experts to discuss possible solutions for each problem, thus benefiting the viewers. Abdullah Al Zarouni.",True,232,https://epgshare01.online/epgshare01/epg_ripper_AE1.xml.gz
epgshare,AE1,Al.Horreya.TV.ae,Al Horreya TV,62,45.3,100.0,Our Houses,"Focusing on the most pressing social issues people face by narrating numerous human stories and hosting several experts to discuss possible solutions for each problem, thus benefiting the viewers. Abdullah Al Zarouni.",True,232,https://epgshare01.online/epgshare01/epg_ripper_AE1.xml.gz
epgshare,AE1,Alkarma.TV.Middle.East.1.ae,Alkarma TV Middle East 1,62,45.3,100.0,Our Houses,"Focusing on the most pressing social issues people face by narrating numerous human stories and hosting several experts to discuss possible solutions for each problem, thus benefiting the viewers. Abdullah Al Zarouni.",True,232,https://epgshare01.online/epgshare01/epg_ripper_AE1.xml.gz
epgshare,AE1,Alkarma.Praise.ae,Alkarma Praise,62,45.3,100.0,Our Houses,"Focusing on the most pressing social issues people face by narrating numerous human stories and hosting several experts to discuss possible solutions for each problem, thus benefiting the viewers. Abdullah Al Zarouni.",True,232,https://epgshare01.online/epgshare01/epg_ripper_AE1.xml.gz
epgshare,AE1,Al.Karma.NewGen.ae,Al Karma NewGen,62,45.3,100.0,Our Houses,"Focusing on the most pressing social issues people face by narrating numerous human stories and hosting several experts to discuss possible solutions for each problem, thus benefiting the viewers. Abdullah Al Zarouni.",True,232,https://epgshare01.online/epgshare01/epg_ripper_AE1.xml.gz
epgshare,AE1,Almagd.TV.ae,Almagd TV,62,45.3,100.0,Our Houses,"Focusing on the most pressing social issues people face by narrating numerous human stories and hosting several experts to discuss possible solutions for each problem, thus benefiting the viewers. Abdullah Al Zarouni.",True,232,https://epgshare01.online/epgshare01/epg_ripper_AE1.xml.gz
epgshare,AE1,C.Sat.ae,C Sat,62,45.3,100.0,Our Houses,"Focusing on the most pressing social issues people face by narrating numerous human stories and hosting several experts to discuss possible solutions for each problem, thus benefiting the viewers. Abdullah Al Zarouni.",True,232,https://epgshare01.online/epgshare01/epg_ripper_AE1.xml.gz
epgshare,AE1,Logos.TV.ae,Logos TV,62,45.3,100.0,Our Houses,"Focusing on the most pressing social issues people face by narrating numerous human stories and hosting several experts to discuss possible solutions for each problem, thus benefiting the viewers. Abdullah Al Zarouni.",True,232,https://epgshare01.online/epgshare01/epg_ripper_AE1.xml.gz
epgshare,AE1,Sat-7.Arabic.ae,Sat-7 Arabic,62,45.3,100.0,Our Houses,"Focusing on the most pressing social issues people face by narrating numerous human stories and hosting several experts to discuss possible solutions for each problem, thus benefiting the viewers. Abdullah Al Zarouni.",True,232,https://epgshare01.online/epgshare01/epg_ripper_AE1.xml.gz
epgshare,AE1,SBN.ae,SBN,62,45.3,100.0,Our Houses,"Focusing on the most pressing social issues people face by narrating numerous human stories and hosting several experts to discuss possible solutions for each problem, thus benefiting the viewers. Abdullah Al Zarouni.",True,232,https://epgshare01.online/epgshare01/epg_ripper_AE1.xml.gz
epgshare,AE1,Suboro.TV.ae,Suboro TV,62,45.3,100.0,Our Houses,"Focusing on the most pressing social issues people face by narrating numerous human stories and hosting several experts to discuss possible solutions for each problem, thus benefiting the viewers. Abdullah Al Zarouni.",True,232,https://epgshare01.online/epgshare01/epg_ripper_AE1.xml.gz
epgshare,AE1,The.Kingdom.Sat.ae,The Kingdom Sat,62,45.3,100.0,Our Houses,"Focusing on the most pressing social issues people face by narrating numerous human stories and hosting several experts to discuss possible solutions for each problem, thus benefiting the viewers. Abdullah Al Zarouni.",True,232,https://epgshare01.online/epgshare01/epg_ripper_AE1.xml.gz
epgshare,AE1,Angel.TV.Arabia.ae,Angel TV Arabia,0,0,0.0,,,False,1,https://epgshare01.online/epgshare01/epg_ripper_AE1.xml.gz
epgshare,AE1,Misr.AlBalad.ae,Misr AlBalad,62,45.3,100.0,Our Houses,"Focusing on the most pressing social issues people face by narrating numerous human stories and hosting several experts to discuss possible solutions for each problem, thus benefiting the viewers. Abdullah Al Zarouni.",True,232,https://epgshare01.online/epgshare01/epg_ripper_AE1.xml.gz
epgshare,AE1,Al.Assema.ae,Al Assema,0,0,0.0,,,False,1,https://epgshare01.online/epgshare01/epg_ripper_AE1.xml.gz
epgshare,AE1,Home.TV.ae,Home TV,62,45.3,100.0,Our Houses,"Focusing on the most pressing social issues people face by narrating numerous human stories and hosting several experts to discuss possible solutions for each problem, thus benefiting the viewers. Abdullah Al Zarouni.",True,232,https://epgshare01.online/epgshare01/epg_ripper_AE1.xml.gz
epgshare,AE1,West.Elbalad.Zaman.ae,West Elbalad Zaman,62,45.3,100.0,Our Houses,"Focusing on the most pressing social issues people face by narrating numerous human stories and hosting several experts to discuss possible solutions for each problem, thus benefiting the viewers. Abdullah Al Zarouni.",True,232,https://epgshare01.online/epgshare01/epg_ripper_AE1.xml.gz
epgshare,AE1,Ajman.TV.HD.ae,Ajman TV HD,62,45.3,100.0,Our Houses,"Focusing on the most pressing social issues people face by narrating numerous human stories and hosting several experts to discuss possible solutions for each problem, thus benefiting the viewers. Abdullah Al Zarouni.",True,232,https://epgshare01.online/epgshare01/epg_ripper_AE1.xml.gz
epgshare,AE1,Sharqiya.from.Kalba.HD.ae,Sharqiya from Kalba HD,62,45.3,100.0,Our Houses,"Focusing on the most pressing social issues people face by narrating numerous human stories and hosting several experts to discuss possible solutions for each problem, thus benefiting the viewers. Abdullah Al Zarouni.",True,232,https://epgshare01.online/epgshare01/epg_ripper_AE1.xml.gz
epgshare,AE1,Bahia.TV.ae,Bahia TV,62,45.3,100.0,Our Houses,"Focusing on the most pressing social issues people face by narrating numerous human stories and hosting several experts to discuss possible solutions for each problem, thus benefiting the viewers. Abdullah Al Zarouni.",True,232,https://epgshare01.online/epgshare01/epg_ripper_AE1.xml.gz
epgshare,AE1,Al.Haqeqa.Al.Dawliah.(Fact.Int'l).ae,Al Haqeqa Al Dawliah (Fact Int'l),62,45.3,100.0,Our Houses,"Focusing on the most pressing social issues people face by narrating numerous human stories and hosting several experts to discuss possible solutions for each problem, thus benefiting the viewers. Abdullah Al Zarouni.",True,232,https://epgshare01.online/epgshare01/epg_ripper_AE1.xml.gz
epgshare,AE1,Al.Iman.TV.ae,Al Iman TV,62,45.3,100.0,Our Houses,"Focusing on the most pressing social issues people face by narrating numerous human stories and hosting several experts to discuss possible solutions for each problem, thus benefiting the viewers. Abdullah Al Zarouni.",True,232,https://epgshare01.online/epgshare01/epg_ripper_AE1.xml.gz
epgshare,AE1,Awdeh.HD.ae,Awdeh HD,62,45.3,100.0,Our Houses,"Focusing on the most pressing social issues people face by narrating numerous human stories and hosting several experts to discuss possible solutions for each problem, thus benefiting the viewers. Abdullah Al Zarouni.",True,232,https://epgshare01.online/epgshare01/epg_ripper_AE1.xml.gz
epgshare,AE1,Hebron.Sat.ae,Hebron Sat,62,45.3,100.0,Our Houses,"Focusing on the most pressing social issues people face by narrating numerous human stories and hosting several experts to discuss possible solutions for each problem, thus benefiting the viewers. Abdullah Al Zarouni.",True,232,https://epgshare01.online/epgshare01/epg_ripper_AE1.xml.gz
epgshare,AE1,Musawa.HD.ae,Musawa HD,62,45.3,100.0,Our Houses,"Focusing on the most pressing social issues people face by narrating numerous human stories and hosting several experts to discuss possible solutions for each problem, thus benefiting the viewers. Abdullah Al Zarouni.",True,232,https://epgshare01.online/epgshare01/epg_ripper_AE1.xml.gz
epgshare,AE1,Syria.TV.HD.ae,Syria TV HD,62,45.3,100.0,Our Houses,"Focusing on the most pressing social issues people face by narrating numerous human stories and hosting several experts to discuss possible solutions for each problem, thus benefiting the viewers. Abdullah Al Zarouni.",True,232,https://epgshare01.online/epgshare01/epg_ripper_AE1.xml.gz
epgshare,AE1,Syria.One.TV.ae,Syria One TV,62,45.3,100.0,Our Houses,"Focusing on the most pressing social issues people face by narrating numerous human stories and hosting several experts to discuss possible solutions for each problem, thus benefiting the viewers. Abdullah Al Zarouni.",True,232,https://epgshare01.online/epgshare01/epg_ripper_AE1.xml.gz
epgshare,AE1,Wasat.TV.HD.ae,Wasat TV HD,0,0,0.0,,,False,1,https://epgshare01.online/epgshare01/epg_ripper_AE1.xml.gz
epgshare,AE1,New.Libya.ae,New Libya,0,0,0.0,,,False,1,https://epgshare01.online/epgshare01/epg_ripper_AE1.xml.gz
epgshare,AE1,Libya.Government.ae,Libya Government,0,0,0.0,,,False,1,https://epgshare01.online/epgshare01/epg_ripper_AE1.xml.gz
epgshare,AE1,Khartoum.TV.ae,Khartoum TV,62,45.3,100.0,Our Houses,"Focusing on the most pressing social issues people face by narrating numerous human stories and hosting several experts to discuss possible solutions for each problem, thus benefiting the viewers. Abdullah Al Zarouni.",True,232,https://epgshare01.online/epgshare01/epg_ripper_AE1.xml.gz
epgshare,AE1,Alzrga.ae,Alzrga,62,45.3,100.0,Our Houses,"Focusing on the most pressing social issues people face by narrating numerous human stories and hosting several experts to discuss possible solutions for each problem, thus benefiting the viewers. Abdullah Al Zarouni.",True,232,https://epgshare01.online/epgshare01/epg_ripper_AE1.xml.gz
epgshare,AE1,Sudan.Basic.Edu.TV.ae,Sudan Basic Edu TV,0,0,0.0,,,False,1,https://epgshare01.online/epgshare01/epg_ripper_AE1.xml.gz
epgshare,AE1,Tayba.TV.ae,Tayba TV,62,45.3,100.0,Our Houses,"Focusing on the most pressing social issues people face by narrating numerous human stories and hosting several experts to discuss possible solutions for each problem, thus benefiting the viewers. Abdullah Al Zarouni.",True,232,https://epgshare01.online/epgshare01/epg_ripper_AE1.xml.gz
epgshare,AE1,Al.Kawthar.TV.ae,Al Kawthar TV,62,45.3,100.0,Our Houses,"Focusing on the most pressing social issues people face by narrating numerous human stories and hosting several experts to discuss possible solutions for each problem, thus benefiting the viewers. Abdullah Al Zarouni.",True,232,https://epgshare01.online/epgshare01/epg_ripper_AE1.xml.gz
epgshare,AE1,Al.Maaref.TV.ae,Al Maaref TV,62,45.3,100.0,Our Houses,"Focusing on the most pressing social issues people face by narrating numerous human stories and hosting several experts to discuss possible solutions for each problem, thus benefiting the viewers. Abdullah Al Zarouni.",True,232,https://epgshare01.online/epgshare01/epg_ripper_AE1.xml.gz
epgshare,AE1,Al.Dawla.TV.ae,Al Dawla TV,62,45.3,100.0,Our Houses,"Focusing on the most pressing social issues people face by narrating numerous human stories and hosting several experts to discuss possible solutions for each problem, thus benefiting the viewers. Abdullah Al Zarouni.",True,232,https://epgshare01.online/epgshare01/epg_ripper_AE1.xml.gz
epgshare,AE1,Al.Naeem.TV.ae,Al Naeem TV,28,21.3,100.0,People Of Generousity,"People Inspiring human stories and extraordinary experiences that touch hearts, uniting them through unforgettable journeys of hope and resilience.",False,1,https://epgshare01.online/epgshare01/epg_ripper_AE1.xml.gz
epgshare,AE1,1.Baghdad.ae,1 Baghdad,0,0,0.0,,,False,1,https://epgshare01.online/epgshare01/epg_ripper_AE1.xml.gz
epgshare,AE1,UTV.Iraq.ae,UTV Iraq,62,45.3,100.0,Our Houses,"Focusing on the most pressing social issues people face by narrating numerous human stories and hosting several experts to discuss possible solutions for each problem, thus benefiting the viewers. Abdullah Al Zarouni.",True,232,https://epgshare01.online/epgshare01/epg_ripper_AE1.xml.gz
epgshare,AE1,Hawa.Baghdad.ae,Hawa Baghdad,0,0,0.0,,,False,1,https://epgshare01.online/epgshare01/epg_ripper_AE1.xml.gz
epgshare,AE1,Baghdad.TV.ae,Baghdad TV,62,45.3,100.0,Our Houses,"Focusing on the most pressing social issues people face by narrating numerous human stories and hosting several experts to discuss possible solutions for each problem, thus benefiting the viewers. Abdullah Al Zarouni.",True,232,https://epgshare01.online/epgshare01/epg_ripper_AE1.xml.gz
epgshare,AE1,Ava.TV.ae,Ava TV,62,45.3,100.0,Our Houses,"Focusing on the most pressing social issues people face by narrating numerous human stories and hosting several experts to discuss possible solutions for each problem, thus benefiting the viewers. Abdullah Al Zarouni.",True,232,https://epgshare01.online/epgshare01/epg_ripper_AE1.xml.gz
epgshare,AE1,Çira.TV.ae,Çira TV,62,45.3,100.0,Our Houses,"Focusing on the most pressing social issues people face by narrating numerous human stories and hosting several experts to discuss possible solutions for each problem, thus benefiting the viewers. Abdullah Al Zarouni.",True,232,https://epgshare01.online/epgshare01/epg_ripper_AE1.xml.gz
epgshare,AE1,Jin.TV.HD.ae,Jin TV HD,62,45.3,100.0,Our Houses,"Focusing on the most pressing social issues people face by narrating numerous human stories and hosting several experts to discuss possible solutions for each problem, thus benefiting the viewers. Abdullah Al Zarouni.",True,232,https://epgshare01.online/epgshare01/epg_ripper_AE1.xml.gz
epgshare,AE1,Stêrk.TV.HD.ae,Stêrk TV HD,62,45.3,100.0,Our Houses,"Focusing on the most pressing social issues people face by narrating numerous human stories and hosting several experts to discuss possible solutions for each problem, thus benefiting the viewers. Abdullah Al Zarouni.",True,232,https://epgshare01.online/epgshare01/epg_ripper_AE1.xml.gz
epgshare,AE1,Türkmeneli.TV.HD.ae,Türkmeneli TV HD,62,45.3,100.0,Our Houses,"Focusing on the most pressing social issues people face by narrating numerous human stories and hosting several experts to discuss possible solutions for each problem, thus benefiting the viewers. Abdullah Al Zarouni.",True,232,https://epgshare01.online/epgshare01/epg_ripper_AE1.xml.gz
epgshare,AE1,Waar.HD.ae,Waar HD,62,45.3,100.0,Our Houses,"Focusing on the most pressing social issues people face by narrating numerous human stories and hosting several experts to discuss possible solutions for each problem, thus benefiting the viewers. Abdullah Al Zarouni.",True,232,https://epgshare01.online/epgshare01/epg_ripper_AE1.xml.gz
epgshare,AE1,Sahar.Kurdi.ae,Sahar Kurdi,62,45.3,100.0,Our Houses,"Focusing on the most pressing social issues people face by narrating numerous human stories and hosting several experts to discuss possible solutions for each problem, thus benefiting the viewers. Abdullah Al Zarouni.",True,232,https://epgshare01.online/epgshare01/epg_ripper_AE1.xml.gz
epgshare,AE1,Télé.Tchad.ae,Télé Tchad,62,45.3,100.0,Our Houses,"Focusing on the most pressing social issues people face by narrating numerous human stories and hosting several experts to discuss possible solutions for each problem, thus benefiting the viewers. Abdullah Al Zarouni.",True,232,https://epgshare01.online/epgshare01/epg_ripper_AE1.xml.gz
epgshare,AE1,OSN.TV.ae,OSN TV,62,45.3,100.0,Our Houses,"Focusing on the most pressing social issues people face by narrating numerous human stories and hosting several experts to discuss possible solutions for each problem, thus benefiting the viewers. Abdullah Al Zarouni.",True,232,https://epgshare01.online/epgshare01/epg_ripper_AE1.xml.gz
epgshare,AE1,iKA.TV.ae,iKA TV,62,45.3,100.0,Our Houses,"Focusing on the most pressing social issues people face by narrating numerous human stories and hosting several experts to discuss possible solutions for each problem, thus benefiting the viewers. Abdullah Al Zarouni.",True,232,https://epgshare01.online/epgshare01/epg_ripper_AE1.xml.gz
epgshare,AE1,Al.Eshraq.TV.ae,Al Eshraq TV,62,45.3,100.0,Our Houses,"Focusing on the most pressing social issues people face by narrating numerous human stories and hosting several experts to discuss possible solutions for each problem, thus benefiting the viewers. Abdullah Al Zarouni.",True,232,https://epgshare01.online/epgshare01/epg_ripper_AE1.xml.gz
epgshare,AE1,Altaleaa.TV.ae,Altaleaa TV,62,45.3,100.0,Our Houses,"Focusing on the most pressing social issues people face by narrating numerous human stories and hosting several experts to discuss possible solutions for each problem, thus benefiting the viewers. Abdullah Al Zarouni.",True,232,https://epgshare01.online/epgshare01/epg_ripper_AE1.xml.gz
epgshare,AE1,Adala.TV.HD.ae,Adala TV HD,62,45.3,100.0,Our Houses,"Focusing on the most pressing social issues people face by narrating numerous human stories and hosting several experts to discuss possible solutions for each problem, thus benefiting the viewers. Abdullah Al Zarouni.",True,232,https://epgshare01.online/epgshare01/epg_ripper_AE1.xml.gz
epgshare,AE1,Al.Etejah.HD.ae,Al Etejah HD,0,0,0.0,,,False,1,https://epgshare01.online/epgshare01/epg_ripper_AE1.xml.gz
epgshare,AE1,Al.Haqiqa.ae,Al Haqiqa,0,0,0.0,,,False,1,https://epgshare01.online/epgshare01/epg_ripper_AE1.xml.gz
epgshare,AE1,Al.Hawyah.ae,Al Hawyah,62,45.3,100.0,Our Houses,"Focusing on the most pressing social issues people face by narrating numerous human stories and hosting several experts to discuss possible solutions for each problem, thus benefiting the viewers. Abdullah Al Zarouni.",True,232,https://epgshare01.online/epgshare01/epg_ripper_AE1.xml.gz
epgshare,AE1,Al.Ittihad.TV.ae,Al Ittihad TV,62,45.3,100.0,Our Houses,"Focusing on the most pressing social issues people face by narrating numerous human stories and hosting several experts to discuss possible solutions for each problem, thus benefiting the viewers. Abdullah Al Zarouni.",True,232,https://epgshare01.online/epgshare01/epg_ripper_AE1.xml.gz
epgshare,AE1,MTA.3.ae,MTA 3,62,45.3,100.0,Our Houses,"Focusing on the most pressing social issues people face by narrating numerous human stories and hosting several experts to discuss possible solutions for each problem, thus benefiting the viewers. Abdullah Al Zarouni.",True,232,https://epgshare01.online/epgshare01/epg_ripper_AE1.xml.gz
epgshare,AE1,Al.Ons.TV.ae,Al Ons TV,62,45.3,100.0,Our Houses,"Focusing on the most pressing social issues people face by narrating numerous human stories and hosting several experts to discuss possible solutions for each problem, thus benefiting the viewers. Abdullah Al Zarouni.",True,232,https://epgshare01.online/epgshare01/epg_ripper_AE1.xml.gz
epgshare,AE1,Al.Qanat.9.ae,Al Qanat 9,62,45.3,100.0,Our Houses,"Focusing on the most pressing social issues people face by narrating numerous human stories and hosting several experts to discuss possible solutions for each problem, thus benefiting the viewers. Abdullah Al Zarouni.",True,232,https://epgshare01.online/epgshare01/epg_ripper_AE1.xml.gz
epgshare,AE1,Al.Sahraa.TV.ae,Al Sahraa TV,62,45.3,100.0,Our Houses,"Focusing on the most pressing social issues people face by narrating numerous human stories and hosting several experts to discuss possible solutions for each problem, thus benefiting the viewers. Abdullah Al Zarouni.",True,232,https://epgshare01.online/epgshare01/epg_ripper_AE1.xml.gz
epgshare,AE1,Al.Tanasuh.TV.ae,Al Tanasuh TV,62,45.3,100.0,Our Houses,"Focusing on the most pressing social issues people face by narrating numerous human stories and hosting several experts to discuss possible solutions for each problem, thus benefiting the viewers. Abdullah Al Zarouni.",True,232,https://epgshare01.online/epgshare01/epg_ripper_AE1.xml.gz
epgshare,AE1,Al.Waqie.ae,Al Waqie,62,45.3,100.0,Our Houses,"Focusing on the most pressing social issues people face by narrating numerous human stories and hosting several experts to discuss possible solutions for each problem, thus benefiting the viewers. Abdullah Al Zarouni.",True,232,https://epgshare01.online/epgshare01/epg_ripper_AE1.xml.gz
epgshare,AE1,Al.Wousta.TV.HD.ae,Al Wousta TV HD,62,45.3,100.0,Our Houses,"Focusing on the most pressing social issues people face by narrating numerous human stories and hosting several experts to discuss possible solutions for each problem, thus benefiting the viewers. Abdullah Al Zarouni.",True,232,https://epgshare01.online/epgshare01/epg_ripper_AE1.xml.gz
epgshare,AE1,Alahad.TV.HD.ae,Alahad TV HD,62,45.3,100.0,Our Houses,"Focusing on the most pressing social issues people face by narrating numerous human stories and hosting several experts to discuss possible solutions for each problem, thus benefiting the viewers. Abdullah Al Zarouni.",True,232,https://epgshare01.online/epgshare01/epg_ripper_AE1.xml.gz
epgshare,AE1,Alerth.Alnabawi.ae,Alerth Alnabawi,62,45.3,100.0,Our Houses,"Focusing on the most pressing social issues people face by narrating numerous human stories and hosting several experts to discuss possible solutions for each problem, thus benefiting the viewers. Abdullah Al Zarouni.",True,232,https://epgshare01.online/epgshare01/epg_ripper_AE1.xml.gz
epgshare,AE1,Allahdhah.TV.ae,Allahdhah TV,62,45.3,100.0,Our Houses,"Focusing on the most pressing social issues people face by narrating numerous human stories and hosting several experts to discuss possible solutions for each problem, thus benefiting the viewers. Abdullah Al Zarouni.",True,232,https://epgshare01.online/epgshare01/epg_ripper_AE1.xml.gz
epgshare,AE1,Almustakillah.TV.ae,Almustakillah TV,62,45.3,100.0,Our Houses,"Focusing on the most pressing social issues people face by narrating numerous human stories and hosting several experts to discuss possible solutions for each problem, thus benefiting the viewers. Abdullah Al Zarouni.",True,232,https://epgshare01.online/epgshare01/epg_ripper_AE1.xml.gz
epgshare,AE1,Altaghier.TV.HD.ae,Altaghier TV HD,0,0,0.0,,,False,1,https://epgshare01.online/epgshare01/epg_ripper_AE1.xml.gz
epgshare,AE1,Azhari.TV.ae,Azhari TV,62,45.3,100.0,Our Houses,"Focusing on the most pressing social issues people face by narrating numerous human stories and hosting several experts to discuss possible solutions for each problem, thus benefiting the viewers. Abdullah Al Zarouni.",True,232,https://epgshare01.online/epgshare01/epg_ripper_AE1.xml.gz
epgshare,AE1,Belqees.TV.ae,Belqees TV,0,0,0.0,,,False,1,https://epgshare01.online/epgshare01/epg_ripper_AE1.xml.gz
epgshare,AE1,Bin.Othaimeen.ae,Bin Othaimeen,62,45.3,100.0,Our Houses,"Focusing on the most pressing social issues people face by narrating numerous human stories and hosting several experts to discuss possible solutions for each problem, thus benefiting the viewers. Abdullah Al Zarouni.",True,232,https://epgshare01.online/epgshare01/epg_ripper_AE1.xml.gz
epgshare,AE1,Jannah.TV.ae,Jannah TV,0,0,0.0,,,False,1,https://epgshare01.online/epgshare01/epg_ripper_AE1.xml.gz
epgshare,AE1,Libya.Ly.ae,Libya Ly,0,0,0.0,,,False,1,https://epgshare01.online/epgshare01/epg_ripper_AE1.xml.gz
epgshare,AE1,Libya.Future.TV.HD.ae,Libya Future TV HD,62,45.3,100.0,Our Houses,"Focusing on the most pressing social issues people face by narrating numerous human stories and hosting several experts to discuss possible solutions for each problem, thus benefiting the viewers. Abdullah Al Zarouni.",True,232,https://epgshare01.online/epgshare01/epg_ripper_AE1.xml.gz
epgshare,AE1,Nabaa.TV.ae,Nabaa TV,62,45.3,100.0,Our Houses,"Focusing on the most pressing social issues people face by narrating numerous human stories and hosting several experts to discuss possible solutions for each problem, thus benefiting the viewers. Abdullah Al Zarouni.",True,232,https://epgshare01.online/epgshare01/epg_ripper_AE1.xml.gz
epgshare,AE1,Oyoun.Al.Watan.TV.ae,Oyoun Al Watan TV,62,45.3,100.0,Our Houses,"Focusing on the most pressing social issues people face by narrating numerous human stories and hosting several experts to discuss possible solutions for each problem, thus benefiting the viewers. Abdullah Al Zarouni.",True,232,https://epgshare01.online/epgshare01/epg_ripper_AE1.xml.gz
epgshare,AE1,Salam.HD.ae,Salam HD,62,45.3,100.0,Our Houses,"Focusing on the most pressing social issues people face by narrating numerous human stories and hosting several experts to discuss possible solutions for each problem, thus benefiting the viewers. Abdullah Al Zarouni.",True,232,https://epgshare01.online/epgshare01/epg_ripper_AE1.xml.gz
epgshare,AE1,Watan.TV.ae,Watan TV,62,45.3,100.0,Our Houses,"Focusing on the most pressing social issues people face by narrating numerous human stories and hosting several experts to discuss possible solutions for each problem, thus benefiting the viewers. Abdullah Al Zarouni.",True,232,https://epgshare01.online/epgshare01/epg_ripper_AE1.xml.gz
epgshare,AE1,Aryen.TV.ae,Aryen TV,0,0,0.0,,,False,1,https://epgshare01.online/epgshare01/epg_ripper_AE1.xml.gz
epgshare,AE1,Jordan.sama.ae,Jordan sama,62,45.3,100.0,Our Houses,"Focusing on the most pressing social issues people face by narrating numerous human stories and hosting several experts to discuss possible solutions for each problem, thus benefiting the viewers. Abdullah Al Zarouni.",True,232,https://epgshare01.online/epgshare01/epg_ripper_AE1.xml.gz
epgshare,AE1,Manu.Chat.ae,Manu Chat,62,45.3,100.0,Our Houses,"Focusing on the most pressing social issues people face by narrating numerous human stories and hosting several experts to discuss possible solutions for each problem, thus benefiting the viewers. Abdullah Al Zarouni.",True,232,https://epgshare01.online/epgshare01/epg_ripper_AE1.xml.gz
epgshare,AE1,Sat.tv.ae,Sat.tv,62,45.3,100.0,Our Houses,"Focusing on the most pressing social issues people face by narrating numerous human stories and hosting several experts to discuss possible solutions for each problem, thus benefiting the viewers. Abdullah Al Zarouni.",True,232,https://epgshare01.online/epgshare01/epg_ripper_AE1.xml.gz
epgshare,AE1,CHAINE.1.ae,CHAINE 1,62,45.3,100.0,Our Houses,"Focusing on the most pressing social issues people face by narrating numerous human stories and hosting several experts to discuss possible solutions for each problem, thus benefiting the viewers. Abdullah Al Zarouni.",True,232,https://epgshare01.online/epgshare01/epg_ripper_AE1.xml.gz
epgshare,AE1,Al.Arabiya.FM.ae,Al Arabiya FM,62,45.3,100.0,Our Houses,"Focusing on the most pressing social issues people face by narrating numerous human stories and hosting several experts to discuss possible solutions for each problem, thus benefiting the viewers. Abdullah Al Zarouni.",True,232,https://epgshare01.online/epgshare01/epg_ripper_AE1.xml.gz
epgshare,AE1,OFM.ae,OFM,62,45.3,100.0,Our Houses,"Focusing on the most pressing social issues people face by narrating numerous human stories and hosting several experts to discuss possible solutions for each problem, thus benefiting the viewers. Abdullah Al Zarouni.",True,232,https://epgshare01.online/epgshare01/epg_ripper_AE1.xml.gz
epgshare,AE1,Qatar.Radio.ae,Qatar Radio,62,45.3,100.0,Our Houses,"Focusing on the most pressing social issues people face by narrating numerous human stories and hosting several experts to discuss possible solutions for each problem, thus benefiting the viewers. Abdullah Al Zarouni.",True,232,https://epgshare01.online/epgshare01/epg_ripper_AE1.xml.gz
epgshare,AE1,Qatar.QBS.Radio.ae,Qatar QBS Radio,62,45.3,100.0,Our Houses,"Focusing on the most pressing social issues people face by narrating numerous human stories and hosting several experts to discuss possible solutions for each problem, thus benefiting the viewers. Abdullah Al Zarouni.",True,232,https://epgshare01.online/epgshare01/epg_ripper_AE1.xml.gz
epgshare,AE1,Sharjah.Radio.ae,Sharjah Radio,62,45.3,100.0,Our Houses,"Focusing on the most pressing social issues people face by narrating numerous human stories and hosting several experts to discuss possible solutions for each problem, thus benefiting the viewers. Abdullah Al Zarouni.",True,232,https://epgshare01.online/epgshare01/epg_ripper_AE1.xml.gz
epgshare,AE1,Radio.Sawt.El.Shaab.ae,Radio Sawt El Shaab,62,45.3,100.0,Our Houses,"Focusing on the most pressing social issues people face by narrating numerous human stories and hosting several experts to discuss possible solutions for each problem, thus benefiting the viewers. Abdullah Al Zarouni.",True,232,https://epgshare01.online/epgshare01/epg_ripper_AE1.xml.gz
epgshare,AE1,Al.Bachaeer.Radio.ae,Al Bachaeer Radio,62,45.3,100.0,Our Houses,"Focusing on the most pressing social issues people face by narrating numerous human stories and hosting several experts to discuss possible solutions for each problem, thus benefiting the viewers. Abdullah Al Zarouni.",True,232,https://epgshare01.online/epgshare01/epg_ripper_AE1.xml.gz
epgshare,AE1,Kuwait.Radio.1.ae,Kuwait Radio 1,62,45.3,100.0,Our Houses,"Focusing on the most pressing social issues people face by narrating numerous human stories and hosting several experts to discuss possible solutions for each problem, thus benefiting the viewers. Abdullah Al Zarouni.",True,232,https://epgshare01.online/epgshare01/epg_ripper_AE1.xml.gz
epgshare,AE1,Kuwait.Radio.2.ae,Kuwait Radio 2,62,45.3,100.0,Our Houses,"Focusing on the most pressing social issues people face by narrating numerous human stories and hosting several experts to discuss possible solutions for each problem, thus benefiting the viewers. Abdullah Al Zarouni.",True,232,https://epgshare01.online/epgshare01/epg_ripper_AE1.xml.gz
epgshare,AE1,Emarat.FM.ae,Emarat FM,62,45.3,100.0,Our Houses,"Focusing on the most pressing social issues people face by narrating numerous human stories and hosting several experts to discuss possible solutions for each problem, thus benefiting the viewers. Abdullah Al Zarouni.",True,232,https://epgshare01.online/epgshare01/epg_ripper_AE1.xml.gz
epgshare,AE1,Hayat.FM.ae,Hayat FM,62,45.3,100.0,Our Houses,"Focusing on the most pressing social issues people face by narrating numerous human stories and hosting several experts to discuss possible solutions for each problem, thus benefiting the viewers. Abdullah Al Zarouni.",True,232,https://epgshare01.online/epgshare01/epg_ripper_AE1.xml.gz
epgshare,AE1,Riyadh.FM.Split.ae,Riyadh FM Split,62,45.3,100.0,Our Houses,"Focusing on the most pressing social issues people face by narrating numerous human stories and hosting several experts to discuss possible solutions for each problem, thus benefiting the viewers. Abdullah Al Zarouni.",True,232,https://epgshare01.online/epgshare01/epg_ripper_AE1.xml.gz
epgshare,AE1,Loud.FM.ae,Loud FM,62,45.3,100.0,Our Houses,"Focusing on the most pressing social issues people face by narrating numerous human stories and hosting several experts to discuss possible solutions for each problem, thus benefiting the viewers. Abdullah Al Zarouni.",True,232,https://epgshare01.online/epgshare01/epg_ripper_AE1.xml.gz
epgshare,AE1,Al.Amal.ae,Al Amal,62,45.3,100.0,Our Houses,"Focusing on the most pressing social issues people face by narrating numerous human stories and hosting several experts to discuss possible solutions for each problem, thus benefiting the viewers. Abdullah Al Zarouni.",True,232,https://epgshare01.online/epgshare01/epg_ripper_AE1.xml.gz
epgshare,AE1,Mega.FM.ae,Mega FM,62,45.3,100.0,Our Houses,"Focusing on the most pressing social issues people face by narrating numerous human stories and hosting several experts to discuss possible solutions for each problem, thus benefiting the viewers. Abdullah Al Zarouni.",True,232,https://epgshare01.online/epgshare01/epg_ripper_AE1.xml.gz
epgshare,AE1,Radio.Jeunesse.ae,Radio Jeunesse,62,45.3,100.0,Our Houses,"Focusing on the most pressing social issues people face by narrating numerous human stories and hosting several experts to discuss possible solutions for each problem, thus benefiting the viewers. Abdullah Al Zarouni.",True,232,https://epgshare01.online/epgshare01/epg_ripper_AE1.xml.gz
epgshare,AE1,Saudi.Radio.1.ae,Saudi Radio 1,62,45.3,100.0,Our Houses,"Focusing on the most pressing social issues people face by narrating numerous human stories and hosting several experts to discuss possible solutions for each problem, thus benefiting the viewers. Abdullah Al Zarouni.",True,232,https://epgshare01.online/epgshare01/epg_ripper_AE1.xml.gz
epgshare,AE1,Saudi.Radio.2.ae,Saudi Radio 2,62,45.3,100.0,Our Houses,"Focusing on the most pressing social issues people face by narrating numerous human stories and hosting several experts to discuss possible solutions for each problem, thus benefiting the viewers. Abdullah Al Zarouni.",True,232,https://epgshare01.online/epgshare01/epg_ripper_AE1.xml.gz
epgshare,AE1,Al.Menia.ae,Al Menia,62,45.3,100.0,Our Houses,"Focusing on the most pressing social issues people face by narrating numerous human stories and hosting several experts to discuss possible solutions for each problem, thus benefiting the viewers. Abdullah Al Zarouni.",True,232,https://epgshare01.online/epgshare01/epg_ripper_AE1.xml.gz
epgshare,AE1,Yemen.Radio.ae,Yemen Radio,0,0,0.0,,,False,1,https://epgshare01.online/epgshare01/epg_ripper_AE1.xml.gz
epgshare,AE1,Sout.AL.Arab.ae,Sout AL Arab,62,45.3,100.0,Our Houses,"Focusing on the most pressing social issues people face by narrating numerous human stories and hosting several experts to discuss possible solutions for each problem, thus benefiting the viewers. Abdullah Al Zarouni.",True,232,https://epgshare01.online/epgshare01/epg_ripper_AE1.xml.gz
epgshare,AE1,AL.Sharg.Al.Awsat.ae,AL Sharg Al Awsat,62,45.3,100.0,Our Houses,"Focusing on the most pressing social issues people face by narrating numerous human stories and hosting several experts to discuss possible solutions for each problem, thus benefiting the viewers. Abdullah Al Zarouni.",True,232,https://epgshare01.online/epgshare01/epg_ripper_AE1.xml.gz
epgshare,AE1,AL.Kahera.Al.Kobra.ae,AL Kahera Al Kobra,62,45.3,100.0,Our Houses,"Focusing on the most pressing social issues people face by narrating numerous human stories and hosting several experts to discuss possible solutions for each problem, thus benefiting the viewers. Abdullah Al Zarouni.",True,232,https://epgshare01.online/epgshare01/epg_ripper_AE1.xml.gz
epgshare,AE1,Al.Shabab.W.Al.Reyadah.ae,Al Shabab W Al Reyadah,62,45.3,100.0,Our Houses,"Focusing on the most pressing social issues people face by narrating numerous human stories and hosting several experts to discuss possible solutions for each problem, thus benefiting the viewers. Abdullah Al Zarouni.",True,232,https://epgshare01.online/epgshare01/epg_ripper_AE1.xml.gz
epgshare,AE1,Educational.Channel.ae,Educational Channel,62,45.3,100.0,Our Houses,"Focusing on the most pressing social issues people face by narrating numerous human stories and hosting several experts to discuss possible solutions for each problem, thus benefiting the viewers. Abdullah Al Zarouni.",True,232,https://epgshare01.online/epgshare01/epg_ripper_AE1.xml.gz
epgshare,AE1,Wadi.Al-Neil.&.Palestine.ae,Wadi Al-Neil & Palestine,62,45.3,100.0,Our Houses,"Focusing on the most pressing social issues people face by narrating numerous human stories and hosting several experts to discuss possible solutions for each problem, thus benefiting the viewers. Abdullah Al Zarouni.",True,232,https://epgshare01.online/epgshare01/epg_ripper_AE1.xml.gz
epgshare,AE1,Matrouh.ae,Matrouh,62,45.3,100.0,Our Houses,"Focusing on the most pressing social issues people face by narrating numerous human stories and hosting several experts to discuss possible solutions for each problem, thus benefiting the viewers. Abdullah Al Zarouni.",True,232,https://epgshare01.online/epgshare01/epg_ripper_AE1.xml.gz
epgshare,AE1,North.Sinai.ae,North Sinai,62,45.3,100.0,Our Houses,"Focusing on the most pressing social issues people face by narrating numerous human stories and hosting several experts to discuss possible solutions for each problem, thus benefiting the viewers. Abdullah Al Zarouni.",True,232,https://epgshare01.online/epgshare01/epg_ripper_AE1.xml.gz
epgshare,AE1,South.Sinai.ae,South Sinai,62,45.3,100.0,Our Houses,"Focusing on the most pressing social issues people face by narrating numerous human stories and hosting several experts to discuss possible solutions for each problem, thus benefiting the viewers. Abdullah Al Zarouni.",True,232,https://epgshare01.online/epgshare01/epg_ripper_AE1.xml.gz
epgshare,AE1,Palestine.Radio.ae,Palestine Radio,62,45.3,100.0,Our Houses,"Focusing on the most pressing social issues people face by narrating numerous human stories and hosting several experts to discuss possible solutions for each problem, thus benefiting the viewers. Abdullah Al Zarouni.",True,232,https://epgshare01.online/epgshare01/epg_ripper_AE1.xml.gz
epgshare,AE1,DRN.Radio.ae,DRN Radio,62,45.3,100.0,Our Houses,"Focusing on the most pressing social issues people face by narrating numerous human stories and hosting several experts to discuss possible solutions for each problem, thus benefiting the viewers. Abdullah Al Zarouni.",True,232,https://epgshare01.online/epgshare01/epg_ripper_AE1.xml.gz
epgshare,AE1,Jordan.Radio.ae,Jordan Radio,62,45.3,100.0,Our Houses,"Focusing on the most pressing social issues people face by narrating numerous human stories and hosting several experts to discuss possible solutions for each problem, thus benefiting the viewers. Abdullah Al Zarouni.",True,232,https://epgshare01.online/epgshare01/epg_ripper_AE1.xml.gz
epgshare,AE1,Oman.General.Radio.ae,Oman General Radio,62,45.3,100.0,Our Houses,"Focusing on the most pressing social issues people face by narrating numerous human stories and hosting several experts to discuss possible solutions for each problem, thus benefiting the viewers. Abdullah Al Zarouni.",True,232,https://epgshare01.online/epgshare01/epg_ripper_AE1.xml.gz
epgshare,AE1,Oman.Shabab.Radio.ae,Oman Shabab Radio,62,45.3,100.0,Our Houses,"Focusing on the most pressing social issues people face by narrating numerous human stories and hosting several experts to discuss possible solutions for each problem, thus benefiting the viewers. Abdullah Al Zarouni.",True,232,https://epgshare01.online/epgshare01/epg_ripper_AE1.xml.gz
epgshare,AE1,Riyad.Radio.ae,Riyad Radio,62,45.3,100.0,Our Houses,"Focusing on the most pressing social issues people face by narrating numerous human stories and hosting several experts to discuss possible solutions for each problem, thus benefiting the viewers. Abdullah Al Zarouni.",True,232,https://epgshare01.online/epgshare01/epg_ripper_AE1.xml.gz
epgshare,AE1,Jedda.Radio.ae,Jedda Radio,62,45.3,100.0,Our Houses,"Focusing on the most pressing social issues people face by narrating numerous human stories and hosting several experts to discuss possible solutions for each problem, thus benefiting the viewers. Abdullah Al Zarouni.",True,232,https://epgshare01.online/epgshare01/epg_ripper_AE1.xml.gz
epgshare,AE1,Fujairah.FM.ae,Fujairah FM,62,45.3,100.0,Our Houses,"Focusing on the most pressing social issues people face by narrating numerous human stories and hosting several experts to discuss possible solutions for each problem, thus benefiting the viewers. Abdullah Al Zarouni.",True,232,https://epgshare01.online/epgshare01/epg_ripper_AE1.xml.gz
epgshare,AE1,European.Radio.ae,European Radio,62,45.3,100.0,Our Houses,"Focusing on the most pressing social issues people face by narrating numerous human stories and hosting several experts to discuss possible solutions for each problem, thus benefiting the viewers. Abdullah Al Zarouni.",True,232,https://epgshare01.online/epgshare01/epg_ripper_AE1.xml.gz
epgshare,AE1,CHAINE.2.ae,CHAINE 2,62,45.3,100.0,Our Houses,"Focusing on the most pressing social issues people face by narrating numerous human stories and hosting several experts to discuss possible solutions for each problem, thus benefiting the viewers. Abdullah Al Zarouni.",True,232,https://epgshare01.online/epgshare01/epg_ripper_AE1.xml.gz
epgshare,AE1,CHAINE.3.ae,CHAINE 3,62,45.3,100.0,Our Houses,"Focusing on the most pressing social issues people face by narrating numerous human stories and hosting several experts to discuss possible solutions for each problem, thus benefiting the viewers. Abdullah Al Zarouni.",True,232,https://epgshare01.online/epgshare01/epg_ripper_AE1.xml.gz
epgshare,AE1,Medi1Radio.Afrique.ae,Medi1Radio Afrique,62,45.3,100.0,Our Houses,"Focusing on the most pressing social issues people face by narrating numerous human stories and hosting several experts to discuss possible solutions for each problem, thus benefiting the viewers. Abdullah Al Zarouni.",True,232,https://epgshare01.online/epgshare01/epg_ripper_AE1.xml.gz
epgshare,AE1,Hola.Qatar.ae,Hola Qatar,62,45.3,100.0,Our Houses,"Focusing on the most pressing social issues people face by narrating numerous human stories and hosting several experts to discuss possible solutions for each problem, thus benefiting the viewers. Abdullah Al Zarouni.",True,232,https://epgshare01.online/epgshare01/epg_ripper_AE1.xml.gz
epgshare,AE1,Kadak.ae,Kadak,62,45.3,100.0,Our Houses,"Focusing on the most pressing social issues people face by narrating numerous human stories and hosting several experts to discuss possible solutions for each problem, thus benefiting the viewers. Abdullah Al Zarouni.",True,232,https://epgshare01.online/epgshare01/epg_ripper_AE1.xml.gz
epgshare,AE1,Radio.Internationale.ae,Radio Internationale,62,45.3,100.0,Our Houses,"Focusing on the most pressing social issues people face by narrating numerous human stories and hosting several experts to discuss possible solutions for each problem, thus benefiting the viewers. Abdullah Al Zarouni.",True,232,https://epgshare01.online/epgshare01/epg_ripper_AE1.xml.gz
epgshare,AE1,Al.Bernameg.Al.Aam.ae,Al Bernameg Al Aam,62,45.3,100.0,Our Houses,"Focusing on the most pressing social issues people face by narrating numerous human stories and hosting several experts to discuss possible solutions for each problem, thus benefiting the viewers. Abdullah Al Zarouni.",True,232,https://epgshare01.online/epgshare01/epg_ripper_AE1.xml.gz
epgshare,AE1,Sawt.Al-alam.ae,Sawt Al-alam,62,45.3,100.0,Our Houses,"Focusing on the most pressing social issues people face by narrating numerous human stories and hosting several experts to discuss possible solutions for each problem, thus benefiting the viewers. Abdullah Al Zarouni.",True,232,https://epgshare01.online/epgshare01/epg_ripper_AE1.xml.gz
epgshare,AE1,Qatar.Urdu.Radio.ae,Qatar Urdu Radio,62,45.3,100.0,Our Houses,"Focusing on the most pressing social issues people face by narrating numerous human stories and hosting several experts to discuss possible solutions for each problem, thus benefiting the viewers. Abdullah Al Zarouni.",True,232,https://epgshare01.online/epgshare01/epg_ripper_AE1.xml.gz
epgshare,AE1,Al.Bernameg.Al.Oropi.ae,Al Bernameg Al Oropi,62,45.3,100.0,Our Houses,"Focusing on the most pressing social issues people face by narrating numerous human stories and hosting several experts to discuss possible solutions for each problem, thus benefiting the viewers. Abdullah Al Zarouni.",True,232,https://epgshare01.online/epgshare01/epg_ripper_AE1.xml.gz
epgshare,AE1,Pulse95.SHJ.ae,Pulse95 SHJ,62,45.3,100.0,Our Houses,"Focusing on the most pressing social issues people face by narrating numerous human stories and hosting several experts to discuss possible solutions for each problem, thus benefiting the viewers. Abdullah Al Zarouni.",True,232,https://epgshare01.online/epgshare01/epg_ripper_AE1.xml.gz
epgshare,AE1,VOA.IRAQ.ae,VOA IRAQ,62,45.3,100.0,Our Houses,"Focusing on the most pressing social issues people face by narrating numerous human stories and hosting several experts to discuss possible solutions for each problem, thus benefiting the viewers. Abdullah Al Zarouni.",True,232,https://epgshare01.online/epgshare01/epg_ripper_AE1.xml.gz
epgshare,AE1,BBC.E.ae,BBC E,62,45.3,100.0,Our Houses,"Focusing on the most pressing social issues people face by narrating numerous human stories and hosting several experts to discuss possible solutions for each problem, thus benefiting the viewers. Abdullah Al Zarouni.",True,232,https://epgshare01.online/epgshare01/epg_ripper_AE1.xml.gz
epgshare,AE1,BBC.Horn.of.Africa.ae,BBC Horn of Africa,62,45.3,100.0,Our Houses,"Focusing on the most pressing social issues people face by narrating numerous human stories and hosting several experts to discuss possible solutions for each problem, thus benefiting the viewers. Abdullah Al Zarouni.",True,232,https://epgshare01.online/epgshare01/epg_ripper_AE1.xml.gz
epgshare,AE1,Rotana.FM.KSA.ae,Rotana FM KSA,62,45.3,100.0,Our Houses,"Focusing on the most pressing social issues people face by narrating numerous human stories and hosting several experts to discuss possible solutions for each problem, thus benefiting the viewers. Abdullah Al Zarouni.",True,232,https://epgshare01.online/epgshare01/epg_ripper_AE1.xml.gz
epgshare,AE1,Qatar.Oryx.Radio.ae,Qatar Oryx Radio,62,45.3,100.0,Our Houses,"Focusing on the most pressing social issues people face by narrating numerous human stories and hosting several experts to discuss possible solutions for each problem, thus benefiting the viewers. Abdullah Al Zarouni.",True,232,https://epgshare01.online/epgshare01/epg_ripper_AE1.xml.gz
epgshare,AE1,AL.RASHEED.RADIO.ae,AL RASHEED RADIO,62,45.3,100.0,Our Houses,"Focusing on the most pressing social issues people face by narrating numerous human stories and hosting several experts to discuss possible solutions for each problem, thus benefiting the viewers. Abdullah Al Zarouni.",True,232,https://epgshare01.online/epgshare01/epg_ripper_AE1.xml.gz
epgshare,AE1,Khozama.Radio.ae,Khozama Radio,62,45.3,100.0,Our Houses,"Focusing on the most pressing social issues people face by narrating numerous human stories and hosting several experts to discuss possible solutions for each problem, thus benefiting the viewers. Abdullah Al Zarouni.",True,232,https://epgshare01.online/epgshare01/epg_ripper_AE1.xml.gz
epgshare,AE1,Ekhbaria.ae,Ekhbaria,62,45.3,100.0,Our Houses,"Focusing on the most pressing social issues people face by narrating numerous human stories and hosting several experts to discuss possible solutions for each problem, thus benefiting the viewers. Abdullah Al Zarouni.",True,232,https://epgshare01.online/epgshare01/epg_ripper_AE1.xml.gz
epgshare,AE1,Radio.Masr.ae,Radio Masr,62,45.3,100.0,Our Houses,"Focusing on the most pressing social issues people face by narrating numerous human stories and hosting several experts to discuss possible solutions for each problem, thus benefiting the viewers. Abdullah Al Zarouni.",True,232,https://epgshare01.online/epgshare01/epg_ripper_AE1.xml.gz
epgshare,AE1,Radio.Culture.ae,Radio Culture,62,45.3,100.0,Our Houses,"Focusing on the most pressing social issues people face by narrating numerous human stories and hosting several experts to discuss possible solutions for each problem, thus benefiting the viewers. Abdullah Al Zarouni.",True,232,https://epgshare01.online/epgshare01/epg_ripper_AE1.xml.gz
epgshare,AE1,Maspero.FM.&.Thakafy.ae,Maspero FM & Thakafy,62,45.3,100.0,Our Houses,"Focusing on the most pressing social issues people face by narrating numerous human stories and hosting several experts to discuss possible solutions for each problem, thus benefiting the viewers. Abdullah Al Zarouni.",True,232,https://epgshare01.online/epgshare01/epg_ripper_AE1.xml.gz
epgshare,AE1,Voice.Of.Palestine.ae,Voice Of Palestine,62,45.3,100.0,Our Houses,"Focusing on the most pressing social issues people face by narrating numerous human stories and hosting several experts to discuss possible solutions for each problem, thus benefiting the viewers. Abdullah Al Zarouni.",True,232,https://epgshare01.online/epgshare01/epg_ripper_AE1.xml.gz
epgshare,AE1,Radio.21.September.ae,Radio 21 September,62,45.3,100.0,Our Houses,"Focusing on the most pressing social issues people face by narrating numerous human stories and hosting several experts to discuss possible solutions for each problem, thus benefiting the viewers. Abdullah Al Zarouni.",True,232,https://epgshare01.online/epgshare01/epg_ripper_AE1.xml.gz
epgshare,AE1,MBC.FM.ae,MBC FM,62,45.3,100.0,Our Houses,"Focusing on the most pressing social issues people face by narrating numerous human stories and hosting several experts to discuss possible solutions for each problem, thus benefiting the viewers. Abdullah Al Zarouni.",True,232,https://epgshare01.online/epgshare01/epg_ripper_AE1.xml.gz
epgshare,AE1,Kuwait.FM.ae,Kuwait FM,62,45.3,100.0,Our Houses,"Focusing on the most pressing social issues people face by narrating numerous human stories and hosting several experts to discuss possible solutions for each problem, thus benefiting the viewers. Abdullah Al Zarouni.",True,232,https://epgshare01.online/epgshare01/epg_ripper_AE1.xml.gz
epgshare,AE1,Rotana.Tarab.Jordan.ae,Rotana Tarab Jordan,62,45.3,100.0,Our Houses,"Focusing on the most pressing social issues people face by narrating numerous human stories and hosting several experts to discuss possible solutions for each problem, thus benefiting the viewers. Abdullah Al Zarouni.",True,232,https://epgshare01.online/epgshare01/epg_ripper_AE1.xml.gz
epgshare,AE1,Zamen.FM.ae,Zamen FM,62,45.3,100.0,Our Houses,"Focusing on the most pressing social issues people face by narrating numerous human stories and hosting several experts to discuss possible solutions for each problem, thus benefiting the viewers. Abdullah Al Zarouni.",True,232,https://epgshare01.online/epgshare01/epg_ripper_AE1.xml.gz
epgshare,AE1,Rotana.Radio.Jordan.ae,Rotana Radio Jordan,62,45.3,100.0,Our Houses,"Focusing on the most pressing social issues people face by narrating numerous human stories and hosting several experts to discuss possible solutions for each problem, thus benefiting the viewers. Abdullah Al Zarouni.",True,232,https://epgshare01.online/epgshare01/epg_ripper_AE1.xml.gz
epgshare,AE1,Radio.Fann.Jordan.ae,Radio Fann Jordan,62,45.3,100.0,Our Houses,"Focusing on the most pressing social issues people face by narrating numerous human stories and hosting several experts to discuss possible solutions for each problem, thus benefiting the viewers. Abdullah Al Zarouni.",True,232,https://epgshare01.online/epgshare01/epg_ripper_AE1.xml.gz
epgshare,AE1,Radio.Hits.ae,Radio Hits,62,45.3,100.0,Our Houses,"Focusing on the most pressing social issues people face by narrating numerous human stories and hosting several experts to discuss possible solutions for each problem, thus benefiting the viewers. Abdullah Al Zarouni.",True,232,https://epgshare01.online/epgshare01/epg_ripper_AE1.xml.gz
epgshare,AE1,Nagham.FM.ae,Nagham FM,62,45.3,100.0,Our Houses,"Focusing on the most pressing social issues people face by narrating numerous human stories and hosting several experts to discuss possible solutions for each problem, thus benefiting the viewers. Abdullah Al Zarouni.",True,232,https://epgshare01.online/epgshare01/epg_ripper_AE1.xml.gz
epgshare,AE1,Sha3by.FM.ae,Sha3by FM,62,45.3,100.0,Our Houses,"Focusing on the most pressing social issues people face by narrating numerous human stories and hosting several experts to discuss possible solutions for each problem, thus benefiting the viewers. Abdullah Al Zarouni.",True,232,https://epgshare01.online/epgshare01/epg_ripper_AE1.xml.gz
epgshare,AE1,Sout.Al.Rayyan.ae,Sout Al Rayyan,62,45.3,100.0,Our Houses,"Focusing on the most pressing social issues people face by narrating numerous human stories and hosting several experts to discuss possible solutions for each problem, thus benefiting the viewers. Abdullah Al Zarouni.",True,232,https://epgshare01.online/epgshare01/epg_ripper_AE1.xml.gz
epgshare,AE1,WATAR.SHJ.ae,WATAR SHJ,62,45.3,100.0,Our Houses,"Focusing on the most pressing social issues people face by narrating numerous human stories and hosting several experts to discuss possible solutions for each problem, thus benefiting the viewers. Abdullah Al Zarouni.",True,232,https://epgshare01.online/epgshare01/epg_ripper_AE1.xml.gz
epgshare,AE1,Sumer.FM.ae,Sumer FM,62,45.3,100.0,Our Houses,"Focusing on the most pressing social issues people face by narrating numerous human stories and hosting several experts to discuss possible solutions for each problem, thus benefiting the viewers. Abdullah Al Zarouni.",True,232,https://epgshare01.online/epgshare01/epg_ripper_AE1.xml.gz
epgshare,AE1,AL-Bernameg.AL-moussekey.ae,AL-Bernameg AL-moussekey,62,45.3,100.0,Our Houses,"Focusing on the most pressing social issues people face by narrating numerous human stories and hosting several experts to discuss possible solutions for each problem, thus benefiting the viewers. Abdullah Al Zarouni.",True,232,https://epgshare01.online/epgshare01/epg_ripper_AE1.xml.gz
epgshare,AE1,Al.Aghani.ae,Al Aghani,62,45.3,100.0,Our Houses,"Focusing on the most pressing social issues people face by narrating numerous human stories and hosting several experts to discuss possible solutions for each problem, thus benefiting the viewers. Abdullah Al Zarouni.",True,232,https://epgshare01.online/epgshare01/epg_ripper_AE1.xml.gz
epgshare,AE1,Radio.9090.ae,Radio 9090,62,45.3,100.0,Our Houses,"Focusing on the most pressing social issues people face by narrating numerous human stories and hosting several experts to discuss possible solutions for each problem, thus benefiting the viewers. Abdullah Al Zarouni.",True,232,https://epgshare01.online/epgshare01/epg_ripper_AE1.xml.gz
epgshare,AE1,Bakous.Alexandaria.ae,Bakous Alexandaria,62,45.3,100.0,Our Houses,"Focusing on the most pressing social issues people face by narrating numerous human stories and hosting several experts to discuss possible solutions for each problem, thus benefiting the viewers. Abdullah Al Zarouni.",True,232,https://epgshare01.online/epgshare01/epg_ripper_AE1.xml.gz
epgshare,AE1,Aswan.ae,Aswan,62,45.3,100.0,Our Houses,"Focusing on the most pressing social issues people face by narrating numerous human stories and hosting several experts to discuss possible solutions for each problem, thus benefiting the viewers. Abdullah Al Zarouni.",True,232,https://epgshare01.online/epgshare01/epg_ripper_AE1.xml.gz
epgshare,AE1,ALWadi.ALGaded.ae,ALWadi ALGaded,62,45.3,100.0,Our Houses,"Focusing on the most pressing social issues people face by narrating numerous human stories and hosting several experts to discuss possible solutions for each problem, thus benefiting the viewers. Abdullah Al Zarouni.",True,232,https://epgshare01.online/epgshare01/epg_ripper_AE1.xml.gz
epgshare,AE1,Kuwait.Classical.ae,Kuwait Classical,62,45.3,100.0,Our Houses,"Focusing on the most pressing social issues people face by narrating numerous human stories and hosting several experts to discuss possible solutions for each problem, thus benefiting the viewers. Abdullah Al Zarouni.",True,232,https://epgshare01.online/epgshare01/epg_ripper_AE1.xml.gz
epgshare,AE1,Kuwait.Shaabyia.ae,Kuwait Shaabyia,62,45.3,100.0,Our Houses,"Focusing on the most pressing social issues people face by narrating numerous human stories and hosting several experts to discuss possible solutions for each problem, thus benefiting the viewers. Abdullah Al Zarouni.",True,232,https://epgshare01.online/epgshare01/epg_ripper_AE1.xml.gz
epgshare,AE1,Sout.Alkhaleej.2.ae,Sout Alkhaleej 2,62,45.3,100.0,Our Houses,"Focusing on the most pressing social issues people face by narrating numerous human stories and hosting several experts to discuss possible solutions for each problem, thus benefiting the viewers. Abdullah Al Zarouni.",True,232,https://epgshare01.online/epgshare01/epg_ripper_AE1.xml.gz
epgshare,AE1,Sout.Alkhaleej.3.ae,Sout Alkhaleej 3,62,45.3,100.0,Our Houses,"Focusing on the most pressing social issues people face by narrating numerous human stories and hosting several experts to discuss possible solutions for each problem, thus benefiting the viewers. Abdullah Al Zarouni.",True,232,https://epgshare01.online/epgshare01/epg_ripper_AE1.xml.gz
epgshare,AE1,Sout.Alkhaleej.4.ae,Sout Alkhaleej 4,62,45.3,100.0,Our Houses,"Focusing on the most pressing social issues people face by narrating numerous human stories and hosting several experts to discuss possible solutions for each problem, thus benefiting the viewers. Abdullah Al Zarouni.",True,232,https://epgshare01.online/epgshare01/epg_ripper_AE1.xml.gz
epgshare,AE1,Nogoum.FM.ae,Nogoum FM,62,45.3,100.0,Our Houses,"Focusing on the most pressing social issues people face by narrating numerous human stories and hosting several experts to discuss possible solutions for each problem, thus benefiting the viewers. Abdullah Al Zarouni.",True,232,https://epgshare01.online/epgshare01/epg_ripper_AE1.xml.gz
epgshare,AE1,Sout.Alkhaleej.Europe.ae,Sout Alkhaleej Europe,62,45.3,100.0,Our Houses,"Focusing on the most pressing social issues people face by narrating numerous human stories and hosting several experts to discuss possible solutions for each problem, thus benefiting the viewers. Abdullah Al Zarouni.",True,232,https://epgshare01.online/epgshare01/epg_ripper_AE1.xml.gz
epgshare,AE1,Calssic.ae,Calssic,62,45.3,100.0,Our Houses,"Focusing on the most pressing social issues people face by narrating numerous human stories and hosting several experts to discuss possible solutions for each problem, thus benefiting the viewers. Abdullah Al Zarouni.",True,232,https://epgshare01.online/epgshare01/epg_ripper_AE1.xml.gz
epgshare,AE1,Oman.Classic.Radio.ae,Oman Classic Radio,62,45.3,100.0,Our Houses,"Focusing on the most pressing social issues people face by narrating numerous human stories and hosting several experts to discuss possible solutions for each problem, thus benefiting the viewers. Abdullah Al Zarouni.",True,232,https://epgshare01.online/epgshare01/epg_ripper_AE1.xml.gz
epgshare,AE1,Ifrikya.FM.ae,Ifrikya FM,62,45.3,100.0,Our Houses,"Focusing on the most pressing social issues people face by narrating numerous human stories and hosting several experts to discuss possible solutions for each problem, thus benefiting the viewers. Abdullah Al Zarouni.",True,232,https://epgshare01.online/epgshare01/epg_ripper_AE1.xml.gz
epgshare,AE1,Kuwait.Easy.ae,Kuwait Easy,62,45.3,100.0,Our Houses,"Focusing on the most pressing social issues people face by narrating numerous human stories and hosting several experts to discuss possible solutions for each problem, thus benefiting the viewers. Abdullah Al Zarouni.",True,232,https://epgshare01.online/epgshare01/epg_ripper_AE1.xml.gz
epgshare,AE1,Sawtoman.Radio.ae,Sawtoman Radio,62,45.3,100.0,Our Houses,"Focusing on the most pressing social issues people face by narrating numerous human stories and hosting several experts to discuss possible solutions for each problem, thus benefiting the viewers. Abdullah Al Zarouni.",True,232,https://epgshare01.online/epgshare01/epg_ripper_AE1.xml.gz
epgshare,AE1,Nile.FM.ae,Nile FM,62,45.3,100.0,Our Houses,"Focusing on the most pressing social issues people face by narrating numerous human stories and hosting several experts to discuss possible solutions for each problem, thus benefiting the viewers. Abdullah Al Zarouni.",True,232,https://epgshare01.online/epgshare01/epg_ripper_AE1.xml.gz
epgshare,AE1,Radio.1.ae,Radio 1,62,45.3,100.0,Our Houses,"Focusing on the most pressing social issues people face by narrating numerous human stories and hosting several experts to discuss possible solutions for each problem, thus benefiting the viewers. Abdullah Al Zarouni.",True,232,https://epgshare01.online/epgshare01/epg_ripper_AE1.xml.gz
epgshare,AE1,Radio.2.ae,Radio 2,62,45.3,100.0,Our Houses,"Focusing on the most pressing social issues people face by narrating numerous human stories and hosting several experts to discuss possible solutions for each problem, thus benefiting the viewers. Abdullah Al Zarouni.",True,232,https://epgshare01.online/epgshare01/epg_ripper_AE1.xml.gz
epgshare,AE1,Kuwait.Super.ae,Kuwait Super,62,45.3,100.0,Our Houses,"Focusing on the most pressing social issues people face by narrating numerous human stories and hosting several experts to discuss possible solutions for each problem, thus benefiting the viewers. Abdullah Al Zarouni.",True,232,https://epgshare01.online/epgshare01/epg_ripper_AE1.xml.gz
epgshare,AE1,TCHAD.Radio.ae,TCHAD Radio,62,45.3,100.0,Our Houses,"Focusing on the most pressing social issues people face by narrating numerous human stories and hosting several experts to discuss possible solutions for each problem, thus benefiting the viewers. Abdullah Al Zarouni.",True,232,https://epgshare01.online/epgshare01/epg_ripper_AE1.xml.gz
epgshare,AE1,Kuwait.Holy.Quran.ae,Kuwait Holy Quran,62,45.3,100.0,Our Houses,"Focusing on the most pressing social issues people face by narrating numerous human stories and hosting several experts to discuss possible solutions for each problem, thus benefiting the viewers. Abdullah Al Zarouni.",True,232,https://epgshare01.online/epgshare01/epg_ripper_AE1.xml.gz
epgshare,AE1,Houna.alazm.ae,Houna alazm,62,45.3,100.0,Our Houses,"Focusing on the most pressing social issues people face by narrating numerous human stories and hosting several experts to discuss possible solutions for each problem, thus benefiting the viewers. Abdullah Al Zarouni.",True,232,https://epgshare01.online/epgshare01/epg_ripper_AE1.xml.gz
epgshare,AE1,Zayed.Quran.ae,Zayed Quran,62,45.3,100.0,Our Houses,"Focusing on the most pressing social issues people face by narrating numerous human stories and hosting several experts to discuss possible solutions for each problem, thus benefiting the viewers. Abdullah Al Zarouni.",True,232,https://epgshare01.online/epgshare01/epg_ripper_AE1.xml.gz
epgshare,AE1,Holly.Quran.ae,Holly Quran,62,45.3,100.0,Our Houses,"Focusing on the most pressing social issues people face by narrating numerous human stories and hosting several experts to discuss possible solutions for each problem, thus benefiting the viewers. Abdullah Al Zarouni.",True,232,https://epgshare01.online/epgshare01/epg_ripper_AE1.xml.gz
epgshare,AE1,Al.Quran.Al.Karem.ae,Al Quran Al Karem,62,45.3,100.0,Our Houses,"Focusing on the most pressing social issues people face by narrating numerous human stories and hosting several experts to discuss possible solutions for each problem, thus benefiting the viewers. Abdullah Al Zarouni.",True,232,https://epgshare01.online/epgshare01/epg_ripper_AE1.xml.gz
epgshare,AE1,Radio.Coran.ae,Radio Coran,62,45.3,100.0,Our Houses,"Focusing on the most pressing social issues people face by narrating numerous human stories and hosting several experts to discuss possible solutions for each problem, thus benefiting the viewers. Abdullah Al Zarouni.",True,232,https://epgshare01.online/epgshare01/epg_ripper_AE1.xml.gz
epgshare,AE1,Quran.Kareem.Jordan.ae,Quran Kareem Jordan,62,45.3,100.0,Our Houses,"Focusing on the most pressing social issues people face by narrating numerous human stories and hosting several experts to discuss possible solutions for each problem, thus benefiting the viewers. Abdullah Al Zarouni.",True,232,https://epgshare01.online/epgshare01/epg_ripper_AE1.xml.gz
epgshare,AE1,Nedaa.El.Islam.ae,Nedaa El Islam,62,45.3,100.0,Our Houses,"Focusing on the most pressing social issues people face by narrating numerous human stories and hosting several experts to discuss possible solutions for each problem, thus benefiting the viewers. Abdullah Al Zarouni.",True,232,https://epgshare01.online/epgshare01/epg_ripper_AE1.xml.gz
epgshare,AE1,Radio.Talavat.ae,Radio Talavat,62,45.3,100.0,Our Houses,"Focusing on the most pressing social issues people face by narrating numerous human stories and hosting several experts to discuss possible solutions for each problem, thus benefiting the viewers. Abdullah Al Zarouni.",True,232,https://epgshare01.online/epgshare01/epg_ripper_AE1.xml.gz
epgshare,AE1,Imam.Ali.Radio.ae,Imam Ali Radio,62,45.3,100.0,Our Houses,"Focusing on the most pressing social issues people face by narrating numerous human stories and hosting several experts to discuss possible solutions for each problem, thus benefiting the viewers. Abdullah Al Zarouni.",True,232,https://epgshare01.online/epgshare01/epg_ripper_AE1.xml.gz
epgshare,AE1,Quran.Kareem.ae,Quran Kareem,62,45.3,100.0,Our Houses,"Focusing on the most pressing social issues people face by narrating numerous human stories and hosting several experts to discuss possible solutions for each problem, thus benefiting the viewers. Abdullah Al Zarouni.",True,232,https://epgshare01.online/epgshare01/epg_ripper_AE1.xml.gz
epgshare,AE1,Oman.HolyQuran.Radio.ae,Oman HolyQuran Radio,62,45.3,100.0,Our Houses,"Focusing on the most pressing social issues people face by narrating numerous human stories and hosting several experts to discuss possible solutions for each problem, thus benefiting the viewers. Abdullah Al Zarouni.",True,232,https://epgshare01.online/epgshare01/epg_ripper_AE1.xml.gz
epgshare,AE1,Al.Kafeel.ae,Al Kafeel,62,45.3,100.0,Our Houses,"Focusing on the most pressing social issues people face by narrating numerous human stories and hosting several experts to discuss possible solutions for each problem, thus benefiting the viewers. Abdullah Al Zarouni.",True,232,https://epgshare01.online/epgshare01/epg_ripper_AE1.xml.gz
epgshare,AE1,Qatar.R.Quran.ae,Qatar R Quran,62,45.3,100.0,Our Houses,"Focusing on the most pressing social issues people face by narrating numerous human stories and hosting several experts to discuss possible solutions for each problem, thus benefiting the viewers. Abdullah Al Zarouni.",True,232,https://epgshare01.online/epgshare01/epg_ripper_AE1.xml.gz
epgshare,AE1,Sharjah.Quran.ae,Sharjah Quran,62,45.3,100.0,Our Houses,"Focusing on the most pressing social issues people face by narrating numerous human stories and hosting several experts to discuss possible solutions for each problem, thus benefiting the viewers. Abdullah Al Zarouni.",True,232,https://epgshare01.online/epgshare01/epg_ripper_AE1.xml.gz
epgshare,AE1,Qatar.R.Quran.2.ae,Qatar R Quran 2,62,45.3,100.0,Our Houses,"Focusing on the most pressing social issues people face by narrating numerous human stories and hosting several experts to discuss possible solutions for each problem, thus benefiting the viewers. Abdullah Al Zarouni.",True,232,https://epgshare01.online/epgshare01/epg_ripper_AE1.xml.gz
epgshare,AE1,Sout.Al.Islam.Doha.ae,Sout Al Islam Doha,62,45.3,100.0,Our Houses,"Focusing on the most pressing social issues people face by narrating numerous human stories and hosting several experts to discuss possible solutions for each problem, thus benefiting the viewers. Abdullah Al Zarouni.",True,232,https://epgshare01.online/epgshare01/epg_ripper_AE1.xml.gz
epgshare,AE1,Palestine.Quraan.ae,Palestine Quraan,62,45.3,100.0,Our Houses,"Focusing on the most pressing social issues people face by narrating numerous human stories and hosting several experts to discuss possible solutions for each problem, thus benefiting the viewers. Abdullah Al Zarouni.",True,232,https://epgshare01.online/epgshare01/epg_ripper_AE1.xml.gz
epgshare,AE1,Palestine.Quran.2.ae,Palestine Quran 2,62,45.3,100.0,Our Houses,"Focusing on the most pressing social issues people face by narrating numerous human stories and hosting several experts to discuss possible solutions for each problem, thus benefiting the viewers. Abdullah Al Zarouni.",True,232,https://epgshare01.online/epgshare01/epg_ripper_AE1.xml.gz
epgshare,AE1,Nablus.Radio.ae,Nablus Radio,62,45.3,100.0,Our Houses,"Focusing on the most pressing social issues people face by narrating numerous human stories and hosting several experts to discuss possible solutions for each problem, thus benefiting the viewers. Abdullah Al Zarouni.",True,232,https://epgshare01.online/epgshare01/epg_ripper_AE1.xml.gz
epgshare,AE1,Athan.Tulkarem.ae,Athan Tulkarem,62,45.3,100.0,Our Houses,"Focusing on the most pressing social issues people face by narrating numerous human stories and hosting several experts to discuss possible solutions for each problem, thus benefiting the viewers. Abdullah Al Zarouni.",True,232,https://epgshare01.online/epgshare01/epg_ripper_AE1.xml.gz
epgshare,AE1,Al.Kawther.ae,Al Kawther,62,45.3,100.0,Our Houses,"Focusing on the most pressing social issues people face by narrating numerous human stories and hosting several experts to discuss possible solutions for each problem, thus benefiting the viewers. Abdullah Al Zarouni.",True,232,https://epgshare01.online/epgshare01/epg_ripper_AE1.xml.gz
epgshare,AE1,TWR.ARABIC.ae,TWR ARABIC,62,45.3,100.0,Our Houses,"Focusing on the most pressing social issues people face by narrating numerous human stories and hosting several experts to discuss possible solutions for each problem, thus benefiting the viewers. Abdullah Al Zarouni.",True,232,https://epgshare01.online/epgshare01/epg_ripper_AE1.xml.gz
epgshare,AE1,PraiseLive.Global.ae,PraiseLive Global,62,45.3,100.0,Our Houses,"Focusing on the most pressing social issues people face by narrating numerous human stories and hosting several experts to discuss possible solutions for each problem, thus benefiting the viewers. Abdullah Al Zarouni.",True,232,https://epgshare01.online/epgshare01/epg_ripper_AE1.xml.gz
epgshare,AE1,Radio.Mariam.Arabic.ae,Radio Mariam Arabic,62,45.3,100.0,Our Houses,"Focusing on the most pressing social issues people face by narrating numerous human stories and hosting several experts to discuss possible solutions for each problem, thus benefiting the viewers. Abdullah Al Zarouni.",True,232,https://epgshare01.online/epgshare01/epg_ripper_AE1.xml.gz
epgshare,AE1,Better.Life.Radio.ae,Better Life Radio,62,45.3,100.0,Our Houses,"Focusing on the most pressing social issues people face by narrating numerous human stories and hosting several experts to discuss possible solutions for each problem, thus benefiting the viewers. Abdullah Al Zarouni.",True,232,https://epgshare01.online/epgshare01/epg_ripper_AE1.xml.gz
epgshare,AE1,Radio.Salam.ae,Radio Salam,62,45.3,100.0,Our Houses,"Focusing on the most pressing social issues people face by narrating numerous human stories and hosting several experts to discuss possible solutions for each problem, thus benefiting the viewers. Abdullah Al Zarouni.",True,232,https://epgshare01.online/epgshare01/epg_ripper_AE1.xml.gz
epgshare,AE1,Mowagahat-1.ae,Mowagahat-1,62,45.3,100.0,Our Houses,"Focusing on the most pressing social issues people face by narrating numerous human stories and hosting several experts to discuss possible solutions for each problem, thus benefiting the viewers. Abdullah Al Zarouni.",True,232,https://epgshare01.online/epgshare01/epg_ripper_AE1.xml.gz
epgshare,AE1,RDK.ae,RDK,62,45.3,100.0,Our Houses,"Focusing on the most pressing social issues people face by narrating numerous human stories and hosting several experts to discuss possible solutions for each problem, thus benefiting the viewers. Abdullah Al Zarouni.",True,232,https://epgshare01.online/epgshare01/epg_ripper_AE1.xml.gz
epgshare,AE1,Mowajahat.ae,Mowajahat,62,45.3,100.0,Our Houses,"Focusing on the most pressing social issues people face by narrating numerous human stories and hosting several experts to discuss possible solutions for each problem, thus benefiting the viewers. Abdullah Al Zarouni.",True,232,https://epgshare01.online/epgshare01/epg_ripper_AE1.xml.gz
epgshare,AE1,French.ae,French,62,45.3,100.0,Our Houses,"Focusing on the most pressing social issues people face by narrating numerous human stories and hosting several experts to discuss possible solutions for each problem, thus benefiting the viewers. Abdullah Al Zarouni.",True,232,https://epgshare01.online/epgshare01/epg_ripper_AE1.xml.gz
epgshare,AE1,Pishto.ae,Pishto,62,45.3,100.0,Our Houses,"Focusing on the most pressing social issues people face by narrating numerous human stories and hosting several experts to discuss possible solutions for each problem, thus benefiting the viewers. Abdullah Al Zarouni.",True,232,https://epgshare01.online/epgshare01/epg_ripper_AE1.xml.gz
epgshare,AE1,Bengali.ae,Bengali,62,45.3,100.0,Our Houses,"Focusing on the most pressing social issues people face by narrating numerous human stories and hosting several experts to discuss possible solutions for each problem, thus benefiting the viewers. Abdullah Al Zarouni.",True,232,https://epgshare01.online/epgshare01/epg_ripper_AE1.xml.gz
epgshare,AE1,Mowagahat-2.ae,Mowagahat-2,62,45.3,100.0,Our Houses,"Focusing on the most pressing social issues people face by narrating numerous human stories and hosting several experts to discuss possible solutions for each problem, thus benefiting the viewers. Abdullah Al Zarouni.",True,232,https://epgshare01.online/epgshare01/epg_ripper_AE1.xml.gz
epgshare,AE1,Canal.Radio.ae,Canal Radio,62,45.3,100.0,Our Houses,"Focusing on the most pressing social issues people face by narrating numerous human stories and hosting several experts to discuss possible solutions for each problem, thus benefiting the viewers. Abdullah Al Zarouni.",True,232,https://epgshare01.online/epgshare01/epg_ripper_AE1.xml.gz
epgshare,AE1,Rojava.FM.ae,Rojava FM,62,45.3,100.0,Our Houses,"Focusing on the most pressing social issues people face by narrating numerous human stories and hosting several experts to discuss possible solutions for each problem, thus benefiting the viewers. Abdullah Al Zarouni.",True,232,https://epgshare01.online/epgshare01/epg_ripper_AE1.xml.gz
epgshare,AE1,Mowagahat-8.ae,Mowagahat-8,62,45.3,100.0,Our Houses,"Focusing on the most pressing social issues people face by narrating numerous human stories and hosting several experts to discuss possible solutions for each problem, thus benefiting the viewers. Abdullah Al Zarouni.",True,232,https://epgshare01.online/epgshare01/epg_ripper_AE1.xml.gz
epgshare,AE1,ADM.R3.ae,ADM R3,62,45.3,100.0,Our Houses,"Focusing on the most pressing social issues people face by narrating numerous human stories and hosting several experts to discuss possible solutions for each problem, thus benefiting the viewers. Abdullah Al Zarouni.",True,232,https://epgshare01.online/epgshare01/epg_ripper_AE1.xml.gz
epgshare,AE1,ADM.R4.ae,ADM R4,62,45.3,100.0,Our Houses,"Focusing on the most pressing social issues people face by narrating numerous human stories and hosting several experts to discuss possible solutions for each problem, thus benefiting the viewers. Abdullah Al Zarouni.",True,232,https://epgshare01.online/epgshare01/epg_ripper_AE1.xml.gz
epgshare,AE1,DW.A2.ae,DW A2,62,45.3,100.0,Our Houses,"Focusing on the most pressing social issues people face by narrating numerous human stories and hosting several experts to discuss possible solutions for each problem, thus benefiting the viewers. Abdullah Al Zarouni.",True,232,https://epgshare01.online/epgshare01/epg_ripper_AE1.xml.gz
epgshare,AE1,DW05.ae,DW05,62,45.3,100.0,Our Houses,"Focusing on the most pressing social issues people face by narrating numerous human stories and hosting several experts to discuss possible solutions for each problem, thus benefiting the viewers. Abdullah Al Zarouni.",True,232,https://epgshare01.online/epgshare01/epg_ripper_AE1.xml.gz
epgshare,AE1,ERI.Radio.1.ae,ERI Radio 1,62,45.3,100.0,Our Houses,"Focusing on the most pressing social issues people face by narrating numerous human stories and hosting several experts to discuss possible solutions for each problem, thus benefiting the viewers. Abdullah Al Zarouni.",True,232,https://epgshare01.online/epgshare01/epg_ripper_AE1.xml.gz
epgshare,AE1,ERI.Radio.2.ae,ERI Radio 2,62,45.3,100.0,Our Houses,"Focusing on the most pressing social issues people face by narrating numerous human stories and hosting several experts to discuss possible solutions for each problem, thus benefiting the viewers. Abdullah Al Zarouni.",True,232,https://epgshare01.online/epgshare01/epg_ripper_AE1.xml.gz
epgshare,AE1,ERI.Radio.3.ae,ERI Radio 3,62,45.3,100.0,Our Houses,"Focusing on the most pressing social issues people face by narrating numerous human stories and hosting several experts to discuss possible solutions for each problem, thus benefiting the viewers. Abdullah Al Zarouni.",True,232,https://epgshare01.online/epgshare01/epg_ripper_AE1.xml.gz
epgshare,AE1,ERI.Radio.4.ae,ERI Radio 4,62,45.3,100.0,Our Houses,"Focusing on the most pressing social issues people face by narrating numerous human stories and hosting several experts to discuss possible solutions for each problem, thus benefiting the viewers. Abdullah Al Zarouni.",True,232,https://epgshare01.online/epgshare01/epg_ripper_AE1.xml.gz
epgshare,AE1,en:.Golf.Life.ae,en: Golf Life,0,0,0.0,,,False,1,https://epgshare01.online/epgshare01/epg_ripper_AE1.xml.gz
epgshare,AE1,en:.STARZPLAY.Sports.1.ae,en: STARZPLAY Sports 1,69,69.3,100.0,International Break Special - Serie A Preview Show Magazine,"Stay tuned to all the highlights, the best goals, studio analysis, views of players and coaches.",False,1,https://epgshare01.online/epgshare01/epg_ripper_AE1.xml.gz
epgshare,AE1,en:.STARZPLAY.Sports.2.ae,en: STARZPLAY Sports 2,67,69.3,100.0,All Out - AEW Full Gear,A world-class roster of diverse male and female wrestlers give fans a new wrestling experience for the first time in 20 years.,False,1,https://epgshare01.online/epgshare01/epg_ripper_AE1.xml.gz
epgshare,AE1,en:.STARZPLAY.Sports.ae,en: STARZPLAY Sports,0,0,0.0,,,False,1,https://epgshare01.online/epgshare01/epg_ripper_AE1.xml.gz
epgshare,AE1,en:.YAS.TV.Extra.ae,en: YAS TV Extra,61,69.3,100.0,Astana (Phygital Basketball/ Phygital...) - Games of the Future,Stay tuned for Games of the Future - A sports event merging physical activities with digital gaming in hybrid challenges.,False,1,https://epgshare01.online/epgshare01/epg_ripper_AE1.xml.gz
epgshare,AE1,en:.Sony.TV.ae,en: Sony TV,74,69.8,100.0,India's Best Dancer,"S1 , E33 : Professional and amateur dancers from across India showcase their talent in a series of rounds to impress the judges and win the title.",False,1,https://epgshare01.online/epgshare01/epg_ripper_AE1.xml.gz
epgshare,AE1,en:.STC.tv.Cinema.ae,en: STC tv Cinema,0,0,0.0,,,False,1,https://epgshare01.online/epgshare01/epg_ripper_AE1.xml.gz
epgshare,AE1,en:.STC.tv.Drama.ae,en: STC tv Drama,0,0,0.0,,,False,1,https://epgshare01.online/epgshare01/epg_ripper_AE1.xml.gz
epgshare,AE1,en:.STC.tv.Family.ae,en: STC tv Family,0,0,0.0,,,False,1,https://epgshare01.online/epgshare01/epg_ripper_AE1.xml.gz
epgshare,AE1,en:.Bloom.ae,en: Bloom,385,69.7,100.0,Wiggle and Learn,"The Wiggles embark on a global adventure, visiting Athens and the Philippines with their Wiggly friends as they explore international music.",False,1,https://epgshare01.online/epgshare01/epg_ripper_AE1.xml.gz
epgshare,AE1,en:.Sky.News.Arabia.-.Live.ae,en: Sky News Arabia - Live,0,0,0.0,,,False,1,https://epgshare01.online/epgshare01/epg_ripper_AE1.xml.gz
epgshare,AE1,en:.Ben.10.by.WBTV.ae,en: Ben 10 by WBTV,0,0,0.0,,,False,1,https://epgshare01.online/epgshare01/epg_ripper_AE1.xml.gz
epgshare,AE1,en:.ARY.Digital.ae,en: ARY Digital,0,0,0.0,,,False,1,https://epgshare01.online/epgshare01/epg_ripper_AE1.xml.gz
epgshare,AE1,en:.Geo.TV.ae,en: Geo TV,0,0,0.0,,,False,1,https://epgshare01.online/epgshare01/epg_ripper_AE1.xml.gz
epgshare,AE1,en:.CNN.Headlines.ae,en: CNN Headlines,0,0,0.0,,,False,1,https://epgshare01.online/epgshare01/epg_ripper_AE1.xml.gz
epgshare,AE1,en:.Wedo.Sports.MENA.ae,en: Wedo Sports MENA,0,0,0.0,,,False,1,https://epgshare01.online/epgshare01/epg_ripper_AE1.xml.gz
epgshare,AE1,en:.Abu.Dhabi.Sports.2.ae,en: Abu Dhabi Sports 2,0,0,0.0,,,False,1,https://epgshare01.online/epgshare01/epg_ripper_AE1.xml.gz
epgshare,AE1,en:.Abu.Dhabi.TV.ae,en: Abu Dhabi TV,0,0,0.0,,,False,1,https://epgshare01.online/epgshare01/epg_ripper_AE1.xml.gz
epgshare,AE1,en:.Al.Jadeed.ae,en: Al Jadeed,0,0,0.0,,,False,1,https://epgshare01.online/epgshare01/epg_ripper_AE1.xml.gz
epgshare,AE1,en:.MBC+.e&.ae,en: MBC+ e&,0,0,0.0,,,False,1,https://epgshare01.online/epgshare01/epg_ripper_AE1.xml.gz
epgshare,AE1,en:.Unbeaten.Sports.ae,en: Unbeaten Sports,0,0,0.0,,,False,1,https://epgshare01.online/epgshare01/epg_ripper_AE1.xml.gz
epgshare,AE1,en:.STARZPLAY.KLASSICZ.ae,en: STARZPLAY KLASSICZ,0,0,0.0,,,False,1,https://epgshare01.online/epgshare01/epg_ripper_AE1.xml.gz
epgshare,AE1,en:.Al.Arabiya.HD.ae,en: Al Arabiya HD,0,0,0.0,,,False,1,https://epgshare01.online/epgshare01/epg_ripper_AE1.xml.gz
epgshare,AE1,en:.Zee.Aflam.-.Live.ae,en: Zee Aflam - Live,0,0,0.0,,,False,1,https://epgshare01.online/epgshare01/epg_ripper_AE1.xml.gz
epgshare,AE1,en:.STARZPLAY.Cricket.2.ae,en: STARZPLAY Cricket 2,0,0,0.0,,,False,1,https://epgshare01.online/epgshare01/epg_ripper_AE1.xml.gz
epgshare,AE1,en:.StarzPlay.Rugby.-.Live.ae,en: StarzPlay Rugby - Live,18,71.3,100.0,WOA STARZPLAY RUGBY,WOA STARZPLAY RUGBY.,False,1,https://epgshare01.online/epgshare01/epg_ripper_AE1.xml.gz
epgshare,AE1,en:.EASL.(East.Asia.Super.League.2025-2026).ae,en: EASL (East Asia Super League 2025-2026),0,0,0.0,,,False,1,https://epgshare01.online/epgshare01/epg_ripper_AE1.xml.gz
epgshare,AE1,en:.STARZPLAY.Cricket.1.ae,en: STARZPLAY Cricket 1,54,71.3,100.0,South Africa v Sri Lanka - ICC Women's Cricket World Cup Highlights,Women's cricket teams from various countries compete against each other to emerge victorious at the ICC Women's Cricket World Cup.,False,1,https://epgshare01.online/epgshare01/epg_ripper_AE1.xml.gz
epgshare,AE1,en:.AD.Sports.Extra.ae,en: AD Sports Extra,65,69.3,100.0,"ISSYK - KUL, Kyrgyzstan - Sprint Races - UIM F1H2O World Championship",Follow the latest events of the Powerboats UIM F1H2O World Championship.,False,1,https://epgshare01.online/epgshare01/epg_ripper_AE1.xml.gz
epgshare,AE1,en:.AWSN+.ae,en: AWSN+,0,0,0.0,,,False,1,https://epgshare01.online/epgshare01/epg_ripper_AE1.xml.gz
epgshare,AE1,en:.Red.Bull.TV.Live.ae,en: Red Bull TV Live,0,0,0.0,,,False,1,https://epgshare01.online/epgshare01/epg_ripper_AE1.xml.gz
epgshare,AE1,en:.DAZN.Combat.&.Fighting.ae,en: DAZN Combat & Fighting,0,0,0.0,,,False,1,https://epgshare01.online/epgshare01/epg_ripper_AE1.xml.gz
epgshare,AE1,en:.Al.Emarat.TV.ae,en: Al Emarat TV,0,0,0.0,,,False,1,https://epgshare01.online/epgshare01/epg_ripper_AE1.xml.gz
epgshare,AE1,en:.Baynounah.TV.ae,en: Baynounah TV,0,0,0.0,,,False,1,https://epgshare01.online/epgshare01/epg_ripper_AE1.xml.gz
epgshare,AE1,en:.Majid.TV.ae,en: Majid TV,0,0,0.0,,,False,1,https://epgshare01.online/epgshare01/epg_ripper_AE1.xml.gz
epgshare,AE1,en:.National.Geographic.Abu.Dhabi.ae,en: National Geographic Abu Dhabi,0,0,0.0,,,False,1,https://epgshare01.online/epgshare01/epg_ripper_AE1.xml.gz
epgshare,AE1,en:.Abu.Dhabi.Sports.1.ae,en: Abu Dhabi Sports 1,0,0,0.0,,,False,1,https://epgshare01.online/epgshare01/epg_ripper_AE1.xml.gz
epgshare,AE1,en:.Yas.ae,en: Yas,0,0,0.0,,,False,1,https://epgshare01.online/epgshare01/epg_ripper_AE1.xml.gz
epgshare,AE1,en:.Sama.Dubai.ae,en: Sama Dubai,0,0,0.0,,,False,1,https://epgshare01.online/epgshare01/epg_ripper_AE1.xml.gz
epgshare,AE1,en:.2M.Monde.ae,en: 2M Monde,0,0,0.0,,,False,1,https://epgshare01.online/epgshare01/epg_ripper_AE1.xml.gz
epgshare,AE1,en:.Roya.TV.Live.ae,en: Roya TV Live,0,0,0.0,,,False,1,https://epgshare01.online/epgshare01/epg_ripper_AE1.xml.gz
epgshare,AE1,en:.Zee.Alwan.ae,en: Zee Alwan,0,0,0.0,,,False,1,https://epgshare01.online/epgshare01/epg_ripper_AE1.xml.gz
epgshare,AE1,en:.Karyam.Nissaram.-.Live.ae,en: Karyam Nissaram - Live,0,0,0.0,,,False,1,https://epgshare01.online/epgshare01/epg_ripper_AE1.xml.gz
epgshare,AE1,en:.M80.Moosa.ae,en: M80 Moosa,0,0,0.0,,,False,1,https://epgshare01.online/epgshare01/epg_ripper_AE1.xml.gz
epgshare,AE1,en:.Curiosity.Stream.ae,en: Curiosity Stream,0,0,0.0,,,False,1,https://epgshare01.online/epgshare01/epg_ripper_AE1.xml.gz
epgshare,AE1,en:.K-Drama+.ae,en: K-Drama+,0,0,0.0,,,False,1,https://epgshare01.online/epgshare01/epg_ripper_AE1.xml.gz
epgshare,AE1,en:.Colors.HD.ae,en: Colors HD,91,69.3,100.0,Laughter Chefs Unlimited Entertainment,"S2 , E40 : The celebrity couples are shuffled and offered new challenges leading to delectable dishes and chaotic moments that entertain the audience.",False,1,https://epgshare01.online/epgshare01/epg_ripper_AE1.xml.gz
epgshare,AE1,en:.Zee.TV.HD.ae,en: Zee TV HD,115,69.3,100.0,Dilo Ki Ram Leela,"S1 , E34 : Leela desires her father's affection deeply, seeking peace and joy. Moreover, she discovers complete solace and family with Ram.",False,1,https://epgshare01.online/epgshare01/epg_ripper_AE1.xml.gz
epgshare,AE1,en:.Asianet.ME.ae,en: Asianet ME,80,71.3,100.0,Mazha Thorum Munpe,"S1 , E354 : Rahman finds Nandakumar depressed in Kolkata after a 5-year disappearance. Flashbacks reveal Nandakumar's life as a professor, a love triangle, and tragic events leading to his despair.",False,1,https://epgshare01.online/epgshare01/epg_ripper_AE1.xml.gz
epgshare,AE1,en:.Asianet.Plus.HD.ae,en: Asianet Plus HD,47,69.8,100.0,Grama Panchayath,"A young man tries to break away from his poverty-ridden life as a barber's son and hopes to study further. His father, however, refuses to send him away and threatens to commit suicide.",False,1,https://epgshare01.online/epgshare01/epg_ripper_AE1.xml.gz
epgshare,AE1,en:.Asianet.Movies.HD.ae,en: Asianet Movies HD,27,70.8,100.0,Nagaravaridhi Naduvil Njan,"As Venu's dream is to secure an MBBS admission for his daughter, he decides to sell his property to get money for her education. However, his family members try to disrupt his plans.",False,1,https://epgshare01.online/epgshare01/epg_ripper_AE1.xml.gz
epgshare,AE1,en:.Star.Plus.HD.ae,en: Star Plus HD,123,69.3,100.0,Kyunki Rishton Ke Bhi Roop Badalte Hain,"S1 , E191 : After leaving Akshay and Madhavi at the boarding school, an emotional Vrinda takes over as the new boss of the Jamshedpur plant.",False,1,https://epgshare01.online/epgshare01/epg_ripper_AE1.xml.gz
epgshare,AE1,en:.Emarat.FM.ae,en: Emarat FM,0,0,0.0,,,False,1,https://epgshare01.online/epgshare01/epg_ripper_AE1.xml.gz
epgshare,AE1,en:.Quran.Kareem.ae,en: Quran Kareem,0,0,0.0,,,False,1,https://epgshare01.online/epgshare01/epg_ripper_AE1.xml.gz
epgshare,AE1,en:.Star.FM.ae,en: Star FM,0,0,0.0,,,False,1,https://epgshare01.online/epgshare01/epg_ripper_AE1.xml.gz
epgshare,AE1,en:.Radio.2.ae,en: Radio 2,0,0,0.0,,,False,1,https://epgshare01.online/epgshare01/epg_ripper_AE1.xml.gz
epgshare,AE1,en:.KADAK.FM.ae,en: KADAK FM,0,0,0.0,,,False,1,https://epgshare01.online/epgshare01/epg_ripper_AE1.xml.gz
epgshare,AE1,en:.Abu.Dhabi.Classic.FM.ae,en: Abu Dhabi Classic FM,0,0,0.0,,,False,1,https://epgshare01.online/epgshare01/epg_ripper_AE1.xml.gz
epgshare,AE1,en:.Radio.1.ae,en: Radio 1,0,0,0.0,,,False,1,https://epgshare01.online/epgshare01/epg_ripper_AE1.xml.gz
epgshare,AE1,en:.Abu.Dhabi.FM.ae,en: Abu Dhabi FM,0,0,0.0,,,False,1,https://epgshare01.online/epgshare01/epg_ripper_AE1.xml.gz
epgshare,AE1,en:.India.Today.TV.ae,en: India Today TV,0,0,0.0,,,False,1,https://epgshare01.online/epgshare01/epg_ripper_AE1.xml.gz
epgshare,AE1,en:.Asharq.News.ae,en: Asharq News,0,0,0.0,,,False,1,https://epgshare01.online/epgshare01/epg_ripper_AE1.xml.gz
epgshare,AE1,en:.CNBC.Arabiya.HD.ae,en: CNBC Arabiya HD,0,0,0.0,,,False,1,https://epgshare01.online/epgshare01/epg_ripper_AE1.xml.gz
epgshare,AE1,en:.CGTN.ae,en: CGTN,1,86.3,100.0,Live: Global Business,"Global Business is the flagship business show of CGTN English Channel, bringing you the latest economic data, business trends and policies.",False,1,https://epgshare01.online/epgshare01/epg_ripper_AE1.xml.gz
epgshare,AE1,en:.Al.Arabiya.Business.-.Live.ae,en: Al Arabiya Business - Live,65,69.3,100.0,Al Arabiya Business,Brings you real-time financial and business news  from around the world.,False,1,https://epgshare01.online/epgshare01/epg_ripper_AE1.xml.gz
epgshare,AE1,en:.Al.Hadath.Live.ae,en: Al Hadath Live,99,69.3,100.0,Al Hadath News,"Be at the forefront of top stories, breaking news, current affairs and all there is to know in the Arab region and around the world.",False,1,https://epgshare01.online/epgshare01/epg_ripper_AE1.xml.gz
epgshare,AE1,en:.SET.Max.ae,en: SET Max,33,71.2,100.0,Hum Aapke Dil Mein Rehte Hain,"Love begins with a marriage of convenience and stays with Megha and Vijay in the throes of separation. In a classic case of unfortunate timing, one realises it too soon, while the other is too late.",False,1,https://epgshare01.online/epgshare01/epg_ripper_AE1.xml.gz
epgshare,AE1,ar:.جولف.لايف.ae,ar: جولف لايف,0,0,0.0,,,False,1,https://epgshare01.online/epgshare01/epg_ripper_AE1.xml.gz
epgshare,AE1,ar:.ستارز.بلاي.سبورتس.1.ae,ar: ستارز بلاي سبورتس 1,69,69.3,100.0,خاص بفترة التوقف الدولي - مجلة الدوري الإيطالي,لا تفوتوا أهم تحليلات المباريات مع الخبراء الفنيين والمحللين الرياضيين، بالإضافة إلى معرفة آراء اللاعبين والمدربين... وأهم الأخبار الكروية وأروع الأهداف خلال الموسم.,False,1,https://epgshare01.online/epgshare01/epg_ripper_AE1.xml.gz
epgshare,AE1,ar:.أبوظبي.الرياضية.بريميوم.2.-.الدوري.الإيطالي.ae,ar: أبوظبي الرياضية بريميوم 2 - الدوري الإيطالي,67,69.3,100.0,أول آوت - ايه إي دبليو فل قير,قائمة عالمية من المصارعين المتنوعين من الذكور والإناث تمنح المشجعين تجربة مصارعة جديدة لأول مرة منذ 20 سنة.,False,1,https://epgshare01.online/epgshare01/epg_ripper_AE1.xml.gz
epgshare,AE1,ar:.STARZPLAY.Sports.ae,ar: STARZPLAY Sports,0,0,0.0,,,False,1,https://epgshare01.online/epgshare01/epg_ripper_AE1.xml.gz
epgshare,AE1,ar:.ياس.تي.في.إكسترا.ae,ar: ياس تي في إكسترا,61,69.3,100.0,أستانا (كرة السلة الرقمية/فيجيتال شوتر) - ألعاب المستقبل,ترقبوا ألعاب المستقبل - حدث رياضي يجمع بين الأنشطة البدنية والألعاب الرقمية في تحديات مدمجة.,False,1,https://epgshare01.online/epgshare01/epg_ripper_AE1.xml.gz
epgshare,AE1,ar:.سوني.تي.في.ae,ar: سوني تي في,74,69.8,100.0,إندياز بست دانسر,‫م1 ، ح33 : ‫يستعرض راقصون محترفون وهواة من مختلف أنحاء الهند مواهبهم من خلال سلسلة من الجولات، بهدف إثارة إعجاب لجنة التحكيم والفوز باللقب.‬.,False,1,https://epgshare01.online/epgshare01/epg_ripper_AE1.xml.gz
epgshare,AE1,ar:.أس.تي.سي.سينما.ae,ar: أس تي سي سينما,0,0,0.0,,,False,1,https://epgshare01.online/epgshare01/epg_ripper_AE1.xml.gz
epgshare,AE1,ar:.أس.تي.سي.دراما.ae,ar: أس تي سي دراما,0,0,0.0,,,False,1,https://epgshare01.online/epgshare01/epg_ripper_AE1.xml.gz
epgshare,AE1,ar:.أس.تي.سي.عائلة.ae,ar: أس تي سي عائلة,0,0,0.0,,,False,1,https://epgshare01.online/epgshare01/epg_ripper_AE1.xml.gz
epgshare,AE1,ar:.بلوم.ae,ar: بلوم,385,69.7,100.0,ويغل آند ليرن,‫‫ينطلق أفراد فريق ذا ويغلز في مغامرة عالمية يزورون خلالها أثينا والفلبين مع أصدقائهم لاستكشاف الموسيقى العالمية بأسلوبهم المرح.‬.,False,1,https://epgshare01.online/epgshare01/epg_ripper_AE1.xml.gz
epgshare,AE1,ar:.سكاي.نيوز.عربية.-.مباشر.ae,ar: سكاي نيوز عربية - مباشر,0,0,0.0,,,False,1,https://epgshare01.online/epgshare01/epg_ripper_AE1.xml.gz
epgshare,AE1,ar:.غامبول.باي.دبليو.بي.تي.في.ae,ar: غامبول باي دبليو بي تي في,0,0,0.0,,,False,1,https://epgshare01.online/epgshare01/epg_ripper_AE1.xml.gz
epgshare,AE1,ar:.قناة.إي.آر.واي.ديجيتال.ae,ar: قناة إي آر واي ديجيتال,0,0,0.0,,,False,1,https://epgshare01.online/epgshare01/epg_ripper_AE1.xml.gz
epgshare,AE1,ar:.قناة.جيو.ae,ar: قناة جيو,0,0,0.0,,,False,1,https://epgshare01.online/epgshare01/epg_ripper_AE1.xml.gz
epgshare,AE1,ar:.عناوين.أخبار.سي.إن.إن.ae,ar: عناوين أخبار سي إن إن,0,0,0.0,,,False,1,https://epgshare01.online/epgshare01/epg_ripper_AE1.xml.gz
epgshare,AE1,ar:.ويدوسبورتس.مينا.ae,ar: ويدوسبورتس مينا,0,0,0.0,,,False,1,https://epgshare01.online/epgshare01/epg_ripper_AE1.xml.gz
epgshare,AE1,ar:.2.أبوظبي.الرياضية.ae,ar: 2 أبوظبي الرياضية,0,0,0.0,,,False,1,https://epgshare01.online/epgshare01/epg_ripper_AE1.xml.gz
epgshare,AE1,ar:.قناة.أبوظبي.ae,ar: قناة أبوظبي,0,0,0.0,,,False,1,https://epgshare01.online/epgshare01/epg_ripper_AE1.xml.gz
epgshare,AE1,ar:.Al.Jadeed.ae,ar: Al Jadeed,0,0,0.0,,,False,1,https://epgshare01.online/epgshare01/epg_ripper_AE1.xml.gz
epgshare,AE1,ar:.MBC+.e&.ae,ar: MBC+ e&,0,0,0.0,,,False,1,https://epgshare01.online/epgshare01/epg_ripper_AE1.xml.gz
epgshare,AE1,ar:.يونبيتن.سبورتس.ae,ar: يونبيتن سبورتس,0,0,0.0,,,False,1,https://epgshare01.online/epgshare01/epg_ripper_AE1.xml.gz
epgshare,AE1,ar:.ستارز.بلاي.كلاسيكز.ae,ar: ستارز بلاي كلاسيكز,0,0,0.0,,,False,1,https://epgshare01.online/epgshare01/epg_ripper_AE1.xml.gz
epgshare,AE1,ar:.قناة.العربية.-.مباشر.ae,ar: قناة العربية - مباشر,0,0,0.0,,,False,1,https://epgshare01.online/epgshare01/epg_ripper_AE1.xml.gz
epgshare,AE1,ar:.زي.أفلام.-.مباشر.ae,ar: زي أفلام - مباشر,0,0,0.0,,,False,1,https://epgshare01.online/epgshare01/epg_ripper_AE1.xml.gz
epgshare,AE1,ar:.ستارزبلاي.كريكيت.2.ae,ar: ستارزبلاي كريكيت 2,0,0,0.0,,,False,1,https://epgshare01.online/epgshare01/epg_ripper_AE1.xml.gz
epgshare,AE1,ar:.ستارزبلاي.رغبي.ae,ar: ستارزبلاي رغبي,18,71.3,100.0,WOA STARZPLAY RUGBY,‫‬.,False,1,https://epgshare01.online/epgshare01/epg_ripper_AE1.xml.gz
epgshare,AE1,ar:.اي.اي.اس.ال.(ايست.ايشيا.سوبر.ليغ.2025-2026).ae,ar: اي اي اس ال (ايست ايشيا سوبر ليغ 2025-2026),0,0,0.0,,,False,1,https://epgshare01.online/epgshare01/epg_ripper_AE1.xml.gz
epgshare,AE1,ar:.ستارزبلاي.كريكيت.1.ae,ar: ستارزبلاي كريكيت 1,54,71.3,100.0,آي سي سي وومنز ورلد كب كريكيت,‫‫أحداث من كأس العالم للكريكيت للسيدات، وهي بطولة عالمية ضمن سلسلة مباريات بطولة اليوم الدولي الواحد للمنتخبات الوطنية للسيدات، وتعد أقدم بطولة عالمية في هذه الرياضة.‬.,False,1,https://epgshare01.online/epgshare01/epg_ripper_AE1.xml.gz
epgshare,AE1,ar:.أبوظبي.الرياضية.إكسترا.ae,ar: أبوظبي الرياضية إكسترا,65,69.3,100.0,إيسيك كول، قيرغيزستان - سباقات السرعة - بطولة العالم للزوارق السريعة,تابعوا آخر أحداث بطولة العالم للزوارق السريعة.,False,1,https://epgshare01.online/epgshare01/epg_ripper_AE1.xml.gz
epgshare,AE1,ar:.أيه.دبل.يو.إس.إن.بلس.ae,ar: أيه دبل يو إس إن بلس,0,0,0.0,,,False,1,https://epgshare01.online/epgshare01/epg_ripper_AE1.xml.gz
epgshare,AE1,ar:.Red.Bull.TV.Live.ae,ar: Red Bull TV Live,0,0,0.0,,,False,1,https://epgshare01.online/epgshare01/epg_ripper_AE1.xml.gz
epgshare,AE1,ar:.DAZN.Combat.&.Fighting.ae,ar: DAZN Combat & Fighting,0,0,0.0,,,False,1,https://epgshare01.online/epgshare01/epg_ripper_AE1.xml.gz
epgshare,AE1,ar:.قناة.الإمارات.ae,ar: قناة الإمارات,0,0,0.0,,,False,1,https://epgshare01.online/epgshare01/epg_ripper_AE1.xml.gz
epgshare,AE1,ar:.قناة.بينونة.ae,ar: قناة بينونة,0,0,0.0,,,False,1,https://epgshare01.online/epgshare01/epg_ripper_AE1.xml.gz
epgshare,AE1,ar:.قناة.ماجد.ae,ar: قناة ماجد,0,0,0.0,,,False,1,https://epgshare01.online/epgshare01/epg_ripper_AE1.xml.gz
epgshare,AE1,ar:.ناشيونال.جيوغرافيك.أبوظبي.ae,ar: ناشيونال جيوغرافيك أبوظبي,0,0,0.0,,,False,1,https://epgshare01.online/epgshare01/epg_ripper_AE1.xml.gz
epgshare,AE1,ar:.1.أبوظبي.الرياضية.ae,ar: 1 أبوظبي الرياضية,0,0,0.0,,,False,1,https://epgshare01.online/epgshare01/epg_ripper_AE1.xml.gz
epgshare,AE1,ar:.قناة.ياس.ae,ar: قناة ياس,0,0,0.0,,,False,1,https://epgshare01.online/epgshare01/epg_ripper_AE1.xml.gz
epgshare,AE1,ar:.سما.دبي.ae,ar: سما دبي,0,0,0.0,,,False,1,https://epgshare01.online/epgshare01/epg_ripper_AE1.xml.gz
epgshare,AE1,ar:.2M.Monde.ae,ar: 2M Monde,0,0,0.0,,,False,1,https://epgshare01.online/epgshare01/epg_ripper_AE1.xml.gz
epgshare,AE1,ar:.Roya.TV.Live.ae,ar: Roya TV Live,0,0,0.0,,,False,1,https://epgshare01.online/epgshare01/epg_ripper_AE1.xml.gz
epgshare,AE1,ar:.زي.ألوان.-.البث.المباشر.ae,ar: زي ألوان - البث المباشر,0,0,0.0,,,False,1,https://epgshare01.online/epgshare01/epg_ripper_AE1.xml.gz
epgshare,AE1,ar:.كاريم.نيسارام-مباشر.ae,ar: كاريم نيسارام-مباشر,0,0,0.0,,,False,1,https://epgshare01.online/epgshare01/epg_ripper_AE1.xml.gz
epgshare,AE1,ar:.M80.موسى.ae,ar: M80 موسى,0,0,0.0,,,False,1,https://epgshare01.online/epgshare01/epg_ripper_AE1.xml.gz
epgshare,AE1,ar:.كيوريوسيتي.ستريم.ae,ar: كيوريوسيتي ستريم,0,0,0.0,,,False,1,https://epgshare01.online/epgshare01/epg_ripper_AE1.xml.gz
epgshare,AE1,ar:.ك-دراما+.ae,ar: ك-دراما+,0,0,0.0,,,False,1,https://epgshare01.online/epgshare01/epg_ripper_AE1.xml.gz
epgshare,AE1,ar:.كلرز.إتش.دي.ae,ar: كلرز إتش دي,91,69.3,100.0,لافتؤ شيفس أنليمتد إنترتينمنت,‫م2 ، ح40 : ‫تشارك ست ثنائيات من المشاهير في عدد من الأنشطة الجماعية والتحديات التي تنطوي على الطهي لإبهار الجمهور بالديناميكيات الشخصية الخاصة بكل منهم.‬.,False,1,https://epgshare01.online/epgshare01/epg_ripper_AE1.xml.gz
epgshare,AE1,ar:.زي.تي.في.ae,ar: زي تي في,115,69.3,100.0,ديلو كي رام ليلا,‫م1 ، ح34 : ‫تتوق ليلا بشدة إلى حنان والدها، باحثة عن السلام والبهجة. علاوة على ذلك، فإنها تجد السكينة التامة والدفء العائلي مع رام.‬.,False,1,https://epgshare01.online/epgshare01/epg_ripper_AE1.xml.gz
epgshare,AE1,ar:.آسيا.نت.ae,ar: آسيا نت,80,71.3,100.0,مازها ثوروم مونبي,‫م1 ، ح354 : ‫بعد أن تترك في طفولتها، تبحث ألينا عن الحب الذي تتوق إليه. فهل ستقودها رحلتها إلى والديها المفقودين وإلى السعادة التي تستحقها؟‬‬.,False,1,https://epgshare01.online/epgshare01/epg_ripper_AE1.xml.gz
epgshare,AE1,ar:.آسيا.نت.بلس.ae,ar: آسيا نت بلس,47,69.8,100.0,غراما بانتشياث,‫‫يحاول شاب الابتعاد عن حياته المليئة بالفقر، إذ يعمل والده حلاقا بسيطا ويأمل الشاب بمتابعة دراسته. مع ذلك، يرفض والده أن يبتعد ويغادر المنزل ويهدد بالانتحار.‬.,False,1,https://epgshare01.online/epgshare01/epg_ripper_AE1.xml.gz
epgshare,AE1,ar:.آسيا.نت.موفيز.ae,ar: آسيا نت موفيز,27,70.8,100.0,ناغاقاريدي نادوفيل نجان,‫‫في سبيل تحقيق حلم ابنته بدخول كلية الطب والجراحة، يقوم فينو ببيع ممتلكاته لتوفير نفقات تعليمها، غير أن أفراد عائلته يتآمرون لإحباط مساعيه.‬.,False,1,https://epgshare01.online/epgshare01/epg_ripper_AE1.xml.gz
epgshare,AE1,ar:.ستار.بلس.ae,ar: ستار بلس,123,69.3,100.0,كيونكي رشتون كي بهي روب بادلتي هين,‫م1 ، ح191 : ‫بعدما تترك أكشاي ومادهافي المدرسة الداخلية، تتأثر فريندا كثيرا وسرعان ما تتولى منصب المدير الجديد لمصنع جمشيدبور.‬.,False,1,https://epgshare01.online/epgshare01/epg_ripper_AE1.xml.gz
epgshare,AE1,ar:.إذاعة.الإمارات.إف.إم.ae,ar: إذاعة الإمارات إف إم,0,0,0.0,,,False,1,https://epgshare01.online/epgshare01/epg_ripper_AE1.xml.gz
epgshare,AE1,ar:.قناة.القرآن.الكريم.ae,ar: قناة القرآن الكريم,0,0,0.0,,,False,1,https://epgshare01.online/epgshare01/epg_ripper_AE1.xml.gz
epgshare,AE1,ar:.ستار.إف.إم.ae,ar: ستار إف إم,0,0,0.0,,,False,1,https://epgshare01.online/epgshare01/epg_ripper_AE1.xml.gz
epgshare,AE1,ar:.راديو.2.ae,ar: راديو 2,0,0,0.0,,,False,1,https://epgshare01.online/epgshare01/epg_ripper_AE1.xml.gz
epgshare,AE1,ar:.كدك.إف.إم.ae,ar: كدك إف إم,0,0,0.0,,,False,1,https://epgshare01.online/epgshare01/epg_ripper_AE1.xml.gz
epgshare,AE1,ar:.أبوظبي.كلاسيك.إف.إم.ae,ar: أبوظبي كلاسيك إف إم,0,0,0.0,,,False,1,https://epgshare01.online/epgshare01/epg_ripper_AE1.xml.gz
epgshare,AE1,ar:.راديو.1.ae,ar: راديو 1,0,0,0.0,,,False,1,https://epgshare01.online/epgshare01/epg_ripper_AE1.xml.gz
epgshare,AE1,ar:.إذاعة.أبوظبي.إف.إم.ae,ar: إذاعة أبوظبي إف إم,0,0,0.0,,,False,1,https://epgshare01.online/epgshare01/epg_ripper_AE1.xml.gz
epgshare,AE1,ar:.قناة.إنديا.توداي.التلفزيونية.ae,ar: قناة إنديا توداي التلفزيونية,0,0,0.0,,,False,1,https://epgshare01.online/epgshare01/epg_ripper_AE1.xml.gz
epgshare,AE1,ar:.الشرق.للأخبار-.لايف.ae,ar: الشرق للأخبار- لايف,0,0,0.0,,,False,1,https://epgshare01.online/epgshare01/epg_ripper_AE1.xml.gz
epgshare,AE1,ar:.سي.إن.بي.سي.عربية.-.مباشر.ae,ar: سي إن بي سي عربية - مباشر,0,0,0.0,,,False,1,https://epgshare01.online/epgshare01/epg_ripper_AE1.xml.gz
epgshare,AE1,ar:.سي.جي.تي.إن.ae,ar: سي جي تي إن,1,86.3,100.0,Live: Global Business,"Global Business is the flagship business show of CGTN English Channel, bringing you the latest economic data, business trends and policies.",False,1,https://epgshare01.online/epgshare01/epg_ripper_AE1.xml.gz
epgshare,AE1,ar:.العربية.بيزنس.-.مباشر.ae,ar: العربية بيزنس - مباشر,65,69.3,100.0,العربية Business,تقدم لكم القناة آخر أخبار المال والأعمال من جميع أنحاء العالم.,False,1,https://epgshare01.online/epgshare01/epg_ripper_AE1.xml.gz
epgshare,AE1,ar:.قناة.الحدث.-.مباشر.ae,ar: قناة الحدث - مباشر,99,69.3,100.0,أخبار الحدث,كُن في طليعة متابعي أهم القصص، الأخبار العاجلة، والشؤون الراهنة وكل ما ينبغي معرفته في المنطقة العربية وحول العالم.,False,1,https://epgshare01.online/epgshare01/epg_ripper_AE1.xml.gz
epgshare,AE1,ar:.ست.ماكس.ae,ar: ست ماكس,33,71.2,100.0,هم أباكي ديل مين ريهتي هاي,‫‫يوافق فيجاي على الزواج بشرط أن توقع عروسه عقدا ينص على أن ينتهي الزواج بعد عام في حال عدم وقوعه في حبها، توافق ميغا على ذلك بسبب وضعها السيء.‬.,False,1,https://epgshare01.online/epgshare01/epg_ripper_AE1.xml.gz
epgshare,EG1,ART.Aflam.1.eg,ART Aflam 1,0,0,0.0,,,False,1,https://epgshare01.online/epgshare01/epg_ripper_EG1.xml.gz
epgshare,EG1,العراقية.eg,العراقية,0,0,0.0,,,False,1,https://epgshare01.online/epgshare01/epg_ripper_EG1.xml.gz
epgshare,EG1,Sada.El.Balad.eg,Sada El Balad,0,0,0.0,,,False,1,https://epgshare01.online/epgshare01/epg_ripper_EG1.xml.gz
epgshare,EG1,MBC.MASR.2.eg,MBC MASR 2,0,0,0.0,,,False,1,https://epgshare01.online/epgshare01/epg_ripper_EG1.xml.gz
epgshare,EG1,البحرين.eg,البحرين,0,0,0.0,,,False,1,https://epgshare01.online/epgshare01/epg_ripper_EG1.xml.gz
epgshare,EG1,ال.تي.في.eg,ال تي في,0,0,0.0,,,False,1,https://epgshare01.online/epgshare01/epg_ripper_EG1.xml.gz
epgshare,EG1,روتانا.دراما.eg,روتانا دراما,0,0,0.0,,,False,1,https://epgshare01.online/epgshare01/epg_ripper_EG1.xml.gz
epgshare,EG1,Network.Arabic.eg,Network Arabic,0,0,0.0,,,False,1,https://epgshare01.online/epgshare01/epg_ripper_EG1.xml.gz
epgshare,EG1,Qurain.eg,Qurain,0,0,0.0,,,False,1,https://epgshare01.online/epgshare01/epg_ripper_EG1.xml.gz
epgshare,EG1,سلام.eg,سلام,0,0,0.0,,,False,1,https://epgshare01.online/epgshare01/epg_ripper_EG1.xml.gz
epgshare,EG1,Fox.Movies.eg,Fox Movies,0,0,0.0,,,False,1,https://epgshare01.online/epgshare01/epg_ripper_EG1.xml.gz
epgshare,EG1,Sama.Dubai.eg,Sama Dubai,0,0,0.0,,,False,1,https://epgshare01.online/epgshare01/epg_ripper_EG1.xml.gz
epgshare,EG1,فوكس.eg,فوكس,0,0,0.0,,,False,1,https://epgshare01.online/epgshare01/epg_ripper_EG1.xml.gz
epgshare,EG1,MBC.Drama.eg,MBC Drama,0,0,0.0,,,False,1,https://epgshare01.online/epgshare01/epg_ripper_EG1.xml.gz
epgshare,EG1,iFILM.TV.eg,iFILM TV,0,0,0.0,,,False,1,https://epgshare01.online/epgshare01/epg_ripper_EG1.xml.gz
epgshare,EG1,الأردن.eg,الأردن,0,0,0.0,,,False,1,https://epgshare01.online/epgshare01/epg_ripper_EG1.xml.gz
epgshare,EG1,المصرية.eg,المصرية,0,0,0.0,,,False,1,https://epgshare01.online/epgshare01/epg_ripper_EG1.xml.gz
epgshare,EG1,دجلة.eg,دجلة,0,0,0.0,,,False,1,https://epgshare01.online/epgshare01/epg_ripper_EG1.xml.gz
epgshare,EG1,ناشونال.جيوجرافيك.أبو.ظبي.eg,ناشونال جيوجرافيك أبو ظبي,0,0,0.0,,,False,1,https://epgshare01.online/epgshare01/epg_ripper_EG1.xml.gz
epgshare,EG1,الأولى.المغربية.eg,الأولى المغربية,0,0,0.0,,,False,1,https://epgshare01.online/epgshare01/epg_ripper_EG1.xml.gz
epgshare,EG1,سي.بي.سي.eg,سي بي سي,0,0,0.0,,,False,1,https://epgshare01.online/epgshare01/epg_ripper_EG1.xml.gz
epgshare,EG1,Kuwait.eg,Kuwait,0,0,0.0,,,False,1,https://epgshare01.online/epgshare01/epg_ripper_EG1.xml.gz
epgshare,EG1,بي.إن.سيريس.إتش.دي.2.eg,بي إن سيريس إتش دي 2,0,0,0.0,,,False,1,https://epgshare01.online/epgshare01/epg_ripper_EG1.xml.gz
epgshare,EG1,نسمة.eg,نسمة,0,0,0.0,,,False,1,https://epgshare01.online/epgshare01/epg_ripper_EG1.xml.gz
epgshare,EG1,إس.بي.سي.eg,إس بي سي,0,0,0.0,,,False,1,https://epgshare01.online/epgshare01/epg_ripper_EG1.xml.gz
epgshare,EG1,CBC.Drama.eg,CBC Drama,0,0,0.0,,,False,1,https://epgshare01.online/epgshare01/epg_ripper_EG1.xml.gz
epgshare,EG1,Rotana.Classic.eg,Rotana Classic,0,0,0.0,,,False,1,https://epgshare01.online/epgshare01/epg_ripper_EG1.xml.gz
epgshare,EG1,Al.Nahar.Drama.eg,Al Nahar Drama,0,0,0.0,,,False,1,https://epgshare01.online/epgshare01/epg_ripper_EG1.xml.gz
epgshare,EG1,صدى.البلد.دراما.eg,صدى البلد دراما,0,0,0.0,,,False,1,https://epgshare01.online/epgshare01/epg_ripper_EG1.xml.gz
epgshare,EG1,روتانا.كلاسيك.eg,روتانا كلاسيك,0,0,0.0,,,False,1,https://epgshare01.online/epgshare01/epg_ripper_EG1.xml.gz
epgshare,EG1,Almahriah.TV.eg,Almahriah TV,0,0,0.0,,,False,1,https://epgshare01.online/epgshare01/epg_ripper_EG1.xml.gz
epgshare,EG1,سيما.eg,سيما,0,0,0.0,,,False,1,https://epgshare01.online/epgshare01/epg_ripper_EG1.xml.gz
epgshare,EG1,Al.Dafrah.eg,Al Dafrah,0,0,0.0,,,False,1,https://epgshare01.online/epgshare01/epg_ripper_EG1.xml.gz
epgshare,EG1,Watania1.eg,Watania1,0,0,0.0,,,False,1,https://epgshare01.online/epgshare01/epg_ripper_EG1.xml.gz
epgshare,EG1,سي.بي.سي.دراما.eg,سي بي سي دراما,0,0,0.0,,,False,1,https://epgshare01.online/epgshare01/epg_ripper_EG1.xml.gz
epgshare,EG1,بي.إن.موفيز.دراما.eg,بي إن موفيز دراما,0,0,0.0,,,False,1,https://epgshare01.online/epgshare01/epg_ripper_EG1.xml.gz
epgshare,EG1,الفضائية.المصرية.eg,الفضائية المصرية,0,0,0.0,,,False,1,https://epgshare01.online/epgshare01/epg_ripper_EG1.xml.gz
epgshare,EG1,إيه.آر.تي.حكايات.2.eg,إيه آر تي حكايات 2,0,0,0.0,,,False,1,https://epgshare01.online/epgshare01/epg_ripper_EG1.xml.gz
epgshare,EG1,السومرية.eg,السومرية,0,0,0.0,,,False,1,https://epgshare01.online/epgshare01/epg_ripper_EG1.xml.gz
epgshare,EG1,Al.Jadeed.TV.eg,Al Jadeed TV,0,0,0.0,,,False,1,https://epgshare01.online/epgshare01/epg_ripper_EG1.xml.gz
epgshare,EG1,Dubai.TV.eg,Dubai TV,0,0,0.0,,,False,1,https://epgshare01.online/epgshare01/epg_ripper_EG1.xml.gz
epgshare,EG1,دبي.eg,دبي,0,0,0.0,,,False,1,https://epgshare01.online/epgshare01/epg_ripper_EG1.xml.gz
epgshare,EG1,Nile.Life.eg,Nile Life,0,0,0.0,,,False,1,https://epgshare01.online/epgshare01/epg_ripper_EG1.xml.gz
epgshare,EG1,ميكس.eg,ميكس,0,0,0.0,,,False,1,https://epgshare01.online/epgshare01/epg_ripper_EG1.xml.gz
epgshare,EG1,روتانا.كيدز.eg,روتانا كيدز,0,0,0.0,,,False,1,https://epgshare01.online/epgshare01/epg_ripper_EG1.xml.gz
epgshare,EG1,LTV.eg,LTV,0,0,0.0,,,False,1,https://epgshare01.online/epgshare01/epg_ripper_EG1.xml.gz
epgshare,EG1,Nile.Drama.eg,Nile Drama,0,0,0.0,,,False,1,https://epgshare01.online/epgshare01/epg_ripper_EG1.xml.gz
epgshare,EG1,Cima.eg,Cima,0,0,0.0,,,False,1,https://epgshare01.online/epgshare01/epg_ripper_EG1.xml.gz
epgshare,EG1,Al.Nahar.TV.eg,Al Nahar TV,0,0,0.0,,,False,1,https://epgshare01.online/epgshare01/epg_ripper_EG1.xml.gz
epgshare,EG1,Aloula.eg,Aloula,0,0,0.0,,,False,1,https://epgshare01.online/epgshare01/epg_ripper_EG1.xml.gz
epgshare,EG1,MBC.Iraq.eg,MBC Iraq,0,0,0.0,,,False,1,https://epgshare01.online/epgshare01/epg_ripper_EG1.xml.gz
epgshare,EG1,Syria.TV.eg,Syria TV,0,0,0.0,,,False,1,https://epgshare01.online/epgshare01/epg_ripper_EG1.xml.gz
epgshare,EG1,MBC.Bollywood.eg,MBC Bollywood,0,0,0.0,,,False,1,https://epgshare01.online/epgshare01/epg_ripper_EG1.xml.gz
epgshare,EG1,Qatar.eg,Qatar,0,0,0.0,,,False,1,https://epgshare01.online/epgshare01/epg_ripper_EG1.xml.gz
epgshare,EG1,المغربية.الثانية.eg,المغربية الثانية,0,0,0.0,,,False,1,https://epgshare01.online/epgshare01/epg_ripper_EG1.xml.gz
epgshare,EG1,CBC.eg,CBC,0,0,0.0,,,False,1,https://epgshare01.online/epgshare01/epg_ripper_EG1.xml.gz
epgshare,EG1,Hadhramaut.TV.eg,Hadhramaut TV,0,0,0.0,,,False,1,https://epgshare01.online/epgshare01/epg_ripper_EG1.xml.gz
epgshare,EG1,Watania.2.eg,Watania 2,0,0,0.0,,,False,1,https://epgshare01.online/epgshare01/epg_ripper_EG1.xml.gz
epgshare,EG1,النهار.eg,النهار,0,0,0.0,,,False,1,https://epgshare01.online/epgshare01/epg_ripper_EG1.xml.gz
epgshare,EG1,DMC.DRAMA.eg,DMC DRAMA,0,0,0.0,,,False,1,https://epgshare01.online/epgshare01/epg_ripper_EG1.xml.gz
epgshare,EG1,LDC.eg,LDC,0,0,0.0,,,False,1,https://epgshare01.online/epgshare01/epg_ripper_EG1.xml.gz
epgshare,EG1,إم.بي.سي.eg,إم بي سي,0,0,0.0,,,False,1,https://epgshare01.online/epgshare01/epg_ripper_EG1.xml.gz
epgshare,EG1,صدى.البلد.eg,صدى البلد,0,0,0.0,,,False,1,https://epgshare01.online/epgshare01/epg_ripper_EG1.xml.gz
epgshare,EG1,Jordan.TV.eg,Jordan TV,0,0,0.0,,,False,1,https://epgshare01.online/epgshare01/epg_ripper_EG1.xml.gz
epgshare,EG1,إم.بي.سي.مصر.eg,إم بي سي مصر,0,0,0.0,,,False,1,https://epgshare01.online/epgshare01/epg_ripper_EG1.xml.gz
epgshare,EG1,AlSaeedah.eg,AlSaeedah,0,0,0.0,,,False,1,https://epgshare01.online/epgshare01/epg_ripper_EG1.xml.gz
epgshare,EG1,atv.eg,atv,0,0,0.0,,,False,1,https://epgshare01.online/epgshare01/epg_ripper_EG1.xml.gz
epgshare,EG1,Fox.eg,Fox,0,0,0.0,,,False,1,https://epgshare01.online/epgshare01/epg_ripper_EG1.xml.gz
epgshare,EG1,اﻹمارات.eg,اﻹمارات,0,0,0.0,,,False,1,https://epgshare01.online/epgshare01/epg_ripper_EG1.xml.gz
epgshare,EG1,Rotana.Drama.eg,Rotana Drama,0,0,0.0,,,False,1,https://epgshare01.online/epgshare01/epg_ripper_EG1.xml.gz
epgshare,EG1,FOX.ACTION.MOVIES.eg,FOX ACTION MOVIES,0,0,0.0,,,False,1,https://epgshare01.online/epgshare01/epg_ripper_EG1.xml.gz
epgshare,EG1,Rotana.Movies+.eg,Rotana Movies+,0,0,0.0,,,False,1,https://epgshare01.online/epgshare01/epg_ripper_EG1.xml.gz
epgshare,EG1,ETC.TV.eg,ETC TV,0,0,0.0,,,False,1,https://epgshare01.online/epgshare01/epg_ripper_EG1.xml.gz
epgshare,EG1,Rotana.Cinema.Masr.eg,Rotana Cinema Masr,0,0,0.0,,,False,1,https://epgshare01.online/epgshare01/epg_ripper_EG1.xml.gz
epgshare,EG1,Dijlah.TV.eg,Dijlah TV,0,0,0.0,,,False,1,https://epgshare01.online/epgshare01/epg_ripper_EG1.xml.gz
epgshare,EG1,Al.Kahera.Wal.Nas.TV.2.eg,Al Kahera Wal Nas TV 2,0,0,0.0,,,False,1,https://epgshare01.online/epgshare01/epg_ripper_EG1.xml.gz
epgshare,EG1,Sama.TV.eg,Sama TV,0,0,0.0,,,False,1,https://epgshare01.online/epgshare01/epg_ripper_EG1.xml.gz
epgshare,EG1,مساواة.eg,مساواة,0,0,0.0,,,False,1,https://epgshare01.online/epgshare01/epg_ripper_EG1.xml.gz
epgshare,EG1,Sada.El.Balad.2.eg,Sada El Balad 2,0,0,0.0,,,False,1,https://epgshare01.online/epgshare01/epg_ripper_EG1.xml.gz
epgshare,EG1,Rotana.Khalejia.eg,Rotana Khalejia,0,0,0.0,,,False,1,https://epgshare01.online/epgshare01/epg_ripper_EG1.xml.gz
epgshare,EG1,فوكس.موفيز.eg,فوكس موفيز,0,0,0.0,,,False,1,https://epgshare01.online/epgshare01/epg_ripper_EG1.xml.gz
epgshare,EG1,Alaraby.TV.2.eg,Alaraby TV 2,0,0,0.0,,,False,1,https://epgshare01.online/epgshare01/epg_ripper_EG1.xml.gz
epgshare,EG1,إيه.آر.تي.أفلام.1.eg,إيه آر تي أفلام 1,0,0,0.0,,,False,1,https://epgshare01.online/epgshare01/epg_ripper_EG1.xml.gz
epgshare,EG1,إم.بي.سي.دراما.+.eg,إم بي سي دراما +,0,0,0.0,,,False,1,https://epgshare01.online/epgshare01/epg_ripper_EG1.xml.gz
epgshare,EG1,Dubai.One.eg,Dubai One,0,0,0.0,,,False,1,https://epgshare01.online/epgshare01/epg_ripper_EG1.xml.gz
epgshare,EG1,أبو.ظبي.eg,أبو ظبي,0,0,0.0,,,False,1,https://epgshare01.online/epgshare01/epg_ripper_EG1.xml.gz
epgshare,EG1,Rotana.Cinema.eg,Rotana Cinema,0,0,0.0,,,False,1,https://epgshare01.online/epgshare01/epg_ripper_EG1.xml.gz
epgshare,EG1,سوريا.دراما.eg,سوريا دراما,0,0,0.0,,,False,1,https://epgshare01.online/epgshare01/epg_ripper_EG1.xml.gz
epgshare,EG1,النهار.دراما.eg,النهار دراما,0,0,0.0,,,False,1,https://epgshare01.online/epgshare01/epg_ripper_EG1.xml.gz
epgshare,EG1,دي.إم.سي.eg,دي إم سي,0,0,0.0,,,False,1,https://epgshare01.online/epgshare01/epg_ripper_EG1.xml.gz
epgshare,EG1,MBC.eg,MBC,0,0,0.0,,,False,1,https://epgshare01.online/epgshare01/epg_ripper_EG1.xml.gz
epgshare,EG1,Oman.eg,Oman,0,0,0.0,,,False,1,https://epgshare01.online/epgshare01/epg_ripper_EG1.xml.gz
epgshare,EG1,ART.Hekayat.eg,ART Hekayat,0,0,0.0,,,False,1,https://epgshare01.online/epgshare01/epg_ripper_EG1.xml.gz
epgshare,EG1,Musawa.eg,Musawa,0,0,0.0,,,False,1,https://epgshare01.online/epgshare01/epg_ripper_EG1.xml.gz
epgshare,EG1,القاهرة.والناس.2.eg,القاهرة والناس 2,0,0,0.0,,,False,1,https://epgshare01.online/epgshare01/epg_ripper_EG1.xml.gz
epgshare,EG1,السعودية.eg,السعودية,0,0,0.0,,,False,1,https://epgshare01.online/epgshare01/epg_ripper_EG1.xml.gz
epgshare,EG1,الشارقة.eg,الشارقة,0,0,0.0,,,False,1,https://epgshare01.online/epgshare01/epg_ripper_EG1.xml.gz
epgshare,EG1,Star.Movies.eg,Star Movies,0,0,0.0,,,False,1,https://epgshare01.online/epgshare01/epg_ripper_EG1.xml.gz
epgshare,EG1,Alhayat.Drama.eg,Alhayat Drama,0,0,0.0,,,False,1,https://epgshare01.online/epgshare01/epg_ripper_EG1.xml.gz
epgshare,EG1,BEIN.MOVIES.FAMILY.eg,BEIN MOVIES FAMILY,0,0,0.0,,,False,1,https://epgshare01.online/epgshare01/epg_ripper_EG1.xml.gz
epgshare,EG1,الشروق.الجزائرية.eg,الشروق الجزائرية,0,0,0.0,,,False,1,https://epgshare01.online/epgshare01/epg_ripper_EG1.xml.gz
epgshare,EG1,ميكس.وان.eg,ميكس وان,0,0,0.0,,,False,1,https://epgshare01.online/epgshare01/epg_ripper_EG1.xml.gz
epgshare,EG1,MBC.MAX.eg,MBC MAX,0,0,0.0,,,False,1,https://epgshare01.online/epgshare01/epg_ripper_EG1.xml.gz
epgshare,EG1,ستار.موفيز.eg,ستار موفيز,0,0,0.0,,,False,1,https://epgshare01.online/epgshare01/epg_ripper_EG1.xml.gz
epgshare,EG1,نايل.دراما.eg,نايل دراما,0,0,0.0,,,False,1,https://epgshare01.online/epgshare01/epg_ripper_EG1.xml.gz
epgshare,EG1,Saudiya.TV.eg,Saudiya TV,0,0,0.0,,,False,1,https://epgshare01.online/epgshare01/epg_ripper_EG1.xml.gz
epgshare,EG1,إيه.آر.تي.سينما.eg,إيه آر تي سينما,0,0,0.0,,,False,1,https://epgshare01.online/epgshare01/epg_ripper_EG1.xml.gz
epgshare,EG1,فوكس.أكشن.موفيز.eg,فوكس أكشن موفيز,0,0,0.0,,,False,1,https://epgshare01.online/epgshare01/epg_ripper_EG1.xml.gz
epgshare,EG1,المهرية.eg,المهرية,0,0,0.0,,,False,1,https://epgshare01.online/epgshare01/epg_ripper_EG1.xml.gz
epgshare,EG1,beIN.Series.HD.2.eg,beIN Series HD 2,0,0,0.0,,,False,1,https://epgshare01.online/epgshare01/epg_ripper_EG1.xml.gz
epgshare,EG1,إيه.آر.تي.حكايات.eg,إيه آر تي حكايات,0,0,0.0,,,False,1,https://epgshare01.online/epgshare01/epg_ripper_EG1.xml.gz
epgshare,EG1,الوطنية.2.eg,الوطنية 2,0,0,0.0,,,False,1,https://epgshare01.online/epgshare01/epg_ripper_EG1.xml.gz
epgshare,EG1,يو.تي.في.eg,يو تي في,0,0,0.0,,,False,1,https://epgshare01.online/epgshare01/epg_ripper_EG1.xml.gz
epgshare,EG1,إم.بي.سي.ماكس.eg,إم بي سي ماكس,0,0,0.0,,,False,1,https://epgshare01.online/epgshare01/epg_ripper_EG1.xml.gz
epgshare,EG1,القاهرة.والناس.eg,القاهرة والناس,0,0,0.0,,,False,1,https://epgshare01.online/epgshare01/epg_ripper_EG1.xml.gz
epgshare,EG1,الشمس.eg,الشمس,0,0,0.0,,,False,1,https://epgshare01.online/epgshare01/epg_ripper_EG1.xml.gz
epgshare,EG1,Nessma.eg,Nessma,0,0,0.0,,,False,1,https://epgshare01.online/epgshare01/epg_ripper_EG1.xml.gz
epgshare,EG1,الكويت.eg,الكويت,0,0,0.0,,,False,1,https://epgshare01.online/epgshare01/epg_ripper_EG1.xml.gz
epgshare,EG1,Thikrayat.Tv.eg,Thikrayat Tv,0,0,0.0,,,False,1,https://epgshare01.online/epgshare01/epg_ripper_EG1.xml.gz
epgshare,EG1,Egyptian.TV.eg,Egyptian TV,0,0,0.0,,,False,1,https://epgshare01.online/epgshare01/epg_ripper_EG1.xml.gz
epgshare,EG1,BEIN.MOVIES.DRAMA.eg,BEIN MOVIES DRAMA,0,0,0.0,,,False,1,https://epgshare01.online/epgshare01/epg_ripper_EG1.xml.gz
epgshare,EG1,SBC.eg,SBC,0,0,0.0,,,False,1,https://epgshare01.online/epgshare01/epg_ripper_EG1.xml.gz
epgshare,EG1,Mehwar.eg,Mehwar,0,0,0.0,,,False,1,https://epgshare01.online/epgshare01/epg_ripper_EG1.xml.gz
epgshare,EG1,رؤيا.eg,رؤيا,0,0,0.0,,,False,1,https://epgshare01.online/epgshare01/epg_ripper_EG1.xml.gz
epgshare,EG1,عمان.eg,عمان,0,0,0.0,,,False,1,https://epgshare01.online/epgshare01/epg_ripper_EG1.xml.gz
epgshare,EG1,Utv.eg,Utv,0,0,0.0,,,False,1,https://epgshare01.online/epgshare01/epg_ripper_EG1.xml.gz
epgshare,EG1,إم.بي.سي.دراما.eg,إم بي سي دراما,0,0,0.0,,,False,1,https://epgshare01.online/epgshare01/epg_ripper_EG1.xml.gz
epgshare,EG1,تن.eg,تن,0,0,0.0,,,False,1,https://epgshare01.online/epgshare01/epg_ripper_EG1.xml.gz
epgshare,EG1,Star.World.eg,Star World,0,0,0.0,,,False,1,https://epgshare01.online/epgshare01/epg_ripper_EG1.xml.gz
epgshare,EG1,إم.بي.سي.بوليوود.eg,إم بي سي بوليوود,0,0,0.0,,,False,1,https://epgshare01.online/epgshare01/epg_ripper_EG1.xml.gz
epgshare,EG1,زي.ألوان.eg,زي ألوان,0,0,0.0,,,False,1,https://epgshare01.online/epgshare01/epg_ripper_EG1.xml.gz
epgshare,EG1,قناة.مصر.الأولى.eg,قناة مصر الأولى,0,0,0.0,,,False,1,https://epgshare01.online/epgshare01/epg_ripper_EG1.xml.gz
epgshare,EG1,ON.Drama.eg,ON Drama,0,0,0.0,,,False,1,https://epgshare01.online/epgshare01/epg_ripper_EG1.xml.gz
epgshare,EG1,إم.بي.سي.4.eg,إم بي سي 4,0,0,0.0,,,False,1,https://epgshare01.online/epgshare01/epg_ripper_EG1.xml.gz
epgshare,EG1,Maspero.Zaman.eg,Maspero Zaman,0,0,0.0,,,False,1,https://epgshare01.online/epgshare01/epg_ripper_EG1.xml.gz
epgshare,EG1,Kuwait.Drama.eg,Kuwait Drama,0,0,0.0,,,False,1,https://epgshare01.online/epgshare01/epg_ripper_EG1.xml.gz
epgshare,EG1,دي.إم.سي.دراما.eg,دي إم سي دراما,0,0,0.0,,,False,1,https://epgshare01.online/epgshare01/epg_ripper_EG1.xml.gz
epgshare,EG1,ESC.eg,ESC,0,0,0.0,,,False,1,https://epgshare01.online/epgshare01/epg_ripper_EG1.xml.gz
epgshare,EG1,إيه.آر.تي.افلام.2.eg,إيه آر تي افلام 2,0,0,0.0,,,False,1,https://epgshare01.online/epgshare01/epg_ripper_EG1.xml.gz
epgshare,EG1,الكويت.دراما.eg,الكويت دراما,0,0,0.0,,,False,1,https://epgshare01.online/epgshare01/epg_ripper_EG1.xml.gz
epgshare,EG1,ماسبيرو.زمان.eg,ماسبيرو زمان,0,0,0.0,,,False,1,https://epgshare01.online/epgshare01/epg_ripper_EG1.xml.gz
epgshare,EG1,دبي.وان.eg,دبي وان,0,0,0.0,,,False,1,https://epgshare01.online/epgshare01/epg_ripper_EG1.xml.gz
epgshare,EG1,إل.بي.سي.آي.eg,إل بي سي آي,0,0,0.0,,,False,1,https://epgshare01.online/epgshare01/epg_ripper_EG1.xml.gz
epgshare,EG1,إم.بي.سي.أكشن.eg,إم بي سي أكشن,0,0,0.0,,,False,1,https://epgshare01.online/epgshare01/epg_ripper_EG1.xml.gz
epgshare,EG1,Alsumaria.eg,Alsumaria,0,0,0.0,,,False,1,https://epgshare01.online/epgshare01/epg_ripper_EG1.xml.gz
epgshare,EG1,روتانا.كوميدي.eg,روتانا كوميدي,0,0,0.0,,,False,1,https://epgshare01.online/epgshare01/epg_ripper_EG1.xml.gz
epgshare,EG1,الجديد.eg,الجديد,0,0,0.0,,,False,1,https://epgshare01.online/epgshare01/epg_ripper_EG1.xml.gz
epgshare,EG1,ART.Cinema.eg,ART Cinema,0,0,0.0,,,False,1,https://epgshare01.online/epgshare01/epg_ripper_EG1.xml.gz
epgshare,EG1,ذكريات.eg,ذكريات,0,0,0.0,,,False,1,https://epgshare01.online/epgshare01/epg_ripper_EG1.xml.gz
epgshare,EG1,ميكس.بالعربي.eg,ميكس بالعربي,0,0,0.0,,,False,1,https://epgshare01.online/epgshare01/epg_ripper_EG1.xml.gz
epgshare,EG1,روتانا.سينما.eg,روتانا سينما,0,0,0.0,,,False,1,https://epgshare01.online/epgshare01/epg_ripper_EG1.xml.gz
epgshare,EG1,Echorouk.TV.eg,Echorouk TV,0,0,0.0,,,False,1,https://epgshare01.online/epgshare01/epg_ripper_EG1.xml.gz
epgshare,EG1,MBC.4.eg,MBC 4,0,0,0.0,,,False,1,https://epgshare01.online/epgshare01/epg_ripper_EG1.xml.gz
epgshare,EG1,MBC.5.eg,MBC 5,0,0,0.0,,,False,1,https://epgshare01.online/epgshare01/epg_ripper_EG1.xml.gz
epgshare,EG1,MTV.eg,MTV,0,0,0.0,,,False,1,https://epgshare01.online/epgshare01/epg_ripper_EG1.xml.gz
epgshare,EG1,Bahrain.TV.eg,Bahrain TV,0,0,0.0,,,False,1,https://epgshare01.online/epgshare01/epg_ripper_EG1.xml.gz
epgshare,EG1,بي.إن.موفيز.أكشن.eg,بي إن موفيز أكشن,0,0,0.0,,,False,1,https://epgshare01.online/epgshare01/epg_ripper_EG1.xml.gz
epgshare,EG1,بي.إن.موفيز.بريمير.eg,بي إن موفيز بريمير,0,0,0.0,,,False,1,https://epgshare01.online/epgshare01/epg_ripper_EG1.xml.gz
epgshare,EG1,Rotana.Comedy.eg,Rotana Comedy,0,0,0.0,,,False,1,https://epgshare01.online/epgshare01/epg_ripper_EG1.xml.gz
epgshare,EG1,ال.دي.سي.eg,ال دي سي,0,0,0.0,,,False,1,https://epgshare01.online/epgshare01/epg_ripper_EG1.xml.gz
epgshare,EG1,ART.Aflam.2.eg,ART Aflam 2,0,0,0.0,,,False,1,https://epgshare01.online/epgshare01/epg_ripper_EG1.xml.gz
epgshare,EG1,الرشيد.eg,الرشيد,0,0,0.0,,,False,1,https://epgshare01.online/epgshare01/epg_ripper_EG1.xml.gz
epgshare,EG1,Mix.eg,Mix,0,0,0.0,,,False,1,https://epgshare01.online/epgshare01/epg_ripper_EG1.xml.gz
epgshare,EG1,Al.Shams.eg,Al Shams,0,0,0.0,,,False,1,https://epgshare01.online/epgshare01/epg_ripper_EG1.xml.gz
epgshare,EG1,أون.إي.eg,أون إي,0,0,0.0,,,False,1,https://epgshare01.online/epgshare01/epg_ripper_EG1.xml.gz
epgshare,EG1,إم.بي.سي.2.eg,إم بي سي 2,0,0,0.0,,,False,1,https://epgshare01.online/epgshare01/epg_ripper_EG1.xml.gz
epgshare,EG1,نايل.كوميدي.eg,نايل كوميدي,0,0,0.0,,,False,1,https://epgshare01.online/epgshare01/epg_ripper_EG1.xml.gz
epgshare,EG1,السعيدة.eg,السعيدة,0,0,0.0,,,False,1,https://epgshare01.online/epgshare01/epg_ripper_EG1.xml.gz
epgshare,EG1,Abu.Dhabi.TV.eg,Abu Dhabi TV,0,0,0.0,,,False,1,https://epgshare01.online/epgshare01/epg_ripper_EG1.xml.gz
epgshare,EG1,أون.دراما.eg,أون دراما,0,0,0.0,,,False,1,https://epgshare01.online/epgshare01/epg_ripper_EG1.xml.gz
epgshare,EG1,Al.Kahera.Wal.Nas.TV.eg,Al Kahera Wal Nas TV,0,0,0.0,,,False,1,https://epgshare01.online/epgshare01/epg_ripper_EG1.xml.gz
epgshare,EG1,Roya.eg,Roya,0,0,0.0,,,False,1,https://epgshare01.online/epgshare01/epg_ripper_EG1.xml.gz
epgshare,EG1,آي.فيلم.eg,آي فيلم,0,0,0.0,,,False,1,https://epgshare01.online/epgshare01/epg_ripper_EG1.xml.gz
epgshare,EG1,صدى.البلد.2.eg,صدى البلد 2,0,0,0.0,,,False,1,https://epgshare01.online/epgshare01/epg_ripper_EG1.xml.gz
epgshare,EG1,BeIn.Series.HD.1.eg,BeIn Series HD 1,0,0,0.0,,,False,1,https://epgshare01.online/epgshare01/epg_ripper_EG1.xml.gz
epgshare,EG1,التلفزيون.العربي.2.eg,التلفزيون العربي 2,0,0,0.0,,,False,1,https://epgshare01.online/epgshare01/epg_ripper_EG1.xml.gz
epgshare,EG1,DMC.eg,DMC,0,0,0.0,,,False,1,https://epgshare01.online/epgshare01/epg_ripper_EG1.xml.gz
epgshare,EG1,Zee.alwan.eg,Zee alwan,0,0,0.0,,,False,1,https://epgshare01.online/epgshare01/epg_ripper_EG1.xml.gz
epgshare,EG1,روتانا.سينما.مصر.eg,روتانا سينما مصر,0,0,0.0,,,False,1,https://epgshare01.online/epgshare01/epg_ripper_EG1.xml.gz
epgshare,EG1,تلفزيون.حضرموت.eg,تلفزيون حضرموت,0,0,0.0,,,False,1,https://epgshare01.online/epgshare01/epg_ripper_EG1.xml.gz
epgshare,EG1,Nile.Comedy.eg,Nile Comedy,0,0,0.0,,,False,1,https://epgshare01.online/epgshare01/epg_ripper_EG1.xml.gz
epgshare,EG1,روتانا+.أتش.دي.eg,روتانا+ أتش دي,0,0,0.0,,,False,1,https://epgshare01.online/epgshare01/epg_ripper_EG1.xml.gz
epgshare,EG1,إم.بي.سي.العراق.eg,إم بي سي العراق,0,0,0.0,,,False,1,https://epgshare01.online/epgshare01/epg_ripper_EG1.xml.gz
epgshare,EG1,إم.بي.سي.5.eg,إم بي سي 5,0,0,0.0,,,False,1,https://epgshare01.online/epgshare01/epg_ripper_EG1.xml.gz
epgshare,EG1,BEIN.MOVIES.ACTION.eg,BEIN MOVIES ACTION,0,0,0.0,,,False,1,https://epgshare01.online/epgshare01/epg_ripper_EG1.xml.gz
epgshare,EG1,MBC.2.eg,MBC 2,0,0,0.0,,,False,1,https://epgshare01.online/epgshare01/epg_ripper_EG1.xml.gz
epgshare,EG1,MBC.Drama.+.eg,MBC Drama +,0,0,0.0,,,False,1,https://epgshare01.online/epgshare01/epg_ripper_EG1.xml.gz
epgshare,EG1,قطر.eg,قطر,0,0,0.0,,,False,1,https://epgshare01.online/epgshare01/epg_ripper_EG1.xml.gz
epgshare,EG1,تلفزيون.سوريا.eg,تلفزيون سوريا,0,0,0.0,,,False,1,https://epgshare01.online/epgshare01/epg_ripper_EG1.xml.gz
epgshare,EG1,الحياة.دراما.eg,الحياة دراما,0,0,0.0,,,False,1,https://epgshare01.online/epgshare01/epg_ripper_EG1.xml.gz
epgshare,EG1,LBCI.eg,LBCI,0,0,0.0,,,False,1,https://epgshare01.online/epgshare01/epg_ripper_EG1.xml.gz
epgshare,EG1,الوطنية.1.eg,الوطنية 1,0,0,0.0,,,False,1,https://epgshare01.online/epgshare01/epg_ripper_EG1.xml.gz
epgshare,EG1,Alhayat.TV.eg,Alhayat TV,0,0,0.0,,,False,1,https://epgshare01.online/epgshare01/epg_ripper_EG1.xml.gz
epgshare,EG1,Mix.ONE.eg,Mix ONE,0,0,0.0,,,False,1,https://epgshare01.online/epgshare01/epg_ripper_EG1.xml.gz
epgshare,EG1,نايل.لايف.eg,نايل لايف,0,0,0.0,,,False,1,https://epgshare01.online/epgshare01/epg_ripper_EG1.xml.gz
epgshare,EG1,نتورك.بالعربية.eg,نتورك بالعربية,0,0,0.0,,,False,1,https://epgshare01.online/epgshare01/epg_ripper_EG1.xml.gz
epgshare,EG1,سما.دبي.eg,سما دبي,0,0,0.0,,,False,1,https://epgshare01.online/epgshare01/epg_ripper_EG1.xml.gz
epgshare,EG1,MBC.Egypt.eg,MBC Egypt,0,0,0.0,,,False,1,https://epgshare01.online/epgshare01/epg_ripper_EG1.xml.gz
epgshare,EG1,القرين.eg,القرين,0,0,0.0,,,False,1,https://epgshare01.online/epgshare01/epg_ripper_EG1.xml.gz
epgshare,EG1,Sada.El.Balad.Drama.eg,Sada El Balad Drama,0,0,0.0,,,False,1,https://epgshare01.online/epgshare01/epg_ripper_EG1.xml.gz
epgshare,EG1,Alrasheed.eg,Alrasheed,0,0,0.0,,,False,1,https://epgshare01.online/epgshare01/epg_ripper_EG1.xml.gz
epgshare,EG1,LBC.eg,LBC,0,0,0.0,,,False,1,https://epgshare01.online/epgshare01/epg_ripper_EG1.xml.gz
epgshare,EG1,Mix.Bel.Araby.eg,Mix Bel Araby,0,0,0.0,,,False,1,https://epgshare01.online/epgshare01/epg_ripper_EG1.xml.gz
epgshare,EG1,إي.تي.سي.eg,إي تي سي,0,0,0.0,,,False,1,https://epgshare01.online/epgshare01/epg_ripper_EG1.xml.gz
epgshare,EG1,بي.إن.موفيز.فاميلي.eg,بي إن موفيز فاميلي,0,0,0.0,,,False,1,https://epgshare01.online/epgshare01/epg_ripper_EG1.xml.gz
epgshare,EG1,Rotana.Kids.eg,Rotana Kids,0,0,0.0,,,False,1,https://epgshare01.online/epgshare01/epg_ripper_EG1.xml.gz
epgshare,EG1,2M.TV.eg,2M TV,0,0,0.0,,,False,1,https://epgshare01.online/epgshare01/epg_ripper_EG1.xml.gz
epgshare,EG1,Rotana+.HD.eg,Rotana+ HD,0,0,0.0,,,False,1,https://epgshare01.online/epgshare01/epg_ripper_EG1.xml.gz
epgshare,EG1,ART.Hekayat.2.eg,ART Hekayat 2,0,0,0.0,,,False,1,https://epgshare01.online/epgshare01/epg_ripper_EG1.xml.gz
epgshare,EG1,Al.Aoula.Morocco.eg,Al Aoula Morocco,0,0,0.0,,,False,1,https://epgshare01.online/epgshare01/epg_ripper_EG1.xml.gz
epgshare,EG1,بي.إن.دراما.eg,بي إن دراما,0,0,0.0,,,False,1,https://epgshare01.online/epgshare01/epg_ripper_EG1.xml.gz
epgshare,EG1,beIN.Drama.eg,beIN Drama,0,0,0.0,,,False,1,https://epgshare01.online/epgshare01/epg_ripper_EG1.xml.gz
epgshare,EG1,إم.بي.سي.مصر.2.eg,إم بي سي مصر 2,0,0,0.0,,,False,1,https://epgshare01.online/epgshare01/epg_ripper_EG1.xml.gz
epgshare,EG1,Emirates.eg,Emirates,0,0,0.0,,,False,1,https://epgshare01.online/epgshare01/epg_ripper_EG1.xml.gz
epgshare,EG1,الظفرة.eg,الظفرة,0,0,0.0,,,False,1,https://epgshare01.online/epgshare01/epg_ripper_EG1.xml.gz
epgshare,EG1,الحياة.eg,الحياة,0,0,0.0,,,False,1,https://epgshare01.online/epgshare01/epg_ripper_EG1.xml.gz
epgshare,EG1,Sharjah.TV.eg,Sharjah TV,0,0,0.0,,,False,1,https://epgshare01.online/epgshare01/epg_ripper_EG1.xml.gz
epgshare,EG1,دبي.زمان.eg,دبي زمان,0,0,0.0,,,False,1,https://epgshare01.online/epgshare01/epg_ripper_EG1.xml.gz
epgshare,EG1,TeN.TV.eg,TeN TV,0,0,0.0,,,False,1,https://epgshare01.online/epgshare01/epg_ripper_EG1.xml.gz
epgshare,EG1,ON.E.eg,ON E,0,0,0.0,,,False,1,https://epgshare01.online/epgshare01/epg_ripper_EG1.xml.gz
epgshare,EG1,National.Geographic.Abu.Dhabi.eg,National Geographic Abu Dhabi,0,0,0.0,,,False,1,https://epgshare01.online/epgshare01/epg_ripper_EG1.xml.gz
epgshare,EG1,Salam.TV.eg,Salam TV,0,0,0.0,,,False,1,https://epgshare01.online/epgshare01/epg_ripper_EG1.xml.gz
epgshare,EG1,Syria.Drama.eg,Syria Drama,0,0,0.0,,,False,1,https://epgshare01.online/epgshare01/epg_ripper_EG1.xml.gz
epgshare,EG1,AlSharqiya.eg,AlSharqiya,0,0,0.0,,,False,1,https://epgshare01.online/epgshare01/epg_ripper_EG1.xml.gz
epgshare,EG1,بي.إن.سيريس.eg,بي إن سيريس,0,0,0.0,,,False,1,https://epgshare01.online/epgshare01/epg_ripper_EG1.xml.gz
epgshare,EG1,BEIN.MOVIES.PREMIERE.eg,BEIN MOVIES PREMIERE,0,0,0.0,,,False,1,https://epgshare01.online/epgshare01/epg_ripper_EG1.xml.gz
epgshare,EG1,إم.تي.في.eg,إم تي في,0,0,0.0,,,False,1,https://epgshare01.online/epgshare01/epg_ripper_EG1.xml.gz
epgshare,EG1,Dubai.Zaman.eg,Dubai Zaman,0,0,0.0,,,False,1,https://epgshare01.online/epgshare01/epg_ripper_EG1.xml.gz
epgshare,EG1,MBC.Action.eg,MBC Action,0,0,0.0,,,False,1,https://epgshare01.online/epgshare01/epg_ripper_EG1.xml.gz
epgshare,EG1,روتانا.خليجية.eg,روتانا خليجية,0,0,0.0,,,False,1,https://epgshare01.online/epgshare01/epg_ripper_EG1.xml.gz
epgshare,EG1,روتانا.أفلام.بلاس.eg,روتانا أفلام بلاس,0,0,0.0,,,False,1,https://epgshare01.online/epgshare01/epg_ripper_EG1.xml.gz
epgshare,EG1,الشرقية.eg,الشرقية,0,0,0.0,,,False,1,https://epgshare01.online/epgshare01/epg_ripper_EG1.xml.gz
epgshare,EG1,ستار.ورلد.eg,ستار ورلد,0,0,0.0,,,False,1,https://epgshare01.online/epgshare01/epg_ripper_EG1.xml.gz
epgshare,EG1,Iraqia.TV.eg,Iraqia TV,0,0,0.0,,,False,1,https://epgshare01.online/epgshare01/epg_ripper_EG1.xml.gz
epgshare,EG1,المحور.eg,المحور,0,0,0.0,,,False,1,https://epgshare01.online/epgshare01/epg_ripper_EG1.xml.gz
epgshare,EG1,سما.eg,سما,0,0,0.0,,,False,1,https://epgshare01.online/epgshare01/epg_ripper_EG1.xml.gz
epgshare,EG1,إيه.تي.في.eg,إيه تي في,0,0,0.0,,,False,1,https://epgshare01.online/epgshare01/epg_ripper_EG1.xml.gz
epgshare,EG1,إل.بي.سي.eg,إل بي سي,0,0,0.0,,,False,1,https://epgshare01.online/epgshare01/epg_ripper_EG1.xml.gz
epgshare,SA1,AL.Hurra.HD.sa,AL Hurra HD,0,0,0.0,,,False,1,https://epgshare01.online/epgshare01/epg_ripper_SA1.xml.gz
epgshare,SA1,AL.Hurra.Iraq.HD.sa,AL Hurra Iraq HD,0,0,0.0,,,False,1,https://epgshare01.online/epgshare01/epg_ripper_SA1.xml.gz
epgshare,SA1,ANC.sa,ANC,0,0,0.0,,,False,1,https://epgshare01.online/epgshare01/epg_ripper_SA1.xml.gz
epgshare,SA1,Al.Aan.TV.sa,Al Aan TV,0,0,0.0,,,False,1,https://epgshare01.online/epgshare01/epg_ripper_SA1.xml.gz
epgshare,SA1,Al.Dafrah.TV.sa,Al Dafrah TV,0,0,0.0,,,False,1,https://epgshare01.online/epgshare01/epg_ripper_SA1.xml.gz
epgshare,SA1,Al.Qurain.HD.sa,Al Qurain HD,0,0,0.0,,,False,1,https://epgshare01.online/epgshare01/epg_ripper_SA1.xml.gz
epgshare,SA1,Al.Roya.TV.sa,Al Roya TV,0,0,0.0,,,False,1,https://epgshare01.online/epgshare01/epg_ripper_SA1.xml.gz
epgshare,SA1,Al.Safwa.sa,Al Safwa,0,0,0.0,,,False,1,https://epgshare01.online/epgshare01/epg_ripper_SA1.xml.gz
epgshare,SA1,Al.Wosta.from.Al.Dhaid.sa,Al Wosta from Al Dhaid,0,0,0.0,,,False,1,https://epgshare01.online/epgshare01/epg_ripper_SA1.xml.gz
epgshare,SA1,AlMamlaka.TV.sa,AlMamlaka TV,0,0,0.0,,,False,1,https://epgshare01.online/epgshare01/epg_ripper_SA1.xml.gz
epgshare,SA1,Alfa.Al.Yawm.sa,Alfa Al Yawm,0,0,0.0,,,False,1,https://epgshare01.online/epgshare01/epg_ripper_SA1.xml.gz
epgshare,SA1,Alfa.Cinema.1.sa,Alfa Cinema 1,0,0,0.0,,,False,1,https://epgshare01.online/epgshare01/epg_ripper_SA1.xml.gz
epgshare,SA1,Alfa.Cinema.2.sa,Alfa Cinema 2,0,0,0.0,,,False,1,https://epgshare01.online/epgshare01/epg_ripper_SA1.xml.gz
epgshare,SA1,Alfa.Fann.sa,Alfa Fann,0,0,0.0,,,False,1,https://epgshare01.online/epgshare01/epg_ripper_SA1.xml.gz
epgshare,SA1,Alfa.Series.+2.sa,Alfa Series +2,0,0,0.0,,,False,1,https://epgshare01.online/epgshare01/epg_ripper_SA1.xml.gz
epgshare,SA1,Alfa.Series.Channel.sa,Alfa Series Channel,0,0,0.0,,,False,1,https://epgshare01.online/epgshare01/epg_ripper_SA1.xml.gz
epgshare,SA1,Animal.Planet.sa,Animal Planet,0,0,0.0,,,False,1,https://epgshare01.online/epgshare01/epg_ripper_SA1.xml.gz
epgshare,SA1,Arirang.TV.sa,Arirang TV,0,0,0.0,,,False,1,https://epgshare01.online/epgshare01/epg_ripper_SA1.xml.gz
epgshare,SA1,B4U.Aflam.sa,B4U Aflam,0,0,0.0,,,False,1,https://epgshare01.online/epgshare01/epg_ripper_SA1.xml.gz
epgshare,SA1,B4U.Plus.sa,B4U Plus,0,0,0.0,,,False,1,https://epgshare01.online/epgshare01/epg_ripper_SA1.xml.gz
epgshare,SA1,BBC.Arabic.sa,BBC Arabic,0,0,0.0,,,False,1,https://epgshare01.online/epgshare01/epg_ripper_SA1.xml.gz
epgshare,SA1,BBC.World.sa,BBC World,0,0,0.0,,,False,1,https://epgshare01.online/epgshare01/epg_ripper_SA1.xml.gz
epgshare,SA1,Bahrain.TV.sa,Bahrain TV,0,0,0.0,,,False,1,https://epgshare01.online/epgshare01/epg_ripper_SA1.xml.gz
epgshare,SA1,Bloomberg.sa,Bloomberg,0,0,0.0,,,False,1,https://epgshare01.online/epgshare01/epg_ripper_SA1.xml.gz
epgshare,SA1,CGTN.Arabic.sa,CGTN Arabic,0,0,0.0,,,False,1,https://epgshare01.online/epgshare01/epg_ripper_SA1.xml.gz
epgshare,SA1,CGTN.sa,CGTN,0,0,0.0,,,False,1,https://epgshare01.online/epgshare01/epg_ripper_SA1.xml.gz
epgshare,SA1,CNBC.Arabia.sa,CNBC Arabia,0,0,0.0,,,False,1,https://epgshare01.online/epgshare01/epg_ripper_SA1.xml.gz
epgshare,SA1,CNBC.sa,CNBC,0,0,0.0,,,False,1,https://epgshare01.online/epgshare01/epg_ripper_SA1.xml.gz
epgshare,SA1,CNN.sa,CNN,0,0,0.0,,,False,1,https://epgshare01.online/epgshare01/epg_ripper_SA1.xml.gz
epgshare,SA1,Cartoon.Network.sa,Cartoon Network,0,0,0.0,,,False,1,https://epgshare01.online/epgshare01/epg_ripper_SA1.xml.gz
epgshare,SA1,Cine.Mo.sa,Cine Mo,0,0,0.0,,,False,1,https://epgshare01.online/epgshare01/epg_ripper_SA1.xml.gz
epgshare,SA1,Cinema.One.Global.sa,Cinema One Global,0,0,0.0,,,False,1,https://epgshare01.online/epgshare01/epg_ripper_SA1.xml.gz
epgshare,SA1,Crime.&.Investigation.Network.sa,Crime & Investigation Network,0,0,0.0,,,False,1,https://epgshare01.online/epgshare01/epg_ripper_SA1.xml.gz
epgshare,SA1,DWRR.101.9.sa,DWRR 101.9,0,0,0.0,,,False,1,https://epgshare01.online/epgshare01/epg_ripper_SA1.xml.gz
epgshare,SA1,DZMM.Teleradyo.sa,DZMM Teleradyo,0,0,0.0,,,False,1,https://epgshare01.online/epgshare01/epg_ripper_SA1.xml.gz
epgshare,SA1,Discovery.HD.sa,Discovery HD,0,0,0.0,,,False,1,https://epgshare01.online/epgshare01/epg_ripper_SA1.xml.gz
epgshare,SA1,Discovery.ID.sa,Discovery ID,0,0,0.0,,,False,1,https://epgshare01.online/epgshare01/epg_ripper_SA1.xml.gz
epgshare,SA1,Dubai.Racing.1.HD.sa,Dubai Racing 1 HD,0,0,0.0,,,False,1,https://epgshare01.online/epgshare01/epg_ripper_SA1.xml.gz
epgshare,SA1,Dubai.Racing.3.sa,Dubai Racing 3,0,0,0.0,,,False,1,https://epgshare01.online/epgshare01/epg_ripper_SA1.xml.gz
epgshare,SA1,E!.Entertainment.sa,E! Entertainment,0,0,0.0,,,False,1,https://epgshare01.online/epgshare01/epg_ripper_SA1.xml.gz
epgshare,SA1,Fatafeat.sa,Fatafeat,0,0,0.0,,,False,1,https://epgshare01.online/epgshare01/epg_ripper_SA1.xml.gz
epgshare,SA1,France.24.English.sa,France 24 English,0,0,0.0,,,False,1,https://epgshare01.online/epgshare01/epg_ripper_SA1.xml.gz
epgshare,SA1,France.24.sa,France 24,0,0,0.0,,,False,1,https://epgshare01.online/epgshare01/epg_ripper_SA1.xml.gz
epgshare,SA1,GMA.Life.TV.sa,GMA Life TV,0,0,0.0,,,False,1,https://epgshare01.online/epgshare01/epg_ripper_SA1.xml.gz
epgshare,SA1,GMA.News.TV.sa,GMA News TV,0,0,0.0,,,False,1,https://epgshare01.online/epgshare01/epg_ripper_SA1.xml.gz
epgshare,SA1,GMA.Pinoy.TV.sa,GMA Pinoy TV,0,0,0.0,,,False,1,https://epgshare01.online/epgshare01/epg_ripper_SA1.xml.gz
epgshare,SA1,H2.HD.sa,H2 HD,0,0,0.0,,,False,1,https://epgshare01.online/epgshare01/epg_ripper_SA1.xml.gz
epgshare,SA1,History.HD.sa,History HD,0,0,0.0,,,False,1,https://epgshare01.online/epgshare01/epg_ripper_SA1.xml.gz
epgshare,SA1,KTV.Arabe.HD.sa,KTV Arabe HD,0,0,0.0,,,False,1,https://epgshare01.online/epgshare01/epg_ripper_SA1.xml.gz
epgshare,SA1,KTV.Ethraa.HD.sa,KTV Ethraa HD,0,0,0.0,,,False,1,https://epgshare01.online/epgshare01/epg_ripper_SA1.xml.gz
epgshare,SA1,KTV.Majlis.HD.sa,KTV Majlis HD,0,0,0.0,,,False,1,https://epgshare01.online/epgshare01/epg_ripper_SA1.xml.gz
epgshare,SA1,KTV.Sport.HD.sa,KTV Sport HD,0,0,0.0,,,False,1,https://epgshare01.online/epgshare01/epg_ripper_SA1.xml.gz
epgshare,SA1,KTV.Sport.Plus.HD.sa,KTV Sport Plus HD,0,0,0.0,,,False,1,https://epgshare01.online/epgshare01/epg_ripper_SA1.xml.gz
epgshare,SA1,KTV1.HD.sa,KTV1 HD,0,0,0.0,,,False,1,https://epgshare01.online/epgshare01/epg_ripper_SA1.xml.gz
epgshare,SA1,KTV2.HD.sa,KTV2 HD,0,0,0.0,,,False,1,https://epgshare01.online/epgshare01/epg_ripper_SA1.xml.gz
epgshare,SA1,Kapatid.TV5.sa,Kapatid TV5,0,0,0.0,,,False,1,https://epgshare01.online/epgshare01/epg_ripper_SA1.xml.gz
epgshare,SA1,MTV.00s.sa,MTV 00s,0,0,0.0,,,False,1,https://epgshare01.online/epgshare01/epg_ripper_SA1.xml.gz
epgshare,SA1,MTV.Live.HD.sa,MTV Live HD,0,0,0.0,,,False,1,https://epgshare01.online/epgshare01/epg_ripper_SA1.xml.gz
epgshare,SA1,Madani.TV.sa,Madani TV,0,0,0.0,,,False,1,https://epgshare01.online/epgshare01/epg_ripper_SA1.xml.gz
epgshare,SA1,Marina.TV.sa,Marina TV,0,0,0.0,,,False,1,https://epgshare01.online/epgshare01/epg_ripper_SA1.xml.gz
epgshare,SA1,Moonbug.Kids.sa,Moonbug Kids,0,0,0.0,,,False,1,https://epgshare01.online/epgshare01/epg_ripper_SA1.xml.gz
epgshare,SA1,Music.Now.sa,Music Now,0,0,0.0,,,False,1,https://epgshare01.online/epgshare01/epg_ripper_SA1.xml.gz
epgshare,SA1,Myx.sa,Myx,0,0,0.0,,,False,1,https://epgshare01.online/epgshare01/epg_ripper_SA1.xml.gz
epgshare,SA1,NHK.World.TV.sa,NHK World TV,0,0,0.0,,,False,1,https://epgshare01.online/epgshare01/epg_ripper_SA1.xml.gz
epgshare,SA1,Nick.Jr..sa,Nick Jr.,0,0,0.0,,,False,1,https://epgshare01.online/epgshare01/epg_ripper_SA1.xml.gz
epgshare,SA1,NickToons.HD.sa,NickToons HD,0,0,0.0,,,False,1,https://epgshare01.online/epgshare01/epg_ripper_SA1.xml.gz
epgshare,SA1,Nickelodeon.HD.sa,Nickelodeon HD,0,0,0.0,,,False,1,https://epgshare01.online/epgshare01/epg_ripper_SA1.xml.gz
epgshare,SA1,OSN.TV.Comedy.sa,OSN TV Comedy,0,0,0.0,,,False,1,https://epgshare01.online/epgshare01/epg_ripper_SA1.xml.gz
epgshare,SA1,OSN.TV.Crime.sa,OSN TV Crime,0,0,0.0,,,False,1,https://epgshare01.online/epgshare01/epg_ripper_SA1.xml.gz
epgshare,SA1,OSN.TV.Kids.sa,OSN TV Kids,0,0,0.0,,,False,1,https://epgshare01.online/epgshare01/epg_ripper_SA1.xml.gz
epgshare,SA1,OSN.TV.Kidzone.sa,OSN TV Kidzone,0,0,0.0,,,False,1,https://epgshare01.online/epgshare01/epg_ripper_SA1.xml.gz
epgshare,SA1,OSN.TV.Mezze.sa,OSN TV Mezze,0,0,0.0,,,False,1,https://epgshare01.online/epgshare01/epg_ripper_SA1.xml.gz
epgshare,SA1,OSN.TV.Movies.Action.sa,OSN TV Movies Action,0,0,0.0,,,False,1,https://epgshare01.online/epgshare01/epg_ripper_SA1.xml.gz
epgshare,SA1,OSN.TV.Movies.Comedy.sa,OSN TV Movies Comedy,0,0,0.0,,,False,1,https://epgshare01.online/epgshare01/epg_ripper_SA1.xml.gz
epgshare,SA1,OSN.TV.Movies.Family.sa,OSN TV Movies Family,0,0,0.0,,,False,1,https://epgshare01.online/epgshare01/epg_ripper_SA1.xml.gz
epgshare,SA1,OSN.TV.Movies.Hollywood.sa,OSN TV Movies Hollywood,0,0,0.0,,,False,1,https://epgshare01.online/epgshare01/epg_ripper_SA1.xml.gz
epgshare,SA1,OSN.TV.Movies.Premiere.sa,OSN TV Movies Premiere,0,0,0.0,,,False,1,https://epgshare01.online/epgshare01/epg_ripper_SA1.xml.gz
epgshare,SA1,OSN.TV.News.sa,OSN TV News,0,0,0.0,,,False,1,https://epgshare01.online/epgshare01/epg_ripper_SA1.xml.gz
epgshare,SA1,OSN.TV.Now.sa,OSN TV Now,0,0,0.0,,,False,1,https://epgshare01.online/epgshare01/epg_ripper_SA1.xml.gz
epgshare,SA1,OSN.TV.One.sa,OSN TV One,0,0,0.0,,,False,1,https://epgshare01.online/epgshare01/epg_ripper_SA1.xml.gz
epgshare,SA1,OSN.TV.Showcase.Classics.sa,OSN TV Showcase Classics,0,0,0.0,,,False,1,https://epgshare01.online/epgshare01/epg_ripper_SA1.xml.gz
epgshare,SA1,OSN.TV.Showcase.sa,OSN TV Showcase,0,0,0.0,,,False,1,https://epgshare01.online/epgshare01/epg_ripper_SA1.xml.gz
epgshare,SA1,OSN.TV.Yahala.Aflam.sa,OSN TV Yahala Aflam,0,0,0.0,,,False,1,https://epgshare01.online/epgshare01/epg_ripper_SA1.xml.gz
epgshare,SA1,OSN.TV.Yahala.Bil.Arabi.sa,OSN TV Yahala Bil Arabi,0,0,0.0,,,False,1,https://epgshare01.online/epgshare01/epg_ripper_SA1.xml.gz
epgshare,SA1,OSN.TV.Yahala.sa,OSN TV Yahala,0,0,0.0,,,False,1,https://epgshare01.online/epgshare01/epg_ripper_SA1.xml.gz
epgshare,SA1,OSNtv.Movies.Horror.sa,OSNtv Movies Horror,0,0,0.0,,,False,1,https://epgshare01.online/epgshare01/epg_ripper_SA1.xml.gz
epgshare,SA1,OSNtv.Popup.Bourne.Every.Minute.sa,OSNtv Popup Bourne Every Minute,0,0,0.0,,,False,1,https://epgshare01.online/epgshare01/epg_ripper_SA1.xml.gz
epgshare,SA1,PBA.Rush.sa,PBA Rush,0,0,0.0,,,False,1,https://epgshare01.online/epgshare01/epg_ripper_SA1.xml.gz
epgshare,SA1,Rusiya.Al.Yawm.sa,Rusiya Al Yawm,0,0,0.0,,,False,1,https://epgshare01.online/epgshare01/epg_ripper_SA1.xml.gz
epgshare,SA1,Sharjah.Sport.HD.sa,Sharjah Sport HD,0,0,0.0,,,False,1,https://epgshare01.online/epgshare01/epg_ripper_SA1.xml.gz
epgshare,SA1,Sharjah.TV.sa,Sharjah TV,0,0,0.0,,,False,1,https://epgshare01.online/epgshare01/epg_ripper_SA1.xml.gz
epgshare,SA1,Sharqiya.from.Kalba.sa,Sharqiya from Kalba,0,0,0.0,,,False,1,https://epgshare01.online/epgshare01/epg_ripper_SA1.xml.gz
epgshare,SA1,Sky.News.Arabia.HD.sa,Sky News Arabia HD,0,0,0.0,,,False,1,https://epgshare01.online/epgshare01/epg_ripper_SA1.xml.gz
epgshare,SA1,Sky.News.Arabia.sa,Sky News Arabia,0,0,0.0,,,False,1,https://epgshare01.online/epgshare01/epg_ripper_SA1.xml.gz
epgshare,SA1,Sky.News.HD.sa,Sky News HD,0,0,0.0,,,False,1,https://epgshare01.online/epgshare01/epg_ripper_SA1.xml.gz
epgshare,SA1,TFC.sa,TFC,0,0,0.0,,,False,1,https://epgshare01.online/epgshare01/epg_ripper_SA1.xml.gz
epgshare,SA1,TLC.HD.sa,TLC HD,0,0,0.0,,,False,1,https://epgshare01.online/epgshare01/epg_ripper_SA1.xml.gz
epgshare,SA2,EN:.Hikayat.Ba'ed.Alfasl.sa,EN: Hikayat Ba'ed Alfasl,3,69.3,0.0,TV guide is not available,,True,23,https://epgshare01.online/epgshare01/epg_ripper_SA2.xml.gz
epgshare,SA2,EN:.Al.Hisn.Channel.sa,EN: Al Hisn Channel,3,69.3,0.0,TV guide is not available,,True,23,https://epgshare01.online/epgshare01/epg_ripper_SA2.xml.gz
epgshare,SA2,EN:.El-Podcasters.Channel.sa,EN: El-Podcasters Channel,3,69.3,0.0,TV guide is not available,,True,23,https://epgshare01.online/epgshare01/epg_ripper_SA2.xml.gz
epgshare,SA2,EN:.Fairuz.sa,EN: Fairuz,1095,69.3,0.0,Sa'altak Habibi,,False,1,https://epgshare01.online/epgshare01/epg_ripper_SA2.xml.gz
epgshare,SA2,EN:.Rabeh.Saqer.sa,EN: Rabeh Saqer,696,69.3,0.0,Shai Wahed,,False,1,https://epgshare01.online/epgshare01/epg_ripper_SA2.xml.gz
epgshare,SA2,EN:.MBC.Masr.Drama.sa,EN: MBC Masr Drama,7,69.3,57.1,El Le'ba: Level El Wahsh,"Basioni finds himself in a pickle. Waseem meets the mayor of Faiyum. Later, the teams realise that the duck isn’t as the challenge describes.",False,1,https://epgshare01.online/epgshare01/epg_ripper_SA2.xml.gz
epgshare,SA2,EN:.Sikkat.Safar.Channel.sa,EN: Sikkat Safar Channel,3,69.3,0.0,TV guide is not available,,True,23,https://epgshare01.online/epgshare01/epg_ripper_SA2.xml.gz
epgshare,SA2,EN:.Big.Time.Plus.sa,EN: Big Time Plus,3,69.3,0.0,TV guide is not available,,True,23,https://epgshare01.online/epgshare01/epg_ripper_SA2.xml.gz
epgshare,SA2,EN:.Red.Bull.TV.sa,EN: Red Bull TV,3,69.3,0.0,TV guide is not available,,True,23,https://epgshare01.online/epgshare01/epg_ripper_SA2.xml.gz
epgshare,SA2,EN:.Majid.Almohandis.sa,EN: Majid Almohandis,3,69.3,0.0,TV guide is not available,,True,23,https://epgshare01.online/epgshare01/epg_ripper_SA2.xml.gz
epgshare,SA2,EN:.Tarab.sa,EN: Tarab,3,69.3,0.0,TV guide is not available,,True,23,https://epgshare01.online/epgshare01/epg_ripper_SA2.xml.gz
epgshare,SA2,EN:.El.Le'ba.Channel.sa,EN: El Le'ba Channel,59,69.3,96.6,El Le'ba: Dawri El Abtal,Both teams try to survive in an unconventional manner in order to win the new challenge.,False,1,https://epgshare01.online/epgshare01/epg_ripper_SA2.xml.gz
epgshare,SA2,EN:.Aflam.sa,EN: Aflam,23,69.3,91.3,45 Youm,"After being accused of murdering his parents, a young man is sent to a psychiatric hospital. Yet only weeks before his trial, he takes a vow of silence.",False,1,https://epgshare01.online/epgshare01/epg_ripper_SA2.xml.gz
epgshare,SA2,EN:.Maraya.Channel.sa,EN: Maraya Channel,87,69.3,100.0,Hakaya Al Maraya Episode 11,Syrian satirical comedy star Yasser Al Azmeh and Syria’s top actors depict social problems the Arab world can relate to.,False,1,https://epgshare01.online/epgshare01/epg_ripper_SA2.xml.gz
epgshare,SA2,EN:.Mohammed.Abdu.sa,EN: Mohammed Abdu,3,69.3,0.0,TV guide is not available,,True,23,https://epgshare01.online/epgshare01/epg_ripper_SA2.xml.gz
epgshare,SA2,EN:.Movies.Action.sa,EN: Movies Action,21,69.3,90.5,211,A policeman and a young civilian passenger find themselves under-prepared and outgunned when fate puts them in the crosshairs of a daring bank heist.,False,1,https://epgshare01.online/epgshare01/epg_ripper_SA2.xml.gz
epgshare,SA2,EN:.Abdul.Majeed.Abdullah.sa,EN: Abdul Majeed Abdullah,3,69.3,0.0,TV guide is not available,,True,23,https://epgshare01.online/epgshare01/epg_ripper_SA2.xml.gz
epgshare,SA2,EN:.Masrah.Masr.Channel.sa,EN: Masrah Masr Channel,46,69.3,97.8,Masrah Masr,Jawaz Salonat.,False,1,https://epgshare01.online/epgshare01/epg_ripper_SA2.xml.gz
epgshare,SA2,EN:.Al.Asouf.Channel.sa,EN: Al Asouf Channel,93,69.3,100.0,Al Asouf,"As the tide of history shifts with the invasion of Kuwait and the Gulf War, the Al Tayans find themselves having to overcome bigger hurdles.",False,1,https://epgshare01.online/epgshare01/epg_ripper_SA2.xml.gz
epgshare,SA2,EN:.Bab.Al.Hara.Channel.sa,EN: Bab Al Hara Channel,90,69.3,71.1,Bab Al Hara,,False,1,https://epgshare01.online/epgshare01/epg_ripper_SA2.xml.gz
epgshare,SA2,EN:.BIG.TIME.sa,EN: BIG TIME,3,69.3,0.0,TV guide is not available,,True,23,https://epgshare01.online/epgshare01/epg_ripper_SA2.xml.gz
epgshare,SA2,EN:.SSC.Extra.HD.sa,EN: SSC Extra HD,3,69.3,0.0,TV guide is not available,,True,23,https://epgshare01.online/epgshare01/epg_ripper_SA2.xml.gz
epgshare,SA2,EN:.SSC5.HD.sa,EN: SSC5 HD,3,69.3,0.0,TV guide is not available,,True,23,https://epgshare01.online/epgshare01/epg_ripper_SA2.xml.gz
epgshare,SA2,EN:.SSC4.HD.sa,EN: SSC4 HD,3,69.3,0.0,TV guide is not available,,True,23,https://epgshare01.online/epgshare01/epg_ripper_SA2.xml.gz
epgshare,SA2,EN:.SSC3.HD.sa,EN: SSC3 HD,3,69.3,0.0,TV guide is not available,,True,23,https://epgshare01.online/epgshare01/epg_ripper_SA2.xml.gz
epgshare,SA2,EN:.SSC2.HD.sa,EN: SSC2 HD,3,69.3,0.0,TV guide is not available,,True,23,https://epgshare01.online/epgshare01/epg_ripper_SA2.xml.gz
epgshare,SA2,EN:.SSC1.HD.sa,EN: SSC1 HD,3,69.3,0.0,TV guide is not available,,True,23,https://epgshare01.online/epgshare01/epg_ripper_SA2.xml.gz
epgshare,SA2,EN:.Asharq.sa,EN: Asharq,152,69.3,55.3,The David Rubenstein Show S2 - Episode 65,"Bill Browder, founder and CEO of Hermitage Capital Management explains how he became one of Vladimir Putin's most wanted critics - and why his fight put his life at risk. He discusses his rise as the largest foreign investor in Russia during the 1990s privatization boom and how exposing corruption among oligarchs and state officials led to his expulsion from Russia. Browder also reflects on his role in creating the Magnitsky Act and its global expansion.\n.",False,1,https://epgshare01.online/epgshare01/epg_ripper_SA2.xml.gz
epgshare,SA2,EN:.Wanasa.sa,EN: Wanasa,3,69.3,0.0,TV guide is not available,,True,23,https://epgshare01.online/epgshare01/epg_ripper_SA2.xml.gz
epgshare,SA2,EN:.MBC3.sa,EN: MBC3,255,69.3,100.0,Sonic Boom,"Sonic and his friends race across a vibrant world, battling bizarre inventions, silly villains, and their own quirks as they protect their home from Dr. Eggman’s evil schemes with speed, humour, and unstoppable teamwork!",False,1,https://epgshare01.online/epgshare01/epg_ripper_SA2.xml.gz
epgshare,SA2,EN:.MBC.MAX.sa,EN: MBC MAX,68,69.3,75.0,Dunkirk,"Nolan turns the evacuation of Dunkirk into a relentless war thriller using a unique temporal structure. Minimal dialogue, maximum impact, and a phenomenal display of pure cinema that only Zimmer could amplify.",False,1,https://epgshare01.online/epgshare01/epg_ripper_SA2.xml.gz
epgshare,SA2,EN:.MBC.Action.sa,EN: MBC Action,119,69.3,79.8,Kingdom,"As China rebuilds itself after war, Qin's internal strife deepens. Amidst political conspiracies and an advancing  Zhao army, King Zheng’s half-brother becomes the leader, marking a defining chapter in the Kingdom's struggle for unity.\r.",False,1,https://epgshare01.online/epgshare01/epg_ripper_SA2.xml.gz
epgshare,SA2,EN:.WIZZO.Esports.World.Cup.sa,EN: WIZZO Esports World Cup,3,69.3,0.0,TV guide is not available,,True,23,https://epgshare01.online/epgshare01/epg_ripper_SA2.xml.gz
epgshare,SA2,EN:.SSC.News.sa,EN: SSC News,3,69.3,0.0,TV guide is not available,,True,23,https://epgshare01.online/epgshare01/epg_ripper_SA2.xml.gz
epgshare,SA2,EN:.SSC.Extra.3.HD.sa,EN: SSC Extra 3 HD,3,69.3,0.0,TV guide is not available,,True,23,https://epgshare01.online/epgshare01/epg_ripper_SA2.xml.gz
epgshare,SA2,EN:.SSC.Extra.2.HD.sa,EN: SSC Extra 2 HD,3,69.3,0.0,TV guide is not available,,True,23,https://epgshare01.online/epgshare01/epg_ripper_SA2.xml.gz
epgshare,SA2,EN:.SSC.Extra.1.HD.sa,EN: SSC Extra 1 HD,3,69.3,0.0,TV guide is not available,,True,23,https://epgshare01.online/epgshare01/epg_ripper_SA2.xml.gz
epgshare,SA2,EN:.MBC1.sa,EN: MBC1,95,69.3,89.5,Big Time Podcast,Mona Zaki.,False,1,https://epgshare01.online/epgshare01/epg_ripper_SA2.xml.gz
epgshare,SA2,EN:.MBC.Masr.2.sa,EN: MBC Masr 2,115,69.3,55.7,Sabahak Masry,"A morning show presented by Hesham Assy focusing on Egypt’s social, economic, sports, celebrity and current events.",False,1,https://epgshare01.online/epgshare01/epg_ripper_SA2.xml.gz
epgshare,SA2,EN:.MBC1.Iraq.sa,EN: MBC Iraq,122,69.3,69.7,Al Nowaylati,"Al Ghawwas joins forces with Al Dabe' to bring Awwad down. Elsewhere, the authorities launch an investigation into Ibrahim Basha's death.",False,1,https://epgshare01.online/epgshare01/epg_ripper_SA2.xml.gz
epgshare,SA2,EN:.MBC1.Masr.sa,EN: MBC1 Masr,103,69.3,58.3,Parineetii,"As Parineet seeks Parminder’s forgiveness, Neeti hatches a clever scheme to win Rajeev’s attention and get closer to him.",False,1,https://epgshare01.online/epgshare01/epg_ripper_SA2.xml.gz
epgshare,BEIN1,4K-HDR-200x200-1_AR.bein,4K-HDR-200x200-1_AR,0,0,0.0,,,False,1,https://epgshare01.online/epgshare01/epg_ripper_BEIN1.xml.gz
epgshare,BEIN1,4K-HDR-200x200-1_EN.bein,4K-HDR-200x200-1_EN,0,0,0.0,,,False,1,https://epgshare01.online/epgshare01/epg_ripper_BEIN1.xml.gz
epgshare,BEIN1,4k_DIGITAL_Mono_AR.bein,4k_DIGITAL_Mono_AR,38,69.3,0.0,Brighton & Hove Albion v Arsenal,,False,1,https://epgshare01.online/epgshare01/epg_ripper_BEIN1.xml.gz
epgshare,BEIN1,4k_DIGITAL_Mono_EN.bein,4k_DIGITAL_Mono_EN,16,70.4,0.0,Main Race,,False,1,https://epgshare01.online/epgshare01/epg_ripper_BEIN1.xml.gz
epgshare,BEIN1,Alkass_1_AR.bein,Alkass_1_AR,0,0,0.0,,,False,1,https://epgshare01.online/epgshare01/epg_ripper_BEIN1.xml.gz
epgshare,BEIN1,Alkass_1_EN.bein,Alkass_1_EN,0,0,0.0,,,False,1,https://epgshare01.online/epgshare01/epg_ripper_BEIN1.xml.gz
epgshare,BEIN1,Alkass_2_AR.bein,Alkass_2_AR,0,0,0.0,,,False,1,https://epgshare01.online/epgshare01/epg_ripper_BEIN1.xml.gz
epgshare,BEIN1,Alkass_2_EN.bein,Alkass_2_EN,0,0,0.0,,,False,1,https://epgshare01.online/epgshare01/epg_ripper_BEIN1.xml.gz
epgshare,BEIN1,Alkass_3_AR.bein,Alkass_3_AR,0,0,0.0,,,False,1,https://epgshare01.online/epgshare01/epg_ripper_BEIN1.xml.gz
epgshare,BEIN1,Alkass_3_EN.bein,Alkass_3_EN,0,0,0.0,,,False,1,https://epgshare01.online/epgshare01/epg_ripper_BEIN1.xml.gz
epgshare,BEIN1,Alkass_4_AR.bein,Alkass_4_AR,0,0,0.0,,,False,1,https://epgshare01.online/epgshare01/epg_ripper_BEIN1.xml.gz
epgshare,BEIN1,Alkass_4_EN.bein,Alkass_4_EN,0,0,0.0,,,False,1,https://epgshare01.online/epgshare01/epg_ripper_BEIN1.xml.gz
epgshare,BEIN1,Alkass_5_AR.bein,Alkass_5_AR,0,0,0.0,,,False,1,https://epgshare01.online/epgshare01/epg_ripper_BEIN1.xml.gz
epgshare,BEIN1,Alkass_5_EN.bein,Alkass_5_EN,0,0,0.0,,,False,1,https://epgshare01.online/epgshare01/epg_ripper_BEIN1.xml.gz
epgshare,BEIN1,Alkass_6_AR.bein,Alkass_6_AR,0,0,0.0,,,False,1,https://epgshare01.online/epgshare01/epg_ripper_BEIN1.xml.gz
epgshare,BEIN1,Alkass_6_EN.bein,Alkass_6_EN,0,0,0.0,,,False,1,https://epgshare01.online/epgshare01/epg_ripper_BEIN1.xml.gz
epgshare,BEIN1,Alkass_7_AR.bein,Alkass_7_AR,0,0,0.0,,,False,1,https://epgshare01.online/epgshare01/epg_ripper_BEIN1.xml.gz
epgshare,BEIN1,Alkass_7_EN.bein,Alkass_7_EN,0,0,0.0,,,False,1,https://epgshare01.online/epgshare01/epg_ripper_BEIN1.xml.gz
epgshare,BEIN1,Alkass_8_AR.bein,Alkass_8_AR,0,0,0.0,,,False,1,https://epgshare01.online/epgshare01/epg_ripper_BEIN1.xml.gz
epgshare,BEIN1,Alkass_8_EN.bein,Alkass_8_EN,0,0,0.0,,,False,1,https://epgshare01.online/epgshare01/epg_ripper_BEIN1.xml.gz
epgshare,BEIN1,NEWS_DIGITAL_Mono_AR.bein,NEWS_DIGITAL_Mono_AR,62,45.3,0.0,Al Hassila,,False,1,https://epgshare01.online/epgshare01/epg_ripper_BEIN1.xml.gz
epgshare,BEIN1,NEWS_DIGITAL_Mono_EN.bein,NEWS_DIGITAL_Mono_EN,62,45.3,0.0,Al Hassila,,False,1,https://epgshare01.online/epgshare01/epg_ripper_BEIN1.xml.gz
epgshare,BEIN1,NEW_beIN-SPORTS-MAX-05_AR.bein,NEW_beIN-SPORTS-MAX-05_AR,11,21.3,0.0,beIN Sports MAX,,True,12,https://epgshare01.online/epgshare01/epg_ripper_BEIN1.xml.gz
epgshare,BEIN1,NEW_beIN-SPORTS-MAX-06_AR.bein,NEW_beIN-SPORTS-MAX-06_AR,11,21.3,0.0,beIN Sports MAX,,True,12,https://epgshare01.online/epgshare01/epg_ripper_BEIN1.xml.gz
epgshare,BEIN1,beIN_SPORTS1_DIGITAL_Mono_AR.bein,beIN_SPORTS1_DIGITAL_Mono_AR,61,69.8,0.0,UEFA Nations League 2026/27,,False,1,https://epgshare01.online/epgshare01/epg_ripper_BEIN1.xml.gz
epgshare,BEIN1,beIN_SPORTS1_DIGITAL_Mono_EN.bein,beIN_SPORTS1_DIGITAL_Mono_EN,18,69.8,0.0,England vs Spain,,False,1,https://epgshare01.online/epgshare01/epg_ripper_BEIN1.xml.gz
epgshare,BEIN1,beIN_SPORTS1_ENGLISH_Digital_Mono_AR.bein,beIN_SPORTS1_ENGLISH_Digital_Mono_AR,22,45.8,0.0,Diving,,False,1,https://epgshare01.online/epgshare01/epg_ripper_BEIN1.xml.gz
epgshare,BEIN1,beIN_SPORTS1_ENGLISH_Digital_Mono_EN.bein,beIN_SPORTS1_ENGLISH_Digital_Mono_EN,27,69.8,0.0,TB vs PHI,,False,1,https://epgshare01.online/epgshare01/epg_ripper_BEIN1.xml.gz
epgshare,BEIN1,beIN_SPORTS1_FRENCH_Digital_Mono_AR.bein,beIN_SPORTS1_FRENCH_Digital_Mono_AR,0,0,0.0,,,False,1,https://epgshare01.online/epgshare01/epg_ripper_BEIN1.xml.gz
epgshare,BEIN1,beIN_SPORTS1_FRENCH_Digital_Mono_EN.bein,beIN_SPORTS1_FRENCH_Digital_Mono_EN,14,21.3,0.0,Algérie vs Zambie,,False,1,https://epgshare01.online/epgshare01/epg_ripper_BEIN1.xml.gz
epgshare,BEIN1,beIN_SPORTS2_DIGITAL_Mono_AR.bein,beIN_SPORTS2_DIGITAL_Mono_AR,36,69.8,0.0,Basketball Women's,,False,1,https://epgshare01.online/epgshare01/epg_ripper_BEIN1.xml.gz
epgshare,BEIN1,beIN_SPORTS2_DIGITAL_Mono_EN.bein,beIN_SPORTS2_DIGITAL_Mono_EN,27,69.8,0.0,Basketball Women's,,False,1,https://epgshare01.online/epgshare01/epg_ripper_BEIN1.xml.gz
epgshare,BEIN1,beIN_SPORTS2_ENGLISH_Digital_Mono_AR.bein,beIN_SPORTS2_ENGLISH_Digital_Mono_AR,18,45.3,0.0,Weightlifting,,False,1,https://epgshare01.online/epgshare01/epg_ripper_BEIN1.xml.gz
epgshare,BEIN1,beIN_SPORTS2_ENGLISH_Digital_Mono_EN.bein,beIN_SPORTS2_ENGLISH_Digital_Mono_EN,18,45.3,0.0,Weightlifting,,False,1,https://epgshare01.online/epgshare01/epg_ripper_BEIN1.xml.gz
epgshare,BEIN1,beIN_SPORTS2_FRENCH_Digital_Mono_AR.bein,beIN_SPORTS2_FRENCH_Digital_Mono_AR,0,0,0.0,,,False,1,https://epgshare01.online/epgshare01/epg_ripper_BEIN1.xml.gz
epgshare,BEIN1,beIN_SPORTS2_FRENCH_Digital_Mono_EN.bein,beIN_SPORTS2_FRENCH_Digital_Mono_EN,16,21.3,0.0,Trabzonspor vs Galatasaray,,False,1,https://epgshare01.online/epgshare01/epg_ripper_BEIN1.xml.gz
epgshare,BEIN1,beIN_SPORTS3_DIGITAL_Mono_AR.bein,beIN_SPORTS3_DIGITAL_Mono_AR,28,46.6,0.0,Equestrian,,False,1,https://epgshare01.online/epgshare01/epg_ripper_BEIN1.xml.gz
epgshare,BEIN1,beIN_SPORTS3_DIGITAL_Mono_EN.bein,beIN_SPORTS3_DIGITAL_Mono_EN,29,70.6,0.0,Equestrian,,False,1,https://epgshare01.online/epgshare01/epg_ripper_BEIN1.xml.gz
epgshare,BEIN1,beIN_SPORTS4_DIGITAL_Mono_AR.bein,beIN_SPORTS4_DIGITAL_Mono_AR,23,47.1,0.0,Gibraltar vs Andorra,,False,1,https://epgshare01.online/epgshare01/epg_ripper_BEIN1.xml.gz
epgshare,BEIN1,beIN_SPORTS4_DIGITAL_Mono_EN.bein,beIN_SPORTS4_DIGITAL_Mono_EN,24,70.8,0.0,Athletics,,False,1,https://epgshare01.online/epgshare01/epg_ripper_BEIN1.xml.gz
epgshare,BEIN1,beIN_SPORTS5_DIGITAL_Mono_AR.bein,beIN_SPORTS5_DIGITAL_Mono_AR,32,69.3,0.0,Albania vs Belarus,,False,1,https://epgshare01.online/epgshare01/epg_ripper_BEIN1.xml.gz
epgshare,BEIN1,beIN_SPORTS5_DIGITAL_Mono_EN.bein,beIN_SPORTS5_DIGITAL_Mono_EN,32,69.3,0.0,Albania vs Belarus,,False,1,https://epgshare01.online/epgshare01/epg_ripper_BEIN1.xml.gz
epgshare,BEIN1,beIN_SPORTS66_DIGITAL_Mono-01_EN.bein,beIN_SPORTS66_DIGITAL_Mono-01_EN,19,72.3,0.0,Fencing,,False,1,https://epgshare01.online/epgshare01/epg_ripper_BEIN1.xml.gz
epgshare,BEIN1,beIN_SPORTS6_DIGITAL_Mono-d-1_AR.bein,beIN_SPORTS6_DIGITAL_Mono-d-1_AR,26,69.3,0.0,Fencing,,False,1,https://epgshare01.online/epgshare01/epg_ripper_BEIN1.xml.gz
epgshare,BEIN1,beIN_SPORTS7_DIGITAL_Mono_AR.bein,beIN_SPORTS7_DIGITAL_Mono_AR,34,69.3,0.0,Flavio Cobolli (EUR) vs Learner Tien (WLD),,False,1,https://epgshare01.online/epgshare01/epg_ripper_BEIN1.xml.gz
epgshare,BEIN1,beIN_SPORTS7_DIGITAL_Mono_EN.bein,beIN_SPORTS7_DIGITAL_Mono_EN,14,72.6,0.0,Casper Ruud (EUR) Alexander Zverev (EUR) vs Alexander Bublik (WLD) Brandon Nakashima (WLD),,False,1,https://epgshare01.online/epgshare01/epg_ripper_BEIN1.xml.gz
epgshare,BEIN1,beIN_SPORTS_MAX1_DIGITAL_Mono_AR.bein,beIN_SPORTS_MAX1_DIGITAL_Mono_AR,11,21.3,0.0,beIN Sports MAX,,True,12,https://epgshare01.online/epgshare01/epg_ripper_BEIN1.xml.gz
epgshare,BEIN1,beIN_SPORTS_MAX1_DIGITAL_Mono_EN.bein,beIN_SPORTS_MAX1_DIGITAL_Mono_EN,11,21.3,0.0,beIN Sports MAX,,True,12,https://epgshare01.online/epgshare01/epg_ripper_BEIN1.xml.gz
epgshare,BEIN1,beIN_SPORTS_MAX2_DIGITAL_Mono_AR.bein,beIN_SPORTS_MAX2_DIGITAL_Mono_AR,11,21.3,0.0,beIN Sports MAX,,True,12,https://epgshare01.online/epgshare01/epg_ripper_BEIN1.xml.gz
epgshare,BEIN1,beIN_SPORTS_MAX2_DIGITAL_Mono_EN.bein,beIN_SPORTS_MAX2_DIGITAL_Mono_EN,11,21.3,0.0,beIN Sports MAX,,True,12,https://epgshare01.online/epgshare01/epg_ripper_BEIN1.xml.gz
epgshare,BEIN1,beIN_SPORTS_MAX3_DIGITAL_Mono_AR.bein,beIN_SPORTS_MAX3_DIGITAL_Mono_AR,11,21.3,0.0,beIN Sports MAX,,True,12,https://epgshare01.online/epgshare01/epg_ripper_BEIN1.xml.gz
epgshare,BEIN1,beIN_SPORTS_MAX3_DIGITAL_Mono_EN.bein,beIN_SPORTS_MAX3_DIGITAL_Mono_EN,11,21.3,0.0,beIN Sports MAX,,True,12,https://epgshare01.online/epgshare01/epg_ripper_BEIN1.xml.gz
epgshare,BEIN1,beIN_SPORTS_MAX4_DIGITAL_Mono_AR.bein,beIN_SPORTS_MAX4_DIGITAL_Mono_AR,11,21.3,0.0,beIN Sports MAX,,True,12,https://epgshare01.online/epgshare01/epg_ripper_BEIN1.xml.gz
epgshare,BEIN1,beIN_SPORTS_MAX4_DIGITAL_Mono_EN.bein,beIN_SPORTS_MAX4_DIGITAL_Mono_EN,11,21.3,0.0,beIN Sports MAX,,True,12,https://epgshare01.online/epgshare01/epg_ripper_BEIN1.xml.gz
epgshare,BEIN1,beIN_SPORTS_MAX5_DIGITAL_Mono_EN.bein,beIN_SPORTS_MAX5_DIGITAL_Mono_EN,11,21.3,0.0,beIN Sports MAX,,True,12,https://epgshare01.online/epgshare01/epg_ripper_BEIN1.xml.gz
epgshare,BEIN1,beIN_SPORTS_MAX6_DIGITAL_Mono_EN.bein,beIN_SPORTS_MAX6_DIGITAL_Mono_EN,11,21.3,0.0,beIN Sports MAX,,True,12,https://epgshare01.online/epgshare01/epg_ripper_BEIN1.xml.gz
epgshare,BEIN1,beIN_SPORTS_XTRA1_Digital_Mono_AR.bein,beIN_SPORTS_XTRA1_Digital_Mono_AR,42,45.3,0.0,beIN SPORTS XTRA For Live And Exclusive Coverage of Premium Sporting Events,,False,1,https://epgshare01.online/epgshare01/epg_ripper_BEIN1.xml.gz
epgshare,BEIN1,beIN_SPORTS_XTRA1_Digital_Mono_EN.bein,beIN_SPORTS_XTRA1_Digital_Mono_EN,42,45.3,0.0,beIN SPORTS XTRA For Live And Exclusive Coverage of Premium Sporting Events,,False,1,https://epgshare01.online/epgshare01/epg_ripper_BEIN1.xml.gz
epgshare,BEIN1,beIN_SPORTS_XTRA2_Digital_Mono_AR.bein,beIN_SPORTS_XTRA2_Digital_Mono_AR,31,45.3,0.0,beIN SPORTS XTRA For Live And Exclusive Coverage of Premium Sporting Events,,False,1,https://epgshare01.online/epgshare01/epg_ripper_BEIN1.xml.gz
epgshare,BEIN1,beIN_SPORTS_XTRA2_Digital_Mono_EN.bein,beIN_SPORTS_XTRA2_Digital_Mono_EN,31,45.3,0.0,beIN SPORTS XTRA For Live And Exclusive Coverage of Premium Sporting Events,,False,1,https://epgshare01.online/epgshare01/epg_ripper_BEIN1.xml.gz
epgshare,BEIN1,beIN_SPORTS_XTRA_04_bein.com_AR.bein,beIN_SPORTS_XTRA_04_bein.com_AR,32,45.3,0.0,beIN SPORTS XTRA For Live And Exclusive Coverage of Premium Sporting Events,,False,1,https://epgshare01.online/epgshare01/epg_ripper_BEIN1.xml.gz
epgshare,BEIN1,beIN_SPORTS_XTRA_04_bein.com_EN.bein,beIN_SPORTS_XTRA_04_bein.com_EN,32,45.3,0.0,beIN SPORTS XTRA For Live And Exclusive Coverage of Premium Sporting Events,,False,1,https://epgshare01.online/epgshare01/epg_ripper_BEIN1.xml.gz
epgshare,BEIN1,beIN_SPORTS_XTRA_05_bein.com_AR.bein,beIN_SPORTS_XTRA_05_bein.com_AR,31,45.3,0.0,beIN SPORTS XTRA For Live And Exclusive Coverage of Premium Sporting Events,,False,1,https://epgshare01.online/epgshare01/epg_ripper_BEIN1.xml.gz
epgshare,BEIN1,beIN_SPORTS_XTRA_05_bein.com_EN.bein,beIN_SPORTS_XTRA_05_bein.com_EN,31,45.3,0.0,beIN SPORTS XTRA For Live And Exclusive Coverage of Premium Sporting Events,,False,1,https://epgshare01.online/epgshare01/epg_ripper_BEIN1.xml.gz
epgshare,BEIN1,beIN_SPORTS_XTRA_06_bein.com_AR.bein,beIN_SPORTS_XTRA_06_bein.com_AR,0,0,0.0,,,False,1,https://epgshare01.online/epgshare01/epg_ripper_BEIN1.xml.gz
epgshare,BEIN1,beIN_SPORTS_XTRA_06_bein.com_EN.bein,beIN_SPORTS_XTRA_06_bein.com_EN,0,0,0.0,,,False,1,https://epgshare01.online/epgshare01/epg_ripper_BEIN1.xml.gz
epgshare,BEIN1,beIN_SPORTS_XTRA_07_bein.com_AR.bein,beIN_SPORTS_XTRA_07_bein.com_AR,46,45.3,0.0,beIN SPORTS XTRA For Live And Exclusive Coverage of Premium Sporting Events,,False,1,https://epgshare01.online/epgshare01/epg_ripper_BEIN1.xml.gz
epgshare,BEIN1,beIN_SPORTS_XTRA_07_bein.com_EN.bein,beIN_SPORTS_XTRA_07_bein.com_EN,46,45.3,0.0,beIN SPORTS XTRA For Live And Exclusive Coverage of Premium Sporting Events,,False,1,https://epgshare01.online/epgshare01/epg_ripper_BEIN1.xml.gz
epgshare,BEIN1,beIN_SPORTS_XTRA_08_Bein.com_AR.bein,beIN_SPORTS_XTRA_08_Bein.com_AR,0,0,0.0,,,False,1,https://epgshare01.online/epgshare01/epg_ripper_BEIN1.xml.gz
epgshare,BEIN1,beIN_SPORTS_XTRA_08_Bein.com_EN.bein,beIN_SPORTS_XTRA_08_Bein.com_EN,0,0,0.0,,,False,1,https://epgshare01.online/epgshare01/epg_ripper_BEIN1.xml.gz
epgshare,BEIN1,beIN_SPORTS_XTRA_Digital_09_Bein.com_AR.bein,beIN_SPORTS_XTRA_Digital_09_Bein.com_AR,46,45.3,0.0,beIN SPORTS XTRA For Live And Exclusive Coverage of Premium Sporting Events,,False,1,https://epgshare01.online/epgshare01/epg_ripper_BEIN1.xml.gz
epgshare,BEIN1,beIN_SPORTS_XTRA_Digital_09_Bein.com_EN.bein,beIN_SPORTS_XTRA_Digital_09_Bein.com_EN,46,45.3,0.0,beIN SPORTS XTRA For Live And Exclusive Coverage of Premium Sporting Events,,False,1,https://epgshare01.online/epgshare01/epg_ripper_BEIN1.xml.gz
epgshare,BEIN1,bein_SPORTS_FTA_DIGITAL_Mono_AR.bein,bein_SPORTS_FTA_DIGITAL_Mono_AR,11,54.3,0.0,Asian Games Aichi,,False,1,https://epgshare01.online/epgshare01/epg_ripper_BEIN1.xml.gz
epgshare,BEIN1,bein_SPORTS_FTA_DIGITAL_Mono_EN.bein,bein_SPORTS_FTA_DIGITAL_Mono_EN,13,69.3,0.0,Asian Games Aichi,,False,1,https://epgshare01.online/epgshare01/epg_ripper_BEIN1.xml.gz
epgshare,BEIN1,logos-_beINSPORTS8_AR.bein,logos-_beINSPORTS8_AR,15,48.3,0.0,Baltimore Ravens @ Dallas Cowboys,,False,1,https://epgshare01.online/epgshare01/epg_ripper_BEIN1.xml.gz
epgshare,BEIN1,logos-_beINSPORTS8_EN.bein,logos-_beINSPORTS8_EN,12,72.3,0.0,Baltimore Ravens @ Dallas Cowboys,,False,1,https://epgshare01.online/epgshare01/epg_ripper_BEIN1.xml.gz
epgshare,BEIN1,logos-_beINSPORTS9_AR.bein,logos-_beINSPORTS9_AR,39,69.8,0.0,JPN vs PRK,,False,1,https://epgshare01.online/epgshare01/epg_ripper_BEIN1.xml.gz
epgshare,BEIN1,logos-_beINSPORTS9_EN.bein,logos-_beINSPORTS9_EN,15,70.3,0.0,Equestrian,,False,1,https://epgshare01.online/epgshare01/epg_ripper_BEIN1.xml.gz
epgshare,BEIN1,logos-_beINSPORTSXTRA3_AR.bein,logos-_beINSPORTSXTRA3_AR,29,45.3,0.0,beIN SPORTS XTRA For Live And Exclusive Coverage of Premium Sporting Events,,False,1,https://epgshare01.online/epgshare01/epg_ripper_BEIN1.xml.gz
epgshare,BEIN1,logos-_beINSPORTSXTRA3_EN.bein,logos-_beINSPORTSXTRA3_EN,29,45.3,0.0,beIN SPORTS XTRA For Live And Exclusive Coverage of Premium Sporting Events,,False,1,https://epgshare01.online/epgshare01/epg_ripper_BEIN1.xml.gz
epgshare,ALJAZEERA1,AlJazeera.Arabic.net,AlJazeera Arabic,0,0,0.0,,,False,1,https://epgshare01.online/epgshare01/epg_ripper_ALJAZEERA1.xml.gz
epgshare,ALJAZEERA1,AlJazeera.English.net,AlJazeera English,109,69.3,100.0,NEWSHOUR,Latest news and in-depth analysis from around the world.,False,1,https://epgshare01.online/epgshare01/epg_ripper_ALJAZEERA1.xml.gz
openepg,egypt1,آي فيلم.eg,آي فيلم.eg,23,24.3,100.0,Fragrant,ينتظر على، الموهوب في صناعة العطور، وصول مولوده، لكنه في نفس الوقت يجد فرصة العمر التي تجعله يواجه تحديات لإنجاز كل ما تبقى من أعماله خلال فترة قصيرة.,False,1,https://www.open-epg.com/files/egypt1.xml
openepg,egypt1,أبو ظبي.eg,أبو ظبي.eg,22,16.3,22.7,برنامج,,False,1,https://www.open-epg.com/files/egypt1.xml
openepg,egypt1,أو إس إن شو كايس.eg,أو إس إن شو كايس.eg,22,17.8,100.0,Game Theory with Bomani Jones,في إطار رياضي، يتناول (بوماني جونز)، أحد أكثر الصحفيين شهرة في عصرنا الحالي مجموعة من القضايا الراهنة التي يشهدها عالم الرياضة، مستعرضًا العديد من اللقطات والأحداث الجارية.,False,1,https://www.open-epg.com/files/egypt1.xml
openepg,egypt1,أو إس إن فاميلي موفيز.eg,أو إس إن فاميلي موفيز.eg,12,24.6,100.0,Fantastic Mr. Fox,مستر (فوكس) يهوى المغامرات يهوي مطاردة الدجاج والديوك الرومي وسرقتها. حينما يتم القبض عليه هو وزوجته في أثناء محاولته سرقة إحدى المزارع، يعد زوجته بأن يتوقف عن السرقة، ويبحث عن وظيفة أخرى. بعد عامين ينتقل هو وعائلته للإقامة بجوار شجرة بالقرب من منشأة يديرها المزارعون الأشرار (والتر وناثينال وفرانكلين). يحاول المزارعون التخلص من عائلة فوكس فيقرر التصدي لهم.,False,1,https://www.open-epg.com/files/egypt1.xml
openepg,egypt1,أو إس إن كرايم.eg,أو إس إن كرايم.eg,29,24.5,100.0,Olive Kitteridge,تدور أحداث القصة حول (أوليف)، التي تعيش في مدينة نيو أنجلاند بالولايات المتحدة، حيث تننشر الجريمة والأعمال الغير مشروعة فيها، وتسرد لحياتها مع زوجها (هنري) الذي يعمل صيدلي ويحبها حبًا كبيرًا وابنها (كريستوفر) الذي يمقت نمط والديه في الحياة والتربية كما يمقت نظام المجتمع المحيط به.,False,1,https://www.open-epg.com/files/egypt1.xml
openepg,egypt1,أو إس إن كوميدي.eg,أو إس إن كوميدي.eg,54,24.5,100.0,Friends S10,في الموسم العاشر، يحاول روس إخفاء حقيقة مشاعر الألم داخله حينما يكتشف علاقة راتشل وجوي العاطفية، بينما يقرر تشاندلر ومونيكا تبني طفل، ويتفق مايك وفيبي على الزواج.,False,1,https://www.open-epg.com/files/egypt1.xml
openepg,egypt1,أو إس إن كيدز.eg,أو إس إن كيدز.eg,0,0,0.0,,,False,1,https://www.open-epg.com/files/egypt1.xml
openepg,egypt1,أو إس إن موفيز أكشن.eg,أو إس إن موفيز أكشن.eg,13,25.8,100.0,Shazam!,(بيلي باتسون) شاب يجد نفسه مالكًا لقوة الساحر شازام القادرة على محاربة قوى الشر. فمع حكمة (سليمان)، قوة (هرقل)، قدرة (أطلس) على التحمل، قوة (زيوس)، شجاعة (أخيل)، وسرعة الزئبق؛ يصبح بيلي هو كابتن (مارفل) العجيب.,False,1,https://www.open-epg.com/files/egypt1.xml
openepg,egypt1,أو إس إن موفيز بريميير.eg,أو إس إن موفيز بريميير.eg,15,25.7,100.0,Babygirl,تهدد مديرة تنفيذية حياتها المهنية والعائلية بسبب بدايتها لقصة حب مع متدرب في شركتها أصغر منها بكثير، لذا تعمل جاهدة لإخفاء الأمر لتحافظ على مكانتها.,False,1,https://www.open-epg.com/files/egypt1.xml
openepg,egypt1,أو إس إن موفيز كوميدي.eg,أو إس إن موفيز كوميدي.eg,11,17.3,100.0,Frequently Asked Questions About Time Travel,داخل إحدى الحانات المحلية البريطانية، يجلس الأصدقاء الثلاثة (راي)، و(توبي)، و(بيت)، المنبوذون من المجتمع بسبب شعبيتهم المحدودة لقضاء ليلة لا يتوقعون أنها تختلف عن أي ليلة أخرى. ولتمضية الوقت يقوم الثلاثة بفتح موضوع للحديث حوله، يختاره (راي) المهووس بفكرة السفر عبر الزمن، ولكن كل شيء يتغير عندما يحدث تسرب زمني داخل الحانة يجعل الأصدقاء الثلاثة يرون المكان في المستقبل ويرون أنفسهم داخله.,False,1,https://www.open-epg.com/files/egypt1.xml
openepg,egypt1,أو إس إن موفيز هوليوود.eg,أو إس إن موفيز هوليوود.eg,14,24.7,100.0,Age of Heroes,العمل مقتبسٌ عن قصةٍ حقيقةٍ حيث (ايان فيلمنج) ضابط المخابرات الذي يقوم بتشكيل مجموعة ضباط الاستطلاع في الجيش البريطاني المشهورة باسم (الوحدة الهجومية رقم 30) أثناء الحرب العالمية الثانية ، حينما تقوم الفرقة بعملية إنزال خلف خطوط العدو في النرويج ليقوم بعملية إذا نجحت ستغير مسار الحرب تمامًا لمصلحة بريطانيا.,False,1,https://www.open-epg.com/files/egypt1.xml
openepg,egypt1,أو إٍس إن ناو.eg,أو إٍس إن ناو.eg,37,24.6,100.0,Dubai Hustle,يتتبّع المسلسل حياة مجموعة من وسطاء العقارات من المملكة المتحدة، حيثُ تُعرض محاولاتهم لكسب المال والمنافسة في سوق العقارات الصعب في دبي.,False,1,https://www.open-epg.com/files/egypt1.xml
openepg,egypt1,أو إس إن وان.eg,أو إس إن وان.eg,31,24.8,87.1,Red Bull Signature Series S3,في الموسم الثالث، يواصل البرنامج تغطيته الشاملة للأحداث الرياضية للرياضيين والأماكن وتحليلات المنافسات الشهيرة في رياضات التزلج على الجليد، وركوب الدراجات الجبلية، وسباقات موتوكروس الحرة، وسباقات الدراجات الهوائية (BMX) وغيرها.,False,1,https://www.open-epg.com/files/egypt1.xml
openepg,egypt1,أو إس إن ياهلا أفلام.eg,أو إس إن ياهلا أفلام.eg,15,25.3,100.0,جروب الماميز,إتفقت أمهات تلاميذ أحد مدارس الإنترناشيونال بالمعادي، على تكوين جروب على الواتساب، تحت إسم الماميز، لتفقد أحوال أبناءهن، وحل مشاكلهم مع المدرسة، وكانت أبرز العضوات، ثلاثة نساء من طبقات مختلفة، وظروف متباينة. الأولي فريال فريد (روبي) أرملة ولديها طفلان، فخر وفاخر، وتمتلك بيوتي سنتر ورثته عن زوجها، وتمكنت من تنميته لعدة فروع، وتبحث عن زوج مناسب، لأنها صغيرة وحلوة، وتعيش مع حماتها (لبني محمود) التى تسعي للإستيلاء على البيوتي سنتر، عن طريق تزويج فريال من أبنها العاطل، بدعوي أن العم هو أفضل من يحافظ على أبناء أخيه، وتهددها بحضانة الأولاد، لو تزوجت من رجل آخر، وقد قام أبناءها فخر وفاخر بتصوير فيديو للمدرسة، يسخرون فيه من أمهم التى تقابل كل طلباتهم بكلمة لأه، وشبهوها بالدكتاتور هتلر، مما أثار غضبها من أبناءها وحماتها. الثانية مرام عادل (يسرا اللوزي) وتعمل موظفة فى شركة عقارية، ومتزوجه من أيمن ضرغام (محمود حافظ)، وهو زوج غير طموح، وعلى قد حاله مادياً، ويعمل فى تقيم مأكولات عربات الأكل فى الشوارع، ولديهم ولد وبنت، ركان وكيان، كما كان المرحوم والدها قد تزوج على أمها، وتمكنت زوجته الجديدة من إستقطابه، لكي يلحق أبناءها منه بمدارس الإنترناشيونال، وإلحاقها وإخوتها بالمدارس الحكومية، فأخذت زوجة أبيها قدوة، وألحقت راكان وكيان بالمدارس الأجنبية، وتعهدت أمام زوجها ضرغام، على تدبير أقساط المدرسة، وعندما عجزت عن تدبير المصاريف، تخلى عنها زوجها لقلة ذات اليد، وقام زوجها بسحب الأولاد من المدرسة وألحقهم بمدرسة حكومية، مما أثار مشكلة بينه وبين مرام، التى أثارت مشكلة الولاية التعليمية على الأبناء. الثالثة راندا أبو الفضل (دارين حداد) مذيعة تليفزيونية مرموقة سابقة، تزوجها رجل الأعمال رستم (حازم إيهاب) كي يلوز بشهرتها فى مقابل أن يغدق عليها من أمواله، وبعد أن أنجبت إبنها مراد (آدم نور) أجبرها على ترك العمل والجلوس فى البيت لرعاية طفلها، وهو شيئ ضد طبيعتها المتحررة، ولم تتحمل الملل، وأرادت العودة للعمل، فمنعها زوجها. كما ثارت الزوجات الثلاث ضد مدير المدرسة، المتعنت والمتزمت والغير متفاهم، توفيق (محمد ثروت)، وأيضاً ضد أزواجهن، دون جدوي. ولم تجد فريال بداً من الإختفاء فى أحد المنتجعات بالبحر الأحمر، تاركة حماتها تعاني من رعاية أحفادها فخر وفاخر، وبحثت مرام وراندا عن فريال وتضامنا معها، وتركت مرام زوجها ضرغام يعاني من رعاية أبناءه ركان وكيان، وكذلك فعلت راندا، ليحتاس رستم مع إبنه مراد، خصوصاً بعد أن طفشت منهم المربية الأجنبية. تضامنت باقى أمهات الجروب مع الأمهات الثلاث، وسافرن إليهن فى المنتجع، بعد أن إستولين على أتوبيسين من اوتوبيسات المدرسة، وسافرن بهما. أصبح حال المدرسة عدم، بعد إنفلات السيطرة على التلاميذ لغياب الأمهات، وفشل الأباء فى إحتواء الأبناء. وأمام تدهور حال البيوت بدون الأمهات، وإنفلات الأبناء، وعدم قدرة المدرسين على السيطرة على التلاميذ بالمدرسة، وضياع الأتوبيسين، إجتمع مجلس الأباء لحل المشاكل، وعثرن على الامهات، وعقدوا إجتماع مشترك بالمدرسة، ودار نقاش إنتهي برضوخ أولياء الأمور لطلبات الأمهات، بضرورة تمثيلهن فى مجلس الأباء، وإستقالة مدير المدرسة المتعنت توفيق، وتعيين السكرتيرة أمل فوزي (لطيفة فهمي) مديرة للمدرسة، لأنها كانت فى السابق معالجة نفسية، بالإضافة لمخاطبة المسئولين لبحث تعديل الولاية التعليمية، ولعلها خطوة نحو تصحيح الأوضاع. (جروب الماميز),False,1,https://www.open-epg.com/files/egypt1.xml
openepg,egypt1,أو إس إن ياهلا بالعربي.eg,أو إس إن ياهلا بالعربي.eg,29,24.8,100.0,Deep in Love,تعيش امرأة قوية ومستقلة على ساحل البحر الأسود، تواجه حياتها تحديات يومية وصراعات داخلية، في يوم من الأيام، يظهر رجل مضطرب في حياتها، تتشابك مصائرهما وسط العواصف البحرية، لتبدأ رحلة مشتركة تكشف فيها كل منهما نقاط ضعفه وقوته، ويتعلمان معًا معنى الشجاعة والحب والصمود في مواجهة الصعاب.,False,1,https://www.open-epg.com/files/egypt1.xml
openepg,egypt1,أو إس إن ياهلا.eg,أو إس إن ياهلا.eg,31,24.6,100.0,سما عالية,تبدأ الأحداث في ستينيات القرن العشرين، حيث تتناول معاناة المرأة الكويتية خلال عقود، انطلاقًا من الستينيات حتى العصر الجاري، عبر مجموعة من الأحداث، خصوصًا عندما يقترن الطالب راشد المتفتح بالفتاة شيخة التي تربت في بيئة محافظة ومنغلقة، فتبدأ شيخة في المرور بالعديد من التحولات بحياتها والتي تصيبها ببعض التوتر حتى تعتاد عليها.,False,1,https://www.open-epg.com/files/egypt1.xml
openepg,egypt1,أون إي.eg,أون إي.eg,14,16.8,42.9,فن الحرب,يختار زياد طريق التمثيل بدلًا من الانضمام إلى أعمال والده، لكن خيانة مفاجئة تؤدي إلى انهيار إمبراطورية العائلة ودخول والده السجن. وبعد وفاة والده، يعود زياد مصممًا على استرداد الأموال المسروقة واستعادة اسم العائلة، مستعينًا بموهبته في التمثيل وحيله الذكية للانتقام ممن دمّروا حياتهم. ومع اقترابه من هدفه، يجد نفسه عالقًا في لعبة مزدوجة خطيرة، خاصة حين تقع دينا، ابنة عدوه، في حبه وتساعده سرًا.,False,1,https://www.open-epg.com/files/egypt1.xml
openepg,egypt1,أون دراما.eg,أون دراما.eg,18,17.3,100.0,إسماعيل يس (أبو ضحكة جنان),يتناول المسلسل قصة حياة الفنان الكبير اسماعيل ياسين الذي بدأ مطربًا في السويس، ورحلته الطويلة التي قطعها منذ ذلك الوقت حتى أصبح النجم الكوميدي رقم 1 في حقبة الخمسينات.,False,1,https://www.open-epg.com/files/egypt1.xml
openepg,egypt1,إس بي سي.eg,إس بي سي.eg,26,24.3,57.7,برنامج مطبخ ضحي,,False,1,https://www.open-epg.com/files/egypt1.xml
openepg,egypt1,إل بي سي آي.eg,إل بي سي آي.eg,25,24.3,28.0,برنامج قصتي,,False,1,https://www.open-epg.com/files/egypt1.xml
openepg,egypt1,إل بي سي.eg,إل بي سي.eg,20,24.3,80.0,بنك الحظ,صالح وعمرو وسناء، شركاء فى سايبر، بقيادة صالح وتمويل عمرو وادارة سناء، بينما كان صالح وعمرو يعملان فى فرع أحد البنوك، كان سناء (محمد ثروت) الشهير بزئرو، وهو إبن بائعة الفجل، كان يستغل السايبر فى بيع الممنوعات للرواد من الشباب، من بيرة الى بانجو وحتى كل أنواع البرشام، كما يؤجر السايبر للأعمال المنافية للآداب. صالح (محمد ممدوح) يقيم مع والدته رجاء (لبنى محمود)، ويعمل لها ألف حساب، غير أنه كان يريد الثراء السريع، فأهمل عمله بالبنك، وأساء الى العملاء، وإستغل وظيفته لإقامة مصالح خاصة به، وعاتبه رئيسه فى إدارة القروض، الأستاذ سامى (حسام داغر) وهو بالمناسبة زميل دراسه، ولكنه ناجح فى عمله عكس صالح، الذى تم انذاره بالفصل، فقام بتفريغ إطارات سيارة سامى، فصورته كاميرات المراقبه، وأبلغه سامى بالفصل، فإعتدى عليه صالح، ثم توجه لمكتب مدير الفرع نزيه (سامى مغاورى) ليشكو اليه، ولكنه لم يجده فجلس ينتظره، وعبث بمحتويات المكتب، وأفسد بعضها، وتوارى عندما دخل المدير، وفى إثره الأستاذ سامى، وبادره المدير بالسؤال عن مدام رشا، عميلة البنك، ولكن سامى أخبره بأن الشركة المختصة بنظام الأمن ، ستغير اجهزة النظام، وعندما تجربها يوم الخميس، سيسقط النظام لمدة ساعتين، تتعطل فيهم كاميرات المراقبة، وأجهزة الإنذار، وجهاز الإتصال بالشرطة، فقرر المدير إرسال مفاتيح الخزينه الرئيسية وبها ١٥ مليون جنيه، للفرع الرئيسى، وإستمع صالح لتلك المعلومات، وخرج خفية، وفى نيته الشر. عمرو (أكرم حسنى) إبن رجل أعمال ثرى (محمد منصور) وهو إيضا أحد المساهمين فى البنك، وكانت والدته (ليلى عزالعرب) تسرف فى تدليله، حتى شب ضعيف الشخصية، وكان يعتمد على أمه، وهو شحط، فى عمل الساندوتشات، التى يأخذها معه للبنك، مما آثار حنق والده، الذى يستعد للسفر لإجراء جراحة بالخارج، ومنع عنه جميع سيارات الشركة، ليركب الترام ويشتد عوده، ويتحمل المسئوليه، ولم يتبقى فى الفيللا سوى السيارة الأثرية التى إشتراها والده من مزاد مقتنيات الراقصة ساميه جمال، وقد سكب عمرو الشاى على بنطلونه، وخلعه ليغسله وجلس بالشمس فوق سطوح البنك، مع صالح وعم مجداف (سمير كامل) رجل الامن، ودخن الجميع البانجو، ونزل عمرو لمكتبه بالبوكسر، ووضع البطلون فوق اللمبه لتجفيفه، فإحترق البطلون، وإنطلقت صفرات الإنذار بحريق، وفتحت رشاشات المياه بالمكاتب. قرر صالح السطو على البنك لإستعارة أمواله لإقامة بعض المشروعات، وذلك أثناء تعطل النظام الأمنى، وعرض الخطة على عمرو وزئرو. كان المطلوب للسطو على البنك، التمويل وتكفل به عمرو، وسلاح للسطو، وقنابل لتفجير الخزينه، والتنكر حتى لا يتعرف عليهم موظفى البنك، وأخيراً حقيبة كبيرة لجمع النقود. توجه الفرسان الثلاثة للمعلم بدير (حسين حجاج) لشراء السلاح، وأثناء تجربة الآلى، إنطلق الرصاص فقتل المعلم ومعظم رجاله، وهرب الفرسان بعد أن تركوا السلاح، وبجانبه النقود، وتحمل عمرو إحضار أموال جديدة، وتوجهوا لكباريه القواد زعبوب (أحمد فتحى) الذى أمدهم بالسلاح والبرشام والنساء، وشربوا ورقصوا وصحبوا فتيات الكباريه جميعا الى الفيللا، وكانت ليله من ألف ليله، وإستيقظوا فى الصباح وقد إنقلبت فيها الفيللا رأس على عقب، وفقد عمرو إحدى أصابعه. حاول الفرسان صناعة قنبله بدائية موقوتة، اعتماداً على برامج النت، ونجحوا فى صناعة ٣ قنابل، وأثناء تجربة إحداهن إحترقت سيارة سامية جمال. إكتشفت رجاء فصل إبنها صالح من البنك، فتوجهت الى البنك لإستطلاع الأمر، ودخلت البنك قبل إقتحام الفرسان الثلاثة، صالح فى ماسك بقرة، وعمرو فى ماسك ضفدعة، وزئرو فى ماسك سمكة، وتمكنوا من السيطرة على الموظفين والعملاء، وحاولت العميلة مدام رشا (سامية الطرابلسى) التدلل على صالح للسيطرة عليه فلم تفلح، ووجدوا مقاومة شديدة من رجل الأمن مجداف، وبعد السيطرة عليه، اصيب عمرو بالصمم من كثرة دوى الرصاص، وشعر عمرو أنه هو الوحيد الخاسر فى تلك المغامرة، فبعد فقد نقوده والسيارة والفيللا، خسر أصبعه وأصيب بالصمم، وتشاجر مع زئرو، وتدخل صالح، لفك الإشتباك، ليتفاجئوا جميعاً بإقتحام البنك من قبل عصابة سرقة بنوك، بقيادة شوكت (بيومى فؤاد) خبير فتح الخزائن، وإبنه منير (خالد كمال) قائد الإقتحام، ومعهم رجال كثر، وتعاطف معهم شوكت، وترك لهم أموال شبابيك الصرف، وإكتفى هو بملايين الخزينة، وسيطرت مدام رشا على شوكت، الذى إختلى بها فى بدروم الخزينه الرئيسية، وكانت مصدر خلاف بينه وبين إبنه منير. حاول الفرسان الثلاثة فتح ماكينة ATM بتفجيرها ففشلوا، وأحدث الإنفجار دوى، جعل المارة يبلغون الشرطة، التى حضرت على عجل وأحاطت بالبنك، وقام منير بوضع الفرسان مع باقى الرهائن، لتكتشف الست رجاء، أن إبنها صالح من اللصوص. بينما إتفق الرهائن على مقاومة اللصوص، وسيطروا على الحارس، واستولى صالح على ملابسه وقناعه، وحاول الإندماج مع العصابة، ولكن منير كشفه، وأخذ مدير البنك والست أم صالح رهائن، حتى يمروا من البوليس، غير أن باقى الرهائن تمكنوا من الهجوم على العصابة، ودارت معركة أسفرت عن سيطرة صالح على منير، وطلب من العصابة ترك أمه، والتى إحتمت بالاستاذ سامى، ليكتشف الجميع أن سامى من العصابة، وهو الذى أحضرهم لسرقة البنك، وطلب من صالح ترك منير، ثم طلب شوكت من عمرو، وضع أموال شبابيك الصرافة فى حقيبة، وتسليمها اليه، فوضع عمرو الاموال فى الحقيبة الموجود بها القنبلة الثانية، ووضعوا جميع الحقائب بعربة الإسعاف، وركب فيها شوكت ومنير وسامى ومدام رشا، بينما ركب بوكس الشرطة الفرسان الثلاثة ومعهم أحد الحراس، الذى سيطروا عليه، وتمكنوا من تفجير القنبلة بالموبايل، وقبض البوليس على جميع أفراد العصابة، ولكن مدير البنك نزيه بيه، تستر على الفرسان، وذكر للبوليس أنهم من موظفى البنك، آملاً فى صلاحهم. (بنك الحظ),False,1,https://www.open-epg.com/files/egypt1.xml
openepg,egypt1,إم بي سي 2.eg,إم بي سي 2.eg,7,15.8,100.0,Justice League,يبدأ (بروس واين) في استعادة ثقته بالإنسانية، ويعزم على تجميع فريق العدالة للدفاع عن الأرض، ويطلب من حليفته الجديدة (الأميرة ديانا) مساعدته في مواجهة أكبر عدو على الإطلاق، وتجنيد فريق العدالة للوقوف ضد هذا التهديد، ويهب (باتمان)، (المرأة العجيبة)، (أكوامان)، (سايبورج)، (الفلاش) لإنقاذ كوكب الأرض.,False,1,https://www.open-epg.com/files/egypt1.xml
openepg,egypt1,إم بي سي 3.eg,إم بي سي 3.eg,0,0,0.0,,,False,1,https://www.open-epg.com/files/egypt1.xml
openepg,egypt1,إم بي سي 4.eg,إم بي سي 4.eg,0,0,0.0,,,False,1,https://www.open-epg.com/files/egypt1.xml
openepg,egypt1,إم بي سي 5.eg,إم بي سي 5.eg,0,0,0.0,,,False,1,https://www.open-epg.com/files/egypt1.xml
openepg,egypt1,إم بي سي أكشن.eg,إم بي سي أكشن.eg,21,27.3,28.6,ملخص ايل اوف مان,,False,1,https://www.open-epg.com/files/egypt1.xml
openepg,egypt1,إم بي سي العراق.eg,إم بي سي العراق.eg,0,0,0.0,,,False,1,https://www.open-epg.com/files/egypt1.xml
openepg,egypt1,إم بي سي بوليوود.eg,إم بي سي بوليوود.eg,0,0,0.0,,,False,1,https://www.open-epg.com/files/egypt1.xml
openepg,egypt1,إم بي سي دراما +.eg,إم بي سي دراما +.eg,0,0,0.0,,,False,1,https://www.open-epg.com/files/egypt1.xml
openepg,egypt1,إم بي سي دراما.eg,إم بي سي دراما.eg,0,0,0.0,,,False,1,https://www.open-epg.com/files/egypt1.xml
openepg,egypt1,إم بي سي ماكس.eg,إم بي سي ماكس.eg,8,16.3,100.0,Dunkirk,تدور قصة الفيلم عن عملية الإجلاء الإعجازي لجنود الحلفاء من بلجيكا وبريطانيا وفرنسا، حيث تقطعت السبل بجنود الحلفاء وحوصروا بواسطة الجيش الألماني في شواطئ ومرافئ (دونكيرك) الفرنسية منذ 27 مايو وحتى 4 يونيو من عام 1940 أثناء الحرب العالمية الثانية.,False,1,https://www.open-epg.com/files/egypt1.xml
openepg,egypt1,إم بي سي مصر 2.eg,إم بي سي مصر 2.eg,0,0,0.0,,,False,1,https://www.open-epg.com/files/egypt1.xml
openepg,egypt1,إم بي سي مصر دراما.eg,إم بي سي مصر دراما.eg,30,24.5,100.0,اللعبة 2: ليفل الوحش,بعد نجاحهما في التخلص من سمير، يعود وسيم ومازو إلى اللعبة من جديد مع زوجاتيهما، حيث يخوض الثنائي العديد من التحديات ضمنها الفوز بقلب جارتهما نسرين باللعبة.,False,1,https://www.open-epg.com/files/egypt1.xml
openepg,egypt1,إم بي سي مصر.eg,إم بي سي مصر.eg,0,0,0.0,,,False,1,https://www.open-epg.com/files/egypt1.xml
openepg,egypt1,إم بي سي.eg,إم بي سي.eg,0,0,0.0,,,False,1,https://www.open-epg.com/files/egypt1.xml
openepg,egypt1,إم تي في.eg,إم تي في.eg,22,17.8,36.4,برنامج,,False,1,https://www.open-epg.com/files/egypt1.xml
openepg,egypt1,إي تي سي.eg,إي تي سي.eg,0,0,0.0,,,False,1,https://www.open-epg.com/files/egypt1.xml
openepg,egypt1,إيه تي في.eg,إيه تي في.eg,0,0,0.0,,,False,1,https://www.open-epg.com/files/egypt1.xml
openepg,egypt1,ال تي في.eg,ال تي في.eg,25,24.3,80.0,كذب أبيض,تنقلب حياة أربع شقيقات رأسًا على عقب بعد وفاة والدهن الثري بصورة مفاجئة، ويترك خلفه مجموعة من المشاكل التي تضطرهن لترك حياتهن المُترفة والمُرفهة والتعامل مع تلك المشاكل وتحديات الحياة بطرق مختلفة، فيحاولن التغلب عليها من خلال المحبة والتعاون والتآخي، ويخضعن لتجربة حياتية مختلفة لم يشهدنها من قبل.,False,1,https://www.open-epg.com/files/egypt1.xml
openepg,egypt1,ال دي سي.eg,ال دي سي.eg,25,24.3,28.0,برنامج قصتي,,False,1,https://www.open-epg.com/files/egypt1.xml
openepg,egypt1,الأردن.eg,الأردن.eg,23,17.4,17.4,برنامج احصاه الله,,False,1,https://www.open-epg.com/files/egypt1.xml
openepg,egypt1,الأولى المغربية.eg,الأولى المغربية.eg,38,24.3,42.1,البيوت أسرار,دراما اجتماعية مغربية عن مجموعة من الحكايات والأسرار لمجموعة من العائلات المغربية والخيط الرابط بينها هو سعيد رجل الأعمال الذي يمارس شتى أنواع اﻻستغلال والمكر تجاه عائلات فقدت ثروتها وممتلكاتها بسبب جشعه ووجدوا أنفسهم مستسلمين لطغيانه.,False,1,https://www.open-epg.com/files/egypt1.xml
openepg,egypt1,اﻹمارات.eg,اﻹمارات.eg,29,24.3,65.5,عين الذيب,تنشأ عداوة بين قبيلتين، ويظل الصراع بينهما طويلا، إلى أن يتم الصلح بينهما، حين تتزوج سما من ابن زعيم القبيلة الأخرى، ولكن لا يسود الهدوء كثيرا، حيث تشتعل الأحقاد الضفينة مرة أخرى، فثتجبر سما على الهروب، وتلتقي بفارس الذي يملك قلبها، لتبدأ قصة جديدة.,False,1,https://www.open-epg.com/files/egypt1.xml
openepg,egypt1,البحرين.eg,البحرين.eg,0,0,0.0,,,False,1,https://www.open-epg.com/files/egypt1.xml
openepg,egypt1,التلفزيون العربي 2.eg,التلفزيون العربي 2.eg,22,20.3,18.2,برنامج صحتك,,False,1,https://www.open-epg.com/files/egypt1.xml
openepg,egypt1,الثانية.eg,الثانية.eg,18,17.3,55.6,خريف عمر,تدور أحداث المسلسل حول محامي متقاعد تتعرض ابنته للعنف من قبل زوجها وهما مقيمان في دولة أخرى، ثم يحاول جاهدًا حمايتها بالطرق القانونية، لكن تقف أمامه العديد من العقبات فيضطر لاستخدام أساليب أخرى.,False,1,https://www.open-epg.com/files/egypt1.xml
openepg,egypt1,الجديد.eg,الجديد.eg,26,24.3,19.2,برنامج,,False,1,https://www.open-epg.com/files/egypt1.xml
openepg,egypt1,الحياة.eg,الحياة.eg,22,25.3,36.4,حفل,,False,1,https://www.open-epg.com/files/egypt1.xml
openepg,egypt1,الرشيد.eg,الرشيد.eg,26,24.3,0.0,برنامج,,False,1,https://www.open-epg.com/files/egypt1.xml
openepg,egypt1,السعودية.eg,السعودية.eg,34,24.3,55.9,برنامج فتاوى,,False,1,https://www.open-epg.com/files/egypt1.xml
openepg,egypt1,السعيدة.eg,السعيدة.eg,26,24.3,30.8,برنامج,,False,1,https://www.open-epg.com/files/egypt1.xml
openepg,egypt1,السومرية.eg,السومرية.eg,26,24.3,26.9,برنامج رحال,,False,1,https://www.open-epg.com/files/egypt1.xml
openepg,egypt1,الشارقة.eg,الشارقة.eg,35,25.1,17.1,برنامج,,False,1,https://www.open-epg.com/files/egypt1.xml
openepg,egypt1,الشرقية.eg,الشرقية.eg,31,24.3,35.5,برنامج,,False,1,https://www.open-epg.com/files/egypt1.xml
openepg,egypt1,الشروق الجزائرية.eg,الشروق الجزائرية.eg,26,24.3,34.6,برنامج,,False,1,https://www.open-epg.com/files/egypt1.xml
openepg,egypt1,الشمس.eg,الشمس.eg,0,0,0.0,,,False,1,https://www.open-epg.com/files/egypt1.xml
openepg,egypt1,الظفرة.eg,الظفرة.eg,27,24.3,70.4,قهوة المحطة,يتولى وكيل نيابة شاب مهمة التحقيق في جريمة قتل غامضة حدثت في محطة قطار، وأثناء بحثه عن القاتل ومحاولة كشف أسرار الجريمة، يجد نفسه عالقًا بين الأدلة وحدسه الشخصي، وأمام عدد من الأشخاص الذين تصوب نحوهم أصابع الاتهام.,False,1,https://www.open-epg.com/files/egypt1.xml
openepg,egypt1,العراقية.eg,العراقية.eg,24,17.3,33.3,مكاره في الأخلاق,يسافر صبي عبر الزمن إلى الماضي، حيث يلتقي بأشخاص وقصص مختلفة يتعلم من خلالها عن مكاره الأخلاق وتناقضاتها. وتتناول كل حلقة قضية نفسية أو اجتماعية، مسلطة الضوء على التناقض بين القيم الأخلاقية والسلوكيات الملتوية وتأثيرها في العلاقات الأسرية والاجتماعية.,False,1,https://www.open-epg.com/files/egypt1.xml
openepg,egypt1,الفجيرة.eg,الفجيرة.eg,20,16.3,45.0,برنامج جسور بين الثقافات,,False,1,https://www.open-epg.com/files/egypt1.xml
openepg,egypt1,القاهرة والناس 2.eg,القاهرة والناس 2.eg,23,24.3,60.9,زواج بالإكراه,(ليلى) شابّة ثرية تتعرَّض لحادثة مرورية تنزف إثرها وتحتاج إلى نقل دم سريع، يتصادف أن تتطابق فصيلة دمها مع فصيلة دم سائقها الخاص، ينقل لها دمًا منه دون أن يعلم أنه هو نفسه مريض بالإيدز وينتقل إليها المرض، تنقلب حياة الشابة إلى تعاسة وانتظار للموت، وتحب شابًّا جديدًا في شركة أبيها اسمه (أحمد)، لكنه لا يبادلها الحب؛ لأنه يحب (هند) التي هو على وشك الزواج بها، يقوم والدها (سعيد الكومي) بتهديده بقتل خطيبته وأقاربه حتى يجبره على الزواج من ابنته المريضة بالإيدز، وتتوالى الأحداث.,False,1,https://www.open-epg.com/files/egypt1.xml
openepg,egypt1,القاهرة والناس.eg,القاهرة والناس.eg,22,25.3,54.5,برنامج الدكتور,,False,1,https://www.open-epg.com/files/egypt1.xml
openepg,egypt1,الكويت.eg,الكويت.eg,0,0,0.0,,,False,1,https://www.open-epg.com/files/egypt1.xml
openepg,egypt1,المحور.eg,المحور.eg,19,25.3,42.1,90 دقيقة,أحد أهم البرامج الحوارية بدأ إذاعته عام 2006 مع معتز الدمرداش وريهام السهلي، ولكن في عام 2011 انضم الإعلامي عمرو الليثي للبرنامج بعد أن انسحب الدمرداش من تقديمه. يهتم البرنامج بالأخبار المهمة والأحداث اليومية التي تدور في الشارع المصري والعربى، كما يرصد أيضاً اهتمامات المشاهدين وآراءهم وتطلعاتهم، كما يستقبل العديد من الضيوف من رجال السياسة والإعلام والاقتصاد.,False,1,https://www.open-epg.com/files/egypt1.xml
openepg,egypt1,المصرية.eg,المصرية.eg,22,24.3,36.4,برنامج,,False,1,https://www.open-epg.com/files/egypt1.xml
openepg,egypt1,المغربية الثانية.eg,المغربية الثانية.eg,0,0,0.0,,,False,1,https://www.open-epg.com/files/egypt1.xml
openepg,egypt1,المنار.eg,المنار.eg,0,0,0.0,,,False,1,https://www.open-epg.com/files/egypt1.xml
openepg,egypt1,النهار دراما.eg,النهار دراما.eg,18,17.3,100.0,ستهم,بعدما يُقتل زوجها، تدخل (ستهم) في عدة صراعات مع أسرتها وتحاول تربية أبناءها بعيدا عن المشاكل، ثم تضطر للتنكر في هيئة رجل حتى تواجه الصعوبات التي تقابلها في الحياة.,False,1,https://www.open-epg.com/files/egypt1.xml
openepg,egypt1,النهار.eg,النهار.eg,27,24.3,29.6,برنامج أسرار,,False,1,https://www.open-epg.com/files/egypt1.xml
openepg,egypt1,الوسط.eg,الوسط.eg,25,18.3,20.0,برنامج أدرينالين,,False,1,https://www.open-epg.com/files/egypt1.xml
openepg,egypt1,الوطنية 1.eg,الوطنية 1.eg,0,0,0.0,,,False,1,https://www.open-epg.com/files/egypt1.xml
openepg,egypt1,الوطنية 2.eg,الوطنية 2.eg,0,0,0.0,,,False,1,https://www.open-epg.com/files/egypt1.xml
openepg,egypt1,بي إن دراما.eg,بي إن دراما.eg,25,24.3,100.0,أوراق النسيان,تتسبب جريمة قتل في نشر الرعب بين سكّان أحد أحياء الأثرياء والنخبة، فيما تبدأ زوجة تحظى بزواج مضطرب في كشف أسرار العالم المظلم لزوجها الذي تعتقد بتورطه في الأمر.,False,1,https://www.open-epg.com/files/egypt1.xml
openepg,egypt1,بي إن سيريس إتش دي 2.eg,بي إن سيريس إتش دي 2.eg,30,24.3,100.0,Black Clover S3,في الموسم الثالث، تتعافى مملكة كلوفر، ويتم محاكمة (أستا) و(سيكري) ويتوبان، بينما يتدرب (أستا) وحلفاؤه لمواجهة الشياطين المرعبة، بينما يعزز (يونو) مكانته باعتباره معجزة، ويصبح أقوى بشكل ملحوظ مع احتفاظه بمنافسته القوية مع (أستا).,False,1,https://www.open-epg.com/files/egypt1.xml
openepg,egypt1,بي إن سيريس.eg,بي إن سيريس.eg,24,24.3,100.0,The Good Doctor S1,(شون ميرفي) جراح شاب يعاني من التوحد، ينتقل من ضاحيته الريفية البسيطة إلى إحدى الوحدات الجراحية العريقة، ويحاول في عمله استغلال قدراته الطبية العالية؛ ﻹنقاذ حيوات الناس تعويضًا عن عدم قدرته على التواصل بشكل طبيعي مع العالم.,False,1,https://www.open-epg.com/files/egypt1.xml
openepg,egypt1,بي إن موفيز أكشن.eg,بي إن موفيز أكشن.eg,10,18.1,100.0,Four Souls of Coyote,يواجه سكان أمريكا الأصليون مشروع خط أنابيب النفط أسفل التل من أرض أجدادهم، لذا يقودهم الجد مستلهمًا قصة الخلق ليحثهم على احترام الترابط بين جميع الكائنات.,False,1,https://www.open-epg.com/files/egypt1.xml
openepg,egypt1,بي إن موفيز بريمير.eg,بي إن موفيز بريمير.eg,10,17.3,100.0,Bosco,يتبع العمل قصة السجين (بوسكو آدامز)، والذي يقرر الهرب من السجن بعد صدور حكم ضده بالحبس 35 عامًا لحيازته المخدرات، حيث يسعى لرؤية ابنته ومواجهة ماضيه المظلم.,False,1,https://www.open-epg.com/files/egypt1.xml
openepg,egypt1,بي إن موفيز دراما.eg,بي إن موفيز دراما.eg,9,17.6,100.0,Just the Two of Us,تدور أحداث الفيلم حول (بلانش رينارد) التي تعتقد أن (جريج لامورو) هو الشخص المناسب لها، لكنها سرعان ما تكتشف أنها عالقة في علاقة سامة مع رجل خطير ومتسلط.,False,1,https://www.open-epg.com/files/egypt1.xml
openepg,egypt1,بي إن موفيز فاميلي.eg,بي إن موفيز فاميلي.eg,11,17.1,100.0,Rugrats Go Wild,يتشارك آل روجرات من جديد في مغامرة غريبة، حيث يساعدهم في هذه الرحلة آل ثورنبيري، وهى عائلة تسافر حول العالم في كي تعمل على إنتاج أفلام وثائقية تختص بعالم الطبيعة.,False,1,https://www.open-epg.com/files/egypt1.xml
openepg,egypt1,تلفزيون حضرموت.eg,تلفزيون حضرموت.eg,31,17.3,19.4,فترة دينية,,False,1,https://www.open-epg.com/files/egypt1.xml
openepg,egypt1,تن.eg,تن.eg,23,24.3,30.4,برنامج صحتين,,False,1,https://www.open-epg.com/files/egypt1.xml
openepg,egypt1,دبي زمان.eg,دبي زمان.eg,0,0,0.0,,,False,1,https://www.open-epg.com/files/egypt1.xml
openepg,egypt1,دبي وان.eg,دبي وان.eg,0,0,0.0,,,False,1,https://www.open-epg.com/files/egypt1.xml
openepg,egypt1,دبي.eg,دبي.eg,0,0,0.0,,,False,1,https://www.open-epg.com/files/egypt1.xml
openepg,egypt1,دجلة.eg,دجلة.eg,18,17.3,5.6,برنامج الحكم الرابع,,False,1,https://www.open-epg.com/files/egypt1.xml
openepg,egypt1,دي إم سي دراما.eg,دي إم سي دراما.eg,17,17.3,94.1,هند والدكتور نعمان,تحصل ابنة الدكتور (نعمان) وزوجها على إعارة للخارج، ويقرران الإبقاء على ابنتهم (هند) مع جدها الدكتور (نعمان) لرعايتها والاهتمام بها أثناء فترة غيابهم عنها.. تقع جريمة قتل وتشاهد (هند) الجريمة، حيث تكون هي الشاهدة الوحيدة عليها، فيقرر المجرمين التخلص منها حتى لا تُدلي بشهادتها وتدل الشرطة عليهم.,False,1,https://www.open-epg.com/files/egypt1.xml
openepg,egypt1,دي إم سي.eg,دي إم سي.eg,20,24.3,45.0,برنامج,,False,1,https://www.open-epg.com/files/egypt1.xml
openepg,egypt1,ديسكفري.eg,ديسكفري.eg,0,0,0.0,,,False,1,https://www.open-epg.com/files/egypt1.xml
openepg,egypt1,ذكريات.eg,ذكريات.eg,24,17.3,75.0,Adventures of the Little Koala,يتناول العمل قصة روبير، حيوان الكوالا الشهير والذي يخوض مجموعة من المغامرات المدهشة رفقة أصدقائه والعائلة.,False,1,https://www.open-epg.com/files/egypt1.xml
openepg,egypt1,رؤيا.eg,رؤيا.eg,20,24.3,70.0,مطبخ رؤيا,برنامج (مطبخ رؤيا) يُقدم مقادير وطرق تحضير العديد من المأكولات والأطباق المحلية والعربية والعالمية.,False,1,https://www.open-epg.com/files/egypt1.xml
openepg,egypt1,روتانا أفلام بلاس.eg,روتانا أفلام بلاس.eg,0,0,0.0,,,False,1,https://www.open-epg.com/files/egypt1.xml
openepg,egypt1,روتانا خليجية.eg,روتانا خليجية.eg,22,24.3,68.2,أنا ولا أنا,تتزلزل أركان عائلة بسيطة كانت تظن أن الأب هو السقف الذي يحميها، لتجد نفسها في مواجهة العراء بعد رحيله. وبينما يكافح الابن الأكبر بشرفٍ خلف مقود حافلة ليلمّ شتات ما تبقى، ينجرف الأخ الأصغر في تيار الجشع الأعمى، وتختار الأخت الطريق الأكثر ظلاماً بالانخراط في عالم الممنوعات بحثاً عن سلطة وهمية؛ لتصبح العائلة في مواجهةٍ شرسة مع شبح الانهيار الكامل الذي يهدد بتحويل ذكرياتهم الدافئة إلى رماد.,False,1,https://www.open-epg.com/files/egypt1.xml
openepg,egypt1,روتانا دراما.eg,روتانا دراما.eg,25,24.3,100.0,نسمات أيلول,تدور أحداث المسلسل في إحدى القرى الريفية السورية، ويتناول العلاقات الإنسانية وهموم سكان الريف، والقضايا والمشكلات اليومية للشباب وكبار السن وما يواجهونه من تحديات حياتية مختلفة، في إطار كوميدي خفيف.,False,1,https://www.open-epg.com/files/egypt1.xml
openepg,egypt1,روتانا سينما مصر.eg,روتانا سينما مصر.eg,13,25.3,100.0,شنطة حمزة,تشكيل عصابى مكون من حمزه (حماده هلال) ورفيقته أمينه (يسرا اللوزى) ومنير (أحمد فتحى) وزيزو (محمد ثروت)، يقومون بعمليات سرقة ونصب صغيرة، مثل سرقة السيارات من القاهرة، والسفر بها الى الأسكندرية، ويخبئون المخدرات بها، ثم يطلبون من صاحب السيارة (عبدالله مشرف) فدية مالية، ويرشدونه لمكان السيارة بالاسكندرية، حيث يعود بها للقاهرة، فيقومون بسرقتها مرة اخرى، لإستعادة المخدرات. يفكر حمزة فى عملية كبيرة تغنيهم عن العمليات الصغيرة، فراقبوا مكتب صرافة الحمامصى (سامى مغاورى)، الذى يقوم بعمليات غير رسمية مقيدة بدفاتره، ويستبدلون الإيوان الصينى بالدولار، بمبالغ صغيرة، حتى يكتسبون ثقة الحمامصى، ثم إستغلوا طمعه فى طلب تغيير ٢٠ مليون إيوان مزورة، وحينما أحضر الدولارات، قاموا بتخديره، ونقله فى الأسعاف للمستشفى، وإستولوا على الدولارات، وفى الطريق ألقوا به وهربوا بالدولارات، وقرروا الإختفاء شهرين، لأن الكاميرات قد إلتقطت صورهم، وتنازعوا من يحتفظ بحقيبة الدولارات، ورفض حمزه تحمل مسئولية الحقيبة، وتولت أمينه الإلحاح على حمزه ليحتفظ بالحقيبة معه، مما جعل منير وزيزو يثقون به، ويتركون الحقيبة فى عهدته، وبعد شهرين إلتقوا جميعاً، حسب الميعاد، وتخلف حمزه، الذى بحثوا عنه حتى وجدوه يقيم حفلاً لزفافه، وإكتشفوا أنه فقد الذاكرة، بعد أن صدمته سيارة منذ شهر ونصف، وتزوجته صاحبة السيارة، وتأكدوا من الحالة من طبيبه المعالج. قادتهم أمينه للمنوم المغناطيسى (بيومى فؤاد) ومساعده (حسن عبدالفتاح)، وفتح لهم المنوم المندل، وأخبرهم أن حقيبة الدولارات، قابعة فى الملاحات، وتوجهوا جميعاً الى هناك، وفى أعقابهم رجال الحمامصى الذين يرغبون فى إسترداد الدولارات، وفى الملاحات إكتشفوا أن الماء المالح قد تسلل للحقيبة، وأفسد الدولارات، وأيقن رجال الحمامصى، أن الدولارات فى خبر كان، ويعوّض الله، ولكن أحد صيادى الملاحات، أخبرهم أن حمزه وضع الحقيبة بالماء منذ إسبوع، فأيقنوا أن حمزه لم يفقد الذاكرة، وإنه يخدعهم، فقاموا بخطف والدته وتعذيبها، حتى إعترف لهم بمكان الدولارات، التى إستردوها وتركوا حمزه وحده، والذى أبلغ البوليس، الذى أعد كميناً لزيزو ومنير، وضبط معهم الحقيبة التى تحتوى على دولارات مزيفه، وتم سجن زيزو ومنير، والذين وصلت اليهم حلة محشى، مرسلة من حمزه، وبها رسالة يخبرهم فيها، أنه هو الذى أبلغ عنهم البوليس، بعد ان سلمهم دولارات مزيفه، وانه هو الذى إستغل غباءهم، وإستأجر الراقصة ناديه عسليه (ساميه الطرابلسى) لتقوم بدور عروسه، ووالدها عبده العجل (محمد متولى) سائق التاكسى، وهانى الصياد، المنوم المغناطيسى ومساعده، وجوده التمرجى (عمر نجيب) الذى قام بدور الطبيب، وساعده فى إتمام المؤامرة حبيبته أمينه، وتمنى لهم إقامة سعيدة بالسجن، بينما هرب هو ورفيقته أمينه بالدولارات. (شنطة حمزه),False,1,https://www.open-epg.com/files/egypt1.xml
openepg,egypt1,روتانا سينما.eg,روتانا سينما.eg,13,24.3,100.0,لوكاندة المفاجآت,إفتتح كتكوت الحدق(إسماعيل ياسين)وزغلول النمس( عبد المنعم ابراهيم)مكتباً للبحث عنالمفقودات والعمل كبوليس سرى وحضرت إليهم نبله الراقصه(هند رستم)وعشيقها قنديل العتم(فهمى آمان)ليبحث لها عن كلبها كيكى الذى فقدته فى اللوكانده التى تعمل بها راقصهوكان زغلول النمس يحب ابنة قنديل العتم فله(سهير البابلى). فشل كتكوت فى العثور علىالكلب فلجأ الى حيله بأن أحضر كلباً آخر وغير فى شكله حتى يبدو كالكلب المطلوب وذهببه الى اللوكانده لتسليمه الى نبله وأخذ المكافأة وأعجبت نبله بمهارته وامتدحته امام مديراللوكانده(ابراهيم حشمت)الذى طلب من كتكوت ان يعمل فى اللوكانده كبوليس سرى لكشفالعصابه التى تسرق أغراض الزبائن. تنكر كتكوت فى زى هندى تحت اسم زعبر خان وتنكرزغلول فى زى فتاه اسمها نرجس ريحان والاثنين من كشرى ستان وأقام زعبر حفل للتعرفعلى رواد اللوكانده وعلى رأسهم قنديل العتم وزوجته رفيعه هانم(ليلى حمدى)وإبنته فله وحضر أيضاً مشمش(محمد توفيق)وكان على علاقه سابقه بنبله الراقصه وكان محاميه احمدرشاد(عز الدين إسلام)قد أخبره انه لن يتسلم ميراثه من والده إلا إذا تزوج حسب الوصيةفأحضر خاتم الشبكه ليتزوج من إبنة عمه فله وحضر الحفل أيضاً القروى قناوى(عبدالغنىالنجدى)وزوجته ست ابوها(جمالات زايد)كذلك العجوز المتصابية زكيه(صالحه قاصين). شاهدت نبله خاتم الشبكه مع مشمش فظنت انه احضره من أجلها فأخذته منه واسقط فىيده. وكانت العصابه التى تسرق الزبائن مكونه من بعض موظفى اللوكانده بزعامة الوكيلظريف(رياض القصبجى)وعضوية كل من حسن(حسن أتله)ومحسن(محسن حسنين)وزناتى(طوسون معتمد). ودار صراع ليلى مابين أفراد العصابه التى تدخل الحجرات الخاليه منساكنيها ومابين المعجبين بنبله الراقصه ويحاولون دخول حجرتها سراًومابين المعجبين بنرجسريحان ومحاولة دخول حجرتها بينما هى تود دخول حجرة فله الحبيبه القديمة. ولكن نجحمشمش فى دخول حجرة نبله وسرقة خاتم الخطبه من أصبعها وهى نائمه. وفى مينا هاوسألبس مشمش ابنه عمه فله خاتم الشبكه الذى شاهدته نبله فى يدها ودار صراع بينهم علىالخاتم انتهى بوقوع الجميع فى حمام السباحه. واكتشف ظريف ان نرجس رجل واكتشفتالراقصه نبله التى كانت تعمل مرشده للبوليس ان زعيم العصابه هو ظريف وكيل اللوكاندهوبمساعدة كتكوت تمكنت من إبلاغ البوليس والقبض على العصابه وتزوجت نبله من مشمشوتزوجت فله من زغلول ونال كتكوت مكافأة القبض على العصابه.,False,1,https://www.open-epg.com/files/egypt1.xml
openepg,egypt1,روتانا كلاسيك.eg,روتانا كلاسيك.eg,18,24.3,55.6,إسماعيل يس في مستشفى المجانين,حسونه الفطاطرى(إسماعيل ياسين)زمنه كالح،وفقره كابس،ورزقه حابس،وليله طويل مكسور وذليل،ويعمل بمحل ساعة لبطنك،ويحب البنت الحلوه طعمه(هندرستم)بنت المعلم حنفى(عبدالفتاح القصرى)،ولأن طعمة حلوة،فقد طمع الجميعللزواج بها،مثل الخضرى درويش(عبدالمنعم اسماعيل) والجزار رمضان(حسيناسماعيل)والقهوجى زكى(حسين عسر) ورئيس التمرجية بمستشفى المجانينعليوه(رياض القصبجى)ولذلك استغل حنفى وزوجته ام طعمة(زينات صدقى)هذه الرغبة وابتزوا الجميع بدعوى مهر طعمة وبلغت ديونهم فوق المائة جنيه،وتعهد عليوه التمرجى بتسديد الديون،مقابل زواجه من طعمة،التى رفضته لأنهاتحب حسونه الفطاطرى. قرر عليوه التخلص من حسونه ليخلوا له الجو،وزادتديون حسونه لصاحب المحل(عبدالحميدزكى) بسبب أكل المعلم حنفى للفطيرعلى حساب حسونه،فطرده من المحل،فتلقفه عليوه وإقترح عليه رجل غنى يقرضهمالا ليفتح محلاً للفطير،وتآمر عليه وقابله بمدير المستشفى(عزالدين إسلام)،وتم إدخال حسونه للمستشفى ليصطدم بمجموعة من المجانين مثل عم شفيقه(حسن أتله)والخواجه بيجو(فؤاد راتب)والدكتور شديد(فرحات عمر)وفزدق العجيب(مصطفى عزمى)وآخرين.أراد عليوه ان يثبت لطعمة ان حسونه أصبح مجنونا،فصحبها وأمها للمستشفى لرؤيته،ولكن حسونه تمكن من خداع ام طعمة،وقيدهامكانه وأخذ ملابسها،وهرب،وزار الدجال ناصح (عبدالغنى قمر)ليعمل له حجاب،ولكنه اكتشف انه نصاب،فعمل معه لإمداده بمعلومات عن زبائنه. اضطر ناصحللسفر لبلدته لشراء قطعة أرض،فشارك حسونه بالنصب فحل محله،وتمكن منالنصب على حنفى الذى أرادحجاب محبة للراقصة ازهار (كيتى)وإشتكت له أمطعمة من زوجها حنفى،فدلها على ميعاده مع أزهار ليكشفه لها،وإضطر حنفىلإدعاء الجنون،فأدخله عليوه للمستشفى،وجاءت طعمة للأستاذ ناصح ليخرج لهاأبيها وحبيبها من المستشفى،فإكتشفت انه هو نفسه حسونه،الذى جمع مالالدفع ديون أبيها،لكن حسونه كان متعقبا لطعمة فقبض على حسونه وأخذ منهالنقود،وأعاده للمستشفى.وتحدد ميعاد زواج عليوه بطعمة،ولكن حسونه وحنفىتمكنا من الهرب ورسموا خطة ومعهم أهل الحارة للإيقاع بعليوه حيث وضعوا لهبودرة العفريت ،واضطر لترك الفرح للإستحمام بشقة حنفى،فسرق حسونهملابسه وكل شئ بالمنزل يمكنه ان يلبسه،فخرج عاريا،ورآه مدير المستشفىفقبض عليه وأودعه المستشفى،وتزوج حسونه من طعمة.,False,1,https://www.open-epg.com/files/egypt1.xml
openepg,egypt1,روتانا كوميدي.eg,روتانا كوميدي.eg,13,24.3,100.0,ياباني أصلي,محرم مصطفى عبدالرحمن(أحمد عيد)خريج آداب قسم تاريخ، يعمل فى مجال السياحة، وتعرف على اليابانية ساكورا، التى تعمل ضمن البعثة الدبلوماسية بالسفارة اليابانية، وتعلم زملاءها اللغة العربية، التى تعلمتها باليابان، وقد تفاهما وتقاربا وتزوجا، وأسكنها بشقة والديه بصفط اللبن، وعاشت عاماً وانجبت التوأم المتآخى مصطفى وعبدالرحمن، وعانت من الزحام والضوضاء والتلوث والعشوائية، وتحملت مساوئ الحارة المصرية العشوائية المتواكلة، لمدة عام آخر، وفاض بها الكيل، وخافت على أبناءها من الضياع، فطلبت من زوجها محرم، الإنتقال للعيش فى طوكيو، ولكنه رفض، وإستأذنته لزيارة أهلها ومعها التوأم، وسافرت ولم تعود. أقام محرم دعوى ضم حضانة التوأم، وكسبها بمساعدة صديقه المحامى فرحات (هشام اسماعيل)، والذى يعمل على تاكسى فى الفترة المسائية، لتحسين دخله، وأقاموا الدنيا ولم يقعدوها، فى وسائل الإعلام المختلفة، لتنفيذ قرار المحكمة. تم طرد بدرية مصطفى (إيمان السيد)، شقيقة محرم من منزلها، لعدم دفع الإيجار، بعد أن أغلق زوجها الإستورجى شاهين (محمد ثروت) دكانه، وتفرغ للبلطجة ولعب القمار، وحضرت ومعها أبناءها الصغار عزت وفتحى الذين يعملون نقاشين، وأقامت فى منزل العائلة مع أخيها محرم، ولم تنسى أن تصطحب معها، كلب البحر شاهين. وحفاظاً على سمعة اليابانيين، قرر السفير اليابانى، حل المشكلة فوراً، بعقد جلسة فى السفارة بين الطرفين، مستخدماً خاصية الفيديو كونفرانس، وعرضت ساكورا على محرم، مبلغ ٥٠ ألف دولار، مقابل تنازله عن حضانة الاطفال، للحفاظ على مصلحتهم، ولكن محرم رفض التنازل عن أبناءه، ونجح محامى السفارة (عبدالرحيم حسن)، فى عقد إتفاق مع محرم، يقضى بحضور التوأم للقاهرة، للعيش مع والدهم لمدة ٦ شهور، فإذا حافظ الأب على مستوى التوأم فى الصحة والذكاء والتعليم، يبقوا فى حضانته الى الأبد، فإذا قل مستواهم فى النواحى السابقة، عادوا لحضانة أمهم الى الأبد، ويمكن إلغاء إستكمال المدة، اذا فقد الأب مصدر رزقه، أو تم إتهامه بجريمة مخلة بالشرف، وحضر التوأم للقاهرة، وشاهدوا موبقات الحارة المصرية، وطباع وأخلاق كلب البحر وأبناءه، والذى إستغلهما فى إصلاح الأجهزة الكهربائية لأهل الحارة، وتم إلحاقهم بمدرسة صفط اللبن الإبتدائية، لعدم قدرة محرم، على مصاريف المدارس الدولية، أو حتى الخاصة، وساعد التوأم فى إستذكار دروسهما الجديدة، المشرفة الإجتماعية، لبنى (ندى موسى)، التى تحضر رسالة عن أثر تغيير البيئة على سلوك الطفل، ونظراً لإرتفاع ذكاء الطفلين، فقد تم إلحاقهم بالمرحلة الإعدادية، بفضل جهود الأبله لبنى، وتعلموا من زملاءهم فى المرحلة الإعدادية، تدخين السجائر، لعب القمار، مشاهدة وإقتناء الأفلام الإباحية وتعلم الألفاظ السوقية، وإستغلهم زوج العمة فى تقديم فقرة بالأفراح، يرقصون فيها بالمطاوى، ليساعدوا والدهم الذى يمر بأزمة مالية، وعندما إقترحت لبنى، على محرم أن يعمل فى الدروس الخصوصية، دخل شقة بطريق الخطأ، تبين أنها تدار لأعمال منافية للأداب، وتم القبض عليه وخروجه من النيابة بكفالة، بعد إتهامه بجريمة مخلة بالشرف، وقرر محامى السفارة تفعيل شرط إنتهاء المهله المتفق عليها، وحضرت ساكورا لإستلام الطفلين، وهرب بهما محرم، وطاردته الأم ومعها رجال السفارة، وهنا قرر أهل الحارة التغيير، من أجل الطفلين، فنظفوا الحارة، وقللوا الضوضاء، وأحسنوا معاملة بعضهم، وفتح كلب البحر شاهين دكانه. توجه محرم وأبناءه الى صديقه المحامى فرحات، ولكن ساكورا لحقت به، فأقام لدى لبنى ووالدتها، حتى عرفت ساكورا مكانه، وأقام مع الطفلين فى المسجد، وفى الشوارع، وجاع الطفلين وتسولوا، ووجد محرم أن الأصلح لأبناءه السفر الى اليابان مع والدتهم، وعندما عاد للحارة، وجدها قد تغيرت، وإلتزم سكانها بالنظام، كما نجحت لبنى فى إلحاق الأطفال بمدرسة المتفوقين النموذجية، وهى مجانية ولا تقل عن المدارس الدولية، ولكن محرم وجد أن الأطفال، لن يعيشوا فقط فى حارة نظيفة ومدرسة نموذجية، بل هى بلد بأكملها، وتركهم لأمهم، ولكن التوأم عز عليهم ترك مصر وبها كلب البحر وأبناءه، ووالدهم والأبله لبنى، فألحوا على أمهم أن تتركهم مع والدهم، فتنازلت ساكورا عن حضانة توأمها، وتركتهم مع أبيهم ليعودا للحارة. (يابانى أصلى),False,1,https://www.open-epg.com/files/egypt1.xml
openepg,egypt1,روتانا+ أتش دي.eg,روتانا+ أتش دي.eg,0,0,0.0,,,False,1,https://www.open-epg.com/files/egypt1.xml
openepg,egypt1,زي ألوان.eg,زي ألوان.eg,25,24.3,100.0,Jamai No. 1,تدور الأحداث حول حياة زوج ابنة بار ومحب يبذل قصارى جهده للتعامل مع التحديات المختلفة، إلى جانب الحفاظ على الانسجام داخل عائلة زوجته.,False,1,https://www.open-epg.com/files/egypt1.xml
openepg,egypt1,ستار أكشن.eg,ستار أكشن.eg,0,0,0.0,,,False,1,https://www.open-epg.com/files/egypt1.xml
openepg,egypt1,ستار موفيز.eg,ستار موفيز.eg,0,0,0.0,,,False,1,https://www.open-epg.com/files/egypt1.xml
openepg,egypt1,ستار ورلد.eg,ستار ورلد.eg,0,0,0.0,,,False,1,https://www.open-epg.com/files/egypt1.xml
openepg,egypt1,سلام.eg,سلام.eg,0,0,0.0,,,False,1,https://www.open-epg.com/files/egypt1.xml
openepg,egypt1,سما دبي.eg,سما دبي.eg,21,16.8,47.6,سوق المقاصيص,في إطار كوميدي إجتماعي تدور أحداث المسلسل عن التجار في سوق كويتي قديم اسمه (سوق المقاصيص) وحال التجار فيه والمشاكل التي يتعرضون لها وإسقاطات على حال الاقتصاد الكويتي ويتعرض المسلسل لبعض السلبيات التي أفرزتها الحياة المادية المعاصرة في المجتمعات العربية.,False,1,https://www.open-epg.com/files/egypt1.xml
openepg,egypt1,سي بي سي دراما.eg,سي بي سي دراما.eg,18,17.3,100.0,مناعة,في منتصف الثمانينيات، تجد غرام نفسها وحيدة مع ثلاثة أطفال بعد مقتل زوجها الذي كان يعمل في تجارة المخدرات، فتوافق سرًا على زرع المخدرات داخل المقابر. ما يبدأ كمحاولة للبقاء يتحول إلى صعود خطير في عالم المخدرات، إلى أن تصبح «ست الحُسن» وقائدة شبكة إجرامية قوية. لكن مع تحرّك السلطات، ينهار نفوذ غرام وتُجبر على مواجهة العدالة وعواقب اختياراتها.,False,1,https://www.open-epg.com/files/egypt1.xml
openepg,egypt1,سي بي سي سفرة.eg,سي بي سي سفرة.eg,0,0,0.0,,,False,1,https://www.open-epg.com/files/egypt1.xml
openepg,egypt1,سي بي سي.eg,سي بي سي.eg,13,16.8,69.2,فيلم عربي,,False,1,https://www.open-epg.com/files/egypt1.xml
openepg,egypt1,سيما.eg,سيما.eg,13,24.3,100.0,حياتي,(أحمد) شاب جامعي يعيش مع والديه و لكن والده يعامله بشدة و تزمت ويحرص علي أن يتفوق في دراسته بكلية الهندسة حتي يحقق ما أخفق فيه هو ، يحب أحمد زميلته و جارته (منى) ولكن الاب يرفض هذا الحب البريء، ويوكل (ناهد) زوجة مديره بتعليمه كيفية مواجهة الحياة والتغلب علي خجله، لكنها تغوي أحمد ويسقط معها في علاقة محرمة، تعلم الأسرة بتلك العلاقة ويضبطوهما معاً فتهرب ناهد بسيارتها وتموت في حادثة و يعود أحمد لوالديه ولحبيبته منى نادماً بعد أن كاد يسقط في طريق الضياع.,False,1,https://www.open-epg.com/files/egypt1.xml
openepg,egypt1,صدى البلد 2.eg,صدى البلد 2.eg,21,24.3,9.5,برنامج,,False,1,https://www.open-epg.com/files/egypt1.xml
openepg,egypt1,صدى البلد دراما.eg,صدى البلد دراما.eg,25,24.3,100.0,العهد,تدور الأحداث داخل حارة دمشقية في مرحلتين زمنيتين تفصل بينهما 15 سنة، خلال الفترة التي سبقت تحرير دمشق من الاحتلال العثماني، وفترة هيمنته على الحارة، حيث يولد نزاع قوي بين وجهاء وأعيان الحارة للرد عليه ومقاومته.,False,1,https://www.open-epg.com/files/egypt1.xml
openepg,egypt1,صدى البلد.eg,صدى البلد.eg,21,24.3,33.3,برنامج,,False,1,https://www.open-epg.com/files/egypt1.xml
openepg,egypt1,عمان.eg,عمان.eg,49,24.8,44.9,البرنامج الثقافي البحث عن المعرفة,,False,1,https://www.open-epg.com/files/egypt1.xml
openepg,egypt1,عَمان.eg,عَمان.eg,18,17.3,11.1,برنامج بهار ونار,,False,1,https://www.open-epg.com/files/egypt1.xml
openepg,egypt1,قطر.eg,قطر.eg,0,0,0.0,,,False,1,https://www.open-epg.com/files/egypt1.xml
openepg,egypt1,قناة مصر الأولى.eg,قناة مصر الأولى.eg,22,24.3,36.4,برنامج,,False,1,https://www.open-epg.com/files/egypt1.xml
openepg,egypt1,ماسبيرو زمان.eg,ماسبيرو زمان.eg,33,24.6,57.6,برنامج عالم الشهرة,,False,1,https://www.open-epg.com/files/egypt1.xml
openepg,egypt1,ماسة.eg,ماسة.eg,12,10.0,8.3,برنامج,,False,1,https://www.open-epg.com/files/egypt1.xml
openepg,egypt1,ميكس بالعربي.eg,ميكس بالعربي.eg,24,24.3,87.5,فاطمة ج2,تدور الأحداث في إطار درامي، حيث تبدأ أحداث الموسم بلحظة الحكم على المعتدين في المحكمة، فتتذكر فاطمة أحداث تلك الليلة الأليمة التي مرت بها بكامل تفاصليها.,False,1,https://www.open-epg.com/files/egypt1.xml
openepg,egypt1,ميكس وان.eg,ميكس وان.eg,23,24.3,82.6,بالحجم العائلي,تدور الأحداث حول ‎السفير السابق (نادر التركي)، الذي ترك عمله بالسلك الدبلوماسي، وذلك لكي يتفرغ للقيام بما يحبه، وهو الطبخ، حيث يفتتح منتجع سياحي في مرسى علم، وهذا التغيير الطاريء على مسيرة نادر هو ما يحدث هوة بينه وبين ثريا زوجته وأبنائه اﻷربعة، ويحاول بشتى السبل أن يضيق هذه الهوة.,False,1,https://www.open-epg.com/files/egypt1.xml
openepg,egypt1,ميكس.eg,ميكس.eg,0,0,0.0,,,False,1,https://www.open-epg.com/files/egypt1.xml
openepg,egypt1,ناشونال جيوجرافيك أبو ظبي.eg,ناشونال جيوجرافيك أبو ظبي.eg,0,0,0.0,,,False,1,https://www.open-epg.com/files/egypt1.xml
openepg,egypt1,ناشيونال جيوجرافيك.eg,ناشيونال جيوجرافيك.eg,0,0,0.0,,,False,1,https://www.open-epg.com/files/egypt1.xml
openepg,egypt1,نايل دراما.eg,نايل دراما.eg,25,24.3,100.0,العميل ١٠٠١,تدور أحداث المسلسل من إحدى ملفات المخابرات المصرية حول الشاب المصري عمرو طلبة جاسوس مصري استطاع أن يتغلغل إلى الجيش والمجتمع الإسرائيلي في عملية ناجحة قبل حرب 1973م، يُكتشف الشبه الكبير بين عمرو وموسى، الشاب اليهودي الذي مات في مدينة طنطا المصرية، فيتم استغلال الشبه لتجنيد عمرو كجاسوس في إسرائيل.,False,1,https://www.open-epg.com/files/egypt1.xml
openepg,egypt1,نايل لايف.eg,نايل لايف.eg,20,24.3,30.0,برنامج,,False,1,https://www.open-epg.com/files/egypt1.xml
openepg,egypt1,نتورك بالعربية.eg,نتورك بالعربية.eg,19,18.3,100.0,Ben 10 S1,يكتشف صبي صغير يدعى بين تينيسون جهازًا شبيهًا بالساعة يلتصق بمعصمه، وهذا الجهاز يدعى (أومنيتريكس)، والذي يتيح له التحول إلى عشرة مخلوقات فضائية مختلفة.,False,1,https://www.open-epg.com/files/egypt1.xml
openepg,egypt1,نسمة.eg,نسمة.eg,29,24.3,34.5,Meryem,تتعرض (مريم) و حبيبها (أوكتاي) لحادث سير، لكنها من شدة حبها له تتحمل العقوبة دون علمها بالجناية التي قام بها (أوكتاي)، بينما يحاول المدعي العام البحث عن الجاني الحقيقي ودوافعه.,False,1,https://www.open-epg.com/files/egypt1.xml
openepg,egypt1,وان دراما.eg,وان دراما.eg,25,24.8,100.0,My Siblings,تدور أحداث المسلسل في إطار درامي حول حياة ومصير أربعة إخوة بعد وفاة والدهم، حيث يضطرون للكفاح في الحياة ومواجهة مصاعبها التي يمرون بها، ثم تتوالى الأحداث.,False,1,https://www.open-epg.com/files/egypt1.xml
openepg,egypt1,وان موفيز.eg,وان موفيز.eg,0,0,0.0,,,False,1,https://www.open-epg.com/files/egypt1.xml
openepg,egypt1,يو تي في.eg,يو تي في.eg,27,24.3,37.0,سعادة المجنون,"في لعبة شطرنج بشرية يقودها الجنون والطمع، تدور أحداث المسلسل حول ""أوس صبري""، الذي يجد نفسه عالقاً في صفقة مع الشيطان. حيث يضطر أوس للاعتراف بجريمة قتل لم يرتكبها، وهي تصفية زوجته القاضية ""صبا عزت""، وهرباً من حبل المشنقة، يتواطؤ مع شقيقه المحامي ""أشرف"" وبشكل قانوني يتدخل وزير العدل، فيُنقل أوس إلى مصح للأمراض العقلية ليقضي عقوبة مخففة لعام واحد، ويخرج لينفذ خطة انتقامه ممن ظلمه.",False,1,https://www.open-epg.com/files/egypt1.xml
openepg,egypt2,2M TV.eg,2M TV.eg,0,0,0.0,,,False,1,https://www.open-epg.com/files/egypt2.xml
openepg,egypt2,Abu Dhabi TV.eg,Abu Dhabi TV.eg,22,16.3,18.2,برنامج,,False,1,https://www.open-epg.com/files/egypt2.xml
openepg,egypt2,Al Aoula Morocco.eg,Al Aoula Morocco.eg,44,28.5,22.7,Al Boyout Asrar,"The series revolves around stories and secrets of a group of Moroccan families, and the thread connecting them is Saeed, the businessman who practices various types of exploitation and deception towards families in crisis.",False,1,https://www.open-epg.com/files/egypt2.xml
openepg,egypt2,Al Dafrah.eg,Al Dafrah.eg,31,28.3,71.0,Qahwet Al Mahatta,"A young prosecutor takes on the task of investigating a mysterious murder that took place at a train station. While searching for the killer and trying to uncover the secrets of the crime, he finds himself stuck between the evidence and his personal intuition, facing a number of suspects.",False,1,https://www.open-epg.com/files/egypt2.xml
openepg,egypt2,Al Jadeed TV.eg,Al Jadeed TV.eg,31,28.8,9.7,برنامج,,False,1,https://www.open-epg.com/files/egypt2.xml
openepg,egypt2,Al Kahera Wal Nas TV 2.eg,Al Kahera Wal Nas TV 2.eg,26,29.3,57.7,Zawaj Bil Ikrah,"Laila is a wealthy girl who gets injured in a car accident. She gets blood transfer from her chauffeur, who has AIDS. Laila's life turns to misery, and she falls for Ahmed, a new employee in her father's company, who in turn loves Hend. But Laila's father threatens him to marry Laila.",False,1,https://www.open-epg.com/files/egypt2.xml
openepg,egypt2,Al Kahera Wal Nas TV.eg,Al Kahera Wal Nas TV.eg,24,28.3,54.2,برنامج الدكتور,,False,1,https://www.open-epg.com/files/egypt2.xml
openepg,egypt2,Al Nahar Drama.eg,Al Nahar Drama.eg,18,17.3,100.0,Settohom,"After her husband is killed, Settohom gets into several conflicts with her family and tries to raise her children away from problems; however, she is forced to disguise herself as a man to face the difficulties she encounters in life.",False,1,https://www.open-epg.com/files/egypt2.xml
openepg,egypt2,Al Nahar TV.eg,Al Nahar TV.eg,30,28.3,26.7,برنامج أسرار,,False,1,https://www.open-epg.com/files/egypt2.xml
openepg,egypt2,Al Shams.eg,Al Shams.eg,0,0,0.0,,,False,1,https://www.open-epg.com/files/egypt2.xml
openepg,egypt2,Al-Manar.eg,Al-Manar.eg,0,0,0.0,,,False,1,https://www.open-epg.com/files/egypt2.xml
openepg,egypt2,Alaraby TV 2.eg,Alaraby TV 2.eg,22,20.3,13.6,برنامج صحتك,,False,1,https://www.open-epg.com/files/egypt2.xml
openepg,egypt2,Alhayat TV.eg,Alhayat TV.eg,24,28.3,37.5,حفل,,False,1,https://www.open-epg.com/files/egypt2.xml
openepg,egypt2,Aloula.eg,Aloula.eg,24,28.3,37.5,برنامج,,False,1,https://www.open-epg.com/files/egypt2.xml
openepg,egypt2,Alrasheed.eg,Alrasheed.eg,30,28.3,0.0,برنامج,,False,1,https://www.open-epg.com/files/egypt2.xml
openepg,egypt2,AlSaeedah.eg,AlSaeedah.eg,30,28.3,26.7,برنامج,,False,1,https://www.open-epg.com/files/egypt2.xml
openepg,egypt2,AlSharqiya.eg,AlSharqiya.eg,35,28.3,37.1,برنامج,,False,1,https://www.open-epg.com/files/egypt2.xml
openepg,egypt2,Alsumaria.eg,Alsumaria.eg,30,28.0,30.0,برنامج رحال,,False,1,https://www.open-epg.com/files/egypt2.xml
openepg,egypt2,Althania.eg,Althania.eg,18,17.3,55.6,Khareef Omar,"A retired lawyer's daughter is abused by her husband while they are residing in another country. As he tries hard to protect her through legal means, he faces many obstacles and is forced to use other methods.",False,1,https://www.open-epg.com/files/egypt2.xml
openepg,egypt2,Amman.eg,Amman.eg,18,17.3,11.1,برنامج بهار ونار,,False,1,https://www.open-epg.com/files/egypt2.xml
openepg,egypt2,atv.eg,atv.eg,0,0,0.0,,,False,1,https://www.open-epg.com/files/egypt2.xml
openepg,egypt2,Bahrain TV.eg,Bahrain TV.eg,0,0,0.0,,,False,1,https://www.open-epg.com/files/egypt2.xml
openepg,egypt2,beIN Drama.eg,beIN Drama.eg,29,28.3,100.0,Sarmasik Zamani,"A murder spreads terror among the residents of a wealthy and elite neighborhood, while a wife with a troubled marriage begins to reveal the secrets of the dark world of her husband, whom she believes is involved in the matter.",False,1,https://www.open-epg.com/files/egypt2.xml
openepg,egypt2,BEIN MOVIES ACTION.eg,BEIN MOVIES ACTION.eg,10,18.1,100.0,Four Souls of Coyote,Native Americans demonstrate against an oil pipeline project that is just a short distance from their ancestral lands. The grandfather reminds us all that we must discover our position within the vast circle of beings by bringing up the story of Creation.,False,1,https://www.open-epg.com/files/egypt2.xml
openepg,egypt2,BEIN MOVIES DRAMA.eg,BEIN MOVIES DRAMA.eg,9,17.6,100.0,Just the Two of Us,"Blanche Renard believes that Greg Lamoureux is the right person for her, but she soon discovers that she is stuck in a toxic relationship with a dangerous and controlling man.",False,1,https://www.open-epg.com/files/egypt2.xml
openepg,egypt2,BEIN MOVIES FAMILY.eg,BEIN MOVIES FAMILY.eg,11,17.1,90.9,Rugrats Go Wild,"When the Rugrats and their family are stranded on an island, they seek help from the Thornberrys, a family that makes nature documentaries.",False,1,https://www.open-epg.com/files/egypt2.xml
openepg,egypt2,BEIN MOVIES PREMIERE.eg,BEIN MOVIES PREMIERE.eg,10,17.3,100.0,Bosco,"The work follows the story of the prisoner, Bosco Adams, who decides to escape from prison after being sentenced to 35 years in prison for drug possession, as he seeks to see his daughter and confront his dark past.",False,1,https://www.open-epg.com/files/egypt2.xml
openepg,egypt2,BeIn Series HD 1.eg,BeIn Series HD 1.eg,28,28.3,85.7,The Good Doctor S1,"When the talented young surgeon, Dr. Shaun Murphy, gets a job at a prestigious hospital, he struggles to find his place among colleagues who worry that his autism and Savant syndrome could hinder his ability to communicate and help patients.",False,1,https://www.open-epg.com/files/egypt2.xml
openepg,egypt2,beIN Series HD 2.eg,beIN Series HD 2.eg,34,27.8,97.1,Black Clover S3,"In the third season, the Clover Kingdom recovers, and Asta and Secre face trial and vindication; meanwhile, Asta and his allies train to confront terrifying devils, while Yuno solidifies his status as a prodigy, growing significantly stronger while maintaining his fierce rivalry with Asta.",False,1,https://www.open-epg.com/files/egypt2.xml
openepg,egypt2,CBC Drama.eg,CBC Drama.eg,18,17.3,100.0,Manna'a,"In the mid-1980s, after her drug-dealing husband is killed, Gharam finds herself a single mother and decides to follow in his footsteps. What starts as an attempt to survive turns into a dangerous rise in the drug world until she becomes the leader of a powerful criminal network. But when the authorities close in, Gharam’s empire starts to collapse, and she’s forced to reckon with her choices.",False,1,https://www.open-epg.com/files/egypt2.xml
openepg,egypt2,CBC sofra.eg,CBC sofra.eg,0,0,0.0,,,False,1,https://www.open-epg.com/files/egypt2.xml
openepg,egypt2,CBC.eg,CBC.eg,13,16.8,69.2,فيلم عربي,,False,1,https://www.open-epg.com/files/egypt2.xml
openepg,egypt2,Cima.eg,Cima.eg,15,28.3,100.0,Hayati,"Ahmed lives with his family, but he faces many problems with his father as he is cruel and wants to force him to study engineering in spite of him. Ahmed falls in love with his neighbor and colleague Mona, but his father stands in the way of their marriage, and plots to keep them apart.",False,1,https://www.open-epg.com/files/egypt2.xml
openepg,egypt2,Dijlah TV.eg,Dijlah TV.eg,18,17.3,0.0,برنامج الحكم الرابع,,False,1,https://www.open-epg.com/files/egypt2.xml
openepg,egypt2,Discovery.eg,Discovery.eg,0,0,0.0,,,False,1,https://www.open-epg.com/files/egypt2.xml
openepg,egypt2,DMC DRAMA.eg,DMC DRAMA.eg,17,17.3,94.1,Hend W Aldoctor Noman,"As Dr. Noman's daughter and her husband go on secondment, they decide to leave their daughter Hend with her grandfather. In Egypt, Hend is the only eyewitness to a murder, and the murderers plan to have her killed.",False,1,https://www.open-epg.com/files/egypt2.xml
openepg,egypt2,DMC.eg,DMC.eg,21,28.0,57.1,حفل غنائي,,False,1,https://www.open-epg.com/files/egypt2.xml
openepg,egypt2,Dubai One.eg,Dubai One.eg,0,0,0.0,,,False,1,https://www.open-epg.com/files/egypt2.xml
openepg,egypt2,Dubai TV.eg,Dubai TV.eg,0,0,0.0,,,False,1,https://www.open-epg.com/files/egypt2.xml
openepg,egypt2,Dubai Zaman.eg,Dubai Zaman.eg,0,0,0.0,,,False,1,https://www.open-epg.com/files/egypt2.xml
openepg,egypt2,Echorouk TV.eg,Echorouk TV.eg,30,27.8,30.0,برنامج,,False,1,https://www.open-epg.com/files/egypt2.xml
openepg,egypt2,Egyptian TV.eg,Egyptian TV.eg,24,28.3,37.5,برنامج,,False,1,https://www.open-epg.com/files/egypt2.xml
openepg,egypt2,Emirates.eg,Emirates.eg,34,28.3,64.7,Ayn Al Theeb,"As enmity arises between two tribes and lasts for a long time, they decide to reconcile when Sama marries the son of the other tribe's chieftain, but as the deep grudges ignite again, Sama is forced to run away, after which she meets Fares, for whom she falls head over heels.",False,1,https://www.open-epg.com/files/egypt2.xml
openepg,egypt2,ETC TV.eg,ETC TV.eg,0,0,0.0,,,False,1,https://www.open-epg.com/files/egypt2.xml
openepg,egypt2,Fujairah.eg,Fujairah.eg,20,16.3,40.0,برنامج جسور بين الثقافات,,False,1,https://www.open-epg.com/files/egypt2.xml
openepg,egypt2,Hadhramaut TV.eg,Hadhramaut TV.eg,31,17.3,9.7,فترة دينية,,False,1,https://www.open-epg.com/files/egypt2.xml
openepg,egypt2,iFILM TV.eg,iFILM TV.eg,27,28.3,81.5,Fragrant,,False,1,https://www.open-epg.com/files/egypt2.xml
openepg,egypt2,Iraqia TV.eg,Iraqia TV.eg,24,17.3,29.2,Reprehensible Character Traits,,False,1,https://www.open-epg.com/files/egypt2.xml
openepg,egypt2,Jordan TV.eg,Jordan TV.eg,23,17.4,13.0,برنامج احصاه الله,,False,1,https://www.open-epg.com/files/egypt2.xml
openepg,egypt2,Kuwait.eg,Kuwait.eg,0,0,0.0,,,False,1,https://www.open-epg.com/files/egypt2.xml
openepg,egypt2,LBC.eg,LBC.eg,23,28.3,82.6,Bank El Hazz,"After Mohamed Saleh (Mohamed Mamdouh) gets fired because of his ongoing abuses against customers, he plots with his colleague Amr (Akram Hosni), and Zaro (Mohamed Tharwat) their partner in the PlayStation Store , to steal 15 million pounds from the bank where he used to work.",False,1,https://www.open-epg.com/files/egypt2.xml
openepg,egypt2,LBCI.eg,LBCI.eg,30,29.3,26.7,برنامج قصتي,,False,1,https://www.open-epg.com/files/egypt2.xml
openepg,egypt2,LDC.eg,LDC.eg,30,29.3,26.7,برنامج قصتي,,False,1,https://www.open-epg.com/files/egypt2.xml
openepg,egypt2,LTV.eg,LTV.eg,29,28.3,82.8,Kezib Abyad,"The lives of four sisters are turned upside down after the sudden death of their wealthy father, who leaves behind many problems that force them to leave their luxurious lives behind and deal with these problems and life's challenges. They try to overcome them through love, cooperation, and sisterhood, and are subjected to a different life experience that they have never witnessed before.",False,1,https://www.open-epg.com/files/egypt2.xml
openepg,egypt2,Masah.eg,Masah.eg,12,10.0,8.3,برنامج,,False,1,https://www.open-epg.com/files/egypt2.xml
openepg,egypt2,Maspero Zaman.eg,Maspero Zaman.eg,37,28.3,51.4,برنامج عالم الشهرة,,False,1,https://www.open-epg.com/files/egypt2.xml
openepg,egypt2,MBC 2.eg,MBC 2.eg,7,15.8,100.0,Justice League,"After his restored faith in humanity and his inspiration from Superman’s neglect of himself, Batman unites with Princess Diana to defeat the strong villain.",False,1,https://www.open-epg.com/files/egypt2.xml
openepg,egypt2,MBC 3.eg,MBC 3.eg,0,0,0.0,,,False,1,https://www.open-epg.com/files/egypt2.xml
openepg,egypt2,MBC 4.eg,MBC 4.eg,0,0,0.0,,,False,1,https://www.open-epg.com/files/egypt2.xml
openepg,egypt2,MBC 5.eg,MBC 5.eg,0,0,0.0,,,False,1,https://www.open-epg.com/files/egypt2.xml
openepg,egypt2,MBC Action.eg,MBC Action.eg,22,28.4,31.8,ملخص ايل اوف مان,,False,1,https://www.open-epg.com/files/egypt2.xml
openepg,egypt2,MBC Bollywood.eg,MBC Bollywood.eg,0,0,0.0,,,False,1,https://www.open-epg.com/files/egypt2.xml
openepg,egypt2,MBC Drama +.eg,MBC Drama +.eg,0,0,0.0,,,False,1,https://www.open-epg.com/files/egypt2.xml
openepg,egypt2,MBC Drama.eg,MBC Drama.eg,0,0,0.0,,,False,1,https://www.open-epg.com/files/egypt2.xml
openepg,egypt2,MBC Egypt.eg,MBC Egypt.eg,0,0,0.0,,,False,1,https://www.open-epg.com/files/egypt2.xml
openepg,egypt2,MBC Iraq.eg,MBC Iraq.eg,0,0,0.0,,,False,1,https://www.open-epg.com/files/egypt2.xml
openepg,egypt2,MBC MASR 2.eg,MBC MASR 2.eg,0,0,0.0,,,False,1,https://www.open-epg.com/files/egypt2.xml
openepg,egypt2,MBC Masr Drama.eg,MBC Masr Drama.eg,34,27.9,100.0,El Leaba 2: Level El Wahsh,"After their success in getting rid of Samir, Wasim and Mazo return to the game again along with their wives, as the duo face many challenges, including winning the heart of their neighbor Nisreen in the game.",False,1,https://www.open-epg.com/files/egypt2.xml
openepg,egypt2,MBC MAX.eg,MBC MAX.eg,8,16.3,100.0,Dunkirk,"After a fierce struggle with German forces in the town of Dunkirk, soldiers from the British Empire, Belgium, and France attempt to flee the area during World War II.",False,1,https://www.open-epg.com/files/egypt2.xml
openepg,egypt2,MBC.eg,MBC.eg,0,0,0.0,,,False,1,https://www.open-epg.com/files/egypt2.xml
openepg,egypt2,Mehwar.eg,Mehwar.eg,21,27.8,38.1,90 Daqiqa,"In 2006, Riham El Sahly and Moataz Al Demerdash hosted one of the most significant talk shows. In 2011, journalist Amr Al Laithy replaced Al Demerdash on the show. The show highlights Arab and Egyptian neighborhood events. Additionally, it tracks viewer objectives, views, and interests. Economists, journalists, and politicians are also regular guests.",False,1,https://www.open-epg.com/files/egypt2.xml
openepg,egypt2,Mix Bel Araby.eg,Mix Bel Araby.eg,28,28.3,71.4,What Is Fatmagul's Fault? S2,"The season's events begin with the moment the attackers are sentenced in court, and Fatima recalls the events of that painful night in all its details.",False,1,https://www.open-epg.com/files/egypt2.xml
openepg,egypt2,Mix ONE.eg,Mix ONE.eg,27,28.3,81.5,Bel Hagm el A'eli,"This comedy series tells the story of Nader, an ex-ambassador, who decides to leave the political field and start his own restaurant in a tourist hotspot where he cooks the meals himself.",False,1,https://www.open-epg.com/files/egypt2.xml
openepg,egypt2,Mix.eg,Mix.eg,0,0,0.0,,,False,1,https://www.open-epg.com/files/egypt2.xml
openepg,egypt2,MTV.eg,MTV.eg,22,17.8,31.8,برنامج,,False,1,https://www.open-epg.com/files/egypt2.xml
openepg,egypt2,National Geographic Abu Dhabi.eg,National Geographic Abu Dhabi.eg,0,0,0.0,,,False,1,https://www.open-epg.com/files/egypt2.xml
openepg,egypt2,National Geographic.eg,National Geographic.eg,0,0,0.0,,,False,1,https://www.open-epg.com/files/egypt2.xml
openepg,egypt2,Nessma.eg,Nessma.eg,35,28.3,31.4,Meryem,"Meryem and her lover Oktay involve in a car accident, but because of her intense love for him, she bears the punishment without her knowledge of the crime he committed. On the other hand, the public prosecutor tries to search for the real culprit and his motives.",False,1,https://www.open-epg.com/files/egypt2.xml
openepg,egypt2,Network Arabic.eg,Network Arabic.eg,19,18.3,100.0,Ben 10 S1,A young boy finds a device resembling a watch that can transform him into 10 different alien creatures.,False,1,https://www.open-epg.com/files/egypt2.xml
openepg,egypt2,Nile Drama.eg,Nile Drama.eg,29,28.3,100.0,Al Ameel 1001,"The story of the Egyptian young spy Amr Tolba who was able to infiltrate both the Israeli army and society in a successful operation before the 1973 War. When Musa, a young Jewish man in Tanta dies, his resemblance to Amr is used to recruit Amr and plant him in Israel.",False,1,https://www.open-epg.com/files/egypt2.xml
openepg,egypt2,Nile Life.eg,Nile Life.eg,23,29.3,30.4,برنامج,,False,1,https://www.open-epg.com/files/egypt2.xml
openepg,egypt2,Oman.eg,Oman.eg,56,28.3,33.9,البرنامج الثقافي البحث عن المعرفة,,False,1,https://www.open-epg.com/files/egypt2.xml
openepg,egypt2,ON Drama.eg,ON Drama.eg,18,17.3,100.0,Isma'il Yassin (Abu Dehka Genan),"The series chronicles the life of the iconic artist Ismail Yassine who started his career as a singer in Suez, and his long journey until he became the top comedian in the 1950s.",False,1,https://www.open-epg.com/files/egypt2.xml
openepg,egypt2,ON E.eg,ON E.eg,14,16.8,42.9,Fan Al Harb,"Ziad chooses acting instead of joining his father’s business, but a sudden betrayal leads to the collapse of the family empire. After his father’s death, Ziad returns determined to recover the stolen money and restore the family name, using his acting skills and clever schemes against those who ruined their lives. But as he gets close to his goal, he becomes trapped in a dangerous double game.",False,1,https://www.open-epg.com/files/egypt2.xml
openepg,egypt2,One Drama.eg,One Drama.eg,28,27.8,100.0,My Siblings,"The events of the series revolve around the life and fate of four siblings after the death of their father, as they are forced to struggle in life and face some obstacles in their way.",False,1,https://www.open-epg.com/files/egypt2.xml
openepg,egypt2,One Movies.eg,One Movies.eg,0,0,0.0,,,False,1,https://www.open-epg.com/files/egypt2.xml
openepg,egypt2,OSN TV Comedy.eg,OSN TV Comedy.eg,62,27.8,100.0,Friends S10,"In the final season, Ross tries to hide his pain when he discovers Rachel and Joey's romance, while Chandler and Monica decide to adopt a child, and Mike and Phoebe agree to get married.",False,1,https://www.open-epg.com/files/egypt2.xml
openepg,egypt2,OSN TV Crime.eg,OSN TV Crime.eg,33,27.8,100.0,Olive Kitteridge,"The story revolves around Olive, who lives in a New England town, where crime and illegal acts are rampant. She recounts her life with her husband, Henry, who works as a pharmacist and their son Christopher, who despises her parenting style and the system of the community around him.",False,1,https://www.open-epg.com/files/egypt2.xml
openepg,egypt2,OSN TV Kids.eg,OSN TV Kids.eg,0,0,0.0,,,False,1,https://www.open-epg.com/files/egypt2.xml
openepg,egypt2,OSN TV Movies Action.eg,OSN TV Movies Action.eg,15,29.3,100.0,Shazam!,"The life of the foster child Billy Batson changes forever after the ancient wizard Shazam grants him the power to transform into an adult superhero, only to find himself chased by Dr. Thaddeus Sivana who is after his newfound powers.",False,1,https://www.open-epg.com/files/egypt2.xml
openepg,egypt2,OSN TV Movies Comedy.eg,OSN TV Movies Comedy.eg,11,17.3,100.0,Frequently Asked Questions About Time Travel,"When the three social outcasts friends Ray, Pete, and Toby go to the pub one day, things take an unexpected turn when they meet a girl named Cassie who comes from the future. They find themselves embarking on an adventure to navigate a time travel conundrum.",False,1,https://www.open-epg.com/files/egypt2.xml
openepg,egypt2,OSN TV Movies Family.eg,OSN TV Movies Family.eg,14,29.0,100.0,Fantastic Mr. Fox,"Mr. Fox loves to chase and steal chickens and roosters. When he is arrested during one of his attempts, he promises his wife to quit stealing, and looks for another job. After two years, he moves with his family close to the evil farmers, who try to get rid of him, so he decides to stand up to them.",False,1,https://www.open-epg.com/files/egypt2.xml
openepg,egypt2,OSN TV Movies Hollywood.eg,OSN TV Movies Hollywood.eg,16,29.0,100.0,Age of Heroes,"The story depicts the actual events leading up to the creation of Ian Fleming's 30 Commando regiment, which preceded the elite British military units.",False,1,https://www.open-epg.com/files/egypt2.xml
openepg,egypt2,OSN TV Movies Premiere.eg,OSN TV Movies Premiere.eg,16,28.0,100.0,Babygirl,"A female CEO's career and family are threatened after she falls in love with a much younger intern at her company, so she works hard to keep the affair a secret to maintain her status.",False,1,https://www.open-epg.com/files/egypt2.xml
openepg,egypt2,OSN TV Now.eg,OSN TV Now.eg,42,27.8,100.0,Dubai Hustle,"The series follows the lives of a group of real estate agents from the United Kingdom, as they attempt to make money and compete in Dubai's tough real estate market.",False,1,https://www.open-epg.com/files/egypt2.xml
openepg,egypt2,OSN TV One.eg,OSN TV One.eg,35,28.1,71.4,Red Bull Signature Series S3,"In its third season, the program continues its comprehensive coverage of sporting events, athletes, venues, and analysis of popular competitions in snowboarding, mountain biking, freestyle motocross, BMX, and more.",False,1,https://www.open-epg.com/files/egypt2.xml
openepg,egypt2,OSN TV Showcase.eg,OSN TV Showcase.eg,22,17.8,100.0,Game Theory with Bomani Jones,"Bomani Jones, one of the most well-known journalists of our time, covers a range of current issues in the world of sports, reviewing many of the current events.",False,1,https://www.open-epg.com/files/egypt2.xml
openepg,egypt2,OSN TV Yahala Bil Arabi.eg,OSN TV Yahala Bil Arabi.eg,33,28.2,97.0,Deep in Love,"A strong, independent woman lives on the Black Sea coast, facing daily challenges and internal conflicts. One day, a troubled man appears in her life. Their fates intertwine amidst sea storms, beginning a shared journey in which each reveals their strengths and weaknesses. Together, they learn the meaning of courage, love, and resilience in the face of adversity.",False,1,https://www.open-epg.com/files/egypt2.xml
openepg,egypt2,Osn Ya Hala Aflam.eg,Osn Ya Hala Aflam.eg,17,29.0,100.0,Gurub Al Mamiz,"A school WhatsApp group brings together three mothers from three different social classes, where Maryam and Nadia aren't getting along with their children, so the former Miss Egypt decides to help them bring them closer to their children, as she is a kind, cheerful mother who lacks discipline.",False,1,https://www.open-epg.com/files/egypt2.xml
openepg,egypt2,OSN Ya Hala.eg,OSN Ya Hala.eg,35,27.8,100.0,Sama Alia,"The series tackles the Kuwaiti woman's struggle over decades, from the 60s till the present time, through a number of events, mainly the story of the open-minded Rashid who marries Sheikha, who was brought up in a conservative environment, as she begins to go through many transformations in her life.",False,1,https://www.open-epg.com/files/egypt2.xml
openepg,egypt2,Qatar.eg,Qatar.eg,0,0,0.0,,,False,1,https://www.open-epg.com/files/egypt2.xml
openepg,egypt2,Rotana Cinema Masr.eg,Rotana Cinema Masr.eg,15,29.3,100.0,Shantet Hamza,A professional con man (Hamada Hilal) falls in love with a powerful woman who used to work for an infamous con gang.,False,1,https://www.open-epg.com/files/egypt2.xml
openepg,egypt2,Rotana Cinema.eg,Rotana Cinema.eg,15,28.3,100.0,Luakanidat almufajat,"Two young men open an office for secret police work. A man hires them to find his mistress' missing dog. Unable to find the dog, they use a similar dog and go to a hotel to hand over the fake dog but unexpected events occur.",False,1,https://www.open-epg.com/files/egypt2.xml
openepg,egypt2,Rotana Classic.eg,Rotana Classic.eg,22,29.3,54.5,Ismael Yassin fi mustashfaa almajanin,"All the men from the neighborhood want to marry the beautiful Temma. Her father promises everyone who owes him money that they will marry his daughter. When he gets exposed, the grooms demand their money. While Temma loves a young man who works in a confectionery shop, so her father tries to get rid of him.",False,1,https://www.open-epg.com/files/egypt2.xml
openepg,egypt2,Rotana Comedy.eg,Rotana Comedy.eg,15,28.3,100.0,Yabani Asli,"Muharram falls in love with a Japanese diplomat named Sakura, they get married and have twins. But she returns to Japan with the kids without his knowledge because of the difficult living conditions. Seven years later, they reach an agreement that the children come for six months to stay with him, but under conditions.",False,1,https://www.open-epg.com/files/egypt2.xml
openepg,egypt2,Rotana Drama.eg,Rotana Drama.eg,29,28.3,100.0,Nasamat Ayloul,"Taking place in a Syrian rural village, the story deals with human relations, the concerns of countryside residents, the daily issues and problems of the youth and the elderly, and the various life challenges they face.",False,1,https://www.open-epg.com/files/egypt2.xml
openepg,egypt2,Rotana Khalejia.eg,Rotana Khalejia.eg,25,28.3,68.0,Ana Wala Ana,"A modest family falls apart when their father dies, leaving them exposed. While the eldest son drives a bus to gather what remains, the younger brother is swept away by greed, and the sister plunges into the world of illicit activities in pursuit of power. Soon, the family faces the possibility of catastrophic collapse, which could destroy their precious memories.",False,1,https://www.open-epg.com/files/egypt2.xml
openepg,egypt2,Rotana Movies+.eg,Rotana Movies+.eg,0,0,0.0,,,False,1,https://www.open-epg.com/files/egypt2.xml
openepg,egypt2,Rotana+ HD.eg,Rotana+ HD.eg,0,0,0.0,,,False,1,https://www.open-epg.com/files/egypt2.xml
openepg,egypt2,Roya.eg,Roya.eg,23,29.3,65.2,Matbakh Roya,"The program Roya Kitchen presents the ingredients and methods for preparing many local, Arab, and international foods and dishes.",False,1,https://www.open-epg.com/files/egypt2.xml
openepg,egypt2,Sada El Balad 2.eg,Sada El Balad 2.eg,25,29.3,8.0,برنامج,,False,1,https://www.open-epg.com/files/egypt2.xml
openepg,egypt2,Sada El Balad Drama.eg,Sada El Balad Drama.eg,29,28.3,100.0,Al Ahed,"The events take place inside a Damascus neighborhood in two time periods separated by 15 years, during the period that preceded the liberation of Damascus from the Ottoman occupation, and the period of the Ottoman control over the neighborhood, as a strong conflict erupts among the notables of the neighborhood to respond to and resist it.",False,1,https://www.open-epg.com/files/egypt2.xml
openepg,egypt2,Sada El Balad.eg,Sada El Balad.eg,24,28.3,33.3,برنامج,,False,1,https://www.open-epg.com/files/egypt2.xml
openepg,egypt2,Salam TV.eg,Salam TV.eg,0,0,0.0,,,False,1,https://www.open-epg.com/files/egypt2.xml
openepg,egypt2,Sama Dubai.eg,Sama Dubai.eg,21,16.8,47.6,Souq El Maqasis,"The plot focuses on the merchants in an old Kuwaiti market called El Maqasis Market and the problems they face, shedding light on the state of the Kuwaiti economy and revealing some of the negative aspects of contemporary material life in Arab societies.",False,1,https://www.open-epg.com/files/egypt2.xml
openepg,egypt2,Saudiya TV.eg,Saudiya TV.eg,40,28.3,57.5,برنامج فتاوى,,False,1,https://www.open-epg.com/files/egypt2.xml
openepg,egypt2,SBC.eg,SBC.eg,30,28.3,56.7,برنامج مطبخ ضحي,,False,1,https://www.open-epg.com/files/egypt2.xml
openepg,egypt2,Sharjah TV.eg,Sharjah TV.eg,39,28.3,20.5,برنامج,,False,1,https://www.open-epg.com/files/egypt2.xml
openepg,egypt2,Star Action.eg,Star Action.eg,0,0,0.0,,,False,1,https://www.open-epg.com/files/egypt2.xml
openepg,egypt2,Star Movies.eg,Star Movies.eg,0,0,0.0,,,False,1,https://www.open-epg.com/files/egypt2.xml
openepg,egypt2,Star World.eg,Star World.eg,0,0,0.0,,,False,1,https://www.open-epg.com/files/egypt2.xml
openepg,egypt2,TeN TV.eg,TeN TV.eg,25,27.8,24.0,برنامج صحتين,,False,1,https://www.open-epg.com/files/egypt2.xml
openepg,egypt2,Thikrayat Tv.eg,Thikrayat Tv.eg,24,17.3,70.8,Adventures of the Little Koala,"Robert, the famous koala, goes on a series of amazing adventures with his friends and family.",False,1,https://www.open-epg.com/files/egypt2.xml
openepg,egypt2,Utv.eg,Utv.eg,32,28.3,34.4,Saadaet Al Magnoun,"Madness and greed fuel a compelling game between three self-centered people. A man who never retreats, seeking power and fortune; a corrupt, cold-hearted lady seeking control; and an opportunistic businessman who manipulates everyone to maintain his position through shady dealings. The conflict between desire and betrayal shows power when ambition becomes insane.",False,1,https://www.open-epg.com/files/egypt2.xml
openepg,egypt2,Watania 2.eg,Watania 2.eg,0,0,0.0,,,False,1,https://www.open-epg.com/files/egypt2.xml
openepg,egypt2,Watania1.eg,Watania1.eg,0,0,0.0,,,False,1,https://www.open-epg.com/files/egypt2.xml
openepg,egypt2,WTV.eg,WTV.eg,25,18.3,16.0,برنامج أدرينالين,,False,1,https://www.open-epg.com/files/egypt2.xml
openepg,egypt2,Zee alwan.eg,Zee alwan.eg,29,28.3,100.0,Jamai No. 1,The story follows the life of a kind and loving son-in-law who does his best to deal with various challenges while maintaining harmony within his wife's family.,False,1,https://www.open-epg.com/files/egypt2.xml
openepg,qatar1,beIN 4K.qa,beIN 4K.qa,14,24.9,100.0,Main Race - F1 Azerbaijan Grand Prix - FIA Formula 1 World Championship 2026,"24 Grand Prix from the Formula 1 Season are live and exclusive only on beIN.All Practices, Qualifiers and Races are available live with a choice of Arabic or English commentary.The 2026 season will consist of 6 Sprint Races within the 24 weekends.For the first time 11 Teams and 22 Drivers will compete to win the World Formula 1 Championships for",False,1,https://www.open-epg.com/files/qatar1.xml
openepg,qatar1,beIN SPORTS 1 AFC.qa,beIN SPORTS 1 AFC.qa,0,0,0.0,,,False,1,https://www.open-epg.com/files/qatar1.xml
openepg,qatar1,beIN SPORTS 1.qa,beIN SPORTS 1.qa,20,24.6,100.0,Qatar vs Hong Kong - Volleyball Men's - Asian Games Aichi-Nagoya 2026,"The 20th Asian Games takes place in Aichi Prefecture and Nagoya, Japan, from September 19 to October 4, 2026.46 Nations and 10,840 Athletes from across Asia will come together for unforgettable moments of competition and achievement.",False,1,https://www.open-epg.com/files/qatar1.xml
openepg,qatar1,beIN SPORTS 2 AFC.qa,beIN SPORTS 2 AFC.qa,0,0,0.0,,,False,1,https://www.open-epg.com/files/qatar1.xml
openepg,qatar1,beIN SPORTS 2.qa,beIN SPORTS 2.qa,13,24.6,100.0,Beach Volleyball - Asian Games Aichi-Nagoya 2026 - W/M,"The 20th Asian Games takes place in Aichi Prefecture and Nagoya, Japan, from September 19 to October 4, 2026.46 Nations and 10,840 Athletes from across Asia will come together for unforgettable moments of competition and achievement.",False,1,https://www.open-epg.com/files/qatar1.xml
openepg,qatar1,beIN SPORTS 3 AFC.qa,beIN SPORTS 3 AFC.qa,0,0,0.0,,,False,1,https://www.open-epg.com/files/qatar1.xml
openepg,qatar1,beIN SPORTS 3.qa,beIN SPORTS 3.qa,12,25.6,100.0,Equestrian - Dressage - Asian Games Aichi-Nagoya 2026,"The 20th Asian Games takes place in Aichi Prefecture and Nagoya, Japan, from September 19 to October 4, 2026.46 Nations and 10,840 Athletes from across Asia will come together for unforgettable moments of competition and achievement.",False,1,https://www.open-epg.com/files/qatar1.xml
openepg,qatar1,beIN SPORTS 4 AFC.qa,beIN SPORTS 4 AFC.qa,0,0,0.0,,,False,1,https://www.open-epg.com/files/qatar1.xml
openepg,qatar1,beIN SPORTS 4.qa,beIN SPORTS 4.qa,14,26.6,100.0,Athletics - Marathon Race Walk - Asian Games Aichi-Nagoya 2026 - W/M,"The 20th Asian Games takes place in Aichi Prefecture and Nagoya, Japan, from September 19 to October 4, 2026.46 Nations and 10,840 Athletes from across Asia will come together for unforgettable moments of competition and achievement.",False,1,https://www.open-epg.com/files/qatar1.xml
openepg,qatar1,beIN SPORTS 5 AFC.qa,beIN SPORTS 5 AFC.qa,0,0,0.0,,,False,1,https://www.open-epg.com/files/qatar1.xml
openepg,qatar1,beIN SPORTS 5.qa,beIN SPORTS 5.qa,12,27.8,100.0,Athletics　110m Hurdles /Decathlon /Discus Final - - Asian Games Aichi-Nagoya 2026 - W/M,"The 20th Asian Games takes place in Aichi Prefecture and Nagoya, Japan, from September 19 to October 4, 2026.46 Nations and 10,840 Athletes from across Asia will come together for unforgettable moments of competition and achievement.",False,1,https://www.open-epg.com/files/qatar1.xml
openepg,qatar1,beIN SPORTS 6 AFC.qa,beIN SPORTS 6 AFC.qa,0,0,0.0,,,False,1,https://www.open-epg.com/files/qatar1.xml
openepg,qatar1,beIN SPORTS 6.qa,beIN SPORTS 6.qa,9,27.3,100.0,Fencing - SF/F - Asian Games Aichi-Nagoya 2026 -W/M,"The 20th Asian Games takes place in Aichi Prefecture and Nagoya, Japan, from September 19 to October 4, 2026.46 Nations and 10,840 Athletes from across Asia will come together for unforgettable moments of competition and achievement.",False,1,https://www.open-epg.com/files/qatar1.xml
openepg,qatar1,beIN SPORTS 7.qa,beIN SPORTS 7.qa,11,24.6,100.0,Diving - Finals - Asian Games Aichi-Nagoya 2026 - W/M,"The 20th Asian Games takes place in Aichi Prefecture and Nagoya, Japan, from September 19 to October 4, 2026.46 Nations and 10,840 Athletes from across Asia will come together for unforgettable moments of competition and achievement.",False,1,https://www.open-epg.com/files/qatar1.xml
openepg,qatar1,beIN SPORTS 8.qa,beIN SPORTS 8.qa,11,25.3,81.8,Artistic Swimming - Asian Games Aichi-Nagoya 2026 W/M,"The 20th Asian Games takes place in Aichi Prefecture and Nagoya, Japan, from September 19 to October 4, 2026.46 Nations and 10,840 Athletes from across Asia will come together for unforgettable moments of competition and achievement.",False,1,https://www.open-epg.com/files/qatar1.xml
openepg,qatar1,beIN SPORTS 9.qa,beIN SPORTS 9.qa,14,25.3,50.0,Weightlifting - Finals - Asian Games Aichi-Nagoya 2026 - W,"The 20th Asian Games takes place in Aichi Prefecture and Nagoya, Japan, from September 19 to October 4, 2026.46 Nations and 10,840 Athletes from across Asia will come together for unforgettable moments of competition and achievement.",False,1,https://www.open-epg.com/files/qatar1.xml
openepg,qatar1,beIN SPORTS AFC.qa,beIN SPORTS AFC.qa,0,0,0.0,,,False,1,https://www.open-epg.com/files/qatar1.xml
openepg,qatar1,beIN SPORTS EN 1.qa,beIN SPORTS EN 1.qa,15,25.8,100.0,Netherlands vs Germany - Mini Matche - UEFA Nations League 2026/27 - Match Day 1,Netherlands vs GermanyUEFA Nations LeagueSeason 2026/2027Qualifier RoundGroup A2Johan Cruijff ArenA Stadium,False,1,https://www.open-epg.com/files/qatar1.xml
openepg,qatar1,beIN SPORTS EN 2.qa,beIN SPORTS EN 2.qa,11,24.8,72.7,Athletics - Marathon Race Walk - Asian Games Aichi-Nagoya 2026 - W/M,"The 20th Asian Games takes place in Aichi Prefecture and Nagoya, Japan, from September 19 to October 4, 2026.46 Nations and 10,840 Athletes from across Asia will come together for unforgettable moments of competition and achievement.",False,1,https://www.open-epg.com/files/qatar1.xml
openepg,qatar1,beIN SPORTS FR 1.qa,beIN SPORTS FR 1.qa,0,0,0.0,,,False,1,https://www.open-epg.com/files/qatar1.xml
openepg,qatar1,beIN SPORTS FR 2.qa,beIN SPORTS FR 2.qa,0,0,0.0,,,False,1,https://www.open-epg.com/files/qatar1.xml
openepg,qatar1,beIN SPORTS MAX 1.qa,beIN SPORTS MAX 1.qa,14,26.3,100.0,beIN Sports MAX,beIN SPORTS MAX Channel for exclusive coverage of major sporting tournaments.,False,1,https://www.open-epg.com/files/qatar1.xml
openepg,qatar1,beIN SPORTS MAX 2.qa,beIN SPORTS MAX 2.qa,14,26.3,100.0,beIN Sports MAX,beIN SPORTS MAX Channel for exclusive coverage of major sporting tournaments.,False,1,https://www.open-epg.com/files/qatar1.xml
openepg,qatar1,beIN SPORTS MAX 3.qa,beIN SPORTS MAX 3.qa,14,26.3,100.0,beIN Sports MAX,beIN SPORTS MAX Channel for exclusive coverage of major sporting tournaments.,False,1,https://www.open-epg.com/files/qatar1.xml
openepg,qatar1,beIN SPORTS MAX 4.qa,beIN SPORTS MAX 4.qa,14,26.3,100.0,beIN Sports MAX,beIN SPORTS MAX Channel for exclusive coverage of major sporting tournaments.,False,1,https://www.open-epg.com/files/qatar1.xml
openepg,qatar1,beIN SPORTS MAX 5.qa,beIN SPORTS MAX 5.qa,14,26.3,100.0,beIN Sports MAX,beIN SPORTS MAX Channel for exclusive coverage of major sporting tournaments.,False,1,https://www.open-epg.com/files/qatar1.xml
openepg,qatar1,beIN SPORTS MAX 6.qa,beIN SPORTS MAX 6.qa,14,26.3,100.0,beIN Sports MAX,beIN SPORTS MAX Channel for exclusive coverage of major sporting tournaments.,False,1,https://www.open-epg.com/files/qatar1.xml
openepg,qatar1,beIN SPORTS NBA.qa,beIN SPORTS NBA.qa,0,0,0.0,,,False,1,https://www.open-epg.com/files/qatar1.xml
openepg,qatar1,beIN SPORTS NEWS.qa,beIN SPORTS NEWS.qa,36,25.3,75.0,ATP Tour - Magazine 2026,ATP Tour This Week It is comprised of the various feature stories created by ATP Media and ATP Tour,False,1,https://www.open-epg.com/files/qatar1.xml
openepg,qatar1,beIN SPORTS XTRA 1.qa,beIN SPORTS XTRA 1.qa,25,25.3,100.0,beIN SPORTS XTRA For Live And Exclusive Coverage of Premium Sporting Events - August - 2026,beIN SPORTS XTRA For Live And Exclusive Coverage of Premium Sporting Events,False,1,https://www.open-epg.com/files/qatar1.xml
openepg,qatar1,beIN SPORTS XTRA 2.qa,beIN SPORTS XTRA 2.qa,21,27.3,85.7,Gymnastics - Trampoline Final - Asian Games Aichi-Nagoya 2026,"The 20th Asian Games takes place in Aichi Prefecture and Nagoya, Japan, from September 19 to October 4, 2026.46 Nations and 10,840 Athletes from across Asia will come together for unforgettable moments of competition and achievement.",False,1,https://www.open-epg.com/files/qatar1.xml
openepg,qatar1,beIN SPORTS XTRA 3.qa,beIN SPORTS XTRA 3.qa,23,27.3,100.0,PHI vs TPE - Softball - Baseball - Asian Games Aichi-Nagoya 2026 - W,"The 20th Asian Games takes place in Aichi Prefecture and Nagoya, Japan, from September 19 to October 4, 2026.46 Nations and 10,840 Athletes from across Asia will come together for unforgettable moments of competition and achievement.",False,1,https://www.open-epg.com/files/qatar1.xml
openepg,qatar1,beIN SPORTS XTRA 4.qa,beIN SPORTS XTRA 4.qa,18,27.3,100.0,beIN SPORTS XTRA For Live And Exclusive Coverage of Premium Sporting Events - August - 2026,beIN SPORTS XTRA For Live And Exclusive Coverage of Premium Sporting Events,False,1,https://www.open-epg.com/files/qatar1.xml
openepg,qatar1,beIN SPORTS XTRA 5.qa,beIN SPORTS XTRA 5.qa,19,26.8,100.0,Esports - Asian Games Aichi-Nagoya 2026,"The 20th Asian Games takes place in Aichi Prefecture and Nagoya, Japan, from September 19 to October 4, 2026.46 Nations and 10,840 Athletes from across Asia will come together for unforgettable moments of competition and achievement.",False,1,https://www.open-epg.com/files/qatar1.xml
openepg,qatar1,beIN SPORTS XTRA 6.qa,beIN SPORTS XTRA 6.qa,15,42.3,100.0,beIN SPORTS XTRA For Live And Exclusive Coverage of Premium Sporting Events - August - 2026,beIN SPORTS XTRA For Live And Exclusive Coverage of Premium Sporting Events,False,1,https://www.open-epg.com/files/qatar1.xml
openepg,qatar1,beIN SPORTS XTRA 7.qa,beIN SPORTS XTRA 7.qa,23,25.3,100.0,FIA World Endurance Championship - 2026 - Fuji Round - Race,"The FIA World Endurance Championship is the world’s leading international endurance racing series, bringing together manufacturers and drivers in a demanding test of speed, reliability, strategy and teamwork. The 2026 season features eight rounds across Europe, North and South America and Asia, including the iconic 24 Hours of Le Mans. Competition",False,1,https://www.open-epg.com/files/qatar1.xml
openepg,qatar1,beIN SPORTS XTRA 8.qa,beIN SPORTS XTRA 8.qa,20,42.3,100.0,beIN SPORTS XTRA For Live And Exclusive Coverage of Premium Sporting Events - August - 2026,beIN SPORTS XTRA For Live And Exclusive Coverage of Premium Sporting Events,False,1,https://www.open-epg.com/files/qatar1.xml
openepg,qatar1,beIN SPORTS XTRA 9.qa,beIN SPORTS XTRA 9.qa,26,25.3,100.0,beIN SPORTS XTRA For Live And Exclusive Coverage of Premium Sporting Events - August - 2026,beIN SPORTS XTRA For Live And Exclusive Coverage of Premium Sporting Events,False,1,https://www.open-epg.com/files/qatar1.xml
openepg,qatar1,beIN SPORTS.qa,beIN SPORTS.qa,6,27.3,100.0,Athletics - Asian Games Aichi-Nagoya 2026 - W/M,"The 20th Asian Games takes place in Aichi Prefecture and Nagoya, Japan, from September 19 to October 4, 2026.46 Nations and 10,840 Athletes from across Asia will come together for unforgettable moments of competition and achievement.",False,1,https://www.open-epg.com/files/qatar1.xml
openepg,qatar2,2023 Alkass 1.qa,2023 Alkass 1.qa,12,25.3,0.0,beIN Sports MAX,,False,1,https://www.open-epg.com/files/qatar2.xml
openepg,qatar2,2023 Alkass 2.qa,2023 Alkass 2.qa,12,25.3,0.0,beIN Sports MAX,,False,1,https://www.open-epg.com/files/qatar2.xml
openepg,qatar2,2023 Alkass 3.qa,2023 Alkass 3.qa,12,25.3,0.0,beIN Sports MAX,,False,1,https://www.open-epg.com/files/qatar2.xml
openepg,qatar2,2023 Alkass 4.qa,2023 Alkass 4.qa,12,25.3,0.0,beIN Sports MAX,,False,1,https://www.open-epg.com/files/qatar2.xml
openepg,qatar2,2023 Alkass 5.qa,2023 Alkass 5.qa,20,21.3,0.0,أهداف,,False,1,https://www.open-epg.com/files/qatar2.xml
openepg,qatar2,2023 Alkass 6.qa,2023 Alkass 6.qa,19,21.3,0.0,سبورت كونفدينشيال,,False,1,https://www.open-epg.com/files/qatar2.xml
openepg,qatar2,2023 Alkass 7.qa,2023 Alkass 7.qa,22,21.3,0.0,فولورز,,False,1,https://www.open-epg.com/files/qatar2.xml
openepg,qatar2,2023 Alkass 8.qa,2023 Alkass 8.qa,18,21.3,0.0,ديربي تونس,,False,1,https://www.open-epg.com/files/qatar2.xml
openepg,qatar2,4k DIGITAL.qa,4k DIGITAL.qa,13,25.4,0.0,Marseille vs PSG - French Ligue 1 2026/2027,,False,1,https://www.open-epg.com/files/qatar2.xml
openepg,qatar2,bein SPORTS FTA DIGITAL.qa,bein SPORTS FTA DIGITAL.qa,13,26.8,0.0,Athletics - Marathon - Asian Games Aichi-Nagoya 2026 - W/M/F,,False,1,https://www.open-epg.com/files/qatar2.xml
openepg,qatar2,beIN SPORTS XTRA 04 bein.com.qa,beIN SPORTS XTRA 04 bein.com.qa,24,24.3,0.0,beIN SPORTS XTRA For Live And Exclusive Coverage of Premium Sporting Events - August - 2026,,False,1,https://www.open-epg.com/files/qatar2.xml
openepg,qatar2,beIN SPORTS XTRA 05 bein.com.qa,beIN SPORTS XTRA 05 bein.com.qa,24,24.3,0.0,beIN SPORTS XTRA For Live And Exclusive Coverage of Premium Sporting Events - August - 2026,,False,1,https://www.open-epg.com/files/qatar2.xml
openepg,qatar2,beIN SPORTS XTRA 06 bein.com.qa,beIN SPORTS XTRA 06 bein.com.qa,12,25.3,0.0,beIN Sports MAX,,False,1,https://www.open-epg.com/files/qatar2.xml
openepg,qatar2,beIN SPORTS XTRA1 Digital.qa,beIN SPORTS XTRA1 Digital.qa,24,24.3,0.0,beIN SPORTS XTRA For Live And Exclusive Coverage of Premium Sporting Events - August - 2026,,False,1,https://www.open-epg.com/files/qatar2.xml
openepg,qatar2,beIN SPORTS XTRA2 Digital.qa,beIN SPORTS XTRA2 Digital.qa,24,24.3,0.0,beIN SPORTS XTRA For Live And Exclusive Coverage of Premium Sporting Events - August - 2026,,False,1,https://www.open-epg.com/files/qatar2.xml
openepg,qatar2,beIN SPORTS1 DIGITAL.qa,beIN SPORTS1 DIGITAL.qa,17,24.3,0.0,EPL Stories 2026/2027 EP.10 - The Ipswich Way,,False,1,https://www.open-epg.com/files/qatar2.xml
openepg,qatar2,beIN SPORTS1 ENGLISH Digital.qa,beIN SPORTS1 ENGLISH Digital.qa,17,24.3,0.0,Weightlifting Final - W - 57kg Grp A - Asian Games Aichi-Nagoya 2026 - W,,False,1,https://www.open-epg.com/files/qatar2.xml
openepg,qatar2,beIN SPORTS1 FRENCH Digital.qa,beIN SPORTS1 FRENCH Digital.qa,13,21.3,0.0,Man Udt Brighton - Coupe de la Ligue Anglaise - Football 2026-2027,,False,1,https://www.open-epg.com/files/qatar2.xml
openepg,qatar2,beIN SPORTS2 DIGITAL.qa,beIN SPORTS2 DIGITAL.qa,18,24.3,0.0,Georgia vs Northern Ireland - UEFA Nations League 2026/27 - Match Day 1,,False,1,https://www.open-epg.com/files/qatar2.xml
openepg,qatar2,beIN SPORTS2 ENGLISH Digital.qa,beIN SPORTS2 ENGLISH Digital.qa,16,25.8,0.0,Athletics - Marathon - Asian Games Aichi-Nagoya 2026 - W/M/F,,False,1,https://www.open-epg.com/files/qatar2.xml
openepg,qatar2,beIN SPORTS2 FRENCH Digital.qa,beIN SPORTS2 FRENCH Digital.qa,15,25.3,0.0,Reims vs Montpellier - Ligue 2 - J07 - FOOTBALL 2026-2027,,False,1,https://www.open-epg.com/files/qatar2.xml
openepg,qatar2,beIN SPORTS3 DIGITAL.qa,beIN SPORTS3 DIGITAL.qa,18,24.2,0.0,Kazakhstan vs South Korea - Handball Men's - Asian Games Aichi-Nagoya 2026,,False,1,https://www.open-epg.com/files/qatar2.xml
openepg,qatar2,beIN SPORTS4 DIGITAL.qa,beIN SPORTS4 DIGITAL.qa,15,25.0,0.0,Cameroon vs Comoros - Africa Cup of Nations ( AFCON ) Qualification 2026/2027- MD1,,False,1,https://www.open-epg.com/files/qatar2.xml
openepg,qatar2,beIN SPORTS5 DIGITAL.qa,beIN SPORTS5 DIGITAL.qa,22,24.2,0.0,Asian Games Aichi-Nagoya 2026 Highlights,,False,1,https://www.open-epg.com/files/qatar2.xml
openepg,qatar2,beIN SPORTS6 DIGITAL -d-1.qa,beIN SPORTS6 DIGITAL -d-1.qa,9,72.8,0.0,Fencing - SF/F - Asian Games Aichi-Nagoya 2026 -W/M,,False,1,https://www.open-epg.com/files/qatar2.xml
openepg,qatar2,beIN SPORTS7 DIGITAL.qa,beIN SPORTS7 DIGITAL.qa,16,24.4,0.0,Uzbekistan vs Saudi Arabia - Football - QF - Asian Games Aichi-Nagoya 2026,,False,1,https://www.open-epg.com/files/qatar2.xml
openepg,qatar2,bein.com-05.qa,bein.com-05.qa,22,24.3,0.0,beIN SPORTS XTRA For Live And Exclusive Coverage of Premium Sporting Events - August - 2026,,False,1,https://www.open-epg.com/files/qatar2.xml
openepg,qatar2,bein.com-06.qa,bein.com-06.qa,17,24.3,0.0,beIN SPORTS XTRA For Live And Exclusive Coverage of Premium Sporting Events - August - 2026,,False,1,https://www.open-epg.com/files/qatar2.xml
openepg,qatar2,bein.com-07.qa,bein.com-07.qa,25,24.3,0.0,beIN SPORTS XTRA For Live And Exclusive Coverage of Premium Sporting Events - August - 2026,,False,1,https://www.open-epg.com/files/qatar2.xml
openepg,qatar2,bein.com-08.qa,bein.com-08.qa,24,25.3,0.0,beIN SPORTS XTRA For Live And Exclusive Coverage of Premium Sporting Events - August - 2026,,False,1,https://www.open-epg.com/files/qatar2.xml
openepg,qatar2,beINSPORTS8.qa,beINSPORTS8.qa,16,73.6,0.0,Main Race - F1 Azerbaijan Grand Prix - 2026,,False,1,https://www.open-epg.com/files/qatar2.xml
openepg,qatar2,beINSPORTS9.qa,beINSPORTS9.qa,17,24.8,0.0,Longines Global Champions Tour - Vienna Jumping - Round 1 Competition Team,,False,1,https://www.open-epg.com/files/qatar2.xml
openepg,qatar2,beINSPORTSXTRA3.qa,beINSPORTSXTRA3.qa,24,24.3,0.0,beIN SPORTS XTRA For Live And Exclusive Coverage of Premium Sporting Events - August - 2026,,False,1,https://www.open-epg.com/files/qatar2.xml
openepg,qatar2,NBA DIGITAL.qa,NBA DIGITAL.qa,12,25.3,0.0,beIN Sports MAX,,False,1,https://www.open-epg.com/files/qatar2.xml
openepg,qatar2,NEWS DIGITAL.qa,NEWS DIGITAL.qa,34,24.3,0.0,Al Hassila - 26/09/26,,False,1,https://www.open-epg.com/files/qatar2.xml
openepg,qatar3,2023 Alkass 1.qa,2023 Alkass 1.qa,19,21.3,0.0,Sport Confidential,,False,1,https://www.open-epg.com/files/qatar3.xml
openepg,qatar3,2023 Alkass 2.qa,2023 Alkass 2.qa,22,21.3,0.0,Followers,,False,1,https://www.open-epg.com/files/qatar3.xml
openepg,qatar3,2023 Alkass 3.qa,2023 Alkass 3.qa,18,21.3,0.0,Derby Tunis,,False,1,https://www.open-epg.com/files/qatar3.xml
openepg,qatar3,2023 Alkass 4.qa,2023 Alkass 4.qa,15,21.3,0.0,Tunis Derby,,False,1,https://www.open-epg.com/files/qatar3.xml
openepg,qatar3,2023 Alkass 5.qa,2023 Alkass 5.qa,18,21.3,0.0,Asian Beach Volleyball Championship,,False,1,https://www.open-epg.com/files/qatar3.xml
openepg,qatar3,2023 Alkass 6.qa,2023 Alkass 6.qa,15,21.3,0.0,The Council,,False,1,https://www.open-epg.com/files/qatar3.xml
openepg,qatar3,2023 Alkass 7.qa,2023 Alkass 7.qa,19,21.3,0.0,Two and a Half,,False,1,https://www.open-epg.com/files/qatar3.xml
openepg,qatar3,2023 Alkass 8.qa,2023 Alkass 8.qa,0,0,0.0,,,False,1,https://www.open-epg.com/files/qatar3.xml
openepg,qatar3,4k DIGITAL.qa,4k DIGITAL.qa,13,25.4,0.0,Marseille vs PSG - French Ligue 1 2026/2027,,False,1,https://www.open-epg.com/files/qatar3.xml
openepg,qatar3,AFC 4.qa,AFC 4.qa,24,24.3,0.0,beIN SPORTS XTRA For Live And Exclusive Coverage of Premium Sporting Events - August,,False,1,https://www.open-epg.com/files/qatar3.xml
openepg,qatar3,AFC 5.qa,AFC 5.qa,24,24.3,0.0,beIN SPORTS XTRA For Live And Exclusive Coverage of Premium Sporting Events - August,,False,1,https://www.open-epg.com/files/qatar3.xml
openepg,qatar3,afc-6 8-copy.qa,afc-6 8-copy.qa,12,25.3,0.0,beIN Sports MAX,,False,1,https://www.open-epg.com/files/qatar3.xml
openepg,qatar3,bein SPORTS FTA DIGITAL.qa,bein SPORTS FTA DIGITAL.qa,13,26.8,0.0,Athletics - Marathon,,False,1,https://www.open-epg.com/files/qatar3.xml
openepg,qatar3,beIN SPORTS MAX1 DIGITAL.qa,beIN SPORTS MAX1 DIGITAL.qa,12,25.3,0.0,beIN Sports MAX,,False,1,https://www.open-epg.com/files/qatar3.xml
openepg,qatar3,beIN SPORTS MAX2 DIGITAL.qa,beIN SPORTS MAX2 DIGITAL.qa,12,25.3,0.0,beIN Sports MAX,,False,1,https://www.open-epg.com/files/qatar3.xml
openepg,qatar3,beIN SPORTS MAX3 DIGITAL.qa,beIN SPORTS MAX3 DIGITAL.qa,12,25.3,0.0,beIN Sports MAX,,False,1,https://www.open-epg.com/files/qatar3.xml
openepg,qatar3,beIN SPORTS MAX4 DIGITAL.qa,beIN SPORTS MAX4 DIGITAL.qa,12,25.3,0.0,beIN Sports MAX,,False,1,https://www.open-epg.com/files/qatar3.xml
openepg,qatar3,beIN SPORTS MAX5 DIGITAL.qa,beIN SPORTS MAX5 DIGITAL.qa,12,25.3,0.0,beIN Sports MAX,,False,1,https://www.open-epg.com/files/qatar3.xml
openepg,qatar3,beIN SPORTS XTRA1 Digital.qa,beIN SPORTS XTRA1 Digital.qa,22,24.3,0.0,beIN SPORTS XTRA For Live And Exclusive Coverage of Premium Sporting Events - August,,False,1,https://www.open-epg.com/files/qatar3.xml
openepg,qatar3,beIN SPORTS XTRA2 Digital.qa,beIN SPORTS XTRA2 Digital.qa,17,24.3,0.0,beIN SPORTS XTRA For Live And Exclusive Coverage of Premium Sporting Events - August,,False,1,https://www.open-epg.com/files/qatar3.xml
openepg,qatar3,beIN SPORTS1 DIGITAL.qa,beIN SPORTS1 DIGITAL.qa,17,24.3,0.0,EPL Stories 2026/2027 EP.10 - The Ipswich Way,,False,1,https://www.open-epg.com/files/qatar3.xml
openepg,qatar3,beIN SPORTS1 ENGLISH Digital.qa,beIN SPORTS1 ENGLISH Digital.qa,17,24.3,0.0,Weightlifting Final - W,,False,1,https://www.open-epg.com/files/qatar3.xml
openepg,qatar3,beIN SPORTS1 FRENCH Digital.qa,beIN SPORTS1 FRENCH Digital.qa,13,21.3,0.0,Man Udt Brighton - Coupe de la Ligue Anglaise,,False,1,https://www.open-epg.com/files/qatar3.xml
openepg,qatar3,beIN SPORTS2 DIGITAL.qa,beIN SPORTS2 DIGITAL.qa,18,24.3,0.0,Georgia vs Northern Ireland - UEFA Nations League 2026/27,,False,1,https://www.open-epg.com/files/qatar3.xml
openepg,qatar3,beIN SPORTS2 ENGLISH Digital.qa,beIN SPORTS2 ENGLISH Digital.qa,16,25.8,0.0,Athletics - Marathon,,False,1,https://www.open-epg.com/files/qatar3.xml
openepg,qatar3,beIN SPORTS2 FRENCH Digital.qa,beIN SPORTS2 FRENCH Digital.qa,15,25.3,0.0,Reims vs Montpellier - Ligue 2,,False,1,https://www.open-epg.com/files/qatar3.xml
openepg,qatar3,beIN SPORTS3 DIGITAL.qa,beIN SPORTS3 DIGITAL.qa,18,24.2,0.0,Kazakhstan vs South Korea - Handball Men's,,False,1,https://www.open-epg.com/files/qatar3.xml
openepg,qatar3,beIN SPORTS4 DIGITAL.qa,beIN SPORTS4 DIGITAL.qa,15,25.0,0.0,Cameroon vs Comoros - Africa Cup of Nations ( AFCON ) Qualification 2026/2027,,False,1,https://www.open-epg.com/files/qatar3.xml
openepg,qatar3,beIN SPORTS5 DIGITAL.qa,beIN SPORTS5 DIGITAL.qa,22,24.2,0.0,Asian Games Aichi - Nagoya 2026 Highlights,,False,1,https://www.open-epg.com/files/qatar3.xml
openepg,qatar3,beIN SPORTS66 DIGITAL -01.qa,beIN SPORTS66 DIGITAL -01.qa,9,72.8,0.0,Fencing - SF/F,,False,1,https://www.open-epg.com/files/qatar3.xml
openepg,qatar3,beIN SPORTS7 DIGITAL.qa,beIN SPORTS7 DIGITAL.qa,16,24.4,0.0,Uzbekistan vs Saudi Arabia - Football,,False,1,https://www.open-epg.com/files/qatar3.xml
openepg,qatar3,bein.com-05.qa,bein.com-05.qa,24,25.3,0.0,beIN SPORTS XTRA For Live And Exclusive Coverage of Premium Sporting Events - August,,False,1,https://www.open-epg.com/files/qatar3.xml
openepg,qatar3,bein.com-06.qa,bein.com-06.qa,24,24.3,0.0,beIN SPORTS XTRA For Live And Exclusive Coverage of Premium Sporting Events - August,,False,1,https://www.open-epg.com/files/qatar3.xml
openepg,qatar3,bein.com-07.qa,bein.com-07.qa,24,24.3,0.0,beIN SPORTS XTRA For Live And Exclusive Coverage of Premium Sporting Events - August,,False,1,https://www.open-epg.com/files/qatar3.xml
openepg,qatar3,bein.com-08.qa,bein.com-08.qa,24,24.3,0.0,beIN SPORTS XTRA For Live And Exclusive Coverage of Premium Sporting Events - August,,False,1,https://www.open-epg.com/files/qatar3.xml
openepg,qatar3,beINSPORTS8.qa,beINSPORTS8.qa,16,73.6,0.0,Main Race - F1 Azerbaijan Grand Prix,,False,1,https://www.open-epg.com/files/qatar3.xml
openepg,qatar3,beINSPORTS9.qa,beINSPORTS9.qa,17,24.8,0.0,Longines Global Champions Tour - Vienna Jumping,,False,1,https://www.open-epg.com/files/qatar3.xml
openepg,qatar3,beINSPORTSXTRA3.qa,beINSPORTSXTRA3.qa,25,24.3,0.0,beIN SPORTS XTRA For Live And Exclusive Coverage of Premium Sporting Events - August,,False,1,https://www.open-epg.com/files/qatar3.xml
openepg,qatar3,NBA DIGITAL.qa,NBA DIGITAL.qa,20,21.3,0.0,Ahdaf,,False,1,https://www.open-epg.com/files/qatar3.xml
openepg,qatar3,NEWS DIGITAL.qa,NEWS DIGITAL.qa,34,24.3,0.0,Al Hassila - 26/09/26,,False,1,https://www.open-epg.com/files/qatar3.xml
openepg,qatar4,0001 AWG CN Brand Logo 1color Black 4C.qa,0001 AWG CN Brand Logo 1color Black 4C.qa,111,25.1,0.0,E3 | S1 حين كنت بعمرك,,False,1,https://www.open-epg.com/files/qatar4.xml
openepg,qatar4,0003 TCI colour-Blue UK2016.qa,0003 TCI colour-Blue UK2016.qa,43,25.1,0.0,بهاماز لايف,,False,1,https://www.open-epg.com/files/qatar4.xml
openepg,qatar4,0004 CNN International logo.svg.qa,0004 CNN International logo.svg.qa,54,25.3,0.0,سترايت توك,,False,1,https://www.open-epg.com/files/qatar4.xml
openepg,qatar4,Aljazeera-Documentary-1.qa,Aljazeera-Documentary-1.qa,31,25.3,0.0,مهمة صحفية,,False,1,https://www.open-epg.com/files/qatar4.xml
openepg,qatar4,Baby-TV-2.qa,Baby-TV-2.qa,22,25.3,0.0,ذا سورس,,False,1,https://www.open-epg.com/files/qatar4.xml
openepg,qatar4,Bara3em-1.qa,Bara3em-1.qa,101,25.1,0.0,نشرة النشرات,,False,1,https://www.open-epg.com/files/qatar4.xml
openepg,qatar4,BBCEarth-new 200x200.qa,BBCEarth-new 200x200.qa,38,25.3,0.0,إنسايد ستوري,,False,1,https://www.open-epg.com/files/qatar4.xml
openepg,qatar4,beIN SPORTS-boxoffice-bein.com.qa,beIN SPORTS-boxoffice-bein.com.qa,16,26.9,0.0,فورس أوف نايتشر,,False,1,https://www.open-epg.com/files/qatar4.xml
openepg,qatar4,beJUNIOR.qa,beJUNIOR.qa,34,25.6,0.0,برايمال سيرفايفر,,False,1,https://www.open-epg.com/files/qatar4.xml
openepg,qatar4,Bloomberg-1.qa,Bloomberg-1.qa,32,25.3,0.0,لايف بيلو زيرو,,False,1,https://www.open-epg.com/files/qatar4.xml
openepg,qatar4,BoxOffice1 DIGITAL.qa,BoxOffice1 DIGITAL.qa,12,25.3,0.0,قاعة فاكهام,,False,1,https://www.open-epg.com/files/qatar4.xml
openepg,qatar4,BoxOffice2 DIGITAL.qa,BoxOffice2 DIGITAL.qa,12,25.3,0.0,الحرائق,,False,1,https://www.open-epg.com/files/qatar4.xml
openepg,qatar4,Cartoon-Network-Arabic-1.qa,Cartoon-Network-Arabic-1.qa,111,25.3,0.0,Baraem Night Loop EP 7,,False,1,https://www.open-epg.com/files/qatar4.xml
openepg,qatar4,cartoonito.qa,cartoonito.qa,101,25.3,0.0,جلوبال ويك اند,,False,1,https://www.open-epg.com/files/qatar4.xml
openepg,qatar4,CBeebies-1.qa,CBeebies-1.qa,89,25.3,0.0,نشرة النشرات,,False,1,https://www.open-epg.com/files/qatar4.xml
openepg,qatar4,Drama Stacked nov 2024 200x200.qa,Drama Stacked nov 2024 200x200.qa,25,25.3,0.0,Al Dar Alkabira S2 EP 14,,False,1,https://www.open-epg.com/files/qatar4.xml
openepg,qatar4,Euro-News.qa,Euro-News.qa,47,25.1,0.0,ولنا وقفة,,False,1,https://www.open-epg.com/files/qatar4.xml
openepg,qatar4,FATAFEAT-1.qa,FATAFEAT-1.qa,33,25.1,0.0,بريداتور فيرسز براي,,False,1,https://www.open-epg.com/files/qatar4.xml
openepg,qatar4,food-network-logo-2018-1.qa,food-network-logo-2018-1.qa,34,25.1,0.0,جرايز أناتومي,,False,1,https://www.open-epg.com/files/qatar4.xml
openepg,qatar4,GOURMET DIGITAL.qa,GOURMET DIGITAL.qa,34,25.1,0.0,تشوبد,,False,1,https://www.open-epg.com/files/qatar4.xml
openepg,qatar4,HGTV.qa,HGTV.qa,134,25.1,0.0,E14 | S1 بيغلتون,,False,1,https://www.open-epg.com/files/qatar4.xml
openepg,qatar4,Jeem-HD-1-01.qa,Jeem-HD-1-01.qa,99,25.3,0.0,نشرة النشرات,,False,1,https://www.open-epg.com/files/qatar4.xml
openepg,qatar4,MOVIES1 PREMIERE DIGITAL.qa,MOVIES1 PREMIERE DIGITAL.qa,14,26.8,0.0,أساطير أبطال كوندور: الشجعان,,False,1,https://www.open-epg.com/files/qatar4.xml
openepg,qatar4,MOVIES2 ACTION DIGITAL.qa,MOVIES2 ACTION DIGITAL.qa,13,25.3,0.0,أعرف ماذا فعلت الصيف الماضي,,False,1,https://www.open-epg.com/files/qatar4.xml
openepg,qatar4,MOVIES3 DRAMA DIGITAL.qa,MOVIES3 DRAMA DIGITAL.qa,14,25.6,0.0,ليلة عيد الميلاد في ميلر,,False,1,https://www.open-epg.com/files/qatar4.xml
openepg,qatar4,MOVIES4 FAMILY DIGITAL.qa,MOVIES4 FAMILY DIGITAL.qa,16,26.4,0.0,هل إنتهينا بعد؟,,False,1,https://www.open-epg.com/files/qatar4.xml
openepg,qatar4,Nat geo hd.qa,Nat geo hd.qa,23,25.3,0.0,خيوط من ذهب,,False,1,https://www.open-epg.com/files/qatar4.xml
openepg,qatar4,SERIES1 DIGITAL.qa,SERIES1 DIGITAL.qa,25,25.3,0.0,دكستر S7 | E7 - الكيمياء,,False,1,https://www.open-epg.com/files/qatar4.xml
openepg,qatar4,SERIES2 DIGITAL.qa,SERIES2 DIGITAL.qa,25,25.3,0.0,درب الذهب,,False,1,https://www.open-epg.com/files/qatar4.xml
openepg,qatar4,Star Action 2024-200x200-1.qa,Star Action 2024-200x200-1.qa,15,25.4,0.0,ميس سلون,,False,1,https://www.open-epg.com/files/qatar4.xml
openepg,qatar4,Star Movies 2024-200x200-1.qa,Star Movies 2024-200x200-1.qa,23,26.3,0.0,E2 | S2 الوسيط,,False,1,https://www.open-epg.com/files/qatar4.xml
openepg,qatar4,Star World 2024-200x200-1.qa,Star World 2024-200x200-1.qa,36,25.3,0.0,بلوومبيرج وول ستريت ويك,,False,1,https://www.open-epg.com/files/qatar4.xml
openepg,qatar4,UPDATEz-NGW Full Logo 20182.qa,UPDATEz-NGW Full Logo 20182.qa,30,25.3,0.0,ما وراء الخبر,,False,1,https://www.open-epg.com/files/qatar4.xml
openepg,qatar5,0001 AWG CN Brand Logo 1color Black 4C.qa,0001 AWG CN Brand Logo 1color Black 4C.qa,93,25.6,0.0,SuperKitties - Clamshell Coaster/ Zsa,,False,1,https://www.open-epg.com/files/qatar5.xml
openepg,qatar5,0003 TCI colour-Blue UK2016.qa,0003 TCI colour-Blue UK2016.qa,44,25.5,0.0,Al Hayah Fe Al Bahama - Out of the Operating Room,,False,1,https://www.open-epg.com/files/qatar5.xml
openepg,qatar5,0004 CNN International logo.svg.qa,0004 CNN International logo.svg.qa,137,25.4,0.0,BIGGLETON S1 S1 | E14,,False,1,https://www.open-epg.com/files/qatar5.xml
openepg,qatar5,Baby-TV-2.qa,Baby-TV-2.qa,136,25.5,0.0,King Şakir - Pottery Is Broken,,False,1,https://www.open-epg.com/files/qatar5.xml
openepg,qatar5,Bara3em-1.qa,Bara3em-1.qa,65,25.7,0.0,"Big City Greens - Tilly Style/ I, Farmbot",,False,1,https://www.open-epg.com/files/qatar5.xml
openepg,qatar5,BBCEarth-new 200x200.qa,BBCEarth-new 200x200.qa,34,25.8,0.0,"How Do They Do It? - Nori, Beer Bottles",,False,1,https://www.open-epg.com/files/qatar5.xml
openepg,qatar5,beIN SPORTS-boxoffice-bein.com.qa,beIN SPORTS-boxoffice-bein.com.qa,16,26.9,0.0,Force of Nature,,False,1,https://www.open-epg.com/files/qatar5.xml
openepg,qatar5,beJUNIOR-1.qa,beJUNIOR-1.qa,31,27.3,0.0,The Amazing World of Gumball,,False,1,https://www.open-epg.com/files/qatar5.xml
openepg,qatar5,Bloomberg-1.qa,Bloomberg-1.qa,33,26.1,0.0,AL Hayat Taht Asefr - Hard Knocks,,False,1,https://www.open-epg.com/files/qatar5.xml
openepg,qatar5,BoxOffice1 DIGITAL.qa,BoxOffice1 DIGITAL.qa,13,27.3,0.0,Fackham Hall,,False,1,https://www.open-epg.com/files/qatar5.xml
openepg,qatar5,BoxOffice2 DIGITAL.qa,BoxOffice2 DIGITAL.qa,13,27.3,0.0,The Fires,,False,1,https://www.open-epg.com/files/qatar5.xml
openepg,qatar5,Cartoon-Network-Arabic-1.qa,Cartoon-Network-Arabic-1.qa,335,25.4,0.0,Close your Eyes - Luminous Night,,False,1,https://www.open-epg.com/files/qatar5.xml
openepg,qatar5,cartoonito.qa,cartoonito.qa,0,0,0.0,,,False,1,https://www.open-epg.com/files/qatar5.xml
openepg,qatar5,CBeebies-1.qa,CBeebies-1.qa,0,0,0.0,,,False,1,https://www.open-epg.com/files/qatar5.xml
openepg,qatar5,Discovery-logo-1.qa,Discovery-logo-1.qa,112,26.4,0.0,Baraem Night Loop EP 7,,False,1,https://www.open-epg.com/files/qatar5.xml
openepg,qatar5,Drama Stacked nov 2024 200x200.qa,Drama Stacked nov 2024 200x200.qa,26,26.3,0.0,Al Dar Alkabira S2 EP 14,,False,1,https://www.open-epg.com/files/qatar5.xml
openepg,qatar5,Euro-News.qa,Euro-News.qa,113,25.4,0.0,WHEN I WAS YOUR AGE S1 | E3,,False,1,https://www.open-epg.com/files/qatar5.xml
openepg,qatar5,FATAFEAT-1.qa,FATAFEAT-1.qa,34,25.8,0.0,Al Moftares Wa Al Farisa - Cheetah,,False,1,https://www.open-epg.com/files/qatar5.xml
openepg,qatar5,food-network-logo-2018-1.qa,food-network-logo-2018-1.qa,35,25.8,0.0,Grey's Anatomy - How Do I Live,,False,1,https://www.open-epg.com/files/qatar5.xml
openepg,qatar5,GOURMET DIGITAL.qa,GOURMET DIGITAL.qa,35,25.5,0.0,Maktoua - Alton's Maniacal Basket Finale,,False,1,https://www.open-epg.com/files/qatar5.xml
openepg,qatar5,HGTV.qa,HGTV.qa,37,26.3,0.0,Bloomberg Wall Street Week,,False,1,https://www.open-epg.com/files/qatar5.xml
openepg,qatar5,Jeem-HD-1-01.qa,Jeem-HD-1-01.qa,16,26.3,0.0,Regular Show,,False,1,https://www.open-epg.com/files/qatar5.xml
openepg,qatar5,MOVIES1 PREMIERE DIGITAL.qa,MOVIES1 PREMIERE DIGITAL.qa,14,26.8,0.0,Legends of the Condor Heroes: The Gallants,,False,1,https://www.open-epg.com/files/qatar5.xml
openepg,qatar5,MOVIES2 ACTION DIGITAL.qa,MOVIES2 ACTION DIGITAL.qa,14,26.8,0.0,I Know What You Did Last Summer,,False,1,https://www.open-epg.com/files/qatar5.xml
openepg,qatar5,MOVIES3 DRAMA DIGITAL.qa,MOVIES3 DRAMA DIGITAL.qa,14,25.6,0.0,Christmas Eve in Miller's Point,,False,1,https://www.open-epg.com/files/qatar5.xml
openepg,qatar5,MOVIES4 FAMILY DIGITAL.qa,MOVIES4 FAMILY DIGITAL.qa,16,26.4,0.0,Are We Done Yet?,,False,1,https://www.open-epg.com/files/qatar5.xml
openepg,qatar5,Nat geo hd.qa,Nat geo hd.qa,23,26.3,0.0,The Source,,False,1,https://www.open-epg.com/files/qatar5.xml
openepg,qatar5,SERIES1 DIGITAL.qa,SERIES1 DIGITAL.qa,26,26.3,0.0,Dexter S7 | E7 - Chemistry,,False,1,https://www.open-epg.com/files/qatar5.xml
openepg,qatar5,SERIES2 DIGITAL.qa,SERIES2 DIGITAL.qa,26,26.3,0.0,Darb Althahab S1 | E14,,False,1,https://www.open-epg.com/files/qatar5.xml
openepg,qatar5,Star Action 2024-200x200-1.qa,Star Action 2024-200x200-1.qa,15,25.4,0.0,Miss Sloane,,False,1,https://www.open-epg.com/files/qatar5.xml
openepg,qatar5,Star Movies 2024-200x200-1.qa,Star Movies 2024-200x200-1.qa,23,26.3,0.0,Landman S2 | E2,,False,1,https://www.open-epg.com/files/qatar5.xml
openepg,qatar5,Star World 2024-200x200-1.qa,Star World 2024-200x200-1.qa,34,25.6,0.0,Asaleeb Al Baqaa - Poison Jungle,,False,1,https://www.open-epg.com/files/qatar5.xml
openepg,qatar5,UPDATEz-NGW Full Logo 20182.qa,UPDATEz-NGW Full Logo 20182.qa,102,25.6,0.0,Global Week - End,,False,1,https://www.open-epg.com/files/qatar5.xml
openepg,saudiarabia1,Abu Dhabi.sa,Abu Dhabi.sa,35,26.3,100.0,وعي,نظرة على كيف يمكننا المساعدة في إنشاء مجتمعات مستقرة وإعطاء الأولوية لرفاهية أفرادها.,False,1,https://www.open-epg.com/files/saudiarabia1.xml
openepg,saudiarabia1,AD Sports 1.sa,AD Sports 1.sa,24,26.3,100.0,كأس الخليج العربي:الكويت × العراق,تابعوا أجمل مباريات كأس الخليج العربي لكرة القدم، حيث تحتدم المنافسة بين منتخبات دول الخليج للحصول على اللقب.,False,1,https://www.open-epg.com/files/saudiarabia1.xml
openepg,saudiarabia1,AD Sports 2.sa,AD Sports 2.sa,24,26.3,100.0,أكشن في إسبوع,تابعوا من هنا البرنامج الرياضي، أكشن في إسبوع.,False,1,https://www.open-epg.com/files/saudiarabia1.xml
openepg,saudiarabia1,AD Sports Premium 1.sa,AD Sports Premium 1.sa,26,26.3,100.0,مجلة الدوري الإيطالي:خاص بفترة التوقف الدولي,لا تفوتوا أهم تحليلات المباريات مع الخبراء الفنيين والمحللين الرياضيين، بالإضافة إلى معرفة آراء اللاعبين والمدربين... وأهم الأخبار الكروية وأروع الأهداف خلال الموسم.,False,1,https://www.open-epg.com/files/saudiarabia1.xml
openepg,saudiarabia1,AD Sports Premium 2.sa,AD Sports Premium 2.sa,24,26.3,100.0,ايه إي دبليو فل قير:أول آوت,قائمة عالمية من المصارعين المتنوعين من الذكور والإناث تمنح المشجعين تجربة مصارعة جديدة لأول مرة منذ 20 سنة.,False,1,https://www.open-epg.com/files/saudiarabia1.xml
openepg,saudiarabia1,Aghani Aghani.sa,Aghani Aghani.sa,27,26.3,100.0,أغاني,مجموعة مختارة بعناية من الموسيقى والڤيديو كليب والحفلات الغنائية المتميزة.,False,1,https://www.open-epg.com/files/saudiarabia1.xml
openepg,saudiarabia1,Al Arabiya Business.sa,Al Arabiya Business.sa,26,26.3,100.0,العربية Business,تقدم لكم القناة آخر أخبار المال والأعمال من جميع أنحاء العالم.,False,1,https://www.open-epg.com/files/saudiarabia1.xml
openepg,saudiarabia1,Al Arabiya HD.sa,Al Arabiya HD.sa,43,26.3,100.0,الأخبار,تغطية مباشرة للأخبار المحلية والعالمية مع التركيز على التطورات في العالم، وصولاً إلى عرض دقيق وتحليلات معمقة تهم المشاهدين.,False,1,https://www.open-epg.com/files/saudiarabia1.xml
openepg,saudiarabia1,Al Dafrah.sa,Al Dafrah.sa,32,26.3,100.0,قلبي ومفتاحه,مسلسل دراما مصري تدور أحداثه في منطقة العمرانية الغربية بالجيزة، خلال فترة الاضطرابات الاقتصادية. يحكي قصة ياسر، الذي يتورط في شبكة الحب الممنوع والصراعات بين الولاء والحب، بينما يعيش حياته في عالم سريع التغير.,False,1,https://www.open-epg.com/files/saudiarabia1.xml
openepg,saudiarabia1,Al Ekhbariya.sa,Al Ekhbariya.sa,27,26.3,100.0,الأخبار,تغطية مباشرة للأخبار العالمية مع التركيز على التطورات في العالم العربي، وصولاً إلى عرض دقيق وتحليلات معمقة تهم المشاهدين.,False,1,https://www.open-epg.com/files/saudiarabia1.xml
openepg,saudiarabia1,Al Emarat.sa,Al Emarat.sa,31,25.8,100.0,عين الذيب,مسلسل دراما اجتماعي بدوي، بطولة داوود حسين وآخرين. كان هدف زواج (سما) إنهاء سنوات العداء بين قبيلتها وقبيلة العريس. لكن الكراهية عميقة الجذور مع عائلته، تجعلها تهرب إلى الصحراء؛ حيث ينتظرها مصير جديد مجهول مع راعي الغنم فارس.,False,1,https://www.open-epg.com/files/saudiarabia1.xml
openepg,saudiarabia1,Al Hadath.sa,Al Hadath.sa,42,25.8,100.0,أخبار الحدث,كُن في طليعة متابعي أهم القصص، الأخبار العاجلة، والشؤون الراهنة وكل ما ينبغي معرفته في المنطقة العربية وحول العالم.,False,1,https://www.open-epg.com/files/saudiarabia1.xml
openepg,saudiarabia1,Al Hayat.sa,Al Hayat.sa,27,26.3,100.0,الحياة,قناة مصرية متنوعة تبث برامج ترفيهية ومسلسلات متنوعة وحوارات شيقة تتناول الاقتصاد والسياسة وآخر المستجدات على الساحة المصرية والعربية.,False,1,https://www.open-epg.com/files/saudiarabia1.xml
openepg,saudiarabia1,Al Kahera Walnas 2.sa,Al Kahera Walnas 2.sa,27,26.3,100.0,القاهرة والناس 2,ترفيه مستمر لا يتوقف، تشاهدوه فقط على قناة القاهرة والناس 2.,False,1,https://www.open-epg.com/files/saudiarabia1.xml
openepg,saudiarabia1,Al Kahera Walnas.sa,Al Kahera Walnas.sa,27,26.3,100.0,القاهرة والناس,ترفيه مستمر لا يتوقف، تشاهدوه فقط على قناة القاهرة والناس.,False,1,https://www.open-epg.com/files/saudiarabia1.xml
openepg,saudiarabia1,Al Mamlaka TV.sa,Al Mamlaka TV.sa,48,26.3,100.0,برنامج وثائقي,برامج وثائقية هامة وممتعة، تتناول شتى المواضيع مثل: التاريخ، الحضارة، السياسة، العلوم، الرياضة، ومعظم النشاطات الإنسانية بكل صورها، قديمها وحديثها.,False,1,https://www.open-epg.com/files/saudiarabia1.xml
openepg,saudiarabia1,Al Masriya.sa,Al Masriya.sa,27,26.3,100.0,المصرية,ترفيه مستمر لا يتوقف، تشاهدوه فقط على قناة المصرية.,False,1,https://www.open-epg.com/files/saudiarabia1.xml
openepg,saudiarabia1,Al Nahar Drama.sa,Al Nahar Drama.sa,21,26.3,100.0,اتهام,فتاة فقيرة يُعرض عليها عمل خارج البلد براتب جيد جداً، ما تلبث أن تكتشف أنها ضحية لعملية خداع، ثم تعاني الأمرّين لتهرب من هناك بمساعدة محام مختص. تستعد الشابة الآن للانتقام من أولئك الذين كانوا السبب في تدمير سمعتها. لا تفوتوه!,False,1,https://www.open-epg.com/files/saudiarabia1.xml
openepg,saudiarabia1,Al Nahar.sa,Al Nahar.sa,32,25.8,100.0,حكايتنا اليوم,ترقبوا برنامج حكايتنا اليوم، برنامج حواري يسلط الضوء على مجموعة واسعة من القضايا داخل المجتمع المصري ويستكشفها بعمق.,False,1,https://www.open-epg.com/files/saudiarabia1.xml
openepg,saudiarabia1,Al Rai.sa,Al Rai.sa,0,0,0.0,,,False,1,https://www.open-epg.com/files/saudiarabia1.xml
openepg,saudiarabia1,Al Resalah.sa,Al Resalah.sa,65,26.2,100.0,أسماء الله الحسنى,الدكتور محمد راتب النابلسي يشرح معاني أسماء الله الحسنى وتأثيرها على حياتنا.,False,1,https://www.open-epg.com/files/saudiarabia1.xml
openepg,saudiarabia1,Al Thaqafeya.sa,Al Thaqafeya.sa,0,0,0.0,,,False,1,https://www.open-epg.com/files/saudiarabia1.xml
openepg,saudiarabia1,Amman TV.sa,Amman TV.sa,27,26.3,100.0,تلفزيون عمّان,تقدم القناة إعلاماً عصرياً تثقيفياً، يحتوي على مضمون متنوع ما بين الاجتماعي والترفيهي والديني بالإضافة إلى المسلسلات العربية المميزة.,False,1,https://www.open-epg.com/files/saudiarabia1.xml
openepg,saudiarabia1,Animal Planet HD.sa,Animal Planet HD.sa,32,26.2,100.0,جيريمي ويد في المياه المظلمة:ملوك نهر ألاسكا المفقود,أمضى الصياد والمغامر جيريمي ويد عقوداً في صيد وحوش الأنهار في المياه النائية على سطح الأرض. وهو يتجه الآن إلى المياه التي لا يعرفها البشر بحثاً عن أي أسرار خفية.,False,1,https://www.open-epg.com/files/saudiarabia1.xml
openepg,saudiarabia1,Asharq Discovery.sa,Asharq Discovery.sa,8,29.3,100.0,الشرق ديسكفري,محتوى وثائقي متنوع يأخذ المشاهد في رحلات عبر الطبيعة والتاريخ والعلوم والثقافات، مع قصص ملهمة واكتشافات مدهشة من مختلف أنحاء العالم.,False,1,https://www.open-epg.com/files/saudiarabia1.xml
openepg,saudiarabia1,Asharq Documentary.sa,Asharq Documentary.sa,8,29.3,100.0,الشرق الوثائقية,قناة وثائقية تقدم محتوى متنوعًا يستكشف التاريخ والمجتمع والثقافة والقضايا المعاصرة، عبر قصص وتحقيقات وبرامج معمقة من المنطقة والعالم.,False,1,https://www.open-epg.com/files/saudiarabia1.xml
openepg,saudiarabia1,Asharq.sa,Asharq.sa,8,29.3,100.0,الشرق,تغطية إخبارية متواصلة لأبرز التطورات السياسية والاقتصادية والمجتمعية، مع تحليلات وتقارير ميدانية وحوارات تتابع أهم الأحداث في المنطقة والعالم.,False,1,https://www.open-epg.com/files/saudiarabia1.xml
openepg,saudiarabia1,Bahrain Sports TV.sa,Bahrain Sports TV.sa,27,26.3,100.0,البحرين الرياضية,قناة البحرين الرياضية تغطي أحداث وأخبار الرياضة محلياً وعالمياً، وتنقل الفعاليات والأنشطة المختلفة.,False,1,https://www.open-epg.com/files/saudiarabia1.xml
openepg,saudiarabia1,Bahrain TV.sa,Bahrain TV.sa,27,26.3,100.0,البحرين,قناة منوعة تبث آخر الأخبار المحلية والعالمية بالإضافة إلى الأفلام الوثائقية والترفيهية.,False,1,https://www.open-epg.com/files/saudiarabia1.xml
openepg,saudiarabia1,BBC Arabic.sa,BBC Arabic.sa,27,26.3,100.0,BBC عربي,مختصة ببث الأخبار والمعلومات السياسية والاقتصادية على الصعيدين العربي والعالمي,False,1,https://www.open-epg.com/files/saudiarabia1.xml
openepg,saudiarabia1,BBC World News.sa,BBC World News.sa,52,25.8,100.0,فك شفرة الذكاء الاصطناعي,انضموا معنا إلى الفريق الخاص بفك شفرة الذكاء الاصطناعي، في رحلة بحث عميقة داخل عالم الذكاء الاصطناعي المدهش.,False,1,https://www.open-epg.com/files/saudiarabia1.xml
openepg,saudiarabia1,Bedaya.sa,Bedaya.sa,0,0,0.0,,,False,1,https://www.open-epg.com/files/saudiarabia1.xml
openepg,saudiarabia1,Bigg.sa,Bigg.sa,27,26.3,100.0,Bigg TV,كل ما تحتاج معرفته في عالم الرياضة الإلكترونية، بما فيها من آخر إصدارات ألعاب الفيديو والبطولات واللاعبين (الإلكترونيين) التي تتصدر عناوين الأخبار في جميع أنحاء العالم.,False,1,https://www.open-epg.com/files/saudiarabia1.xml
openepg,saudiarabia1,Blippi And Friends.sa,Blippi And Friends.sa,58,25.9,100.0,سوبا سترايكاس:كيف تصبح العنوان الرئيسي في السوبر ليغ,مع مدرب جديد، يتلقى شيكس تدريبه الإستثنائي غير التقليدي.,False,1,https://www.open-epg.com/files/saudiarabia1.xml
openepg,saudiarabia1,Bloomberg.sa,Bloomberg.sa,0,0,0.0,,,False,1,https://www.open-epg.com/files/saudiarabia1.xml
openepg,saudiarabia1,Cartoonito.sa,Cartoonito.sa,137,25.6,100.0,غريزي آند ذا ليمينغز:مايند إن ايه ويرل,حتى بالنسبة للدب العملاق الذي يبلغ طوله 7 أقدام، ليس من السهل التخلص من القوارض المزعجة من حوله، ولكن رؤيتهم يتعاركون أمر ممتع للغاية في محاولة منهم لغلب بعضهم البعض عن طريق حيل وخطط متنوعة!,False,1,https://www.open-epg.com/files/saudiarabia1.xml
openepg,saudiarabia1,CBC Drama.sa,CBC Drama.sa,27,26.3,100.0,CBC دراما,تقدم القناة مجموعة مختارة من المسلسلات الدرامية التركية والمصرية الجديدة والكلاسيكية.,False,1,https://www.open-epg.com/files/saudiarabia1.xml
openepg,saudiarabia1,CBC Extra News.sa,CBC Extra News.sa,27,26.3,100.0,CBC إكسترا نيوز,إحدى قنوات شبكة CBC، إخبارية تختص بتقديم تغطيات الأخبار المباشرة للأحداث، عبر عدد من المذيعين والصحفيين والمراسلين.,False,1,https://www.open-epg.com/files/saudiarabia1.xml
openepg,saudiarabia1,CBC Sofra.sa,CBC Sofra.sa,27,26.3,100.0,CBC سفرة,تعرض قناة CBC سفرة أهم برامج المأكولات وأساليب الطبخ من العالم العربي.,False,1,https://www.open-epg.com/files/saudiarabia1.xml
openepg,saudiarabia1,CBC.sa,CBC.sa,27,26.3,100.0,CBC,قناة ترفيهية معاصرة تقدم مزيجاً من المسلسلات الدرامية والبرامج الحوارية.,False,1,https://www.open-epg.com/files/saudiarabia1.xml
openepg,saudiarabia1,CN Arabic.sa,CN Arabic.sa,47,25.8,100.0,الملك ليث:بيبي بوتيتو,يعيش الشبل المراهق ليث مغامرات مليئة بالمتعة والتشويق، يتخللها مواقف مضحكة وممتعة بآن معاً. لا تفوتوا متابعة تفاصيل حياته وأفراد عائلته، في هذا المسلسل الكرتوني الرائع.,False,1,https://www.open-epg.com/files/saudiarabia1.xml
openepg,saudiarabia1,CN English.sa,CN English.sa,29,26.2,100.0,عالم غامبول الرائع:ذا كيدج,ادخلوا إلى عالم غامبول المدهش، حيث يجتمع غامبول وصديقه داروين في مغامرات يومية مشوقة!,False,1,https://www.open-epg.com/files/saudiarabia1.xml
openepg,saudiarabia1,CNBC Arabia.sa,CNBC Arabia.sa,44,25.8,100.0,تحت الضوء,يناقش البرنامج القضايا الإنسانية التي تواجه العالم بشكل عام والمنطقة العربية بشكل خاص ويبحث بشكل عميق بالأوضاع المعيشية والاقتصادية بالمجتمعات والدول.,False,1,https://www.open-epg.com/files/saudiarabia1.xml
openepg,saudiarabia1,CNBC.sa,CNBC.sa,0,0,0.0,,,False,1,https://www.open-epg.com/files/saudiarabia1.xml
openepg,saudiarabia1,CNN.sa,CNN.sa,40,26.3,100.0,أفريكان فويسيز,يقدم للمشاهدين وجهة نظر فريدة من نوعها، ويعرض مشاركات الشخصيات الأفريقية في النقاشات من مختلف المجالات الاقتصادية والسياسية والموسيقى والرياضة.,False,1,https://www.open-epg.com/files/saudiarabia1.xml
openepg,saudiarabia1,Discovery Family HD.sa,Discovery Family HD.sa,34,25.8,100.0,أعمال قذرة:باغ ديتكتيف,يبحث (مايك رو) عن أقذر الوظائف في العالم وأخطرها، ويختبر بشكل مباشر ما يلزم لأداء هذه المهن الفظيعة.,False,1,https://www.open-epg.com/files/saudiarabia1.xml
openepg,saudiarabia1,Discovery HD.sa,Discovery HD.sa,32,25.9,100.0,غولد راشّ: ديف تورينز لوست ماين:قل دعاء,يواجه ديڤ أخباراً عائلية مدمّرة، بعد الحصاد الأول الكبير للفريق.,False,1,https://www.open-epg.com/files/saudiarabia1.xml
openepg,saudiarabia1,Discovery ID.sa,Discovery ID.sa,27,25.8,100.0,ريزنابل داوت:بريزون مام,كريس آندرسون ومحامية الدفاع ميليسا ليكوڤيتش شخصان متقاعدان، تستهويهما قصص الجريمة في لوس أنجلوس. يقرران إعادة النظر في قضايا القتل ومساعدة أسر أولئك القتلة المدانين، ليقرروا الاستئناف ضد الأحكام القضائية.. أو لا.,False,1,https://www.open-epg.com/files/saudiarabia1.xml
openepg,saudiarabia1,Disney Channel.sa,Disney Channel.sa,67,25.5,100.0,بيغ سيتي غرينز:كريكيتس كابوي! كار ترابيل,تابعوا المغامرات الغريبة للصبي الريفي المتفائل اللعوب (كريكيت غرين) ذو الأعوام العشرة، وأخته الكبرى تيلي ووالدهما بيل والجدّة آليس، فمع فضول كريكيت الفطري وحماسه الزائد يقودانه ومعه عائلته إلى رحلات ومغامرات لا تُنسى.,False,1,https://www.open-epg.com/files/saudiarabia1.xml
openepg,saudiarabia1,Disney Junior.sa,Disney Junior.sa,104,25.6,100.0,سبايدي آند هيز آميزينغ فريندس:غو ويذ ذا لاڤا فلو,يواصل كل من بيتر باركر وغوين ستايسي ومايلز موراليس مغامراتهم كأبطال خارقين ضمن (فريق سبايدي) وينضم إليهم المنتقمون الجدد: إيرون مان، آنت مان، واسب، وريبتل، ليواجهوا معاً الأعداء المخادعين الجدد، في محاولة منهم لحماية عالم الطبيعة من حولهم، وليس مجتمعهم فقط.,False,1,https://www.open-epg.com/files/saudiarabia1.xml
openepg,saudiarabia1,Dubai One.sa,Dubai One.sa,20,26.3,100.0,ذا سَن أوف بيغفوت,ينطلق آدم الفتى الصغير ليبحث عن والده المفقود، ليكتشف أنه في الواقع المخلوق الأسطوري المعروف باسم (بيغفووت)! عندما يبدأ الأب وابنه محاولة تعويض الوقت الضائع منهما، سرعان ما يكتشف الغلام أنه أيضاً موهوب بقوى خارقة تفوق ما في خياله وتصوره.,False,1,https://www.open-epg.com/files/saudiarabia1.xml
openepg,saudiarabia1,Dubai Sports 2.sa,Dubai Sports 2.sa,22,25.8,100.0,غول مانيا,لا تفوتوا أهم تحليلات المباريات مع المحللين الرياضين واللاعبين والمدربين... إضافة إلى أهم الأخبار الكروية وأروع الأهداف خلال الموسم.,False,1,https://www.open-epg.com/files/saudiarabia1.xml
openepg,saudiarabia1,Dubai Sports HD.sa,Dubai Sports HD.sa,22,26.3,100.0,الدوري الأوروبي لكرة السلة:دبي × ريال مدريد,تابعوا آخر مباريات الدوري الأوروبي لكرة السلة.,False,1,https://www.open-epg.com/files/saudiarabia1.xml
openepg,saudiarabia1,Dubai.sa,Dubai.sa,13,26.7,100.0,محمد الفاتح: سلطان الفتوحات:الحلقة 37,عندما يعتلي السلطان العثماني، السلطان محمد الفاتح، العرش، يجب عليه هزيمة العديد من الأعداء داخل القصر وخارجه من أجل الاستيلاء على إسطنبول، حلمه الأكبر.,False,1,https://www.open-epg.com/files/saudiarabia1.xml
openepg,saudiarabia1,Fatafeat.sa,Fatafeat.sa,32,26.1,100.0,ابن البحار:الحلقة 2,من الجمبري إلى الكركند والسوشي، يعد الشيف مروان أطباق المأكولات البحرية الشهية أثناء تعليم المشاهدين شيئاً عن صيد الأسماك أو الحياة تحت الماء.,False,1,https://www.open-epg.com/files/saudiarabia1.xml
openepg,saudiarabia1,Food Network.sa,Food Network.sa,39,25.8,100.0,ولائم، وجبات سريعة، واقتحام: مِيت آند هِيت,غاي فييري يأخذ مشاهديه في رحلة برية عبر البلاد لزيارة بعض مطاعم (غريسي سبوون)-(الملعقة الدهنية) الكلاسيكية في أنحاء أمريكا، التي كانت تقدم وتبرع بتقديم هذا الطعام بشكل صحيح، ومنذ عقود.,False,1,https://www.open-epg.com/files/saudiarabia1.xml
openepg,saudiarabia1,France 24.sa,France 24.sa,108,25.6,100.0,الأخبار,تغطية مباشرة للأخبار المحلية والعالمية مع التركيز على التطورات في العالم، وصولاً إلى عرض دقيق وتحليلات معمقة تهم المشاهدين.,False,1,https://www.open-epg.com/files/saudiarabia1.xml
openepg,saudiarabia1,Fujairah TV.sa,Fujairah TV.sa,27,26.3,100.0,الفجيرة,تعكس القناة تراث إمارة الفجيرة العريقة وحاضرها المزدهر، حيث تقدم محتوى ثري ومتنوع وتغطي الأخبار المحلية، الثقافة، الرياضة، التكنولوجيا والتقنية وغيرها الكثير.,False,1,https://www.open-epg.com/files/saudiarabia1.xml
openepg,saudiarabia1,HGTV.sa,HGTV.sa,51,25.9,100.0,تايني هاوس هَنترز:فوود سيانتيست غوز تايني,يتطلع الباحثون عن المنزل في جميع أنحاء الولايات المتحدة الأمريكية إلى تقليص حقيقي في الحجم! لذا قاموا بفحص ثلاث عقارات صغيرة تقل مساحتها عن 600 قدم مربع، قبل اختيار المنزل المدمج المثالي.,False,1,https://www.open-epg.com/files/saudiarabia1.xml
openepg,saudiarabia1,Jordan TV.sa,Jordan TV.sa,27,26.3,100.0,التلفزيون الأردني,تركز القناة على تقديم إعلام وطني هادف يكرّس حرية التعبير والرأي، كما تروّج للقيم الأردنية المتمثلة في التسامح والاعتدال والتعددية والمحافظة على الهوية الأردنية.,False,1,https://www.open-epg.com/files/saudiarabia1.xml
openepg,saudiarabia1,KidZone Max.sa,KidZone Max.sa,27,26.3,100.0,KidZone Max,قناة ترفيهية للأطفال تقدم على مدار الساعة مسلسلات الرسوم المتحركة المليئة بالتشويق وكلاسيكيات الأطفال المحبوبة.,False,1,https://www.open-epg.com/files/saudiarabia1.xml
openepg,saudiarabia1,KSA Now.sa,KSA Now.sa,27,26.3,100.0,السعودية الآن,عفواً، دليل البرامج غير متوفر حالياً. ولكن يمكنكم مشاهدة البرامج المسجلة من قبل.,False,1,https://www.open-epg.com/files/saudiarabia1.xml
openepg,saudiarabia1,LBC.sa,LBC.sa,22,27.3,100.0,بنك الحظ,يطرد محمد صالح (محمد ممدوح) من البنك الذي يعمل فيه بسبب تجاوزاته المستمرة في حق العملاء، فيقرر التحالف مع عمرو (أكرم حسني) زميله في البنك، وزئرو (محمد ثروت) شريكهما في محل ألعاب الفيديو (بلاي ستيشن) للقيام بعملية سرقة. ما هي عواقب ذلك؟,False,1,https://www.open-epg.com/files/saudiarabia1.xml
openepg,saudiarabia1,LTV.sa,LTV.sa,27,26.3,100.0,إل تي في,تلفزيون (إل تي في) قناة ترفيهية منوعة، تقدم المسلسلات الكوميدية والدراما الاجتماعية، مع باقة منوعة من برامج المسابقات، تناسب جميع أذواق المشاهدين.,False,1,https://www.open-epg.com/files/saudiarabia1.xml
openepg,saudiarabia1,Majid.sa,Majid.sa,119,25.5,100.0,ذا لودليز,في مدينة لودلفيل الرائعة، تقوم الصغيرة آن وعائلتها، إلى جانب كلبهم الذكي غاربانزو، بتحويل التحديات اليومية إلى مغامرات غير عادية، بمساعدة كتاب دودل السحري الخاص بآن.,False,1,https://www.open-epg.com/files/saudiarabia1.xml
openepg,saudiarabia1,MBC 1 HD.sa,MBC 1 HD.sa,31,26.3,100.0,زمن البودكاست الكبير:الحلقة 12,يستضيف مشاهير ونجوم خلال زيارتهم موسم الرياض، ليشاركوا تجاربهم وأفكارهم حول عدة جوانب بطريقة خفيفة ومسلية ويسلط الضوء على أبرز التحديات والإنجازات التي واجهوها في مسيرتهم وكيف تغلبوا عليها، وليبوحوا عن انطباعهم حول زيارتهم للمملكة وموسم الرياض. أصالة وعمرو أديب، وغيرهما من نجوم الوطن العربي.,False,1,https://www.open-epg.com/files/saudiarabia1.xml
openepg,saudiarabia1,MBC 2 HD.sa,MBC 2 HD.sa,18,27.4,100.0,جاستيس ليغ,للحفاظ على إرث سوبرمان ولإنقاذ الأرض من التهديدات العائدة بقوة، يبادر باتمان لتجنيد فريق من أبطال (سوبر هيرو) لمحاربة الأعداء الغزاة.. فهل تكفي قوى هذا الفريق الموحّد المتماسك للنجاح بمهمة إنقاذ الكوكب من هجوم مدمّر يأخذ أبعاداً كارثية.. قد تحرق الأخضر واليابس من على وجه الأرض؟,False,1,https://www.open-epg.com/files/saudiarabia1.xml
openepg,saudiarabia1,MBC 3.sa,MBC 3.sa,103,25.6,100.0,سونيك بووم:الحلقة 51,"بعد مرور ثلاثة وعشرين سنة على لعبة الڤيديو القنفذ ""سونيك""، يواصل البطل السريع الوسيم والمغرور ""سونيك"" محاربة عدوه اللدود الدكتور إغّمان.",False,1,https://www.open-epg.com/files/saudiarabia1.xml
openepg,saudiarabia1,MBC 4 HD.sa,MBC 4 HD.sa,37,25.5,100.0,أعلى نسبة مشاهدة:الحلقة 2,تتغير الحياة البسيطة لأمينة عندما ينتشر فيديو لها على مواقع التواصل الاجتماعي، جاعلا منها حديث الإنترنت بين ليلة وضحاها. لكنها سرعان ما تكتشف الوجه الآخر للشهرة في العالم الافتراضي.,False,1,https://www.open-epg.com/files/saudiarabia1.xml
openepg,saudiarabia1,MBC Action HD.sa,MBC Action HD.sa,32,25.8,100.0,كينغدوم:الحلقة 9,مسلسل أنيمي تاريخي رائع تدور أحداثه في حقبة الممالك المتحاربة في الصين القديمة. عدد من الشخصيات سيكون لها الأثر الكبير على مجرى التاريخ، من أهمها شاب يافع يدعى شين الذي يكبر ليصبح رئيساً عسكرياً عظيماً.,False,1,https://www.open-epg.com/files/saudiarabia1.xml
openepg,saudiarabia1,MBC Bollywood.sa,MBC Bollywood.sa,26,27.3,100.0,ماهنور:الحلقة 55,شقيقتان شكل الماضي ذاته حياتهما، وجعلهما تعيشان في عالمين متباعدين. بعد أن يفرقهما القدر في طفولتهما ويدفع بماهنوور ومهويش نحو دروب مختلفة، يجمعهما مجددا في لقاء يضع روابط الدم والمعتقدات ومفهوم العائلة على المحك.,False,1,https://www.open-epg.com/files/saudiarabia1.xml
openepg,saudiarabia1,MBC Drama HD.sa,MBC Drama HD.sa,27,26.3,100.0,المداح: أسطورة العشق:الحلقة 7,حمادة هلال في أحداث جديدة ونجوم كُثُر. قصة صابر، الطفل الذى تبناه ورباه إمام الجامع، إلى أن كبر وسَلك طريقاً آخر نحو غايات سيئة متكئاً على بعض أصحاب السلطة فى تجارتهم غير المشروعة، وأمور أخرى. تراوده أحلام غريبة ويكتشف أن كل ما يراه في أحلامه يتحقق في الواقع.,False,1,https://www.open-epg.com/files/saudiarabia1.xml
openepg,saudiarabia1,MBC MASR 2.sa,MBC MASR 2.sa,25,25.8,100.0,صباحك مصري:الحلقة 211,برنامج صباحي يهتم بكل ألوان الحياة في مصر، سواء على الصعيد الاجتماعي أو الاقتصادي أو السياسي وحتى الفني.,False,1,https://www.open-epg.com/files/saudiarabia1.xml
openepg,saudiarabia1,MBC MASR.sa,MBC MASR.sa,21,25.7,100.0,بارينيتي:الحلقة 337,قصة معقدة تأسر القلوب تدور حول صديقين مقربين تتشابك حياتهما بطريقة غير متوقعة.,False,1,https://www.open-epg.com/files/saudiarabia1.xml
openepg,saudiarabia1,MBC Max HD.sa,MBC Max HD.sa,19,27.3,100.0,دانكيرك,أربعمائة ألف جندي من الحلفاء محاصرون ببلدة دانكيرك الفرنسية التي مزقتها الحرب، المنفذ البحري هو مخرج الهروب الوحيد.. حالة مأساوية ولا يوجد أمام القوات أي مكان تتوجه إليه، لكن المساعدة بمتناول اليد، المعركة الضارية أمر لا مفر منه! قصة حقيقية معتبرة من الحرب العالمية 2. إخراج كريستوفر نولان.,False,1,https://www.open-epg.com/files/saudiarabia1.xml
openepg,saudiarabia1,MBC VARIETY.sa,MBC VARIETY.sa,34,26.9,100.0,بادينغتون 2,بعد أن يستقر بادينغتون بسعادة مع عائلة براون ويصبح محبوبًا في مجتمعه المحلي، يبدأ في تنفيذ مجموعة من الأعمال الغريبة ليشتري الهدية المثالية لعيد ميلاد عمّته لوسي المئة، لكن الهدية تُسرق قبل أن يتمكن من تقديمها.,False,1,https://www.open-epg.com/files/saudiarabia1.xml
openepg,saudiarabia1,MBC+ Drama HD.sa,MBC+ Drama HD.sa,35,25.6,100.0,كذبة إبريل:الحلقة 30,مشاري يعترف لوالدته ويطلب منها السماح، وجنان تقرر الانتقال من البيت. مشاري يطلب من ماجد أن يطلق أسيل. تحدث مفاجأة لعواطف، ورزان ترتكب جريمة.,False,1,https://www.open-epg.com/files/saudiarabia1.xml
openepg,saudiarabia1,Nat. Geo. AD.sa,Nat. Geo. AD.sa,34,26.3,100.0,مطار تورونتو: كشف الأسرار,تدخل الكاميرات خلف الكواليس في مطار تورونتو بيرسون، لتكشف كيف يحافظ المطار على استمرار حركة المسافرين والطائرات خلال فصل الشتاء الكندي القاسي.,False,1,https://www.open-epg.com/files/saudiarabia1.xml
openepg,saudiarabia1,Nat. Geo. Wild HD.sa,Nat. Geo. Wild HD.sa,36,26.1,100.0,لايون:تشابتر تو: أيه باند أوف براذرز,على مدى أربع سنوات، يتتبع الفيلم رحلة الشبل كيو منذ خطواته الأولى حتى سعيه لقيادة قطيعه. وبين الفقد والمنفى والمنافسين، يخوض رحلة ملحمية للبقاء وإثبات مكانته في البرية.,False,1,https://www.open-epg.com/files/saudiarabia1.xml
openepg,saudiarabia1,Nat. Geographic.sa,Nat. Geographic.sa,35,25.6,100.0,أساليب البقاء - الصين :الحلقة 1,ينضم هازن لرجال إحدى القبائل المحلية في وادي دولونغ، وينطلقون معاً إلى الجبال المغطاة بالثلوج في مهمة لجمع الأعشاب الطبية.,False,1,https://www.open-epg.com/files/saudiarabia1.xml
openepg,saudiarabia1,Oman Al Thakafeyah.sa,Oman Al Thakafeyah.sa,27,26.3,100.0,عُمان الثقافية,قناة عُمان الثقافية تقدم أهم البرامج التي تعرف المشاهدين على الثقافة والتاريخ العماني.,False,1,https://www.open-epg.com/files/saudiarabia1.xml
openepg,saudiarabia1,Oman Mubasher.sa,Oman Mubasher.sa,27,26.3,100.0,عُمان مباشر,تغطية متواصلة لأهم الأحداث من العالم على مدار الساعة مع أهم التقارير المحلية والعالمية.,False,1,https://www.open-epg.com/files/saudiarabia1.xml
openepg,saudiarabia1,Oman Sport.sa,Oman Sport.sa,27,26.3,100.0,عُمان الرياضية,قناة عُمان الرياضية تغطي أحداث وأخبار الرياضة محلياً وعالمياً، وتنقل الفعاليات والأنشطة المختلفة.,False,1,https://www.open-epg.com/files/saudiarabia1.xml
openepg,saudiarabia1,Oman TV.sa,Oman TV.sa,27,26.3,100.0,قناة عُمان العامة,تقدم البرامج الإخبارية والترفيهية ومسلسلات منوعة تلائم جميع أفراد الأسرة العربية.,False,1,https://www.open-epg.com/files/saudiarabia1.xml
openepg,saudiarabia1,One TV.sa,One TV.sa,27,26.3,100.0,One TV,قناة موسيقية عربية تعرض مجموعة متنوعة من الأغاني الكلاسيكية والحديثة المتميزة.,False,1,https://www.open-epg.com/files/saudiarabia1.xml
openepg,saudiarabia1,Punch TV.sa,Punch TV.sa,0,0,0.0,,,False,1,https://www.open-epg.com/files/saudiarabia1.xml
openepg,saudiarabia1,Riyadh Season.sa,Riyadh Season.sa,27,26.3,100.0,موسم الرياض,تبث القناة تشكيلة من بعض الأحداث الرئيسية من موسم الرياض 2024.,False,1,https://www.open-epg.com/files/saudiarabia1.xml
openepg,saudiarabia1,Rotana + HD.sa,Rotana + HD.sa,25,26.1,100.0,حفلات روتانا,يمكنك الاستماع إلى أفضل حفلات روتانا من قبل مطربيكم المفضلين.,False,1,https://www.open-epg.com/files/saudiarabia1.xml
openepg,saudiarabia1,Rotana Aflam +.sa,Rotana Aflam +.sa,17,26.3,100.0,بيكيا,يعمل الدكتور مصطفى (محمد رجب) على تطوير دواء قد يخلص البشرية من أمراض مستعصية. تعلم منظمة إجرامية بالأمر فتحاول اختطافه وسرقة بحثه. يهرب ويعيش داخل مكان مهجور لحين انتهائه من عمله، فهل سيستطيع إكمال مهمته؟,False,1,https://www.open-epg.com/files/saudiarabia1.xml
openepg,saudiarabia1,Rotana Cinema + US.sa,Rotana Cinema + US.sa,16,26.8,100.0,القرموطي في أرض النار,فيلم كوميدي هزلي ساخر يضيء على مشاكل البسطاء في تعاملهم مع التكنولوجيا المتطورة والاتصالات ووسائل التوصل، وإشكالات أكثر أهمية اجتماعية سياسية.. ظهور الدواعش في المنطقة. القرموطي أو (الأرموطي باللفظ الدارج) هو الكوميديان أحمد آدم في خفة ظله وطريقته بالكلام. لا يفوتكم الضحك اللا متناهي!,False,1,https://www.open-epg.com/files/saudiarabia1.xml
openepg,saudiarabia1,Rotana Cinema HD.sa,Rotana Cinema HD.sa,14,26.3,100.0,لوكندة المفاجآت,شاب ينشئ مكتباً خاصاً للتحقيقات السرية، يكلفه أحد العملاء للبحث عن كلب عشيقته الذي فقد أثناء إقامته معها بالفندق الذي تعمل فيه بالاستعراض. يذهب الشاب إلى الفندق لتسليم الكلب لها، فيكتشف أمر عصابة تعمل بالفندق.,False,1,https://www.open-epg.com/files/saudiarabia1.xml
openepg,saudiarabia1,Rotana Cinema Masr.sa,Rotana Cinema Masr.sa,14,27.3,100.0,شنطة حمزة,فيلم كوميدي تدور أحداثه حول الشاب (حمزة) النصاب المحترف، الذي يقع في حب فتاة قوية الشخصية كانت تعمل هي الأخرى مع إحدى العصابات المشهورة بالنصب، فما الذي سيحدث؟,False,1,https://www.open-epg.com/files/saudiarabia1.xml
openepg,saudiarabia1,Rotana Classic HD.sa,Rotana Classic HD.sa,19,26.3,100.0,إسماعيل يس في مستشفى المجانين,ترغب تيما في الزواج من شاب فقير من القرية، لكن والدها الجشع لا يوافق على هذا الزواج. يقدم وعوداً لمدينيه بالزواج منها؛ ما يؤدي إلى مفارقات مرحة مصيرية ومواقف كوميدية. بطولة اسماعيل ياسين، هند رستم، عبدالفتاح القصري وزينات صدقي.,False,1,https://www.open-epg.com/files/saudiarabia1.xml
openepg,saudiarabia1,Rotana Clip.sa,Rotana Clip.sa,27,26.3,100.0,أغاني وڤيديو كليب,مجموعة منتقاة من الأغاني العربية المميزة.,False,1,https://www.open-epg.com/files/saudiarabia1.xml
openepg,saudiarabia1,Rotana Comedy.sa,Rotana Comedy.sa,14,26.3,100.0,ياباني أصلي,تعود زوجة محرم اليابانية (ساكورا) إلى وطنها مع توأميها الرضيعين تاركة زوجها في مصر. يحاول الأب البحث عن أبنائه ليعود بهما إلى بلده دون جدوى. يكبر الولدان قليلاً، فتوافق الأم على السماح لهما بقضاء ستة أشهر في مصر معه، لكن بشروط!,False,1,https://www.open-epg.com/files/saudiarabia1.xml
openepg,saudiarabia1,Rotana Drama HD.sa,Rotana Drama HD.sa,27,26.3,100.0,نسمات أيلول:الحلقة 10,دراما بنكهة كوميدية عن أم فواز، جدة تبلغ من العمر سبعين عاماً تعيش وسط تحديات وصراعات تنشأ بين أولادها المختلفين مزاجياً، خاصة بعد عودة ابنتها المتسلطة.,False,1,https://www.open-epg.com/files/saudiarabia1.xml
openepg,saudiarabia1,Rotana Khalijia HD.sa,Rotana Khalijia HD.sa,23,26.3,100.0,أنا ولا أنا:الحلقة 26,بعد رحيل الأب، تواجه عائلة بسيطة خطر التفكك، بينما يحاول الابن الأكبر إنقاذها، وينجرف شقيقه وأخته في طرق مظلمة تهدد بانهيار الأسرة بالكامل.,False,1,https://www.open-epg.com/files/saudiarabia1.xml
openepg,saudiarabia1,Rotana Kids.sa,Rotana Kids.sa,79,25.6,100.0,توم آند جيري:الحلقة 57,مرح ومعارك ومغامرات القط والفأر، توم وجيري الممتعة للصغار ولكبار السن أيضاً.,False,1,https://www.open-epg.com/files/saudiarabia1.xml
openepg,saudiarabia1,Rotana M+ HD.sa,Rotana M+ HD.sa,27,26.3,100.0,روتانا M+ HD,تقدم القناة أقوى وأشهر الأغاني من حول العالم، والتي تناسب جميع محبي الموسيقى.,False,1,https://www.open-epg.com/files/saudiarabia1.xml
openepg,saudiarabia1,Rotana Music HD.sa,Rotana Music HD.sa,27,26.3,100.0,موسيقى,مجموعة مختارة بعناية من الموسيقى والڤيديو كليب والحفلات الغنائية المتميزة.,False,1,https://www.open-epg.com/files/saudiarabia1.xml
openepg,saudiarabia1,Roya.sa,Roya.sa,27,26.3,100.0,رؤيا,قناة تلفزيونية تتواصل مع المجتمع من خلال دورة برامجية تخاطب الشباب وكامل أفراد الأسرة لتكون الخيار الأول للمعلومات والبرامج الترفيهية ترضي أذواقهم جميعاً.,False,1,https://www.open-epg.com/files/saudiarabia1.xml
openepg,saudiarabia1,RT Arabic.sa,RT Arabic.sa,51,25.8,100.0,برنامج وثائقي,برامج وثائقية هامة وممتعة، تتناول شتى المواضيع مثل: التاريخ، الحضارة، السياسة، العلوم، الرياضة، ومعظم النشاطات الإنسانية بكل صورها، قديمها وحديثها.,False,1,https://www.open-epg.com/files/saudiarabia1.xml
openepg,saudiarabia1,RT Documentary.sa,RT Documentary.sa,102,25.5,100.0,ماي لايف، ماي واي,ترقبوا هذا البرنامج الوثائقي.,False,1,https://www.open-epg.com/files/saudiarabia1.xml
openepg,saudiarabia1,RT News.sa,RT News.sa,52,25.8,100.0,برنامج وثائقي,برامج وثائقية هامة وممتعة، تتناول شتى المواضيع مثل: التاريخ، الحضارة، السياسة، العلوم، الرياضة، ومعظم النشاطات الإنسانية بكل صورها، قديمها وحديثها.,False,1,https://www.open-epg.com/files/saudiarabia1.xml
openepg,saudiarabia1,Sama Dubai.sa,Sama Dubai.sa,41,26.3,100.0,سوق المقاصيص,مسلسل درامي كوميدي، يستعرض العديد من القضايا السلبية التي نشأت في المجتمع نتيجة الحياة المادية المعاصرة، على الرغم من وجود بعض الناس الذين لا يتغيرون بسبب المظاهر أو الأمور المادية.,False,1,https://www.open-epg.com/files/saudiarabia1.xml
openepg,saudiarabia1,Saudi 1.sa,Saudi 1.sa,38,25.5,100.0,فتاوى,برنامج يستضيف كبار العلماء والشيوخ للإجابة على استفسارات المشاهدين في الأمور الفقهية والمسائل الدينية وفق الشرع الإسلامي والقرآن الكريم والسنة النبوية.,False,1,https://www.open-epg.com/files/saudiarabia1.xml
openepg,saudiarabia1,Saudi Quran.sa,Saudi Quran.sa,27,26.3,100.0,القرآن الكريم,تلاوة عطرة من آيات الذكر الحكيم.,False,1,https://www.open-epg.com/files/saudiarabia1.xml
openepg,saudiarabia1,Saudi Sports 1.sa,Saudi Sports 1.sa,27,26.3,100.0,السعودية الرياضية 1,عفواً، دليل البرامج غير متوفر حالياً. ولكن يمكنكم مشاهدة البرامج المسجلة من قبل.,False,1,https://www.open-epg.com/files/saudiarabia1.xml
openepg,saudiarabia1,Saudi Sports 2.sa,Saudi Sports 2.sa,27,26.3,100.0,Saudi Sports 2,تبث أفضل وأشهر دوريات كرة القدم محلية وعالمية، فتروي نهم عشاق الساحرة المستديرة.,False,1,https://www.open-epg.com/files/saudiarabia1.xml
openepg,saudiarabia1,Saudi Sports 3.sa,Saudi Sports 3.sa,27,26.3,100.0,Saudi Sports 3,تغطي أحداث وأخبار الرياضة محلياً وعالمياً، وتركز على الفعاليات الهامة.,False,1,https://www.open-epg.com/files/saudiarabia1.xml
openepg,saudiarabia1,Saudi Sunnah.sa,Saudi Sunnah.sa,27,26.3,100.0,أحاديث نبوية شريفة,مجموعة مختارة من الأحاديث النبوية الشريفة.,False,1,https://www.open-epg.com/files/saudiarabia1.xml
openepg,saudiarabia1,SBC.sa,SBC.sa,30,26.3,100.0,فارس بلا جواز,مسلسل دراما اجتماعي كوميدي، يتعلق بشاب وسيم محظوظ (فارس عبدون)، ترك له جده ثروة طائلة مشروطة بزواجه خلال شهرين لا أكثر، وإلا طار ثلث المبلغ لجمعيات خيرية. يجري العريس اللاهث وراء الثروة الدسمة، بحثا عن عروسه ليقبض على المال! يقابل جميلات الشاشة كضيفات شرف.. فهل يجد ضالته؟,False,1,https://www.open-epg.com/files/saudiarabia1.xml
openepg,saudiarabia1,Sharjah Quran.sa,Sharjah Quran.sa,27,26.3,100.0,القرآن الكريم الشارقة,برامج دينية إسلامية منوعة، وبث مستمر لآيات القرآن الكريم على مدار الساعة.,False,1,https://www.open-epg.com/files/saudiarabia1.xml
openepg,saudiarabia1,Sharjah Sports.sa,Sharjah Sports.sa,27,26.3,100.0,الشارقة الرياضية,تغطي القناة العديد من الأحداث والمنافسات الرياضية المحلية والعربية والدولية.,False,1,https://www.open-epg.com/files/saudiarabia1.xml
openepg,saudiarabia1,Sharjah TV.sa,Sharjah TV.sa,27,26.3,100.0,الشارقة,تقدم القناة سلسلة من البرامج المتنوعة تتناول القضايا الاجتماعية والسياسية والثقافية والترفيهية في آن معاً.,False,1,https://www.open-epg.com/files/saudiarabia1.xml
openepg,saudiarabia1,Sharqiya from Kalba.sa,Sharqiya from Kalba.sa,27,26.3,100.0,الشرقية من كلباء,تمثل القناة منصة إعلامية تفاعلية وتسلط الضوء على قضايا المنطقة الشرقية من الإمارات العربية المتحدة.,False,1,https://www.open-epg.com/files/saudiarabia1.xml
openepg,saudiarabia1,Sky News Arabia HD.sa,Sky News Arabia HD.sa,27,26.3,100.0,Sky News عربية HD,تبث من داخل العالم العربي لتسلط الضوء على أحدث أخباره. كما تقدم بث حي ومباشر من قلب الأحداث وتغطية سريعة ومبكرة مع التركيز على الاحتراف الصحفي.,False,1,https://www.open-epg.com/files/saudiarabia1.xml
openepg,saudiarabia1,SmartZone.sa,SmartZone.sa,27,26.3,100.0,SmartZone,قناة مصممة خصيصاً للأطفال والمراهقين تقدم برامج تعليمية وترفيهية، والعديد من البرامج الواقعية، من جميع أنحاء العالم.,False,1,https://www.open-epg.com/files/saudiarabia1.xml
openepg,saudiarabia1,Space Toon.sa,Space Toon.sa,57,25.6,100.0,44 كاتس,فرقة موسيقية فريدة من نوعها، أفرادها مجموعة من القطط الموهوبة، يعزفون أجمل الألحان الموسيقية، ويقومون معاً بمغامراتهم الممتعة والمشوقة.,False,1,https://www.open-epg.com/files/saudiarabia1.xml
openepg,saudiarabia1,Sport 24.sa,Sport 24.sa,27,26.3,100.0,تجار المملكة,يستعرض البرنامج قصص نجاح ملهمة لمختلف التجار في المملكة العربية السعودية، ويقدم نماذج لأشخاص حققوا إنجازات في مجال عملهم، بهدف إلهام وتحفيز الآخرين.,False,1,https://www.open-epg.com/files/saudiarabia1.xml
openepg,saudiarabia1,SSC News.sa,SSC News.sa,0,0,0.0,,,False,1,https://www.open-epg.com/files/saudiarabia1.xml
openepg,saudiarabia1,Star Action.sa,Star Action.sa,19,25.5,100.0,ذا سايلانسنغ,صياد منعزل في محمية للحياة البرية، يتعاون مع العمدة المحلي لتعقب قاتل شرير ربما يكون قد اختطف ابنته. عليهم الآن توحيد الجهود لكشف الحقيقة، ولإنقاذها قبل فوات الوقت.,False,1,https://www.open-epg.com/files/saudiarabia1.xml
openepg,saudiarabia1,Star Movies HD.sa,Star Movies HD.sa,14,25.5,100.0,هاوس أوف غوتشي,عندما تزوجت باتريتسيا ريجياني الغريبة ومن طبقة اجتماعية متواضعة، رجلاً من عائلة غوتشي العريقة، يبدأ طموحها الجامح في كشف إرثها وإطلاق دوامة طائشة من الخيانة والانحلال والانتقام، وأخيرًا الوصول إلى.. القتل.,False,1,https://www.open-epg.com/files/saudiarabia1.xml
openepg,saudiarabia1,Star World HD.sa,Star World HD.sa,29,25.5,100.0,فندق كوستييرا:حسن,على ساحل أمالفي، يعمل الجندي السابق دانيال دي لوكا على حلّ مشاكل النخبة، حتى تنهار حياته عندما تختفي ابنته، ليجد نفسه في صراع أكثر شخصية.,False,1,https://www.open-epg.com/files/saudiarabia1.xml
openepg,saudiarabia1,STARZPLAY Sports.sa,STARZPLAY Sports.sa,25,26.3,100.0,يو إف سي فايت نايت:روساس جونيور × بارسيلوس - البطاقة الرئيسية,تابعوا الإثارة وأفضل الأحداث لـ (بطولة القتال النهائي) يو إف سي فايت نايت.,False,1,https://www.open-epg.com/files/saudiarabia1.xml
openepg,saudiarabia1,stc tv cinema.sa,stc tv cinema.sa,17,27.3,100.0,دماغ شيطان,تستقي قصة الفيلم أحداثها المشوقة من وقائع 25 يناير والأحوال الاجتماعية التي طالت مصر آنذاك، ضمن إطار درامي اجتماعي مؤثر. أسرة تتعرض لحادث أليم، يدفع بها إلى صراع كبير بين أفرادها، بسبب تورطهم في جريمة يعاقب عليها القانون.,False,1,https://www.open-epg.com/files/saudiarabia1.xml
openepg,saudiarabia1,stc tv drama.sa,stc tv drama.sa,35,25.8,100.0,صدفة:الحلقة 29,يُضمر فؤاد خطة خطيرة وكبيرة ضد معتز.,False,1,https://www.open-epg.com/files/saudiarabia1.xml
openepg,saudiarabia1,stc tv family.sa,stc tv family.sa,43,25.8,100.0,يمام:ننشر ولا ما ننشر,رسوم متحركة للأطفال، بطله يمام وأسرته، يعلم الدروس المفيدة عبر مغامرات عجيبة تقع أحداثها في السعودية عام 2038. هدفها بث الأخلاق الحميدة في الجيل الصغير الواعد. يمام ومرسال، الروبوت المزود بالذكاء الصناعي المتطور، يقومان بعرض فيديو مناسب بالوقت الملائم لكل مغامرة شيقة. سيحبه الصغار والكبار!,False,1,https://www.open-epg.com/files/saudiarabia1.xml
openepg,saudiarabia1,stc tv sports 1 HD.sa,stc tv sports 1 HD.sa,15,25.7,100.0,نابولي × كومو 2026/27,يلعب فريق نابولي ضد فريق كومو ضمن مباريات الدوري الإيطالي لعام 2026/27.,False,1,https://www.open-epg.com/files/saudiarabia1.xml
openepg,saudiarabia1,stc tv sports HD.sa,stc tv sports HD.sa,14,25.7,100.0,أودينيزي × لاتسيو 2026/27,يلعب فريق أودينيزي ضد فريق لاتسيو ضمن مباريات الدوري الإيطالي لعام 2026/27.,False,1,https://www.open-epg.com/files/saudiarabia1.xml
openepg,saudiarabia1,TCM.sa,TCM.sa,14,26.9,100.0,تالاديغا نايتس: ذا بالاد أوف ريكي بوبي,ريكي بوبي (ويل فيريل) بطل سباق ناسكار داخل وخارج مسارات الحلبة، هو.. هو.. متهور بلا فرامل.. بلا عقل! هذا يلخص وصف البطل لحدّ كبير؛ إلى أن واجه منافسة من معجزة الفورمولا واحد تهدده، عليه بذل كل ما يلزم ليحفظ مكانه على منصة الفوز.,False,1,https://www.open-epg.com/files/saudiarabia1.xml
openepg,saudiarabia1,Ten.sa,Ten.sa,27,26.3,100.0,TeN,قناة TeN عامة مصرية تقدم قوالب برامجية مختلفة ومتنوعة، تجمع بين الحوار والرأي والخبر.,False,1,https://www.open-epg.com/files/saudiarabia1.xml
openepg,saudiarabia1,TLC HD.sa,TLC HD.sa,34,25.9,100.0,كيتشن بوس:ڤالنتاين بيسترو آت هوم,في هذا البرنامج، يقدم بادي للمشاهدين وجبات عائلته المفضلة ووصفات إيطالية مختلفة، ويقوم أيضًا بإعداد أطباق جديدة بنفسه!,False,1,https://www.open-epg.com/files/saudiarabia1.xml
openepg,saudiarabia1,Travel.sa,Travel.sa,27,26.3,100.0,ميستريز أوف ذا ميسينغ:فوربيدن سيتي أوف غولد,برنامج وثائقي يغوص في استكشاف حالات اختفاء مذهلة في العصر الحديث. يدقق في النظريات المتداولة عن حالات وقعت فعلاً.. وما هو رأي العلم عنها.,False,1,https://www.open-epg.com/files/saudiarabia1.xml
openepg,saudiarabia1,Wanasah.sa,Wanasah.sa,27,26.3,100.0,وناسة,وناسة، قناة جمهور الشباب العربي الخليجي، تبث الڤيديو كليب والأغاني والحفلات والبرامج الموسيقية الترفيهية بدون توقف على مدار الساعة.,False,1,https://www.open-epg.com/files/saudiarabia1.xml
openepg,saudiarabia1,Wousta from Al Dhaid.sa,Wousta from Al Dhaid.sa,27,26.3,100.0,الوسطى من الذيد,تشكل القناة جسراً يربط ماضي إمارة الشارقة بحاضرها، وتعكس ثراء هذه المنطقة وتراثها وآثارها والحياة الاجتماعية لسكانها.,False,1,https://www.open-epg.com/files/saudiarabia1.xml
openepg,saudiarabia1,Zee Aflam.sa,Zee Aflam.sa,15,28.3,100.0,جيرسي,أرجون، لاعب كريكيت موهوب لكنه كان فاشلاً، يقرر العودة إلى الكريكيت حين بلغ أواخر الثلاثينات من عمره، مدفوعاً بالرغبة في تمثيل فريق الكريكيت الهندي وتحقيق رغبة ابنه بالحصول على قميص الفريق كهدية.,False,1,https://www.open-epg.com/files/saudiarabia1.xml
openepg,saudiarabia1,Zee Alwan.sa,Zee Alwan.sa,27,26.3,100.0,الصهر:الحلقة 57,تدور أحداث المسلسل حول الزوج ومعاناته بعد الزواج بين حماته وزوجته! يحمل الزوج على عاتقه إصلاح العلاقة بين زوجته وأمها، فهل سيستطيع فعل ذلك أم سيزداد الوضع تعقيداً؟,False,1,https://www.open-epg.com/files/saudiarabia1.xml
openepg,saudiarabia1,Zekrayat.sa,Zekrayat.sa,30,25.8,100.0,كوالا,ابقوا على تواصل مع سلسلة الرسوم المتحركة (كوالا).,False,1,https://www.open-epg.com/files/saudiarabia1.xml
openepg,saudiarabia2,Abu Dhabi.sa,Abu Dhabi.sa,53,37.3,100.0,Waa'ie,A look at how we can help create stable communities and prioritize their members' well being.,False,1,https://www.open-epg.com/files/saudiarabia2.xml
openepg,saudiarabia2,AD Sports 1.sa,AD Sports 1.sa,35,37.3,100.0,Arabian Gulf Cup:Kuwait X Iraq,Stay tuned to the best bits from the Arabian Gulf Cup matches.,False,1,https://www.open-epg.com/files/saudiarabia2.xml
openepg,saudiarabia2,AD Sports 2.sa,AD Sports 2.sa,35,37.3,100.0,Follow The Flow,"Stay tuned to this program, 'Follow The Flow'.",False,1,https://www.open-epg.com/files/saudiarabia2.xml
openepg,saudiarabia2,AD Sports Premium 1.sa,AD Sports Premium 1.sa,37,37.3,100.0,Serie A Preview Show Magazine:International Break Special,"Stay tuned to all the highlights, the best goals, studio analysis, views of players and coaches.",False,1,https://www.open-epg.com/files/saudiarabia2.xml
openepg,saudiarabia2,AD Sports Premium 2.sa,AD Sports Premium 2.sa,35,37.3,100.0,AEW Full Gear:All Out,A world-class roster of diverse male and female wrestlers give fans a new wrestling experience for the first time in 20 years.,False,1,https://www.open-epg.com/files/saudiarabia2.xml
openepg,saudiarabia2,Aghani Aghani.sa,Aghani Aghani.sa,38,37.3,100.0,Aghani,"An entertaining line-up of music videos, clips and concerts.",False,1,https://www.open-epg.com/files/saudiarabia2.xml
openepg,saudiarabia2,Al Arabiya Business.sa,Al Arabiya Business.sa,37,37.3,100.0,Al Arabiya Business,Brings you real-time financial and business news from around the world.,False,1,https://www.open-epg.com/files/saudiarabia2.xml
openepg,saudiarabia2,Al Arabiya HD.sa,Al Arabiya HD.sa,60,37.3,100.0,News,International and local news with up-to-the minute coverage on the hour every hour.,False,1,https://www.open-epg.com/files/saudiarabia2.xml
openepg,saudiarabia2,Al Dafrah.sa,Al Dafrah.sa,46,36.8,100.0,Qalbi W Muftaho,"This Egyptian drama series set in Al-Omraneya Al-Gharbeya in Giza, during a period of economic turmoil, follows Yasser, who becomes entangled in the web of forbidden love and struggles between loyalty and love, while navigating a rapidly changing world.",False,1,https://www.open-epg.com/files/saudiarabia2.xml
openepg,saudiarabia2,Al Ekhbariya.sa,Al Ekhbariya.sa,38,37.3,100.0,Al Akhbar,"International news with an emphasis on developments in the Arab world, up to the minute coverage on the hour every hour.",False,1,https://www.open-epg.com/files/saudiarabia2.xml
openepg,saudiarabia2,Al Emarat.sa,Al Emarat.sa,45,37.3,100.0,Ain A-Theeb,"Sama's marriage was meant to end years of hostility between the groom's tribe and hers, but unforeseen circumstances drive her away to the desert where a a new destiny awaits her with Fares the shepherd.",False,1,https://www.open-epg.com/files/saudiarabia2.xml
openepg,saudiarabia2,Al Hadath.sa,Al Hadath.sa,57,37.3,100.0,Al Hadath News,"Be at the forefront of top stories, breaking news, current affairs and all there is to know in the Arab region and around the world.",False,1,https://www.open-epg.com/files/saudiarabia2.xml
openepg,saudiarabia2,Al Hayat.sa,Al Hayat.sa,38,37.3,100.0,Al Hayat,"Egyptian channel broadcasts a variety of entertainment programs, series, and interesting talk shows dealing with economy, politics and latest developments in Egypt and Arabia.",False,1,https://www.open-epg.com/files/saudiarabia2.xml
openepg,saudiarabia2,Al Kahera Walnas 2.sa,Al Kahera Walnas 2.sa,38,37.3,100.0,Al Kahera Wal Nas 2,"Bringing you non-stop entertainment, only on Al Kahera Wal Nas 2.",False,1,https://www.open-epg.com/files/saudiarabia2.xml
openepg,saudiarabia2,Al Kahera Walnas.sa,Al Kahera Walnas.sa,38,37.3,100.0,Al Kahera Wal Nas,"Bringing you non-stop entertainment, only on Al Kahera Wal Nas.",False,1,https://www.open-epg.com/files/saudiarabia2.xml
openepg,saudiarabia2,Al Mamlaka TV.sa,Al Mamlaka TV.sa,69,37.3,100.0,Documentary,"An in-depth look into wide-ranging topics history and civilization, to politics, sports, science and technology.",False,1,https://www.open-epg.com/files/saudiarabia2.xml
openepg,saudiarabia2,Al Masriya.sa,Al Masriya.sa,38,37.3,100.0,Al Masriya,"Bringing you non-stop entertainment, only on Al Masriya.",False,1,https://www.open-epg.com/files/saudiarabia2.xml
openepg,saudiarabia2,Al Nahar Drama.sa,Al Nahar Drama.sa,29,37.3,100.0,Ittiham,"A poor girl who is offered to work overseas with a very good salary, discovers that she is a victim of deception and suffers a lot until she escapes from there with the help of a lawyer. Stay tuned as she gets ready to avenge those who were the reason to destroy her reputation.",False,1,https://www.open-epg.com/files/saudiarabia2.xml
openepg,saudiarabia2,Al Nahar.sa,Al Nahar.sa,48,36.8,100.0,Hikayatna Al Youm,"Stay tuned for Hikayatna Alyoum, a talk show that shines a light on and explores a wide range of issues within Egyptian society.",False,1,https://www.open-epg.com/files/saudiarabia2.xml
openepg,saudiarabia2,Al Rai.sa,Al Rai.sa,0,0,0.0,,,False,1,https://www.open-epg.com/files/saudiarabia2.xml
openepg,saudiarabia2,Al Resalah.sa,Al Resalah.sa,94,36.5,100.0,Asmaa' Allah Al Housna,Dr. Muhammad Ratib A-Nabulsi explains the meanings of the beautiful names of Allah and their impact on our lives.,False,1,https://www.open-epg.com/files/saudiarabia2.xml
openepg,saudiarabia2,Al Thaqafeya.sa,Al Thaqafeya.sa,0,0,0.0,,,False,1,https://www.open-epg.com/files/saudiarabia2.xml
openepg,saudiarabia2,Amman TV.sa,Amman TV.sa,38,37.3,100.0,Amman TV,"The channel covers a diverse range of social, entertainment and religious content, as well as distinctive Arab series.",False,1,https://www.open-epg.com/files/saudiarabia2.xml
openepg,saudiarabia2,Animal Planet HD.sa,Animal Planet HD.sa,44,37.3,100.0,Jeremy Wade's Dark Waters:Alaska's Lost River Kings,"Fisherman and adventurer, Jeremy Wade, travels to Alaska to discover what has happened to the king salmon – the power athletes of the salmon world.",False,1,https://www.open-epg.com/files/saudiarabia2.xml
openepg,saudiarabia2,Asharq Discovery.sa,Asharq Discovery.sa,10,37.3,100.0,Asharq Discovery,"A diverse documentary experience exploring nature, history, science and cultures, with inspiring stories and remarkable discoveries from around the world.",False,1,https://www.open-epg.com/files/saudiarabia2.xml
openepg,saudiarabia2,Asharq Documentary.sa,Asharq Documentary.sa,10,37.3,100.0,Asharq Documentary,"A documentary channel exploring history, society, culture and contemporary issues through compelling stories, investigations and in-depth programmes from the region and around the world.",False,1,https://www.open-epg.com/files/saudiarabia2.xml
openepg,saudiarabia2,Asharq.sa,Asharq.sa,10,37.3,100.0,Asharq,"Continuous coverage of major political, economic and social developments, featuring analysis, field reports and interviews on the most important stories from the region and around the world.",False,1,https://www.open-epg.com/files/saudiarabia2.xml
openepg,saudiarabia2,Bahrain Sports TV.sa,Bahrain Sports TV.sa,38,37.3,100.0,Bahrain Sports TV,Bahrain Sports TV brings you the best in local and international sporting events.,False,1,https://www.open-epg.com/files/saudiarabia2.xml
openepg,saudiarabia2,Bahrain TV.sa,Bahrain TV.sa,38,37.3,100.0,Bahrain TV,Latest local and international news in addition to entertainment programs.,False,1,https://www.open-epg.com/files/saudiarabia2.xml
openepg,saudiarabia2,BBC Arabic.sa,BBC Arabic.sa,38,37.3,100.0,BBC Arabic,"Stay tuned for the latest news, sports and business updates round the clock.",False,1,https://www.open-epg.com/files/saudiarabia2.xml
openepg,saudiarabia2,BBC World News.sa,BBC World News.sa,81,36.8,100.0,AI Decoded,Join our AI Decoded team as we unpack and take a deep dive into the world of artificial intelligence.,False,1,https://www.open-epg.com/files/saudiarabia2.xml
openepg,saudiarabia2,Bedaya.sa,Bedaya.sa,0,0,0.0,,,False,1,https://www.open-epg.com/files/saudiarabia2.xml
openepg,saudiarabia2,Bigg.sa,Bigg.sa,38,37.3,100.0,Bigg TV,"All you need to know from the world of e-sports, including the latest video game launches, tournaments, and the e-players making headlines across the globe.",False,1,https://www.open-epg.com/files/saudiarabia2.xml
openepg,saudiarabia2,Blippi And Friends.sa,Blippi And Friends.sa,83,36.8,100.0,Supa Strikas:How To Get A Header In The Super League,Shakes undertakes unconventional training from a new coach.,False,1,https://www.open-epg.com/files/saudiarabia2.xml
openepg,saudiarabia2,Bloomberg.sa,Bloomberg.sa,0,0,0.0,,,False,1,https://www.open-epg.com/files/saudiarabia2.xml
openepg,saudiarabia2,Cartoonito.sa,Cartoonito.sa,193,36.8,100.0,Grizzy and the Lemmings:Mind in a Whirl,"Even for a giant seven foot bear, it's not easy getting rid of pesky lemmings but it's all fun seeing them constantly try to outsmart each other with cheeky plans!",False,1,https://www.open-epg.com/files/saudiarabia2.xml
openepg,saudiarabia2,CBC Drama.sa,CBC Drama.sa,38,37.3,100.0,CBC Drama,Channel offering a selection of brand new and classic Turkish and Egyptian drama series.,False,1,https://www.open-epg.com/files/saudiarabia2.xml
openepg,saudiarabia2,CBC Extra News.sa,CBC Extra News.sa,38,37.3,100.0,CBC Extra News,An Arabic news channel broadcasting live coverage of current events from across the world.,False,1,https://www.open-epg.com/files/saudiarabia2.xml
openepg,saudiarabia2,CBC Sofra.sa,CBC Sofra.sa,38,37.3,100.0,CBC Sofra,CBC Sofra serves up cuisines and cooking techniques from the Arab world.,False,1,https://www.open-epg.com/files/saudiarabia2.xml
openepg,saudiarabia2,CBC.sa,CBC.sa,38,37.3,100.0,CBC,A contemporary entertainment channel offering a mix of popular series and talk shows.,False,1,https://www.open-epg.com/files/saudiarabia2.xml
openepg,saudiarabia2,CN Arabic.sa,CN Arabic.sa,69,36.8,100.0,King Shakir:Baby Potato,"Filled with adventure and fun, this cartoon series tells the story of King Shakir, a typical teenage lion, and his family comprising his dad Ramsey, mum Katy, and his younger sister Jane.",False,1,https://www.open-epg.com/files/saudiarabia2.xml
openepg,saudiarabia2,CN English.sa,CN English.sa,50,36.8,100.0,The Amazing World Of Gumball:The Cage,"Enter The Amazing World of Gumball where Gumball and his friend Darwin embark on insanely funny, everyday adventures!",False,1,https://www.open-epg.com/files/saudiarabia2.xml
openepg,saudiarabia2,CNBC Arabia.sa,CNBC Arabia.sa,56,36.8,100.0,Under Light,"Exploring the humanitarian issues facing the world in general and the Arab region in particular, with in-depth focus on the living and economic conditions.",False,1,https://www.open-epg.com/files/saudiarabia2.xml
openepg,saudiarabia2,CNBC.sa,CNBC.sa,0,0,0.0,,,False,1,https://www.open-epg.com/files/saudiarabia2.xml
openepg,saudiarabia2,CNN.sa,CNN.sa,55,37.3,100.0,African Voices,"'African Voices' offers viewers a unique viewpoint, showcasing engaging African personalities in intimate discussions from business and politics to music and sport.",False,1,https://www.open-epg.com/files/saudiarabia2.xml
openepg,saudiarabia2,Discovery Family HD.sa,Discovery Family HD.sa,48,36.9,100.0,Dirty Jobs:Bug Detective,"Mike Rowe searches for the world's dirtiest jobs, and experiences first-hand what it takes to perform these outrageous occupations.",False,1,https://www.open-epg.com/files/saudiarabia2.xml
openepg,saudiarabia2,Discovery HD.sa,Discovery HD.sa,46,36.8,100.0,Gold Rush: Dave Turin's Lost Mine:Say a Prayer,Dave faces devastating family news following the teams' first big haul.,False,1,https://www.open-epg.com/files/saudiarabia2.xml
openepg,saudiarabia2,Discovery ID.sa,Discovery ID.sa,40,37.3,100.0,Reasonable Doubt:Prison Mom,"Los Angeles crime enthusiasts, retired detective Chris Anderson and defense attorney Melissa Lewkowicz re-examine murder cases and help the families of those convicted to make up their mind whether to appeal or not.",False,1,https://www.open-epg.com/files/saudiarabia2.xml
openepg,saudiarabia2,Disney Channel.sa,Disney Channel.sa,96,36.7,100.0,Big City Greens:Cricket's Kapowie!/ Car Trouble,"Ten-year-old country boy Cricket Green is moving to the big city! Along with his older sister Tilly, father Bill and wild Gramma Alice, this small family can find big adventures no matter where they are!",False,1,https://www.open-epg.com/files/saudiarabia2.xml
openepg,saudiarabia2,Disney Junior.sa,Disney Junior.sa,152,36.7,100.0,Spidey and His Amazing Friends:Go With The Lava Flow,"Peter Parker, Gwen Stacy and Miles Morales continue their adventures as Team Spidey, and are joined by all-new Avengers — Iron Man, Ant-Man and Wasp, and Reptil. Together, they square off against tricky new foes in an effort to protect not just their community, but the world of nature.",False,1,https://www.open-epg.com/files/saudiarabia2.xml
openepg,saudiarabia2,Dubai One.sa,Dubai One.sa,26,36.8,100.0,The Son Of Bigfoot,"A young boy sets out to find his missing father, only to discover that he's actually the mythical creature known as Bigfoot! As father and son start making up for lost time, Adam soon discovers that he too is gifted with superpowers beyond his imagination.",False,1,https://www.open-epg.com/files/saudiarabia2.xml
openepg,saudiarabia2,Dubai Sports 2.sa,Dubai Sports 2.sa,34,37.3,100.0,Goal Mania,"Stay tuned to all the highlights, the best goals, studio analysis, views of players and coaches.",False,1,https://www.open-epg.com/files/saudiarabia2.xml
openepg,saudiarabia2,Dubai Sports HD.sa,Dubai Sports HD.sa,33,37.3,100.0,European Basketball Championship:Dubai BC X Real Madrid,Follow the latest matches of European Basketball Championship.,False,1,https://www.open-epg.com/files/saudiarabia2.xml
openepg,saudiarabia2,Dubai.sa,Dubai.sa,19,38.3,100.0,Mehmed: Fetihler Sultani:Episode 37,"When Ottoman Sultan, Fatih Sultan Mehmet, ascends the throne, he must defeat many enemies inside and outside the palace in order to conquer Istanbul, his biggest dream.",False,1,https://www.open-epg.com/files/saudiarabia2.xml
openepg,saudiarabia2,Fatafeat.sa,Fatafeat.sa,46,37.3,100.0,Ibn El-Bahhar:Episode 2,"From shrimps to lobsters to sushi, Chef Marwan prepares the most mouthwatering seafood dishes while teaching viewers something about fishing or the underwater life.",False,1,https://www.open-epg.com/files/saudiarabia2.xml
openepg,saudiarabia2,Food Network.sa,Food Network.sa,53,37.3,100.0,"Diners, Drive-Ins, And Dives:Meat And Heat","Guy Fieri takes a cross-country road trip to visit some of America's classic ""greasy spoon"" restaurants that have been doing it right for decades.",False,1,https://www.open-epg.com/files/saudiarabia2.xml
openepg,saudiarabia2,France 24.sa,France 24.sa,170,36.5,100.0,News,International and local news with up-to-the minute coverage on the hour every hour.,False,1,https://www.open-epg.com/files/saudiarabia2.xml
openepg,saudiarabia2,Fujairah TV.sa,Fujairah TV.sa,38,37.3,100.0,Fujairah TV,"The channel reflects the rich heritage of the Emirate of Fujairah, and features diverse local content including news, culture, sports, technology, and much more.",False,1,https://www.open-epg.com/files/saudiarabia2.xml
openepg,saudiarabia2,HGTV.sa,HGTV.sa,66,36.5,100.0,Tiny House Hunters:Food Scientist Goes Tiny,Home seekers across the USA look to seriously downsize! They check out three tiny properties under 600 sq ft before choosing the perfect compact home.,False,1,https://www.open-epg.com/files/saudiarabia2.xml
openepg,saudiarabia2,Jordan TV.sa,Jordan TV.sa,38,37.3,100.0,Jordan TV,"The channel offers a range of TV shows that enshrine the Jordanian values ​​of tolerance, freedom of expression, moderation and pluralism.",False,1,https://www.open-epg.com/files/saudiarabia2.xml
openepg,saudiarabia2,KidZone Max.sa,KidZone Max.sa,38,37.3,100.0,KidZone Max,Round-the-clock kids' entertainment from action-packed animated series to beloved classics.,False,1,https://www.open-epg.com/files/saudiarabia2.xml
openepg,saudiarabia2,KSA Now.sa,KSA Now.sa,38,37.3,100.0,KSA Now,"EPG currently unavailable, however you can 'Catch-Up' on your favorite programs.",False,1,https://www.open-epg.com/files/saudiarabia2.xml
openepg,saudiarabia2,LBC.sa,LBC.sa,31,37.3,100.0,Bank El-Haz,Disgruntled former bank employee Mohamad Saleh decides to get even by robbing the bank with some help from Amro and Ze'ro. Will their bank heist go according to plan?,False,1,https://www.open-epg.com/files/saudiarabia2.xml
openepg,saudiarabia2,LTV.sa,LTV.sa,38,37.3,100.0,LTV,"LTV is a diverse entertainment channel, that offers comedy and drama series as well as contests, game shows and quizzes that suit all viewers.",False,1,https://www.open-epg.com/files/saudiarabia2.xml
openepg,saudiarabia2,Majid.sa,Majid.sa,172,36.6,100.0,The Loodles,"In the whimsical town of Loodleville, little Loodle Anne and her family, along with their clever dog Garbanzo, turn everyday challenges into extraordinary adventures with the help of Anne's magical Doodle Book.",False,1,https://www.open-epg.com/files/saudiarabia2.xml
openepg,saudiarabia2,MBC 1 HD.sa,MBC 1 HD.sa,45,37.3,100.0,Big Time Podcast:Episode 12,Celebrities visiting the Riyadh Season talk about their experiences in the Kingdom and at the event in a light and entertaining manner. They also speak about the challenges and achievements they faced in their career paths and how they overcame them.,False,1,https://www.open-epg.com/files/saudiarabia2.xml
openepg,saudiarabia2,MBC 2 HD.sa,MBC 2 HD.sa,24,36.8,100.0,Justice League,"In an effort to keep Superman’s legacy alive and save the earth from newly awakened threats, Batman recruits a team of meta-humans to fight against rising enemies. But will the united powers of this ultimate league be enough to save the planet from an assault of disastrous proportions?",False,1,https://www.open-epg.com/files/saudiarabia2.xml
openepg,saudiarabia2,MBC 3.sa,MBC 3.sa,147,36.6,100.0,Sonic Boom:Episode 51,"Twenty-three years after the original Sonic the Hedgehog video game, fast, handsome, and arrogant hero Sonic continues to fight his arch nemesis, Dr. Eggman.",False,1,https://www.open-epg.com/files/saudiarabia2.xml
openepg,saudiarabia2,MBC 4 HD.sa,MBC 4 HD.sa,55,37.3,100.0,A'la Nesbet Moshahda:Episode 2,"Amina’s simple life changes forever when a video of her goes viral. She becomes an internet sensation overnight, but soon discovers that online fame comes at a steep price…",False,1,https://www.open-epg.com/files/saudiarabia2.xml
openepg,saudiarabia2,MBC Action HD.sa,MBC Action HD.sa,49,37.3,100.0,Kingdom:Episode 9,"An epic historical anime saga that is set in the era of China's Warring States. It follows the story of a young boy who grows up to be a great war general, alongside many other characters based on real historical figures.",False,1,https://www.open-epg.com/files/saudiarabia2.xml
openepg,saudiarabia2,MBC Bollywood.sa,MBC Bollywood.sa,37,37.3,100.0,Mahnoor:Episode 55,"Two sisters shaped by the same past, raised worlds apart. Separated as children, fate leads Mahnoor and Mehwish down different paths, ending in a reunion that tests blood ties, beliefs, and the true meaning of family.",False,1,https://www.open-epg.com/files/saudiarabia2.xml
openepg,saudiarabia2,MBC Drama HD.sa,MBC Drama HD.sa,38,37.3,100.0,Al-Maddah: Ostouret Al-Ishq:Episode 7,"The story of Saber, who was adopted and raised by the imam of a mosque but grows up to be involved in criminal activities, he often has strange dreams which come true.",False,1,https://www.open-epg.com/files/saudiarabia2.xml
openepg,saudiarabia2,MBC MASR 2.sa,MBC MASR 2.sa,35,37.3,100.0,Sabahak Masry:Episode 211,"Kickstart your morning with the latest news of what's happening in Egypt, from politics, finance, current affairs to sports and arts.",False,1,https://www.open-epg.com/files/saudiarabia2.xml
openepg,saudiarabia2,MBC MASR.sa,MBC MASR.sa,30,36.8,100.0,Parineetii:Episode 337,Parineetii explores the complicated yet heartwarming story of two good friends whose lives intertwine in an unexpected manner.,False,1,https://www.open-epg.com/files/saudiarabia2.xml
openepg,saudiarabia2,MBC Max HD.sa,MBC Max HD.sa,24,37.8,100.0,Dunkirk,"400,000 Allied soldiers are holed up in the war-torn French town of Dunkirk and the only escape is via sea. The situation is dire and the troops have nowhere to go, but help is at hand and a fierce battle is inevitable. A remarkable true account of World War II events by Christopher Nolan.",False,1,https://www.open-epg.com/files/saudiarabia2.xml
openepg,saudiarabia2,MBC VARIETY.sa,MBC VARIETY.sa,49,36.7,100.0,Paddington 2,"Paddington, now happily settled with the Brown family and a well-liked member of the local community, takes on a series of odd jobs to buy the perfect present for his Aunt Lucy’s 100th birthday, only for the gift to be stolen.",False,1,https://www.open-epg.com/files/saudiarabia2.xml
openepg,saudiarabia2,MBC+ Drama HD.sa,MBC+ Drama HD.sa,50,36.8,100.0,April Fool's:Episode 30,"Mashari confesses to his mother and asks her forgiveness, and Jinan decides to move out of the house. Mashari asks Majed to divorce Aseel. There is a surprise in store for Awatef, while Razan commits a crime.",False,1,https://www.open-epg.com/files/saudiarabia2.xml
openepg,saudiarabia2,Nat. Geo. AD.sa,Nat. Geo. AD.sa,48,36.6,100.0,Toronto Airport Uncovered,"Cameras go behind the scenes at Toronto Pearson Airport, revealing how they keep passengers and planes moving during the brutal Canadian winter.",False,1,https://www.open-epg.com/files/saudiarabia2.xml
openepg,saudiarabia2,Nat. Geo. Wild HD.sa,Nat. Geo. Wild HD.sa,50,36.6,100.0,Lion:Chapter Two: A Band of Brothers,"Filmed over four years, Lion follows Kio from a vulnerable cub to a determined young leader. Through loss, exile and fierce rivals, he faces an epic struggle to survive and earn his place in the wild.",False,1,https://www.open-epg.com/files/saudiarabia2.xml
openepg,saudiarabia2,Nat. Geographic.sa,Nat. Geographic.sa,50,36.8,100.0,Primal Survivor China:Raging River,"Hazen Audel joins neighborhood tribesmen within the Dulong valley in South West China. Fighting seething waters and venomous snakes and bears, they head out to the snow-capped mountains to gather highly important therapeutic herbs.",False,1,https://www.open-epg.com/files/saudiarabia2.xml
openepg,saudiarabia2,Oman Al Thakafeyah.sa,Oman Al Thakafeyah.sa,38,37.3,100.0,Oman Culture,Connecting viewers with the best of Omani culture.,False,1,https://www.open-epg.com/files/saudiarabia2.xml
openepg,saudiarabia2,Oman Mubasher.sa,Oman Mubasher.sa,38,37.3,100.0,Oman Live,Round the clock news channel with the latest national and international reports.,False,1,https://www.open-epg.com/files/saudiarabia2.xml
openepg,saudiarabia2,Oman Sport.sa,Oman Sport.sa,38,37.3,100.0,Oman Sports,Sports channel bring you the best in local and international sporting events.,False,1,https://www.open-epg.com/files/saudiarabia2.xml
openepg,saudiarabia2,Oman TV.sa,Oman TV.sa,38,37.3,100.0,Oman TV,"Presents a variety of programs, including series and news features, to suit the whole family.",False,1,https://www.open-epg.com/files/saudiarabia2.xml
openepg,saudiarabia2,One TV.sa,One TV.sa,38,37.3,100.0,One TV,An urban Arabic music channel with a wide variety of songs ranging from classics to the latest hits.,False,1,https://www.open-epg.com/files/saudiarabia2.xml
openepg,saudiarabia2,Punch TV.sa,Punch TV.sa,0,0,0.0,,,False,1,https://www.open-epg.com/files/saudiarabia2.xml
openepg,saudiarabia2,Riyadh Season.sa,Riyadh Season.sa,38,37.3,100.0,Riyadh Season,Line-up of some of the main events from the highly anticipated Riyadh Season 2024.,False,1,https://www.open-epg.com/files/saudiarabia2.xml
openepg,saudiarabia2,Rotana + HD.sa,Rotana + HD.sa,37,37.8,100.0,Rotana Concerts,Tune in to the top concerts of Rotana by your favorite singers.,False,1,https://www.open-epg.com/files/saudiarabia2.xml
openepg,saudiarabia2,Rotana Aflam +.sa,Rotana Aflam +.sa,24,36.8,100.0,Bikia,"Dr. Mustafa is hard at work in his lab trying to develop a medicine for an incurable disease. On learning that a shady organization is out to steal his work, he flees to try and finish his work in secret. Will he succeed?",False,1,https://www.open-epg.com/files/saudiarabia2.xml
openepg,saudiarabia2,Rotana Cinema + US.sa,Rotana Cinema + US.sa,22,36.8,100.0,Al-Qarmouti Fi Ardh An-Nar,"Comedian Ahmad Adam brings the house down as Al-Qarmouti, in this hilarious movie about the mayhem that ensues when the not-so-tech-savvy try to take on social media. The movies also offers a tongue-in-cheek commentary of contemporary political issues, notably the rise of militant groups.",False,1,https://www.open-epg.com/files/saudiarabia2.xml
openepg,saudiarabia2,Rotana Cinema HD.sa,Rotana Cinema HD.sa,20,37.3,100.0,Lokandet Al Mofajaat,"A young man runs his own investigational office. One day, he is assigned to find the dog of a female belly dancer. He manages to find him and goes to the hotel where she was put up.",False,1,https://www.open-epg.com/files/saudiarabia2.xml
openepg,saudiarabia2,Rotana Cinema Masr.sa,Rotana Cinema Masr.sa,19,37.3,100.0,Shantat Hamza,"This comedy revolves around the suave swindler Hamza who is living his dream life. However, when he meets and falls in love with a bold girl who works for a rival gang, it threatens to derail his personal as well as professional life.",False,1,https://www.open-epg.com/files/saudiarabia2.xml
openepg,saudiarabia2,Rotana Classic HD.sa,Rotana Classic HD.sa,27,38.3,100.0,Ismail Yassin Fi Mustashfa Al-Majaneen,"Timah wishes to marry a poor young man from the village, but her greedy father disapproves of the union. He promises her hand in marriage to his debtors when they come asking for their money; this leads to a serious hilarious mishaps and comic situations.",False,1,https://www.open-epg.com/files/saudiarabia2.xml
openepg,saudiarabia2,Rotana Clip.sa,Rotana Clip.sa,38,37.3,100.0,Aghani Wa Video Clip,A selection of entertaining Arabic songs.,False,1,https://www.open-epg.com/files/saudiarabia2.xml
openepg,saudiarabia2,Rotana Comedy.sa,Rotana Comedy.sa,20,38.3,100.0,From Japan to Egypt,"Muharram's Japanese wife Sakura returns to her homeland with their infant twins leaving him behind. When the twins grow older, Sakura agrees to let the children spend six months in Egypt with Muharram, but with conditions attached!",False,1,https://www.open-epg.com/files/saudiarabia2.xml
openepg,saudiarabia2,Rotana Drama HD.sa,Rotana Drama HD.sa,38,37.3,100.0,Nasamat Ayloul:Episode 10,"Light-hearted drama about Um Fawwaz, a seventy-year-old grandmother navigating the conflicts that crop up between her temperamentally different children, especially after the return of her domineering daughter.",False,1,https://www.open-epg.com/files/saudiarabia2.xml
openepg,saudiarabia2,Rotana Khalijia HD.sa,Rotana Khalijia HD.sa,33,37.3,100.0,Ana Wala Ana:Episode 26,"After their father’s death, a once-close family begins to fall apart as the eldest son fights to keep them together while his siblings are drawn down dangerous and destructive paths.",False,1,https://www.open-epg.com/files/saudiarabia2.xml
openepg,saudiarabia2,Rotana Kids.sa,Rotana Kids.sa,117,36.8,100.0,Tom and Jerry:Episode 57,"More fun and battling adventures with the duelling cat and mouse, Tom and Jerry.",False,1,https://www.open-epg.com/files/saudiarabia2.xml
openepg,saudiarabia2,Rotana M+ HD.sa,Rotana M+ HD.sa,38,37.3,100.0,Rotana M+ HD,A selection of the biggest hits from across the globe for all music lovers.,False,1,https://www.open-epg.com/files/saudiarabia2.xml
openepg,saudiarabia2,Rotana Music HD.sa,Rotana Music HD.sa,38,37.3,100.0,Mousica,"An entertaining line-up of music videos, clips and concerts.",False,1,https://www.open-epg.com/files/saudiarabia2.xml
openepg,saudiarabia2,Roya.sa,Roya.sa,38,37.3,100.0,Roya,Connects the community and addresses the youth and the adults alike with information and entertainment programs.,False,1,https://www.open-epg.com/files/saudiarabia2.xml
openepg,saudiarabia2,RT Arabic.sa,RT Arabic.sa,73,36.9,100.0,Documentary,"An in-depth look into wide-ranging topics history and civilization, to politics, sports, science and technology.",False,1,https://www.open-epg.com/files/saudiarabia2.xml
openepg,saudiarabia2,RT Documentary.sa,RT Documentary.sa,143,36.5,100.0,"My Life, My Way","Stay tuned to the documentary My Life, My Way.",False,1,https://www.open-epg.com/files/saudiarabia2.xml
openepg,saudiarabia2,RT News.sa,RT News.sa,74,36.8,100.0,Documentary,"An in-depth look into wide-ranging topics history and civilization, to politics, sports, science and technology.",False,1,https://www.open-epg.com/files/saudiarabia2.xml
openepg,saudiarabia2,Sama Dubai.sa,Sama Dubai.sa,56,36.8,100.0,Souq Al Maqassess,This hilarious drama showcases the negative issues in the Kuwaiti society which are created by contemporary materialistic living.,False,1,https://www.open-epg.com/files/saudiarabia2.xml
openepg,saudiarabia2,Saudi 1.sa,Saudi 1.sa,52,36.8,100.0,Fataawa,"Erudite Muslim scholars address viewers’ queries regarding matters in accordance with the Islamic law, the Holy Qur’an and the Prophet’s Sunnah.",False,1,https://www.open-epg.com/files/saudiarabia2.xml
openepg,saudiarabia2,Saudi Quran.sa,Saudi Quran.sa,38,37.3,100.0,Al Qura'an Al Kareem,Recitation from The Holy Quran.,False,1,https://www.open-epg.com/files/saudiarabia2.xml
openepg,saudiarabia2,Saudi Sports 1.sa,Saudi Sports 1.sa,36,37.3,100.0,Saudi Sports 1,"EPG currently unavailable, however you can 'Catch-Up' on your favorite programs.",False,1,https://www.open-epg.com/files/saudiarabia2.xml
openepg,saudiarabia2,Saudi Sports 2.sa,Saudi Sports 2.sa,38,37.3,100.0,Saudi Sports 2,Stay tuned for the best sporting events from around the globe.,False,1,https://www.open-epg.com/files/saudiarabia2.xml
openepg,saudiarabia2,Saudi Sports 3.sa,Saudi Sports 3.sa,38,37.3,100.0,Saudi Sports 3,Sports channel with the best in local and international sporting events.,False,1,https://www.open-epg.com/files/saudiarabia2.xml
openepg,saudiarabia2,Saudi Sunnah.sa,Saudi Sunnah.sa,38,37.3,100.0,Ahadith Nabawiya Shareefa,A collection of spiritually enlightening sayings of the Prophet Muhammed (PBUH).,False,1,https://www.open-epg.com/files/saudiarabia2.xml
openepg,saudiarabia2,SBC.sa,SBC.sa,41,37.3,100.0,Faris bila Jawaz,"When his late grandfather’s will stipulates that he must get married within two months, a young man’s life is thrown into chaos. Greedy for the money but not willing to compromise on his high standards, will he be able to find a suitable bride in time?",False,1,https://www.open-epg.com/files/saudiarabia2.xml
openepg,saudiarabia2,Sharjah Quran.sa,Sharjah Quran.sa,38,37.3,100.0,Sharjah Quran,"An Arabic Islamic channel broadcasting the verses of the Holy Quran round the clock, and various religious programmes.",False,1,https://www.open-epg.com/files/saudiarabia2.xml
openepg,saudiarabia2,Sharjah Sports.sa,Sharjah Sports.sa,38,37.3,100.0,Sharjah Sports,"Featuring coverage of local, Arab, and international sporting events and competitions.",False,1,https://www.open-epg.com/files/saudiarabia2.xml
openepg,saudiarabia2,Sharjah TV.sa,Sharjah TV.sa,38,37.3,100.0,Sharjah TV,"The channel offers a range of social, political, cultural and entertainment themed programs.",False,1,https://www.open-epg.com/files/saudiarabia2.xml
openepg,saudiarabia2,Sharqiya from Kalba.sa,Sharqiya from Kalba.sa,38,37.3,100.0,Sharqiya from Kalba,The channel represents an interactive media platform for the coverage of issues related to the Eastern region of the United Arab Emirates.,False,1,https://www.open-epg.com/files/saudiarabia2.xml
openepg,saudiarabia2,Sky News Arabia HD.sa,Sky News Arabia HD.sa,38,37.3,100.0,Sky News Arabia HD,"Sky News Arabia shines a light on the Arab world from the Arab world. Live from the heart of events, the coverage is fast and foremost with emphasis on journalism and innovation.",False,1,https://www.open-epg.com/files/saudiarabia2.xml
openepg,saudiarabia2,SmartZone.sa,SmartZone.sa,38,37.3,100.0,SmartZone,"Tailored for the young teenagers, SmartZone MENA offers educational and entertaining, mainly factual programming, from all around the world.",False,1,https://www.open-epg.com/files/saudiarabia2.xml
openepg,saudiarabia2,Space Toon.sa,Space Toon.sa,82,37.1,100.0,44 Cats,"Ever seen a band of musician cats? Meet Lampo, Milady, Pilou and Meatball, together known as the Buffycats who live and play inside Granny Pina’s house. Follow their adventures on 44 Gatti.",False,1,https://www.open-epg.com/files/saudiarabia2.xml
openepg,saudiarabia2,Sport 24.sa,Sport 24.sa,38,37.3,100.0,Kingdom Merchants,"The program showcases inspiring success stories from various businesses in the Kingdom of Saudi Arabia, presenting examples of individuals who have achieved success in their fields of work, with the goal of inspiring and motivating others.",False,1,https://www.open-epg.com/files/saudiarabia2.xml
openepg,saudiarabia2,SSC News.sa,SSC News.sa,0,0,0.0,,,False,1,https://www.open-epg.com/files/saudiarabia2.xml
openepg,saudiarabia2,Star Action.sa,Star Action.sa,26,37.7,100.0,The Silencing,A reclusive hunter on a wildlife sanctuary teams up with the local sheriff to track down a vicious killer who may have kidnapped his daughter. They must join forces to uncover the truth and save her.,False,1,https://www.open-epg.com/files/saudiarabia2.xml
openepg,saudiarabia2,Star Movies HD.sa,Star Movies HD.sa,21,38.3,100.0,House of Gucci,"When Patrizia Reggiani, an outsider from humble beginnings, marries into the Gucci family, her unbridled ambition begins to unravel their legacy and triggers a reckless spiral of betrayal, decadence, revenge, and ultimately...murder.",False,1,https://www.open-epg.com/files/saudiarabia2.xml
openepg,saudiarabia2,Star World HD.sa,Star World HD.sa,42,37.3,100.0,Hotel Costiera:Hassan,"On the Amalfi Coast, ex-Marine Daniel De Luca works fixing the problems of the elite, until his own life unravels when his daughter disappears, pulling him into a far more personal fight.",False,1,https://www.open-epg.com/files/saudiarabia2.xml
openepg,saudiarabia2,STARZPLAY Sports.sa,STARZPLAY Sports.sa,36,37.3,100.0,UFC Fight Night:Rosas Jr. X Barcelos - Main Card,UFC Fight Night brings you the best MMA action from around the world.,False,1,https://www.open-epg.com/files/saudiarabia2.xml
openepg,saudiarabia2,stc tv cinema.sa,stc tv cinema.sa,23,37.4,100.0,Devil's Brain,"Amidst the turbulent times of the historic 25th January events, the members of a family turn against each other after an unfortunate event pushes them to turn to crime.",False,1,https://www.open-epg.com/files/saudiarabia2.xml
openepg,saudiarabia2,stc tv drama.sa,stc tv drama.sa,50,37.1,100.0,Sodfa:Episode 29,Fouad plots against Moataz.,False,1,https://www.open-epg.com/files/saudiarabia2.xml
openepg,saudiarabia2,stc tv family.sa,stc tv family.sa,62,36.5,100.0,Yamam:Nenshur Wala Ma Nenshur,"This animated series, which appeals equally to children and adults, is set in KSA in a futuristic 2038. Yamam, his family and his highly intelligent robot Mersal embark on exciting and thrilling adventures. On the way, they teach viewers about good morals and the right things to do.",False,1,https://www.open-epg.com/files/saudiarabia2.xml
openepg,saudiarabia2,stc tv sports 1 HD.sa,stc tv sports 1 HD.sa,21,36.9,100.0,Napoli X Como 2026/27,Napoli takes on Como at the 2026 – 27 Serie A.,False,1,https://www.open-epg.com/files/saudiarabia2.xml
openepg,saudiarabia2,stc tv sports HD.sa,stc tv sports HD.sa,20,36.8,100.0,Udinese X Lazio 2026/27,Udinese takes on Lazio at the 2026 – 27 Serie A.,False,1,https://www.open-epg.com/files/saudiarabia2.xml
openepg,saudiarabia2,TCM.sa,TCM.sa,19,37.6,100.0,Talladega Nights: Ballad Of Ricky Bobby,"No brakes, no brains! That pretty much sums up NASCAR champ Ricky Bobby (Will Ferrell) both on and off the track. And so when a Formula One prodigy challenges his supremacy, Bobby’s got to do what it takes to defend his place on the winner’s podium.",False,1,https://www.open-epg.com/files/saudiarabia2.xml
openepg,saudiarabia2,Ten.sa,Ten.sa,38,37.3,100.0,TeN,"Entertainment channel offering a range of popular series, news segments, and talk shows.",False,1,https://www.open-epg.com/files/saudiarabia2.xml
openepg,saudiarabia2,TLC HD.sa,TLC HD.sa,48,37.3,100.0,Kitchen Boss:Valentine Bistro At Home,In this show Paddy prepares favourite recipes of his family for everyone to enjoy.,False,1,https://www.open-epg.com/files/saudiarabia2.xml
openepg,saudiarabia2,Travel.sa,Travel.sa,38,37.3,100.0,Mysteries Of The Missing:Forbidden City Of Gold,"The show explores the most startling disappearances of the modern era. It looks at the dominant theories, against what is known to have happened – and what science can tell us about what really happened.",False,1,https://www.open-epg.com/files/saudiarabia2.xml
openepg,saudiarabia2,Wanasah.sa,Wanasah.sa,38,37.3,100.0,Wanasah,"A handpicked selection of video clips, concerts and music programs round the clock primarily aimed at Arab youth.",False,1,https://www.open-epg.com/files/saudiarabia2.xml
openepg,saudiarabia2,Wousta from Al Dhaid.sa,Wousta from Al Dhaid.sa,38,37.3,100.0,Wousta from Al Dhaid,"The channel forms a bridge linking the past of the Emirate of Sharjah with its present, and reflects on the emirate's heritage and culture.",False,1,https://www.open-epg.com/files/saudiarabia2.xml
openepg,saudiarabia2,Zee Aflam.sa,Zee Aflam.sa,19,37.3,100.0,Jersey,"Arjun, a talented but failed cricketer, decides to return to cricket in his late thirties, driven by the desire to represent the Indian cricket team and fulfil his son's wish for a team jersey as a gift.",False,1,https://www.open-epg.com/files/saudiarabia2.xml
openepg,saudiarabia2,Zee Alwan.sa,Zee Alwan.sa,38,37.3,100.0,Al Seher:Episode 57,"A worried husband and son-in-law finds his hands full when he sets out to resolve the discord between his wife and her mother, but can he repair the rift or will he end up making things worse?",False,1,https://www.open-epg.com/files/saudiarabia2.xml
openepg,saudiarabia2,Zekrayat.sa,Zekrayat.sa,44,36.8,100.0,Koala,Stay tuned to Koala.,False,1,https://www.open-epg.com/files/saudiarabia2.xml
openepg,saudiarabia3,24 Channel.sa,24 Channel.sa,0,0,0.0,,,False,1,https://www.open-epg.com/files/saudiarabia3.xml
openepg,saudiarabia3,8 XM.sa,8 XM.sa,0,0,0.0,,,False,1,https://www.open-epg.com/files/saudiarabia3.xml
openepg,saudiarabia3,A Plus.sa,A Plus.sa,0,0,0.0,,,False,1,https://www.open-epg.com/files/saudiarabia3.xml
openepg,saudiarabia3,Aaj Entertainment.sa,Aaj Entertainment.sa,0,0,0.0,,,False,1,https://www.open-epg.com/files/saudiarabia3.xml
openepg,saudiarabia3,Aaj News.sa,Aaj News.sa,0,0,0.0,,,False,1,https://www.open-epg.com/files/saudiarabia3.xml
openepg,saudiarabia3,AAN TV.sa,AAN TV.sa,0,0,0.0,,,False,1,https://www.open-epg.com/files/saudiarabia3.xml
openepg,saudiarabia3,Abb Takk News.sa,Abb Takk News.sa,0,0,0.0,,,False,1,https://www.open-epg.com/files/saudiarabia3.xml
openepg,saudiarabia3,Abu Dhabi Sports 1 HD.sa,Abu Dhabi Sports 1 HD.sa,17,26.8,100.0,كأس الخليج العربي,‫‫تتنافس فرق كرة قدم محترفة ضد بعضها في بطولة كأس الخليج العربي، في محاولة منها للظفر بالنصر والفوز باللقب المرموق.‬‬,False,1,https://www.open-epg.com/files/saudiarabia3.xml
openepg,saudiarabia3,Abu Dhabi Sports 2 HD.sa,Abu Dhabi Sports 2 HD.sa,19,28.0,100.0,فولو ذا فلو,‫‬,False,1,https://www.open-epg.com/files/saudiarabia3.xml
openepg,saudiarabia3,Abu Dhabi TV HD.sa,Abu Dhabi TV HD.sa,35,26.3,100.0,واعي,‫م1 ، ح2 : ‫يحاور المضيف مختلف الشخصيات للتطرق إلى عدد من القضايا ومناقشتها، في محاولة لزيادة الوعي وترسيخ أسس أخلاقية لمجتمع سليم ومستقر.‬‬,False,1,https://www.open-epg.com/files/saudiarabia3.xml
openepg,saudiarabia3,Al Hurra HD.sa,Al Hurra HD.sa,0,0,0.0,,,False,1,https://www.open-epg.com/files/saudiarabia3.xml
openepg,saudiarabia3,Al Nahar Drama.sa,Al Nahar Drama.sa,21,26.3,100.0,ستهم,‫‫تقع سيدة في مشكلة حين تضطر إلى العمل في وظيفة صعبة لتجد لقمة العيش في ظل وفاة زوجها وبقائها وحيدة مع طفل رضيع.‬‬,False,1,https://www.open-epg.com/files/saudiarabia3.xml
openepg,saudiarabia3,Al Nahar TV.sa,Al Nahar TV.sa,33,25.8,100.0,حكايتنا اليوم,‫‫يستعرض فريق التقديم عددا من المواضيع التي تتمحور حول شؤون اجتماعية وأسرية، ويدعو خبراء لمناقشة مجموعة من المواضيع التي تهم النساء.‬‬,False,1,https://www.open-epg.com/files/saudiarabia3.xml
openepg,saudiarabia3,Al Resalah HD.sa,Al Resalah HD.sa,0,0,0.0,,,False,1,https://www.open-epg.com/files/saudiarabia3.xml
openepg,saudiarabia3,ART Aflam 2.sa,ART Aflam 2.sa,0,0,0.0,,,False,1,https://www.open-epg.com/files/saudiarabia3.xml
openepg,saudiarabia3,ART Aflam.sa,ART Aflam.sa,0,0,0.0,,,False,1,https://www.open-epg.com/files/saudiarabia3.xml
openepg,saudiarabia3,ART Cinema.sa,ART Cinema.sa,0,0,0.0,,,False,1,https://www.open-epg.com/files/saudiarabia3.xml
openepg,saudiarabia3,ART Hekayat 2.sa,ART Hekayat 2.sa,0,0,0.0,,,False,1,https://www.open-epg.com/files/saudiarabia3.xml
openepg,saudiarabia3,ART Hekayat.sa,ART Hekayat.sa,0,0,0.0,,,False,1,https://www.open-epg.com/files/saudiarabia3.xml
openepg,saudiarabia3,ARY Digital.sa,ARY Digital.sa,0,0,0.0,,,False,1,https://www.open-epg.com/files/saudiarabia3.xml
openepg,saudiarabia3,ARY News Live.sa,ARY News Live.sa,0,0,0.0,,,False,1,https://www.open-epg.com/files/saudiarabia3.xml
openepg,saudiarabia3,ARY Zindagae.sa,ARY Zindagae.sa,0,0,0.0,,,False,1,https://www.open-epg.com/files/saudiarabia3.xml
openepg,saudiarabia3,BBC Arabic.sa,BBC Arabic.sa,44,25.8,100.0,نيوزنايت,‫‫يقدم فريق التقديم تغطية شاملة ومفصلة لأحدث الأخبار والتطورات محليا ودوليا.‬‬,False,1,https://www.open-epg.com/files/saudiarabia3.xml
openepg,saudiarabia3,Bol Entertainment.sa,Bol Entertainment.sa,0,0,0.0,,,False,1,https://www.open-epg.com/files/saudiarabia3.xml
openepg,saudiarabia3,Bol News.sa,Bol News.sa,0,0,0.0,,,False,1,https://www.open-epg.com/files/saudiarabia3.xml
openepg,saudiarabia3,Boomerang HD.sa,Boomerang HD.sa,0,0,0.0,,,False,1,https://www.open-epg.com/files/saudiarabia3.xml
openepg,saudiarabia3,Cartoon Network Arabic.sa,Cartoon Network Arabic.sa,47,25.8,100.0,كرال ساكير,‫‫‫تسافر عائلة من القطط المنزلية عبر الأراضي لخوض مغامرات مختلفة، إذ تواجه معا عدة مواقف مضحكة وفريدة.‬‬‬,False,1,https://www.open-epg.com/files/saudiarabia3.xml
openepg,saudiarabia3,Cartoon Network HD.sa,Cartoon Network HD.sa,29,26.2,100.0,ذي أميزنغ ورلد أوف غامبول,‫‫يعيش القط غامبول واترسون البالغ ١٢ عاما في إلمور ولديه ميول حول التورط في المشاكل برفقة صديقه العزيز السمكة داروين.‬‬,False,1,https://www.open-epg.com/files/saudiarabia3.xml
openepg,saudiarabia3,City 21.sa,City 21.sa,0,0,0.0,,,False,1,https://www.open-epg.com/files/saudiarabia3.xml
openepg,saudiarabia3,City 42.sa,City 42.sa,0,0,0.0,,,False,1,https://www.open-epg.com/files/saudiarabia3.xml
openepg,saudiarabia3,Dawn News.sa,Dawn News.sa,0,0,0.0,,,False,1,https://www.open-epg.com/files/saudiarabia3.xml
openepg,saudiarabia3,Discover Pakistan.sa,Discover Pakistan.sa,0,0,0.0,,,False,1,https://www.open-epg.com/files/saudiarabia3.xml
openepg,saudiarabia3,Dunya News.sa,Dunya News.sa,0,0,0.0,,,False,1,https://www.open-epg.com/files/saudiarabia3.xml
openepg,saudiarabia3,Express Entertainment.sa,Express Entertainment.sa,0,0,0.0,,,False,1,https://www.open-epg.com/files/saudiarabia3.xml
openepg,saudiarabia3,Express News.sa,Express News.sa,0,0,0.0,,,False,1,https://www.open-epg.com/files/saudiarabia3.xml
openepg,saudiarabia3,Film World.sa,Film World.sa,0,0,0.0,,,False,1,https://www.open-epg.com/files/saudiarabia3.xml
openepg,saudiarabia3,FILMAX.sa,FILMAX.sa,0,0,0.0,,,False,1,https://www.open-epg.com/files/saudiarabia3.xml
openepg,saudiarabia3,Geo Entertainment.sa,Geo Entertainment.sa,0,0,0.0,,,False,1,https://www.open-epg.com/files/saudiarabia3.xml
openepg,saudiarabia3,Geo Kahani.sa,Geo Kahani.sa,0,0,0.0,,,False,1,https://www.open-epg.com/files/saudiarabia3.xml
openepg,saudiarabia3,Geo News Live.sa,Geo News Live.sa,0,0,0.0,,,False,1,https://www.open-epg.com/files/saudiarabia3.xml
openepg,saudiarabia3,Geo Taiz.sa,Geo Taiz.sa,0,0,0.0,,,False,1,https://www.open-epg.com/files/saudiarabia3.xml
openepg,saudiarabia3,GNN.sa,GNN.sa,0,0,0.0,,,False,1,https://www.open-epg.com/files/saudiarabia3.xml
openepg,saudiarabia3,Hum News.sa,Hum News.sa,0,0,0.0,,,False,1,https://www.open-epg.com/files/saudiarabia3.xml
openepg,saudiarabia3,Hum Sitaray.sa,Hum Sitaray.sa,0,0,0.0,,,False,1,https://www.open-epg.com/files/saudiarabia3.xml
openepg,saudiarabia3,HUM TV.sa,HUM TV.sa,0,0,0.0,,,False,1,https://www.open-epg.com/files/saudiarabia3.xml
openepg,saudiarabia3,Iqraa.sa,Iqraa.sa,0,0,0.0,,,False,1,https://www.open-epg.com/files/saudiarabia3.xml
openepg,saudiarabia3,Kids Zone+.sa,Kids Zone+.sa,0,0,0.0,,,False,1,https://www.open-epg.com/files/saudiarabia3.xml
openepg,saudiarabia3,Lahore News HD.sa,Lahore News HD.sa,0,0,0.0,,,False,1,https://www.open-epg.com/files/saudiarabia3.xml
openepg,saudiarabia3,LTN Family.sa,LTN Family.sa,0,0,0.0,,,False,1,https://www.open-epg.com/files/saudiarabia3.xml
openepg,saudiarabia3,M Plus HD.sa,M Plus HD.sa,0,0,0.0,,,False,1,https://www.open-epg.com/files/saudiarabia3.xml
openepg,saudiarabia3,MBC 1 HD.sa,MBC 1 HD.sa,31,26.3,100.0,بغ تايم بودكاست,‫م1 ، ح12 : ‫يستقبل عمرو أديب وأصالة نجوم الفن والمشاهير الزائرين للمملكة خلال موسم الرياض، حيث يخوضان معهم أحاديث وحوارات شيقة وممتعة حول رحلاتهم وتجاربهم المختلفة.‬‬,False,1,https://www.open-epg.com/files/saudiarabia3.xml
openepg,saudiarabia3,MBC 2 HD.sa,MBC 2 HD.sa,18,27.4,100.0,جستس ليغ,‫‫يعود ستيبنوولف وأفراده من فصيلة بارادمون بعد مرور الدهور لتدمير الأرض. مع ذلك، يطلب باتمان مساعدة وندر ومان لتجنيد فلاش وسايبورغ وأكوامان لمحاربة عدوهم القوي الجديد.‬‬,False,1,https://www.open-epg.com/files/saudiarabia3.xml
openepg,saudiarabia3,MBC 3 HD.sa,MBC 3 HD.sa,101,25.5,100.0,سونك بوم,‫‫بعدما يحصل القنفذ الأزرق السريع سونيك على مظهر جديد، يشرع في مغامرات جديدة مع مساعده تيلز وأصدقائه أيمي وناكلز وستيكس لمواجهة عدوهم اللدود الدكتور إيغمان.‬‬,False,1,https://www.open-epg.com/files/saudiarabia3.xml
openepg,saudiarabia3,MBC 4 HD.sa,MBC 4 HD.sa,38,25.5,100.0,أعلى نسبة مشاهدة,‫م1 ، ح2 : ‫تتغير حياة شيماء البسيطة إلى الأبد عندما يلقى مقطع فيديو خاص بها انتشارا واسعا، وسرعان ما تتحول إلى نجمة على الإنترنت بين عشية وضحاها، لكنها سرعان ما تكتشف أن الشهرة الرقمية تأتي بثمن باهظ للغاية.‬‬,False,1,https://www.open-epg.com/files/saudiarabia3.xml
openepg,saudiarabia3,MBC Action HD.sa,MBC Action HD.sa,35,25.8,100.0,كنغودامو,‫م4 ، ح9 : ‫يعمل اليتيمان بسبب الحرب بياو وشين لصالح ملك سلالة تشين ويكافحان ليصبحا من كبار جنرالات السماء. مع ذلك، يلوح الفراق في الأفق عندما يتم نقل بياو إلى القصر تاركا شين خلفه.‬‬,False,1,https://www.open-epg.com/files/saudiarabia3.xml
openepg,saudiarabia3,MBC Bollywood.sa,MBC Bollywood.sa,26,27.3,100.0,ماهنور,‫م1 ، ح55 : ‫تتشكل حياة شقيقتين من ماضي واحد، لكنهما تنشآن في عالمين متباعدين. بعد أن يختار والدهما حياة مختلفة تسببت في انفصالهما منذ الطفولة، يكتب القدر مسارين متناقضين تماما لكل من ماهنور ومهويش.‬‬,False,1,https://www.open-epg.com/files/saudiarabia3.xml
openepg,saudiarabia3,MBC Drama HD.sa,MBC Drama HD.sa,27,26.3,100.0,المداح: أسطورة العشق,‫م3 ، ح7 : ‫يبدأ صابر فصلا جديدا في حياته بعد أن تمكن من هزيمة مليكة، ولكن تتغير الأمور بشكل جذري عقب ولادة ابنه.‬‬,False,1,https://www.open-epg.com/files/saudiarabia3.xml
openepg,saudiarabia3,MBC Iraq HD.sa,MBC Iraq HD.sa,31,26.3,100.0,النويلاتي,‫م1 ، ح18 : ‫بعد قضاء فترة في سجن غير اعتيادي، يعود فيصل إلى الحي الذي عاش به بشخصية جديدة غامضة، ورغبة عميقة في الانتقام.‬‬,False,1,https://www.open-epg.com/files/saudiarabia3.xml
openepg,saudiarabia3,MBC Maser 2.sa,MBC Maser 2.sa,26,25.8,100.0,صباحك مصري,‫م2026 ، ح211 : ‫يدعو المضيفون مختلف الأشخاص من أجل تسليط الضوء على آخر الأخبار والتطورات التي تحدث في المجتمع المصري.‬‬,False,1,https://www.open-epg.com/files/saudiarabia3.xml
openepg,saudiarabia3,MBC Maser.sa,MBC Maser.sa,32,25.9,100.0,Parineetii,‫م1 ، ح337 : ‫تواجه صديقتان حميمتان تدعمان بعضهما البعض في السراء والضراء مشكلة عندما تتسبب الظروف في زواجهما من نفس الرجل.‬‬,False,1,https://www.open-epg.com/files/saudiarabia3.xml
openepg,saudiarabia3,MBC Max HD.sa,MBC Max HD.sa,19,27.3,100.0,دونكيرك,‫‫خلال الحرب العالمية الثانية، يحاول جنود من الإمبراطورية البريطانية وبلجيكا وفرنسا الانساحب من بلدة دونكيرك وسط معركة عنيفة مع قوات ألمانية.‬‬,False,1,https://www.open-epg.com/files/saudiarabia3.xml
openepg,saudiarabia3,MBC Plus Drama HD.sa,MBC Plus Drama HD.sa,35,25.6,100.0,كذبة أبريل,‫م1 ، ح30 : ‫تخوض شخصيات العديد من المشكلات الاجتماعية والعائلية والمواقف العصيبة، بينما يعيشون حياتهم في المجتمع الكويتي.‬‬,False,1,https://www.open-epg.com/files/saudiarabia3.xml
openepg,saudiarabia3,MBC Plus eLife HD.sa,MBC Plus eLife HD.sa,25,25.5,100.0,هيا الروح,‫م1 ، ح10 : ‫غالبا ما تجد الشابة العاجزة هيا نفسها عرضة لأحكام الناس القاسية وعقبات المجتمع، ولكنها تتحدى جميع الصعاب وتصبح بطلة في الرمي بالرصاص.‬‬,False,1,https://www.open-epg.com/files/saudiarabia3.xml
openepg,saudiarabia3,MBC Plus Variety HD.sa,MBC Plus Variety HD.sa,34,26.9,100.0,بادينغتون ٢,‫‫ينطلق بادينغتون في مهمة ملحمية للعثور على كتاب مذهل مسروق قد حصل عليه بمناسبة عيد ميلاد عمته الحبيبة لوسي المئة.‬‬,False,1,https://www.open-epg.com/files/saudiarabia3.xml
openepg,saudiarabia3,Minimax.sa,Minimax.sa,0,0,0.0,,,False,1,https://www.open-epg.com/files/saudiarabia3.xml
openepg,saudiarabia3,Neo TV.sa,Neo TV.sa,0,0,0.0,,,False,1,https://www.open-epg.com/files/saudiarabia3.xml
openepg,saudiarabia3,News One.sa,News One.sa,0,0,0.0,,,False,1,https://www.open-epg.com/files/saudiarabia3.xml
openepg,saudiarabia3,Paigham TV.sa,Paigham TV.sa,0,0,0.0,,,False,1,https://www.open-epg.com/files/saudiarabia3.xml
openepg,saudiarabia3,Planet Fun.sa,Planet Fun.sa,0,0,0.0,,,False,1,https://www.open-epg.com/files/saudiarabia3.xml
openepg,saudiarabia3,PTV Home Entertainment.sa,PTV Home Entertainment.sa,0,0,0.0,,,False,1,https://www.open-epg.com/files/saudiarabia3.xml
openepg,saudiarabia3,QTV.sa,QTV.sa,0,0,0.0,,,False,1,https://www.open-epg.com/files/saudiarabia3.xml
openepg,saudiarabia3,Rotana + HD.sa,Rotana + HD.sa,0,0,0.0,,,False,1,https://www.open-epg.com/files/saudiarabia3.xml
openepg,saudiarabia3,Rotana Cinema HD.sa,Rotana Cinema HD.sa,0,0,0.0,,,False,1,https://www.open-epg.com/files/saudiarabia3.xml
openepg,saudiarabia3,Rotana Classic HD.sa,Rotana Classic HD.sa,0,0,0.0,,,False,1,https://www.open-epg.com/files/saudiarabia3.xml
openepg,saudiarabia3,Rotana Clip.sa,Rotana Clip.sa,0,0,0.0,,,False,1,https://www.open-epg.com/files/saudiarabia3.xml
openepg,saudiarabia3,Rotana Comedy HD.sa,Rotana Comedy HD.sa,0,0,0.0,,,False,1,https://www.open-epg.com/files/saudiarabia3.xml
openepg,saudiarabia3,Rotana Drama.sa,Rotana Drama.sa,0,0,0.0,,,False,1,https://www.open-epg.com/files/saudiarabia3.xml
openepg,saudiarabia3,Rotana Khaleejiah HD.sa,Rotana Khaleejiah HD.sa,0,0,0.0,,,False,1,https://www.open-epg.com/files/saudiarabia3.xml
openepg,saudiarabia3,Rotana Mousica HD.sa,Rotana Mousica HD.sa,0,0,0.0,,,False,1,https://www.open-epg.com/files/saudiarabia3.xml
openepg,saudiarabia3,Urdu 1.sa,Urdu 1.sa,0,0,0.0,,,False,1,https://www.open-epg.com/files/saudiarabia3.xml
openepg,saudiarabia3,كيدز بوب آب.sa,كيدز بوب آب.sa,0,0,0.0,,,False,1,https://www.open-epg.com/files/saudiarabia3.xml
openepg,saudiarabia4,24 Channel.sa,24 Channel.sa,0,0,0.0,,,False,1,https://www.open-epg.com/files/saudiarabia4.xml
openepg,saudiarabia4,8 XM.sa,8 XM.sa,0,0,0.0,,,False,1,https://www.open-epg.com/files/saudiarabia4.xml
openepg,saudiarabia4,A Plus.sa,A Plus.sa,0,0,0.0,,,False,1,https://www.open-epg.com/files/saudiarabia4.xml
openepg,saudiarabia4,Aaj Entertainment.sa,Aaj Entertainment.sa,0,0,0.0,,,False,1,https://www.open-epg.com/files/saudiarabia4.xml
openepg,saudiarabia4,Aaj News.sa,Aaj News.sa,0,0,0.0,,,False,1,https://www.open-epg.com/files/saudiarabia4.xml
openepg,saudiarabia4,AAN TV.sa,AAN TV.sa,0,0,0.0,,,False,1,https://www.open-epg.com/files/saudiarabia4.xml
openepg,saudiarabia4,Abb Takk News.sa,Abb Takk News.sa,0,0,0.0,,,False,1,https://www.open-epg.com/files/saudiarabia4.xml
openepg,saudiarabia4,Abu Dhabi Sports 1 HD.sa,Abu Dhabi Sports 1 HD.sa,29,37.3,93.1,Arabian Gulf Cup,Professional football teams compete against each other during the Arabian Gulf Cup in a bid to emerge victorious and win the coveted title.,False,1,https://www.open-epg.com/files/saudiarabia4.xml
openepg,saudiarabia4,Abu Dhabi Sports 2 HD.sa,Abu Dhabi Sports 2 HD.sa,30,45.3,100.0,Follow the Flow,Follow the Flow,False,1,https://www.open-epg.com/files/saudiarabia4.xml
openepg,saudiarabia4,Abu Dhabi TV HD.sa,Abu Dhabi TV HD.sa,53,37.3,100.0,Wa'i,"The host interviews various personalities to address and discuss a number of issues in an attempt to raise awareness and establish a moral basis for a healthy, stable society.",False,1,https://www.open-epg.com/files/saudiarabia4.xml
openepg,saudiarabia4,Al Hurra HD.sa,Al Hurra HD.sa,0,0,0.0,,,False,1,https://www.open-epg.com/files/saudiarabia4.xml
openepg,saudiarabia4,Al Nahar Drama.sa,Al Nahar Drama.sa,29,37.3,100.0,Settohom,"A woman is in trouble when she has to work in a difficult job to make a living in light of the death of her husband, and she is left alone with a baby.",False,1,https://www.open-epg.com/files/saudiarabia4.xml
openepg,saudiarabia4,Al Nahar TV.sa,Al Nahar TV.sa,50,36.8,100.0,Hekaytna Al Yom,The hosts present a number of topics that revolve around social and familial matters and invite experts to discuss an array of topics that interest women.,False,1,https://www.open-epg.com/files/saudiarabia4.xml
openepg,saudiarabia4,Al Resalah HD.sa,Al Resalah HD.sa,0,0,0.0,,,False,1,https://www.open-epg.com/files/saudiarabia4.xml
openepg,saudiarabia4,ART Aflam 2.sa,ART Aflam 2.sa,0,0,0.0,,,False,1,https://www.open-epg.com/files/saudiarabia4.xml
openepg,saudiarabia4,ART Aflam.sa,ART Aflam.sa,0,0,0.0,,,False,1,https://www.open-epg.com/files/saudiarabia4.xml
openepg,saudiarabia4,ART Cinema.sa,ART Cinema.sa,0,0,0.0,,,False,1,https://www.open-epg.com/files/saudiarabia4.xml
openepg,saudiarabia4,ART Hekayat 2.sa,ART Hekayat 2.sa,0,0,0.0,,,False,1,https://www.open-epg.com/files/saudiarabia4.xml
openepg,saudiarabia4,ART Hekayat.sa,ART Hekayat.sa,0,0,0.0,,,False,1,https://www.open-epg.com/files/saudiarabia4.xml
openepg,saudiarabia4,ARY Digital.sa,ARY Digital.sa,0,0,0.0,,,False,1,https://www.open-epg.com/files/saudiarabia4.xml
openepg,saudiarabia4,ARY News Live.sa,ARY News Live.sa,0,0,0.0,,,False,1,https://www.open-epg.com/files/saudiarabia4.xml
openepg,saudiarabia4,ARY Zindagae.sa,ARY Zindagae.sa,0,0,0.0,,,False,1,https://www.open-epg.com/files/saudiarabia4.xml
openepg,saudiarabia4,BBC Arabic.sa,BBC Arabic.sa,64,36.8,100.0,Newsnight,"Featuring extensive coverage of the day's top national and international news stories, along with explanations about the context and potential aftereffects.",False,1,https://www.open-epg.com/files/saudiarabia4.xml
openepg,saudiarabia4,Bol Entertainment.sa,Bol Entertainment.sa,0,0,0.0,,,False,1,https://www.open-epg.com/files/saudiarabia4.xml
openepg,saudiarabia4,Bol News.sa,Bol News.sa,0,0,0.0,,,False,1,https://www.open-epg.com/files/saudiarabia4.xml
openepg,saudiarabia4,Boomerang HD.sa,Boomerang HD.sa,0,0,0.0,,,False,1,https://www.open-epg.com/files/saudiarabia4.xml
openepg,saudiarabia4,Cartoon Network Arabic.sa,Cartoon Network Arabic.sa,69,36.8,100.0,Laith The King,"A family of house cats travels across the lands for various adventures, where they encounter funny and unique situations.",False,1,https://www.open-epg.com/files/saudiarabia4.xml
openepg,saudiarabia4,Cartoon Network HD.sa,Cartoon Network HD.sa,50,36.8,100.0,The Amazing World of Gumball,Gumball and Darwin persuade Mr Corneille to become a cage fighter; Gumball and Darwin get jealous of a newborn Anais; Tobias tries to become Gumball's best friend.,False,1,https://www.open-epg.com/files/saudiarabia4.xml
openepg,saudiarabia4,City 21.sa,City 21.sa,0,0,0.0,,,False,1,https://www.open-epg.com/files/saudiarabia4.xml
openepg,saudiarabia4,City 42.sa,City 42.sa,0,0,0.0,,,False,1,https://www.open-epg.com/files/saudiarabia4.xml
openepg,saudiarabia4,Dawn News.sa,Dawn News.sa,0,0,0.0,,,False,1,https://www.open-epg.com/files/saudiarabia4.xml
openepg,saudiarabia4,Discover Pakistan.sa,Discover Pakistan.sa,0,0,0.0,,,False,1,https://www.open-epg.com/files/saudiarabia4.xml
openepg,saudiarabia4,Dunya News.sa,Dunya News.sa,0,0,0.0,,,False,1,https://www.open-epg.com/files/saudiarabia4.xml
openepg,saudiarabia4,Express Entertainment.sa,Express Entertainment.sa,0,0,0.0,,,False,1,https://www.open-epg.com/files/saudiarabia4.xml
openepg,saudiarabia4,Express News.sa,Express News.sa,0,0,0.0,,,False,1,https://www.open-epg.com/files/saudiarabia4.xml
openepg,saudiarabia4,Film World.sa,Film World.sa,0,0,0.0,,,False,1,https://www.open-epg.com/files/saudiarabia4.xml
openepg,saudiarabia4,FILMAX.sa,FILMAX.sa,0,0,0.0,,,False,1,https://www.open-epg.com/files/saudiarabia4.xml
openepg,saudiarabia4,Geo Entertainment.sa,Geo Entertainment.sa,0,0,0.0,,,False,1,https://www.open-epg.com/files/saudiarabia4.xml
openepg,saudiarabia4,Geo Kahani.sa,Geo Kahani.sa,0,0,0.0,,,False,1,https://www.open-epg.com/files/saudiarabia4.xml
openepg,saudiarabia4,Geo News Live.sa,Geo News Live.sa,0,0,0.0,,,False,1,https://www.open-epg.com/files/saudiarabia4.xml
openepg,saudiarabia4,Geo Taiz.sa,Geo Taiz.sa,0,0,0.0,,,False,1,https://www.open-epg.com/files/saudiarabia4.xml
openepg,saudiarabia4,GNN.sa,GNN.sa,0,0,0.0,,,False,1,https://www.open-epg.com/files/saudiarabia4.xml
openepg,saudiarabia4,Hum News.sa,Hum News.sa,0,0,0.0,,,False,1,https://www.open-epg.com/files/saudiarabia4.xml
openepg,saudiarabia4,Hum Sitaray.sa,Hum Sitaray.sa,0,0,0.0,,,False,1,https://www.open-epg.com/files/saudiarabia4.xml
openepg,saudiarabia4,HUM TV.sa,HUM TV.sa,0,0,0.0,,,False,1,https://www.open-epg.com/files/saudiarabia4.xml
openepg,saudiarabia4,Iqraa.sa,Iqraa.sa,0,0,0.0,,,False,1,https://www.open-epg.com/files/saudiarabia4.xml
openepg,saudiarabia4,Kids Zone+.sa,Kids Zone+.sa,0,0,0.0,,,False,1,https://www.open-epg.com/files/saudiarabia4.xml
openepg,saudiarabia4,Lahore News HD.sa,Lahore News HD.sa,0,0,0.0,,,False,1,https://www.open-epg.com/files/saudiarabia4.xml
openepg,saudiarabia4,LTN Family.sa,LTN Family.sa,0,0,0.0,,,False,1,https://www.open-epg.com/files/saudiarabia4.xml
openepg,saudiarabia4,M Plus HD.sa,M Plus HD.sa,0,0,0.0,,,False,1,https://www.open-epg.com/files/saudiarabia4.xml
openepg,saudiarabia4,MBC 1 HD.sa,MBC 1 HD.sa,45,37.3,100.0,Big Time Podcast,Amr Adib and Assala welcome celebrities visiting the Kingdom for Mawsim Al Riyadh. Together they delve into fun conversations about their journeys and experiences.,False,1,https://www.open-epg.com/files/saudiarabia4.xml
openepg,saudiarabia4,MBC 2 HD.sa,MBC 2 HD.sa,24,36.8,100.0,Justice League,"Fuelled by his restored faith in humanity and inspired by Superman's selfless act, Batman and his new ally Wonder Woman recruit Aquaman, Cyborg and the Flash to help them save the planet from a newly-awakened enemy.",False,1,https://www.open-epg.com/files/saudiarabia4.xml
openepg,saudiarabia4,MBC 3 HD.sa,MBC 3 HD.sa,146,36.6,95.9,Sonic Boom,Sonic Boom,False,1,https://www.open-epg.com/files/saudiarabia4.xml
openepg,saudiarabia4,MBC 4 HD.sa,MBC 4 HD.sa,56,37.3,100.0,A'la Nesbet Moshahda,"A video of Shayma, Nesma and Amal goes viral. Meanwhile, Hamdia gets involved with neighbourhood ladies who demand the money from the money pool.",False,1,https://www.open-epg.com/files/saudiarabia4.xml
openepg,saudiarabia4,MBC Action HD.sa,MBC Action HD.sa,52,37.3,98.1,Kingdom,Wang Ben tangles with master spearman Zi Bai; Ling Huang gives Wu Fengming and his officers insight into his fellow Fire Dragon's past.,False,1,https://www.open-epg.com/files/saudiarabia4.xml
openepg,saudiarabia4,MBC Bollywood.sa,MBC Bollywood.sa,37,37.3,100.0,Mahnoor,"Mahnoor wakes up to find herself bound. Refusing to wait for the police, Zain takes matters into his own hands.",False,1,https://www.open-epg.com/files/saudiarabia4.xml
openepg,saudiarabia4,MBC Drama HD.sa,MBC Drama HD.sa,38,37.3,100.0,El Maddah: Ostouret El Ishq,"Saber begins a new chapter in his life after defeating Malika. However, things take a drastic change following the birth of his son.",False,1,https://www.open-epg.com/files/saudiarabia4.xml
openepg,saudiarabia4,MBC Iraq HD.sa,MBC Iraq HD.sa,44,37.3,100.0,Al Nowaylati,"Al Ghawwas joins forces with Al Dabe' to bring Awwad down. Elsewhere, the authorities launch an investigation into Ibrahim Basha's death.",False,1,https://www.open-epg.com/files/saudiarabia4.xml
openepg,saudiarabia4,MBC Maser 2.sa,MBC Maser 2.sa,36,37.3,100.0,Sabahak Masry,The hosts invite various personalities to shed light on the latest news and updates that occur in the Egyptian society.,False,1,https://www.open-epg.com/files/saudiarabia4.xml
openepg,saudiarabia4,MBC Maser.sa,MBC Maser.sa,43,37.3,100.0,Parineetii,"As Parineet seeks Parminder's forgiveness, Neeti hatches a clever scheme to win Rajeev's attention and get closer to him.",False,1,https://www.open-epg.com/files/saudiarabia4.xml
openepg,saudiarabia4,MBC Max HD.sa,MBC Max HD.sa,24,37.8,100.0,Dunkirk,"Germany advances into France, trapping Allied troops on the beaches of Dunkirk. Under air and ground cover from British and French forces, troops are slowly and methodically evacuated from the beach using every vessel that can be found.",False,1,https://www.open-epg.com/files/saudiarabia4.xml
openepg,saudiarabia4,MBC Plus Drama HD.sa,MBC Plus Drama HD.sa,50,36.8,100.0,Kethbat April,"SEASON FINALE: Mishary seeks his mum's forgiveness, as stress gets the best of Bibi. Elsewhere, Majed shares a jaw-dropping truth with Razan.",False,1,https://www.open-epg.com/files/saudiarabia4.xml
openepg,saudiarabia4,MBC Plus eLife HD.sa,MBC Plus eLife HD.sa,34,37.3,100.0,Haya Al Rouh,"Haya, a disabled young woman, who is often a target of people's harsh judgments and society's obstacles, defies all hardships and becomes a shooting champion.",False,1,https://www.open-epg.com/files/saudiarabia4.xml
openepg,saudiarabia4,MBC Plus Variety HD.sa,MBC Plus Variety HD.sa,49,36.7,100.0,Paddington 2,"One fine day, Paddington spots a pop-up book in an antique shop, the perfect present for his beloved aunt's 100th birthday. When a thief steals the prized book, Paddington embarks on an epic quest to unmask the culprit before her big celebration.",False,1,https://www.open-epg.com/files/saudiarabia4.xml
openepg,saudiarabia4,Minimax.sa,Minimax.sa,0,0,0.0,,,False,1,https://www.open-epg.com/files/saudiarabia4.xml
openepg,saudiarabia4,Neo TV.sa,Neo TV.sa,0,0,0.0,,,False,1,https://www.open-epg.com/files/saudiarabia4.xml
openepg,saudiarabia4,News One.sa,News One.sa,0,0,0.0,,,False,1,https://www.open-epg.com/files/saudiarabia4.xml
openepg,saudiarabia4,Paigham TV.sa,Paigham TV.sa,0,0,0.0,,,False,1,https://www.open-epg.com/files/saudiarabia4.xml
openepg,saudiarabia4,Planet Fun.sa,Planet Fun.sa,0,0,0.0,,,False,1,https://www.open-epg.com/files/saudiarabia4.xml
openepg,saudiarabia4,PTV Home Entertainment.sa,PTV Home Entertainment.sa,0,0,0.0,,,False,1,https://www.open-epg.com/files/saudiarabia4.xml
openepg,saudiarabia4,QTV.sa,QTV.sa,0,0,0.0,,,False,1,https://www.open-epg.com/files/saudiarabia4.xml
openepg,saudiarabia4,Rotana + HD.sa,Rotana + HD.sa,0,0,0.0,,,False,1,https://www.open-epg.com/files/saudiarabia4.xml
openepg,saudiarabia4,Rotana Cinema HD.sa,Rotana Cinema HD.sa,0,0,0.0,,,False,1,https://www.open-epg.com/files/saudiarabia4.xml
openepg,saudiarabia4,Rotana Classic HD.sa,Rotana Classic HD.sa,0,0,0.0,,,False,1,https://www.open-epg.com/files/saudiarabia4.xml
openepg,saudiarabia4,Rotana Clip.sa,Rotana Clip.sa,0,0,0.0,,,False,1,https://www.open-epg.com/files/saudiarabia4.xml
openepg,saudiarabia4,Rotana Comedy HD.sa,Rotana Comedy HD.sa,0,0,0.0,,,False,1,https://www.open-epg.com/files/saudiarabia4.xml
openepg,saudiarabia4,Rotana Drama.sa,Rotana Drama.sa,0,0,0.0,,,False,1,https://www.open-epg.com/files/saudiarabia4.xml
openepg,saudiarabia4,Rotana Khaleejiah HD.sa,Rotana Khaleejiah HD.sa,0,0,0.0,,,False,1,https://www.open-epg.com/files/saudiarabia4.xml
openepg,saudiarabia4,Rotana Mousica HD.sa,Rotana Mousica HD.sa,0,0,0.0,,,False,1,https://www.open-epg.com/files/saudiarabia4.xml
openepg,saudiarabia4,Urdu 1.sa,Urdu 1.sa,0,0,0.0,,,False,1,https://www.open-epg.com/files/saudiarabia4.xml
openepg,saudiarabia4,كيدز بوب آب.sa,كيدز بوب آب.sa,0,0,0.0,,,False,1,https://www.open-epg.com/files/saudiarabia4.xml
openepg,saudiarabia5,2M Monde.sa,2M Monde.sa,0,0,0.0,,,False,1,https://www.open-epg.com/files/saudiarabia5.xml
openepg,saudiarabia5,Abu Dhabi TV HD.sa,Abu Dhabi TV HD.sa,36,26.3,100.0,Wa'ee,Wa'ee,False,1,https://www.open-epg.com/files/saudiarabia5.xml
openepg,saudiarabia5,AD Sports 1 HD.sa,AD Sports 1 HD.sa,0,0,0.0,,,False,1,https://www.open-epg.com/files/saudiarabia5.xml
openepg,saudiarabia5,AD Sports 2 HD.sa,AD Sports 2 HD.sa,0,0,0.0,,,False,1,https://www.open-epg.com/files/saudiarabia5.xml
openepg,saudiarabia5,Ajman TV.sa,Ajman TV.sa,0,0,0.0,,,False,1,https://www.open-epg.com/files/saudiarabia5.xml
openepg,saudiarabia5,Al Adalah TV.sa,Al Adalah TV.sa,0,0,0.0,,,False,1,https://www.open-epg.com/files/saudiarabia5.xml
openepg,saudiarabia5,Al Akhbar.sa,Al Akhbar.sa,0,0,0.0,,,False,1,https://www.open-epg.com/files/saudiarabia5.xml
openepg,saudiarabia5,Al Anwar TV.sa,Al Anwar TV.sa,0,0,0.0,,,False,1,https://www.open-epg.com/files/saudiarabia5.xml
openepg,saudiarabia5,Al Aoula Inter.sa,Al Aoula Inter.sa,0,0,0.0,,,False,1,https://www.open-epg.com/files/saudiarabia5.xml
openepg,saudiarabia5,Al Arabiya.sa,Al Arabiya.sa,1,141.3,100.0,Al Arabiya News,Al Arabiya News,False,1,https://www.open-epg.com/files/saudiarabia5.xml
openepg,saudiarabia5,Al Araby 2.sa,Al Araby 2.sa,0,0,0.0,,,False,1,https://www.open-epg.com/files/saudiarabia5.xml
openepg,saudiarabia5,Al Araby TV.sa,Al Araby TV.sa,0,0,0.0,,,False,1,https://www.open-epg.com/files/saudiarabia5.xml
openepg,saudiarabia5,Al Awhad TV.sa,Al Awhad TV.sa,0,0,0.0,,,False,1,https://www.open-epg.com/files/saudiarabia5.xml
openepg,saudiarabia5,Al Dafrah HD.sa,Al Dafrah HD.sa,0,0,0.0,,,False,1,https://www.open-epg.com/files/saudiarabia5.xml
openepg,saudiarabia5,Al Ekhbaria HD.sa,Al Ekhbaria HD.sa,0,0,0.0,,,False,1,https://www.open-epg.com/files/saudiarabia5.xml
openepg,saudiarabia5,Al Emarat TV HD.sa,Al Emarat TV HD.sa,0,0,0.0,,,False,1,https://www.open-epg.com/files/saudiarabia5.xml
openepg,saudiarabia5,Al Fateh.sa,Al Fateh.sa,0,0,0.0,,,False,1,https://www.open-epg.com/files/saudiarabia5.xml
openepg,saudiarabia5,Al Ghad TV.sa,Al Ghad TV.sa,0,0,0.0,,,False,1,https://www.open-epg.com/files/saudiarabia5.xml
openepg,saudiarabia5,Al Hadath.sa,Al Hadath.sa,1,141.3,100.0,Al Hadath News,Al Hadath News,False,1,https://www.open-epg.com/files/saudiarabia5.xml
openepg,saudiarabia5,Al Hurra Iraq HD.sa,Al Hurra Iraq HD.sa,0,0,0.0,,,False,1,https://www.open-epg.com/files/saudiarabia5.xml
openepg,saudiarabia5,Al Iraqia (El Ekhbariya).sa,Al Iraqia (El Ekhbariya).sa,0,0,0.0,,,False,1,https://www.open-epg.com/files/saudiarabia5.xml
openepg,saudiarabia5,Al Kahera wa Al Nas.sa,Al Kahera wa Al Nas.sa,0,0,0.0,,,False,1,https://www.open-epg.com/files/saudiarabia5.xml
openepg,saudiarabia5,Al Kass One.sa,Al Kass One.sa,0,0,0.0,,,False,1,https://www.open-epg.com/files/saudiarabia5.xml
openepg,saudiarabia5,Al Maaly TV.sa,Al Maaly TV.sa,0,0,0.0,,,False,1,https://www.open-epg.com/files/saudiarabia5.xml
openepg,saudiarabia5,Al Mahdi.sa,Al Mahdi.sa,0,0,0.0,,,False,1,https://www.open-epg.com/files/saudiarabia5.xml
openepg,saudiarabia5,Al Majd TV.sa,Al Majd TV.sa,0,0,0.0,,,False,1,https://www.open-epg.com/files/saudiarabia5.xml
openepg,saudiarabia5,Al Mashhad.sa,Al Mashhad.sa,0,0,0.0,,,False,1,https://www.open-epg.com/files/saudiarabia5.xml
openepg,saudiarabia5,Al Mergab TV.sa,Al Mergab TV.sa,0,0,0.0,,,False,1,https://www.open-epg.com/files/saudiarabia5.xml
openepg,saudiarabia5,AL Nahar Drama.sa,AL Nahar Drama.sa,0,0,0.0,,,False,1,https://www.open-epg.com/files/saudiarabia5.xml
openepg,saudiarabia5,Al Nahar.sa,Al Nahar.sa,0,0,0.0,,,False,1,https://www.open-epg.com/files/saudiarabia5.xml
openepg,saudiarabia5,Al Nile.sa,Al Nile.sa,0,0,0.0,,,False,1,https://www.open-epg.com/files/saudiarabia5.xml
openepg,saudiarabia5,Al Oula HD.sa,Al Oula HD.sa,0,0,0.0,,,False,1,https://www.open-epg.com/files/saudiarabia5.xml
openepg,saudiarabia5,Al Quran Al Kareem TV HD.sa,Al Quran Al Kareem TV HD.sa,0,0,0.0,,,False,1,https://www.open-epg.com/files/saudiarabia5.xml
openepg,saudiarabia5,Al Rai.sa,Al Rai.sa,0,0,0.0,,,False,1,https://www.open-epg.com/files/saudiarabia5.xml
openepg,saudiarabia5,Al Resalah.sa,Al Resalah.sa,0,0,0.0,,,False,1,https://www.open-epg.com/files/saudiarabia5.xml
openepg,saudiarabia5,Al Saeeda.sa,Al Saeeda.sa,0,0,0.0,,,False,1,https://www.open-epg.com/files/saudiarabia5.xml
openepg,saudiarabia5,Al Saudiah Now.sa,Al Saudiah Now.sa,0,0,0.0,,,False,1,https://www.open-epg.com/files/saudiarabia5.xml
openepg,saudiarabia5,Al Sharqiya HD.sa,Al Sharqiya HD.sa,0,0,0.0,,,False,1,https://www.open-epg.com/files/saudiarabia5.xml
openepg,saudiarabia5,Al Sharqiya News.sa,Al Sharqiya News.sa,0,0,0.0,,,False,1,https://www.open-epg.com/files/saudiarabia5.xml
openepg,saudiarabia5,Al Sunnah Al Nabawiyah TV HD.sa,Al Sunnah Al Nabawiyah TV HD.sa,0,0,0.0,,,False,1,https://www.open-epg.com/files/saudiarabia5.xml
openepg,saudiarabia5,Al Watania 1.sa,Al Watania 1.sa,0,0,0.0,,,False,1,https://www.open-epg.com/files/saudiarabia5.xml
openepg,saudiarabia5,Al Wathaeqya.sa,Al Wathaeqya.sa,0,0,0.0,,,False,1,https://www.open-epg.com/files/saudiarabia5.xml
openepg,saudiarabia5,Al Wousta from Al Dhaid HD.sa,Al Wousta from Al Dhaid HD.sa,0,0,0.0,,,False,1,https://www.open-epg.com/files/saudiarabia5.xml
openepg,saudiarabia5,Alfa Al Safwa.sa,Alfa Al Safwa.sa,46,25.8,100.0,The Magic of the East,The Magic of the East,False,1,https://www.open-epg.com/files/saudiarabia5.xml
openepg,saudiarabia5,Alfa Al Yawm HD.sa,Alfa Al Yawm HD.sa,35,27.3,100.0,2020,2020,False,1,https://www.open-epg.com/files/saudiarabia5.xml
openepg,saudiarabia5,Alfa Cinema 1.sa,Alfa Cinema 1.sa,15,26.3,100.0,Maatouq in Bangkok,Maatouq in Bangkok,False,1,https://www.open-epg.com/files/saudiarabia5.xml
openepg,saudiarabia5,Alfa Cinema 2.sa,Alfa Cinema 2.sa,14,27.8,100.0,Between the Two Palaces,Between the Two Palaces,False,1,https://www.open-epg.com/files/saudiarabia5.xml
openepg,saudiarabia5,Alfa Fann.sa,Alfa Fann.sa,177,25.7,100.0,Es'al Roohak,Es'al Roohak,False,1,https://www.open-epg.com/files/saudiarabia5.xml
openepg,saudiarabia5,Alfa Khalija't Radio.sa,Alfa Khalija't Radio.sa,0,0,0.0,,,False,1,https://www.open-epg.com/files/saudiarabia5.xml
openepg,saudiarabia5,Alfa Monawaat Radio.sa,Alfa Monawaat Radio.sa,0,0,0.0,,,False,1,https://www.open-epg.com/files/saudiarabia5.xml
openepg,saudiarabia5,Alfa Music HD.sa,Alfa Music HD.sa,361,25.6,100.0,Keef Al Haal,Keef Al Haal,False,1,https://www.open-epg.com/files/saudiarabia5.xml
openepg,saudiarabia5,Alfa Series +2 HD.sa,Alfa Series +2 HD.sa,27,25.8,100.0,Aisha in Character,Aisha in Character,False,1,https://www.open-epg.com/files/saudiarabia5.xml
openepg,saudiarabia5,Alfa Series HD.sa,Alfa Series HD.sa,27,25.8,100.0,The Orphan,The Orphan,False,1,https://www.open-epg.com/files/saudiarabia5.xml
openepg,saudiarabia5,Alfa Tarabiyat Radio.sa,Alfa Tarabiyat Radio.sa,0,0,0.0,,,False,1,https://www.open-epg.com/files/saudiarabia5.xml
openepg,saudiarabia5,Alhayat Mosalsalat.sa,Alhayat Mosalsalat.sa,0,0,0.0,,,False,1,https://www.open-epg.com/files/saudiarabia5.xml
openepg,saudiarabia5,AlHayat.sa,AlHayat.sa,0,0,0.0,,,False,1,https://www.open-epg.com/files/saudiarabia5.xml
openepg,saudiarabia5,Aliman.sa,Aliman.sa,0,0,0.0,,,False,1,https://www.open-epg.com/files/saudiarabia5.xml
openepg,saudiarabia5,Almajd Holy Quran.sa,Almajd Holy Quran.sa,0,0,0.0,,,False,1,https://www.open-epg.com/files/saudiarabia5.xml
openepg,saudiarabia5,AlMamlaka TV.sa,AlMamlaka TV.sa,0,0,0.0,,,False,1,https://www.open-epg.com/files/saudiarabia5.xml
openepg,saudiarabia5,Altaghier.sa,Altaghier.sa,0,0,0.0,,,False,1,https://www.open-epg.com/files/saudiarabia5.xml
openepg,saudiarabia5,Althanya.sa,Althanya.sa,0,0,0.0,,,False,1,https://www.open-epg.com/files/saudiarabia5.xml
openepg,saudiarabia5,Amman TV.sa,Amman TV.sa,0,0,0.0,,,False,1,https://www.open-epg.com/files/saudiarabia5.xml
openepg,saudiarabia5,ANC.sa,ANC.sa,0,0,0.0,,,False,1,https://www.open-epg.com/files/saudiarabia5.xml
openepg,saudiarabia5,Animal Planet HD.sa,Animal Planet HD.sa,0,0,0.0,,,False,1,https://www.open-epg.com/files/saudiarabia5.xml
openepg,saudiarabia5,Arirang TV.sa,Arirang TV.sa,0,0,0.0,,,False,1,https://www.open-epg.com/files/saudiarabia5.xml
openepg,saudiarabia5,Asharq News.sa,Asharq News.sa,0,0,0.0,,,False,1,https://www.open-epg.com/files/saudiarabia5.xml
openepg,saudiarabia5,B4U Aflam.sa,B4U Aflam.sa,0,0,0.0,,,False,1,https://www.open-epg.com/files/saudiarabia5.xml
openepg,saudiarabia5,B4U Plus.sa,B4U Plus.sa,0,0,0.0,,,False,1,https://www.open-epg.com/files/saudiarabia5.xml
openepg,saudiarabia5,Bahrain TV.sa,Bahrain TV.sa,64,26.3,100.0,O'reed An Afham,O'reed An Afham,False,1,https://www.open-epg.com/files/saudiarabia5.xml
openepg,saudiarabia5,BBC Arabic.sa,BBC Arabic.sa,0,0,0.0,,,False,1,https://www.open-epg.com/files/saudiarabia5.xml
openepg,saudiarabia5,BBC World.sa,BBC World.sa,40,45.3,100.0,AI Decoded,AI Decoded,False,1,https://www.open-epg.com/files/saudiarabia5.xml
openepg,saudiarabia5,beIN SPORTS HD.sa,beIN SPORTS HD.sa,0,0,0.0,,,False,1,https://www.open-epg.com/files/saudiarabia5.xml
openepg,saudiarabia5,beIN SPORTS NEWS.sa,beIN SPORTS NEWS.sa,0,0,0.0,,,False,1,https://www.open-epg.com/files/saudiarabia5.xml
openepg,saudiarabia5,Blippi and Friends.sa,Blippi and Friends.sa,48,45.3,100.0,Supa Strikas,Supa Strikas,False,1,https://www.open-epg.com/files/saudiarabia5.xml
openepg,saudiarabia5,Bloomberg Originals.sa,Bloomberg Originals.sa,0,0,0.0,,,False,1,https://www.open-epg.com/files/saudiarabia5.xml
openepg,saudiarabia5,Bloomberg.sa,Bloomberg.sa,1,141.3,100.0,Post Credits,Post Credits,False,1,https://www.open-epg.com/files/saudiarabia5.xml
openepg,saudiarabia5,C And I.sa,C And I.sa,0,0,0.0,,,False,1,https://www.open-epg.com/files/saudiarabia5.xml
openepg,saudiarabia5,Cartoon Network HD.sa,Cartoon Network HD.sa,105,45.3,100.0,The Amazing World Of Gumball,The Amazing World Of Gumball,False,1,https://www.open-epg.com/files/saudiarabia5.xml
openepg,saudiarabia5,CBC Drama.sa,CBC Drama.sa,0,0,0.0,,,False,1,https://www.open-epg.com/files/saudiarabia5.xml
openepg,saudiarabia5,CBC Extra News.sa,CBC Extra News.sa,0,0,0.0,,,False,1,https://www.open-epg.com/files/saudiarabia5.xml
openepg,saudiarabia5,CBC Sofra.sa,CBC Sofra.sa,0,0,0.0,,,False,1,https://www.open-epg.com/files/saudiarabia5.xml
openepg,saudiarabia5,CBC.sa,CBC.sa,0,0,0.0,,,False,1,https://www.open-epg.com/files/saudiarabia5.xml
openepg,saudiarabia5,CGTN Arabic.sa,CGTN Arabic.sa,0,0,0.0,,,False,1,https://www.open-epg.com/files/saudiarabia5.xml
openepg,saudiarabia5,CGTN.sa,CGTN.sa,0,0,0.0,,,False,1,https://www.open-epg.com/files/saudiarabia5.xml
openepg,saudiarabia5,Cinema One Global.sa,Cinema One Global.sa,0,0,0.0,,,False,1,https://www.open-epg.com/files/saudiarabia5.xml
openepg,saudiarabia5,CineMo.sa,CineMo.sa,0,0,0.0,,,False,1,https://www.open-epg.com/files/saudiarabia5.xml
openepg,saudiarabia5,CN Arabia.sa,CN Arabia.sa,43,45.3,100.0,Laith The King,Laith The King,False,1,https://www.open-epg.com/files/saudiarabia5.xml
openepg,saudiarabia5,CNBC Arabia.sa,CNBC Arabia.sa,0,0,0.0,,,False,1,https://www.open-epg.com/files/saudiarabia5.xml
openepg,saudiarabia5,CNN HD.sa,CNN HD.sa,33,45.3,100.0,African Voices,African Voices,False,1,https://www.open-epg.com/files/saudiarabia5.xml
openepg,saudiarabia5,Discovery Channel HD.sa,Discovery Channel HD.sa,0,0,0.0,,,False,1,https://www.open-epg.com/files/saudiarabia5.xml
openepg,saudiarabia5,Discovery IDX HD.sa,Discovery IDX HD.sa,0,0,0.0,,,False,1,https://www.open-epg.com/files/saudiarabia5.xml
openepg,saudiarabia5,DMC Drama.sa,DMC Drama.sa,0,0,0.0,,,False,1,https://www.open-epg.com/files/saudiarabia5.xml
openepg,saudiarabia5,DMC HD.sa,DMC HD.sa,0,0,0.0,,,False,1,https://www.open-epg.com/files/saudiarabia5.xml
openepg,saudiarabia5,Dubai One HD.sa,Dubai One HD.sa,0,0,0.0,,,False,1,https://www.open-epg.com/files/saudiarabia5.xml
openepg,saudiarabia5,Dubai Racing 1 HD.sa,Dubai Racing 1 HD.sa,0,0,0.0,,,False,1,https://www.open-epg.com/files/saudiarabia5.xml
openepg,saudiarabia5,Dubai Racing 2 HD.sa,Dubai Racing 2 HD.sa,0,0,0.0,,,False,1,https://www.open-epg.com/files/saudiarabia5.xml
openepg,saudiarabia5,Dubai Sports 1 HD.sa,Dubai Sports 1 HD.sa,0,0,0.0,,,False,1,https://www.open-epg.com/files/saudiarabia5.xml
openepg,saudiarabia5,Dubai Sports 2 HD.sa,Dubai Sports 2 HD.sa,0,0,0.0,,,False,1,https://www.open-epg.com/files/saudiarabia5.xml
openepg,saudiarabia5,Dubai TV HD.sa,Dubai TV HD.sa,29,25.8,100.0,Awal Mara Ashof,Awal Mara Ashof,False,1,https://www.open-epg.com/files/saudiarabia5.xml
openepg,saudiarabia5,DZMM TeleRadyo.sa,DZMM TeleRadyo.sa,0,0,0.0,,,False,1,https://www.open-epg.com/files/saudiarabia5.xml
openepg,saudiarabia5,eClutch Access.sa,eClutch Access.sa,27,26.3,100.0,EClutch Access,EClutch Access,False,1,https://www.open-epg.com/files/saudiarabia5.xml
openepg,saudiarabia5,eClutch Arabic.sa,eClutch Arabic.sa,27,26.3,100.0,EClutch Live Arabic,EClutch Live Arabic,False,1,https://www.open-epg.com/files/saudiarabia5.xml
openepg,saudiarabia5,eClutch LIVE 2.sa,eClutch LIVE 2.sa,27,26.3,100.0,EClutch Live 2,EClutch Live 2,False,1,https://www.open-epg.com/files/saudiarabia5.xml
openepg,saudiarabia5,eClutch LIVE.sa,eClutch LIVE.sa,27,26.3,100.0,EClutch Live 1,EClutch Live 1,False,1,https://www.open-epg.com/files/saudiarabia5.xml
openepg,saudiarabia5,Egypt Channel 1.sa,Egypt Channel 1.sa,0,0,0.0,,,False,1,https://www.open-epg.com/files/saudiarabia5.xml
openepg,saudiarabia5,El Mehwar Channel.sa,El Mehwar Channel.sa,0,0,0.0,,,False,1,https://www.open-epg.com/files/saudiarabia5.xml
openepg,saudiarabia5,Ennahar TV.sa,Ennahar TV.sa,0,0,0.0,,,False,1,https://www.open-epg.com/files/saudiarabia5.xml
openepg,saudiarabia5,Esport 24.sa,Esport 24.sa,6,34.5,100.0,BLAST Premier,BLAST Premier,False,1,https://www.open-epg.com/files/saudiarabia5.xml
openepg,saudiarabia5,Fatafeat.sa,Fatafeat.sa,33,26.1,100.0,Ibn El Bahhar,Ibn El Bahhar,False,1,https://www.open-epg.com/files/saudiarabia5.xml
openepg,saudiarabia5,France 24 Arabic.sa,France 24 Arabic.sa,0,0,0.0,,,False,1,https://www.open-epg.com/files/saudiarabia5.xml
openepg,saudiarabia5,France 24 Eng.sa,France 24 Eng.sa,0,0,0.0,,,False,1,https://www.open-epg.com/files/saudiarabia5.xml
openepg,saudiarabia5,Free TV.sa,Free TV.sa,0,0,0.0,,,False,1,https://www.open-epg.com/files/saudiarabia5.xml
openepg,saudiarabia5,Fujairah TV HD.sa,Fujairah TV HD.sa,0,0,0.0,,,False,1,https://www.open-epg.com/files/saudiarabia5.xml
openepg,saudiarabia5,Gametoon.sa,Gametoon.sa,39,27.3,100.0,Stream Nation - Doom Eternal,Stream Nation - Doom Eternal,False,1,https://www.open-epg.com/files/saudiarabia5.xml
openepg,saudiarabia5,Ginx.sa,Ginx.sa,31,25.8,100.0,Shut Up And Play,Shut Up And Play,False,1,https://www.open-epg.com/files/saudiarabia5.xml
openepg,saudiarabia5,GMA Life TV.sa,GMA Life TV.sa,0,0,0.0,,,False,1,https://www.open-epg.com/files/saudiarabia5.xml
openepg,saudiarabia5,GMA News TV.sa,GMA News TV.sa,0,0,0.0,,,False,1,https://www.open-epg.com/files/saudiarabia5.xml
openepg,saudiarabia5,GMA Pinoy TV.sa,GMA Pinoy TV.sa,0,0,0.0,,,False,1,https://www.open-epg.com/files/saudiarabia5.xml
openepg,saudiarabia5,H2 HD.sa,H2 HD.sa,0,0,0.0,,,False,1,https://www.open-epg.com/files/saudiarabia5.xml
openepg,saudiarabia5,History HD.sa,History HD.sa,0,0,0.0,,,False,1,https://www.open-epg.com/files/saudiarabia5.xml
openepg,saudiarabia5,INews TV HD.sa,INews TV HD.sa,0,0,0.0,,,False,1,https://www.open-epg.com/files/saudiarabia5.xml
openepg,saudiarabia5,Iqraa.sa,Iqraa.sa,0,0,0.0,,,False,1,https://www.open-epg.com/files/saudiarabia5.xml
openepg,saudiarabia5,Iraqia Sport HD.sa,Iraqia Sport HD.sa,0,0,0.0,,,False,1,https://www.open-epg.com/files/saudiarabia5.xml
openepg,saudiarabia5,Jordan Sport HD.sa,Jordan Sport HD.sa,0,0,0.0,,,False,1,https://www.open-epg.com/files/saudiarabia5.xml
openepg,saudiarabia5,Jordan TV.sa,Jordan TV.sa,0,0,0.0,,,False,1,https://www.open-epg.com/files/saudiarabia5.xml
openepg,saudiarabia5,Kapatid TV5 International.sa,Kapatid TV5 International.sa,0,0,0.0,,,False,1,https://www.open-epg.com/files/saudiarabia5.xml
openepg,saudiarabia5,Karameesh.sa,Karameesh.sa,0,0,0.0,,,False,1,https://www.open-epg.com/files/saudiarabia5.xml
openepg,saudiarabia5,Karma TV.sa,Karma TV.sa,0,0,0.0,,,False,1,https://www.open-epg.com/files/saudiarabia5.xml
openepg,saudiarabia5,Khartoum TV.sa,Khartoum TV.sa,0,0,0.0,,,False,1,https://www.open-epg.com/files/saudiarabia5.xml
openepg,saudiarabia5,KSA Sports 1 HD.sa,KSA Sports 1 HD.sa,0,0,0.0,,,False,1,https://www.open-epg.com/files/saudiarabia5.xml
openepg,saudiarabia5,KSA Sports 2 HD.sa,KSA Sports 2 HD.sa,0,0,0.0,,,False,1,https://www.open-epg.com/files/saudiarabia5.xml
openepg,saudiarabia5,KSA Sports 3 HD.sa,KSA Sports 3 HD.sa,0,0,0.0,,,False,1,https://www.open-epg.com/files/saudiarabia5.xml
openepg,saudiarabia5,KTV Channel 1 HD.sa,KTV Channel 1 HD.sa,66,25.6,100.0,Raw'at Alkhalq,Raw'at Alkhalq,False,1,https://www.open-epg.com/files/saudiarabia5.xml
openepg,saudiarabia5,KTV Channel 2 HD.sa,KTV Channel 2 HD.sa,0,0,0.0,,,False,1,https://www.open-epg.com/files/saudiarabia5.xml
openepg,saudiarabia5,KTV Sport HD.sa,KTV Sport HD.sa,0,0,0.0,,,False,1,https://www.open-epg.com/files/saudiarabia5.xml
openepg,saudiarabia5,KTV Sports 2 HD.sa,KTV Sports 2 HD.sa,0,0,0.0,,,False,1,https://www.open-epg.com/files/saudiarabia5.xml
openepg,saudiarabia5,Kurdistan 24.sa,Kurdistan 24.sa,0,0,0.0,,,False,1,https://www.open-epg.com/files/saudiarabia5.xml
openepg,saudiarabia5,Kurdistan TV.sa,Kurdistan TV.sa,0,0,0.0,,,False,1,https://www.open-epg.com/files/saudiarabia5.xml
openepg,saudiarabia5,KurdMax.sa,KurdMax.sa,0,0,0.0,,,False,1,https://www.open-epg.com/files/saudiarabia5.xml
openepg,saudiarabia5,Libya Al Mustaqbal HD.sa,Libya Al Mustaqbal HD.sa,0,0,0.0,,,False,1,https://www.open-epg.com/files/saudiarabia5.xml
openepg,saudiarabia5,Majid Kids TV.sa,Majid Kids TV.sa,0,0,0.0,,,False,1,https://www.open-epg.com/files/saudiarabia5.xml
openepg,saudiarabia5,Marina TV.sa,Marina TV.sa,0,0,0.0,,,False,1,https://www.open-epg.com/files/saudiarabia5.xml
openepg,saudiarabia5,Mazzika.sa,Mazzika.sa,0,0,0.0,,,False,1,https://www.open-epg.com/files/saudiarabia5.xml
openepg,saudiarabia5,MBC 1.sa,MBC 1.sa,31,26.3,100.0,Big Time Podcast,Big Time Podcast,False,1,https://www.open-epg.com/files/saudiarabia5.xml
openepg,saudiarabia5,MBC 2.sa,MBC 2.sa,0,0,0.0,,,False,1,https://www.open-epg.com/files/saudiarabia5.xml
openepg,saudiarabia5,MBC 3.sa,MBC 3.sa,85,45.3,100.0,Sonic Boom,Sonic Boom,False,1,https://www.open-epg.com/files/saudiarabia5.xml
openepg,saudiarabia5,MBC 4.sa,MBC 4.sa,0,0,0.0,,,False,1,https://www.open-epg.com/files/saudiarabia5.xml
openepg,saudiarabia5,MBC Action.sa,MBC Action.sa,0,0,0.0,,,False,1,https://www.open-epg.com/files/saudiarabia5.xml
openepg,saudiarabia5,MBC Bollywood.sa,MBC Bollywood.sa,0,0,0.0,,,False,1,https://www.open-epg.com/files/saudiarabia5.xml
openepg,saudiarabia5,MBC Drama.sa,MBC Drama.sa,27,26.3,100.0,El Maddah: Ostouret El Ishq,El Maddah: Ostouret El Ishq,False,1,https://www.open-epg.com/files/saudiarabia5.xml
openepg,saudiarabia5,MBC Iraq.sa,MBC Iraq.sa,0,0,0.0,,,False,1,https://www.open-epg.com/files/saudiarabia5.xml
openepg,saudiarabia5,MBC Masr.sa,MBC Masr.sa,0,0,0.0,,,False,1,https://www.open-epg.com/files/saudiarabia5.xml
openepg,saudiarabia5,MBC Masr2.sa,MBC Masr2.sa,0,0,0.0,,,False,1,https://www.open-epg.com/files/saudiarabia5.xml
openepg,saudiarabia5,MCM TOP.sa,MCM TOP.sa,27,26.3,100.0,Top Night,Top Night,False,1,https://www.open-epg.com/files/saudiarabia5.xml
openepg,saudiarabia5,Mix One.sa,Mix One.sa,0,0,0.0,,,False,1,https://www.open-epg.com/files/saudiarabia5.xml
openepg,saudiarabia5,Moonbug Kids.sa,Moonbug Kids.sa,45,45.3,100.0,Dance Party,Dance Party,False,1,https://www.open-epg.com/files/saudiarabia5.xml
openepg,saudiarabia5,MOR Global Radio.sa,MOR Global Radio.sa,0,0,0.0,,,False,1,https://www.open-epg.com/files/saudiarabia5.xml
openepg,saudiarabia5,MOTORVISION.sa,MOTORVISION.sa,47,25.8,100.0,NZ Jetsprint Championship 2025,NZ Jetsprint Championship 2025,False,1,https://www.open-epg.com/files/saudiarabia5.xml
openepg,saudiarabia5,Musawa.sa,Musawa.sa,0,0,0.0,,,False,1,https://www.open-epg.com/files/saudiarabia5.xml
openepg,saudiarabia5,Myx.sa,Myx.sa,0,0,0.0,,,False,1,https://www.open-epg.com/files/saudiarabia5.xml
openepg,saudiarabia5,Nat Geo AD HD.sa,Nat Geo AD HD.sa,0,0,0.0,,,False,1,https://www.open-epg.com/files/saudiarabia5.xml
openepg,saudiarabia5,NHK World Japan.sa,NHK World Japan.sa,0,0,0.0,,,False,1,https://www.open-epg.com/files/saudiarabia5.xml
openepg,saudiarabia5,Nick Jr HD.sa,Nick Jr HD.sa,73,45.3,100.0,Mr. Crocodile,Mr. Crocodile,False,1,https://www.open-epg.com/files/saudiarabia5.xml
openepg,saudiarabia5,Nickelodeon HD.sa,Nickelodeon HD.sa,58,45.3,100.0,The Loud House,The Loud House,False,1,https://www.open-epg.com/files/saudiarabia5.xml
openepg,saudiarabia5,NickToons HD.sa,NickToons HD.sa,64,45.3,100.0,SpongeBob SquarePants,SpongeBob SquarePants,False,1,https://www.open-epg.com/files/saudiarabia5.xml
openepg,saudiarabia5,Nile Cinema.sa,Nile Cinema.sa,0,0,0.0,,,False,1,https://www.open-epg.com/files/saudiarabia5.xml
openepg,saudiarabia5,Nile Comedy.sa,Nile Comedy.sa,0,0,0.0,,,False,1,https://www.open-epg.com/files/saudiarabia5.xml
openepg,saudiarabia5,Nile Culture.sa,Nile Culture.sa,0,0,0.0,,,False,1,https://www.open-epg.com/files/saudiarabia5.xml
openepg,saudiarabia5,Nile Drama.sa,Nile Drama.sa,0,0,0.0,,,False,1,https://www.open-epg.com/files/saudiarabia5.xml
openepg,saudiarabia5,Nile Live.sa,Nile Live.sa,0,0,0.0,,,False,1,https://www.open-epg.com/files/saudiarabia5.xml
openepg,saudiarabia5,Nile Sport.sa,Nile Sport.sa,0,0,0.0,,,False,1,https://www.open-epg.com/files/saudiarabia5.xml
openepg,saudiarabia5,Nile TV International.sa,Nile TV International.sa,0,0,0.0,,,False,1,https://www.open-epg.com/files/saudiarabia5.xml
openepg,saudiarabia5,Noor Dubai.sa,Noor Dubai.sa,0,0,0.0,,,False,1,https://www.open-epg.com/files/saudiarabia5.xml
openepg,saudiarabia5,NourSat.sa,NourSat.sa,0,0,0.0,,,False,1,https://www.open-epg.com/files/saudiarabia5.xml
openepg,saudiarabia5,Oman TV Culture HD.sa,Oman TV Culture HD.sa,0,0,0.0,,,False,1,https://www.open-epg.com/files/saudiarabia5.xml
openepg,saudiarabia5,Oman TV Mubashir.sa,Oman TV Mubashir.sa,0,0,0.0,,,False,1,https://www.open-epg.com/files/saudiarabia5.xml
openepg,saudiarabia5,Oman TV Sport.sa,Oman TV Sport.sa,0,0,0.0,,,False,1,https://www.open-epg.com/files/saudiarabia5.xml
openepg,saudiarabia5,Oman TV.sa,Oman TV.sa,51,25.9,100.0,Searching for Knowledge,Searching for Knowledge,False,1,https://www.open-epg.com/files/saudiarabia5.xml
openepg,saudiarabia5,ON Drama.sa,ON Drama.sa,0,0,0.0,,,False,1,https://www.open-epg.com/files/saudiarabia5.xml
openepg,saudiarabia5,ON E HD.sa,ON E HD.sa,0,0,0.0,,,False,1,https://www.open-epg.com/files/saudiarabia5.xml
openepg,saudiarabia5,ON Sport 2.sa,ON Sport 2.sa,0,0,0.0,,,False,1,https://www.open-epg.com/files/saudiarabia5.xml
openepg,saudiarabia5,ON Sport HD.sa,ON Sport HD.sa,0,0,0.0,,,False,1,https://www.open-epg.com/files/saudiarabia5.xml
openepg,saudiarabia5,OSNtv Comedy.sa,OSNtv Comedy.sa,58,26.1,100.0,Friends,Friends,False,1,https://www.open-epg.com/files/saudiarabia5.xml
openepg,saudiarabia5,OSNtv Crime.sa,OSNtv Crime.sa,32,26.2,100.0,Olive Kitteridge,Olive Kitteridge,False,1,https://www.open-epg.com/files/saudiarabia5.xml
openepg,saudiarabia5,OSNtv Documentary.sa,OSNtv Documentary.sa,0,0,0.0,,,False,1,https://www.open-epg.com/files/saudiarabia5.xml
openepg,saudiarabia5,OSNtv iQIYI.sa,OSNtv iQIYI.sa,34,26.3,100.0,Crocodile Island,Crocodile Island,False,1,https://www.open-epg.com/files/saudiarabia5.xml
openepg,saudiarabia5,OSNtv Kids.sa,OSNtv Kids.sa,62,45.3,100.0,Dragons: The Nine Realms,Dragons: The Nine Realms,False,1,https://www.open-epg.com/files/saudiarabia5.xml
openepg,saudiarabia5,OSNtv Mezze.sa,OSNtv Mezze.sa,27,26.2,100.0,Hairy Bikers Go Local,Hairy Bikers Go Local,False,1,https://www.open-epg.com/files/saudiarabia5.xml
openepg,saudiarabia5,OSNtv Movies Action.sa,OSNtv Movies Action.sa,14,25.8,100.0,Shazam,Shazam,False,1,https://www.open-epg.com/files/saudiarabia5.xml
openepg,saudiarabia5,OSNtv Movies Comedy.sa,OSNtv Movies Comedy.sa,17,25.8,100.0,Frequently Asked Questions About Time Travel,Frequently Asked Questions About Time Travel,False,1,https://www.open-epg.com/files/saudiarabia5.xml
openepg,saudiarabia5,OSNtv Movies Family.sa,OSNtv Movies Family.sa,15,27.2,100.0,Happy Feet,Happy Feet,False,1,https://www.open-epg.com/files/saudiarabia5.xml
openepg,saudiarabia5,OSNtv Movies Hollywood.sa,OSNtv Movies Hollywood.sa,15,26.8,100.0,Age Of Heroes,Age Of Heroes,False,1,https://www.open-epg.com/files/saudiarabia5.xml
openepg,saudiarabia5,OSNtv Movies Horror.sa,OSNtv Movies Horror.sa,16,26.4,100.0,Final Destination 2,Final Destination 2,False,1,https://www.open-epg.com/files/saudiarabia5.xml
openepg,saudiarabia5,OSNtv Movies Premiere.sa,OSNtv Movies Premiere.sa,15,25.7,100.0,Babygirl,Babygirl,False,1,https://www.open-epg.com/files/saudiarabia5.xml
openepg,saudiarabia5,OSNtv Now.sa,OSNtv Now.sa,40,25.9,100.0,Dubai Hustle,Dubai Hustle,False,1,https://www.open-epg.com/files/saudiarabia5.xml
openepg,saudiarabia5,OSNtv One.sa,OSNtv One.sa,32,26.2,100.0,Red Bull Signature Series,Red Bull Signature Series,False,1,https://www.open-epg.com/files/saudiarabia5.xml
openepg,saudiarabia5,OSNtv Pop Up.sa,OSNtv Pop Up.sa,27,26.3,100.0,OSNtv POP UP,OSNtv POP UP,False,1,https://www.open-epg.com/files/saudiarabia5.xml
openepg,saudiarabia5,OSNtv Showcase Classics.sa,OSNtv Showcase Classics.sa,40,25.9,100.0,Curb Your Enthusiasm,Curb Your Enthusiasm,False,1,https://www.open-epg.com/files/saudiarabia5.xml
openepg,saudiarabia5,OSNtv Showcase.sa,OSNtv Showcase.sa,34,25.9,100.0,Game Theory With Bomani Jones,Game Theory With Bomani Jones,False,1,https://www.open-epg.com/files/saudiarabia5.xml
openepg,saudiarabia5,OSNtv Yahala Aflam.sa,OSNtv Yahala Aflam.sa,17,27.3,100.0,Gurub Al Mamiz,Gurub Al Mamiz,False,1,https://www.open-epg.com/files/saudiarabia5.xml
openepg,saudiarabia5,OSNtv Yahala Bil Arabi.sa,OSNtv Yahala Bil Arabi.sa,31,25.7,100.0,Sharab Al Toot AKA One Love,Sharab Al Toot AKA One Love,False,1,https://www.open-epg.com/files/saudiarabia5.xml
openepg,saudiarabia5,OSNtv Yahala.sa,OSNtv Yahala.sa,33,26.3,100.0,Sama Aleya,Sama Aleya,False,1,https://www.open-epg.com/files/saudiarabia5.xml
openepg,saudiarabia5,OSNtv.sa,OSNtv.sa,0,0,0.0,,,False,1,https://www.open-epg.com/files/saudiarabia5.xml
openepg,saudiarabia5,Padel TV.sa,Padel TV.sa,39,25.8,100.0,Pro Padel League - Playa Del Carmen,Pro Padel League - Playa Del Carmen,False,1,https://www.open-epg.com/files/saudiarabia5.xml
openepg,saudiarabia5,Palestinian Channel.sa,Palestinian Channel.sa,0,0,0.0,,,False,1,https://www.open-epg.com/files/saudiarabia5.xml
openepg,saudiarabia5,Panorama Drama.sa,Panorama Drama.sa,0,0,0.0,,,False,1,https://www.open-epg.com/files/saudiarabia5.xml
openepg,saudiarabia5,Payam TV.sa,Payam TV.sa,0,0,0.0,,,False,1,https://www.open-epg.com/files/saudiarabia5.xml
openepg,saudiarabia5,RFM TV.sa,RFM TV.sa,27,26.3,100.0,RFM Hits,RFM Hits,False,1,https://www.open-epg.com/files/saudiarabia5.xml
openepg,saudiarabia5,Rotana Cinema.sa,Rotana Cinema.sa,0,0,0.0,,,False,1,https://www.open-epg.com/files/saudiarabia5.xml
openepg,saudiarabia5,Rotana Classic.sa,Rotana Classic.sa,0,0,0.0,,,False,1,https://www.open-epg.com/files/saudiarabia5.xml
openepg,saudiarabia5,Rotana Clip.sa,Rotana Clip.sa,0,0,0.0,,,False,1,https://www.open-epg.com/files/saudiarabia5.xml
openepg,saudiarabia5,Rotana Drama.sa,Rotana Drama.sa,0,0,0.0,,,False,1,https://www.open-epg.com/files/saudiarabia5.xml
openepg,saudiarabia5,Rotana Khalijia.sa,Rotana Khalijia.sa,0,0,0.0,,,False,1,https://www.open-epg.com/files/saudiarabia5.xml
openepg,saudiarabia5,Rotana Music.sa,Rotana Music.sa,0,0,0.0,,,False,1,https://www.open-epg.com/files/saudiarabia5.xml
openepg,saudiarabia5,Roya TV HD.sa,Roya TV HD.sa,25,26.3,100.0,Ro'ya Kitchen,Ro'ya Kitchen,False,1,https://www.open-epg.com/files/saudiarabia5.xml
openepg,saudiarabia5,RT Arabic.sa,RT Arabic.sa,1,141.3,100.0,Announcements,Announcements,False,1,https://www.open-epg.com/files/saudiarabia5.xml
openepg,saudiarabia5,RT English.sa,RT English.sa,1,141.3,100.0,Deep State,Deep State,False,1,https://www.open-epg.com/files/saudiarabia5.xml
openepg,saudiarabia5,Rudaw TV.sa,Rudaw TV.sa,0,0,0.0,,,False,1,https://www.open-epg.com/files/saudiarabia5.xml
openepg,saudiarabia5,Sada Al Balad.sa,Sada Al Balad.sa,0,0,0.0,,,False,1,https://www.open-epg.com/files/saudiarabia5.xml
openepg,saudiarabia5,Sama Dubai HD.sa,Sama Dubai HD.sa,0,0,0.0,,,False,1,https://www.open-epg.com/files/saudiarabia5.xml
openepg,saudiarabia5,Sat 7 Kids.sa,Sat 7 Kids.sa,0,0,0.0,,,False,1,https://www.open-epg.com/files/saudiarabia5.xml
openepg,saudiarabia5,Sat 7.sa,Sat 7.sa,0,0,0.0,,,False,1,https://www.open-epg.com/files/saudiarabia5.xml
openepg,saudiarabia5,SBC HD.sa,SBC HD.sa,0,0,0.0,,,False,1,https://www.open-epg.com/files/saudiarabia5.xml
openepg,saudiarabia5,Shams.sa,Shams.sa,0,0,0.0,,,False,1,https://www.open-epg.com/files/saudiarabia5.xml
openepg,saudiarabia5,Sharjah Quran.sa,Sharjah Quran.sa,0,0,0.0,,,False,1,https://www.open-epg.com/files/saudiarabia5.xml
openepg,saudiarabia5,Sharjah Radio.sa,Sharjah Radio.sa,0,0,0.0,,,False,1,https://www.open-epg.com/files/saudiarabia5.xml
openepg,saudiarabia5,Sharjah Sport HD.sa,Sharjah Sport HD.sa,0,0,0.0,,,False,1,https://www.open-epg.com/files/saudiarabia5.xml
openepg,saudiarabia5,Sharjah TV HD.sa,Sharjah TV HD.sa,0,0,0.0,,,False,1,https://www.open-epg.com/files/saudiarabia5.xml
openepg,saudiarabia5,Sharqiya from Kalba HD.sa,Sharqiya from Kalba HD.sa,0,0,0.0,,,False,1,https://www.open-epg.com/files/saudiarabia5.xml
openepg,saudiarabia5,Sky News Arabia HD.sa,Sky News Arabia HD.sa,34,45.3,100.0,News Room-Part 1 Repaet,News Room-Part 1 Repaet,False,1,https://www.open-epg.com/files/saudiarabia5.xml
openepg,saudiarabia5,Sky News Arabia.sa,Sky News Arabia.sa,0,0,0.0,,,False,1,https://www.open-epg.com/files/saudiarabia5.xml
openepg,saudiarabia5,Spacetoon Arabic.sa,Spacetoon Arabic.sa,0,0,0.0,,,False,1,https://www.open-epg.com/files/saudiarabia5.xml
openepg,saudiarabia5,STV1 HD.sa,STV1 HD.sa,39,26.3,100.0,E'mar Al Ardh,E'mar Al Ardh,False,1,https://www.open-epg.com/files/saudiarabia5.xml
openepg,saudiarabia5,Syria Drama.sa,Syria Drama.sa,0,0,0.0,,,False,1,https://www.open-epg.com/files/saudiarabia5.xml
openepg,saudiarabia5,Syria News.sa,Syria News.sa,0,0,0.0,,,False,1,https://www.open-epg.com/files/saudiarabia5.xml
openepg,saudiarabia5,Syria TV.sa,Syria TV.sa,0,0,0.0,,,False,1,https://www.open-epg.com/files/saudiarabia5.xml
openepg,saudiarabia5,Taha.sa,Taha.sa,0,0,0.0,,,False,1,https://www.open-epg.com/files/saudiarabia5.xml
openepg,saudiarabia5,TeN.sa,TeN.sa,0,0,0.0,,,False,1,https://www.open-epg.com/files/saudiarabia5.xml
openepg,saudiarabia5,TFC HD.sa,TFC HD.sa,0,0,0.0,,,False,1,https://www.open-epg.com/files/saudiarabia5.xml
openepg,saudiarabia5,Thekrayat HD.sa,Thekrayat HD.sa,0,0,0.0,,,False,1,https://www.open-epg.com/files/saudiarabia5.xml
openepg,saudiarabia5,TLC HD.sa,TLC HD.sa,35,25.9,100.0,Kitchen Boss,Kitchen Boss,False,1,https://www.open-epg.com/files/saudiarabia5.xml
openepg,saudiarabia5,Tunisia Al Wataniya 2.sa,Tunisia Al Wataniya 2.sa,0,0,0.0,,,False,1,https://www.open-epg.com/files/saudiarabia5.xml
openepg,saudiarabia5,TV 5 Monde Maghreb.sa,TV 5 Monde Maghreb.sa,0,0,0.0,,,False,1,https://www.open-epg.com/files/saudiarabia5.xml
openepg,saudiarabia5,TVRI World.sa,TVRI World.sa,0,0,0.0,,,False,1,https://www.open-epg.com/files/saudiarabia5.xml
openepg,saudiarabia5,YAS Sports HD.sa,YAS Sports HD.sa,0,0,0.0,,,False,1,https://www.open-epg.com/files/saudiarabia5.xml
openepg,saudiarabia5,Yemen TV.sa,Yemen TV.sa,0,0,0.0,,,False,1,https://www.open-epg.com/files/saudiarabia5.xml
openepg,saudiarabia5,Zagros TV.sa,Zagros TV.sa,0,0,0.0,,,False,1,https://www.open-epg.com/files/saudiarabia5.xml
openepg,saudiarabia5,Zee Aflam.sa,Zee Aflam.sa,0,0,0.0,,,False,1,https://www.open-epg.com/files/saudiarabia5.xml
openepg,saudiarabia5,Zee Alwan.sa,Zee Alwan.sa,0,0,0.0,,,False,1,https://www.open-epg.com/files/saudiarabia5.xml
openepg,uae6,Big Time Plus.ae,Big Time Plus.ae,0,0,0.0,,,False,1,https://www.open-epg.com/files/uae6.xml
openepg,uae6,BIG TIME.ae,BIG TIME.ae,0,0,0.0,,,False,1,https://www.open-epg.com/files/uae6.xml
openepg,uae6,MBC Action.ae,MBC Action.ae,44,32.3,100.0,Kingdom الموسم 4 الحلقة 9,بينما تعيد الصين بناء نفسها بعد الحرب، تواجه تشين صراعات داخلية متصاعدة. وسط المؤامرات السياسية وزحف جيش زهاو، يتولى شقيق الملك تشنغ غير الشقيق القيادة، الأمر الذي يشكل فصلا حاسما في نضال المملكة نحو توحيد البلاد.,False,1,https://www.open-epg.com/files/uae6.xml
openepg,uae6,MBC MAX.ae,MBC MAX.ae,22,33.4,100.0,Dunkirk,يحول نولان عملية إجلاء دنكيرك إلى ملحمة حرب تخطف الأنفاس، مستخدما بنية زمنية فريدة. حوار مختصر وتأثير هائل ومشهد سينمائي استثنائي لا يكتمل إلا بأنغام زيمر الأسطورية.,False,1,https://www.open-epg.com/files/uae6.xml
openepg,uae6,MBC Persia.ae,MBC Persia.ae,47,32.8,95.7,ذا نيو ورلد,قصة رومانسية أسطورية بين مستكشف إنجليزي وأميرة هندية فاتنة الجمال تتكشف وسط تصادم الثقافات الأوروبية والأمريكية الأصلية عام 1607.,False,1,https://www.open-epg.com/files/uae6.xml
openepg,uae6,MBC2.ae,MBC2.ae,21,32.3,100.0,جستس ليج,يتحد باتمان وسوبرمان ووندر وومن وأكوامان وفلاش وسايبورغ لصد تهديد كارثي ضد فرقة العدالة، فيخوضون معركة مصيرية قد ينقذ فيها الإيمان والوحدة والتضحية العالم.,False,1,https://www.open-epg.com/files/uae6.xml
openepg,uae6,MBC3.ae,MBC3.ae,128,32.3,98.4,Sonic Boom موسم 1 حلقة 49,يخوض سونيك وأصدقاؤه سباقا عبر عالم نابض بالحياة، ويواجهون أشرارا سخيفين واختراعات مجنونة، ويتعاونون لإحباط مخططات دكتور إغمان بسرعة فائقة وروح مرحة وفريق لا يقهر!,False,1,https://www.open-epg.com/files/uae6.xml
openepg,uae6,MBC4.ae,MBC4.ae,47,32.2,100.0,أعلى نسبة مشاهدة الموسم 1 الحلقة 2,عندما تصبح حياتها سوداوية، تكتسب شيماء شهرة بين ليلة وضحاها. تطالب مجموعة من نساء الحي حمدية بأموالهن.,False,1,https://www.open-epg.com/files/uae6.xml
openepg,uae6,MBC5.ae,MBC5.ae,37,32.2,100.0,أنا بنت أبي موسم 1 حلقة 32,يشعر نيل بالانزعاج من خطبة كارتيك ويوفيكا ويتجاهل اتصالات الأخيرة. من ناحية أخرى، يشرع سانجرام في ابتزاز ديجي. أما يوفيكا، فتحاول تحسين الأعمال في المطعم.,False,1,https://www.open-epg.com/files/uae6.xml
openepg,uae6,Movies Action.ae,Movies Action.ae,17,30.8,100.0,211,ينتهي المطاف بشرطي ورجل مدني في موقف لا يحسدان عليه عندما يضعهما القدر وسط عملية سرقة جريئة تستهدف أحد المصارف.,False,1,https://www.open-epg.com/files/uae6.xml
openepg,uae6,Panorama FM.ae,Panorama FM.ae,0,0,0.0,,,False,1,https://www.open-epg.com/files/uae6.xml
openepg,uae6,Red Bull TV.ae,Red Bull TV.ae,0,0,0.0,,,False,1,https://www.open-epg.com/files/uae6.xml
openepg,uae6,SBC.ae,SBC.ae,0,0,0.0,,,False,1,https://www.open-epg.com/files/uae6.xml
openepg,uae6,SSC Extra 1 HD.ae,SSC Extra 1 HD.ae,0,0,0.0,,,False,1,https://www.open-epg.com/files/uae6.xml
openepg,uae6,SSC Extra 2 HD.ae,SSC Extra 2 HD.ae,0,0,0.0,,,False,1,https://www.open-epg.com/files/uae6.xml
openepg,uae6,SSC Extra 3 HD.ae,SSC Extra 3 HD.ae,0,0,0.0,,,False,1,https://www.open-epg.com/files/uae6.xml
openepg,uae6,SSC News.ae,SSC News.ae,0,0,0.0,,,False,1,https://www.open-epg.com/files/uae6.xml
openepg,uae6,SSC1 HD.ae,SSC1 HD.ae,0,0,0.0,,,False,1,https://www.open-epg.com/files/uae6.xml
openepg,uae6,SSC2 HD.ae,SSC2 HD.ae,0,0,0.0,,,False,1,https://www.open-epg.com/files/uae6.xml
openepg,uae6,SSC3 HD.ae,SSC3 HD.ae,0,0,0.0,,,False,1,https://www.open-epg.com/files/uae6.xml
openepg,uae6,SSC4 HD.ae,SSC4 HD.ae,0,0,0.0,,,False,1,https://www.open-epg.com/files/uae6.xml
openepg,uae6,SSC5 HD.ae,SSC5 HD.ae,0,0,0.0,,,False,1,https://www.open-epg.com/files/uae6.xml
openepg,uae6,Top Chef Channel.ae,Top Chef Channel.ae,0,0,0.0,,,False,1,https://www.open-epg.com/files/uae6.xml
openepg,uae6,أفلام.ae,أفلام.ae,19,31.3,100.0,45 يوم,بعد اتهامه بقتل والديه، يرسل شاب إلى مستشفى الأمراض النفسية. لكن على بعد أسابيع من محاكمته، يتعهد بالتزام الصمت.,False,1,https://www.open-epg.com/files/uae6.xml
openepg,uae6,إذاعة خزامى.ae,إذاعة خزامى.ae,0,0,0.0,,,False,1,https://www.open-epg.com/files/uae6.xml
openepg,uae6,الإخبارية.ae,الإخبارية.ae,0,0,0.0,,,False,1,https://www.open-epg.com/files/uae6.xml
openepg,uae6,الثقافية.ae,الثقافية.ae,0,0,0.0,,,False,1,https://www.open-epg.com/files/uae6.xml
openepg,uae6,الحدث.ae,الحدث.ae,51,32.3,100.0,أخبار الحدث,كن في الطليعة مع آخر الأخبار العاجلة وأهم الأحداث الجارية، بالإضافة إلى معرفة كل ما يدور حولك من أحداث سواء كانت في المنطقة العربية أو حول العالم.,False,1,https://www.open-epg.com/files/uae6.xml
openepg,uae6,السعودية الآن.ae,السعودية الآن.ae,0,0,0.0,,,False,1,https://www.open-epg.com/files/uae6.xml
openepg,uae6,السعودية.ae,السعودية.ae,0,0,0.0,,,False,1,https://www.open-epg.com/files/uae6.xml
openepg,uae6,السنة النبوية.ae,السنة النبوية.ae,0,0,0.0,,,False,1,https://www.open-epg.com/files/uae6.xml
openepg,uae6,الشرق.ae,الشرق.ae,44,32.3,100.0,برنامج ديفيد روبنشتاين,يشرح بيل براودر، مؤسس ومدير شركة «هيرميتاج كابيتال مانجمنت»، كيف أصبح واحدًا من أكثر منتقدي فلاديمير بوتين المطلوبين، ولماذا وضعه هذا الصراع في دائرة الخطر على حياته. يتحدث عن صعوده ليصبح أكبر مستثمر أجنبي في روسيا خلال موجة الخصخصة في تسعينيات القرن الماضي، وكيف أدى كشفه لفساد الأوليغارشية ومسؤولين في الدولة إلى طرده من البلاد. كما يستعرض براودر دوره في الدفع نحو إقرار «قانون ماغنيتسكي» والمسار الذي قاده إلى توسعه وتبنيه على المستوى العالمي.,False,1,https://www.open-epg.com/files/uae6.xml
openepg,uae6,الصدمة.ae,الصدمة.ae,0,0,0.0,,,False,1,https://www.open-epg.com/files/uae6.xml
openepg,uae6,العربية Business.ae,العربية Business.ae,17,32.3,100.0,فتح السوق,فتح السوق,False,1,https://www.open-epg.com/files/uae6.xml
openepg,uae6,العربية.ae,العربية.ae,53,32.3,100.0,أخبار العربية,كن في الطليعة مع آخر الأخبار العاجلة وأهم الأحداث الجارية، بالإضافة إلى معرفة كل ما يدور حولك من أحداث سواء كانت في المنطقة العربية أو حول العالم.,False,1,https://www.open-epg.com/files/uae6.xml
openepg,uae6,القرآن الكريم.ae,القرآن الكريم.ae,0,0,0.0,,,False,1,https://www.open-epg.com/files/uae6.xml
openepg,uae6,بداية.ae,بداية.ae,0,0,0.0,,,False,1,https://www.open-epg.com/files/uae6.xml
openepg,uae6,ذكريات.ae,ذكريات.ae,0,0,0.0,,,False,1,https://www.open-epg.com/files/uae6.xml
openepg,uae6,رابح صقر.ae,رابح صقر.ae,320,32.0,0.0,شي واحد,,False,1,https://www.open-epg.com/files/uae6.xml
openepg,uae6,رامز.ae,رامز.ae,0,0,0.0,,,False,1,https://www.open-epg.com/files/uae6.xml
openepg,uae6,طرب.ae,طرب.ae,0,0,0.0,,,False,1,https://www.open-epg.com/files/uae6.xml
openepg,uae6,عبدالمجيد عبدالله.ae,عبدالمجيد عبدالله.ae,0,0,0.0,,,False,1,https://www.open-epg.com/files/uae6.xml
openepg,uae6,فيروز.ae,فيروز.ae,503,31.9,0.0,سألتك حبيبي,,False,1,https://www.open-epg.com/files/uae6.xml
openepg,uae6,قناة العاصوف.ae,قناة العاصوف.ae,44,32.4,100.0,العاصوف الموسم 3 الحلقة 9,تستمر التحديات التي تواجه عائلة الطيان وتتصاعد حدتها تزامنا مع غزو الكويت وحرب الخليج.,False,1,https://www.open-epg.com/files/uae6.xml
openepg,uae6,قناة الكبير أوي.ae,قناة الكبير أوي.ae,62,32.0,100.0,الكبير الموسم 2 الحلقة 3,قبل وفاته، يفصح عمدة قرية في الصعيد لابنه بأن لديه أخ توأم في الغربة ومن حقه المطالبة بنصف الميراث، والترشح ضده للمنصب.,False,1,https://www.open-epg.com/files/uae6.xml
openepg,uae6,قناة اللعبة.ae,قناة اللعبة.ae,54,32.6,100.0,اللعبة: دوري الأبطال موسم 4 حلقة 13,يحاول الفريقان العيش بطريقة غير اعتيادية من أجل الفوز في مهمة جديدة.,False,1,https://www.open-epg.com/files/uae6.xml
openepg,uae6,قناة باب الحارة.ae,قناة باب الحارة.ae,40,32.5,100.0,باب الحارة موسم 6 حلقة 4,الأحداث تتسارع في الحارة، واشاعة زواج أبو عصام من الممرضة نادية تنتشر.,False,1,https://www.open-epg.com/files/uae6.xml
openepg,uae6,قناة ستوديو.ae,قناة ستوديو.ae,0,0,0.0,,,False,1,https://www.open-epg.com/files/uae6.xml
openepg,uae6,قناة سكة سفر.ae,قناة سكة سفر.ae,0,0,0.0,,,False,1,https://www.open-epg.com/files/uae6.xml
openepg,uae6,قناة سيلفي.ae,قناة سيلفي.ae,0,0,0.0,,,False,1,https://www.open-epg.com/files/uae6.xml
openepg,uae6,قناة سين.ae,قناة سين.ae,0,0,0.0,,,False,1,https://www.open-epg.com/files/uae6.xml
openepg,uae6,قناة طاش.ae,قناة طاش.ae,61,32.2,100.0,طاش ما طاش موسم 9 حلقة 6,الحارة الجزء الاول,False,1,https://www.open-epg.com/files/uae6.xml
openepg,uae6,قناة مرايا.ae,قناة مرايا.ae,39,32.0,100.0,حكايا المرايا الحلقة 11,لم يبق محلات / كل شيء تمام,False,1,https://www.open-epg.com/files/uae6.xml
openepg,uae6,قناة مسرح مصر.ae,قناة مسرح مصر.ae,25,32.6,100.0,مسرح مصر موسم 2 حلقة 7,جواز صالونات,False,1,https://www.open-epg.com/files/uae6.xml
openepg,uae6,ماجد المهندس.ae,ماجد المهندس.ae,0,0,0.0,,,False,1,https://www.open-epg.com/files/uae6.xml
openepg,uae6,محمد عبده.ae,محمد عبده.ae,0,0,0.0,,,False,1,https://www.open-epg.com/files/uae6.xml
openepg,uae6,مصر دراما.ae,مصر دراما.ae,3,2.4,100.0,اللعبة: ليفل الوحش موسم 2 حلقة 13,يجد بسيوني نفسه واقعا بين خيارين أحلاهما مر. يلتقي فريق وسيم بعمدة الفيوم، ويكتشف الفريقان لاحقا أن البطة التي ينوه لها التحدي ليست كما كانا يظنان.,False,1,https://www.open-epg.com/files/uae6.xml
openepg,uae6,من الجو.ae,من الجو.ae,0,0,0.0,,,False,1,https://www.open-epg.com/files/uae6.xml
openepg,uae6,ناصر القصبي.ae,ناصر القصبي.ae,54,32.2,100.0,مخرج 7 موسم 1 حلقة 19,بعد التغيرات التي طرأت على المجتمع السعودي خلال السنوات الأخيرة، يحاول أب جاهدا التأقلم مع الوضع الجديد، مما سيوقعه في إشكاليات مضحكة لا حدود لها.,False,1,https://www.open-epg.com/files/uae6.xml
openepg,uae6,وناسه.ae,وناسه.ae,0,0,0.0,,,False,1,https://www.open-epg.com/files/uae6.xml
