provider,source,id,name,future_programmes,future_hours,desc_pct,url
epgshare,SA2,EN:.Fairuz.sa,EN: Fairuz,1350,85.4,0.0,https://epgshare01.online/epgshare01/epg_ripper_SA2.xml.gz
epgshare,SA2,EN:.Rabeh.Saqer.sa,EN: Rabeh Saqer,857,85.4,0.0,https://epgshare01.online/epgshare01/epg_ripper_SA2.xml.gz
openepg,uae6,فيروز.ae,فيروز.ae,757,47.9,0.0,https://www.open-epg.com/files/uae6.xml
epgshare,AR1,Canal.Cartoonito.(Argentina).ar,Canal Cartoonito (Argentina),610,85.4,10.2,https://epgshare01.online/epgshare01/epg_ripper_AR1.xml.gz
openepg,saudiarabia5,Alfa Music HD.sa,Alfa Music HD.sa,589,41.7,100.0,https://www.open-epg.com/files/saudiarabia5.xml
openepg,qatar5,Cartoon-Network-Arabic-1.qa,Cartoon-Network-Arabic-1.qa,520,41.5,0.0,https://www.open-epg.com/files/qatar5.xml
openepg,uae6,رابح صقر.ae,رابح صقر.ae,481,47.9,0.0,https://www.open-epg.com/files/uae6.xml
epgshare,AR1,Canal.Tooncast.ar,Canal Tooncast,424,85.5,15.1,https://epgshare01.online/epgshare01/epg_ripper_AR1.xml.gz
epgshare,AR1,Canal.Baby.TV.(Latinoamérica).ar,Canal Baby TV (Latinoamérica),415,32.4,0.0,https://epgshare01.online/epgshare01/epg_ripper_AR1.xml.gz
epgshare,AE1,ar:.بلوم.ae,ar: بلوم,339,61.7,100.0,https://epgshare01.online/epgshare01/epg_ripper_AE1.xml.gz
epgshare,AE1,en:.Bloom.ae,en: Bloom,339,61.7,100.0,https://epgshare01.online/epgshare01/epg_ripper_AE1.xml.gz
epgshare,SA2,EN:.MBC3.sa,EN: MBC3,334,85.4,86.2,https://epgshare01.online/epgshare01/epg_ripper_SA2.xml.gz
epgshare,AE1,France.24.Arabic.ae,France 24 Arabic,326,61.4,100.0,https://epgshare01.online/epgshare01/epg_ripper_AE1.xml.gz
epgshare,AE1,CNN.International.ae,CNN International,316,61.4,100.0,https://epgshare01.online/epgshare01/epg_ripper_AE1.xml.gz
epgshare,AE1,France.24.English.ae,France 24 English,316,61.4,100.0,https://epgshare01.online/epgshare01/epg_ripper_AE1.xml.gz
openepg,saudiarabia5,Alfa Fann.sa,Alfa Fann.sa,289,41.7,100.0,https://www.open-epg.com/files/saudiarabia5.xml
epgshare,AE1,NHK.World.Japan.ae,NHK World Japan,279,61.4,100.0,https://epgshare01.online/epgshare01/epg_ripper_AE1.xml.gz
epgshare,AE1,Sports.First.ae,Sports First,274,61.4,100.0,https://epgshare01.online/epgshare01/epg_ripper_AE1.xml.gz
epgshare,AR1,Canal.Pakapaka.ar,Canal Pakapaka,273,85.4,0.0,https://epgshare01.online/epgshare01/epg_ripper_AR1.xml.gz
epgshare,AE1,Al.Iraqiya.Sport.HD.ae,Al Iraqiya Sport HD,268,61.8,100.0,https://epgshare01.online/epgshare01/epg_ripper_AE1.xml.gz
epgshare,AE1,Alkass.Four.ae,Alkass Four,268,61.8,100.0,https://epgshare01.online/epgshare01/epg_ripper_AE1.xml.gz
epgshare,AE1,Alkass.Three.ae,Alkass Three,268,61.8,100.0,https://epgshare01.online/epgshare01/epg_ripper_AE1.xml.gz
epgshare,AE1,Alkass.Two.HD.ae,Alkass Two HD,268,61.8,100.0,https://epgshare01.online/epgshare01/epg_ripper_AE1.xml.gz
epgshare,AE1,Outdoor.Channel.ae,Outdoor Channel,268,61.8,100.0,https://epgshare01.online/epgshare01/epg_ripper_AE1.xml.gz
epgshare,AR1,Canal.NHK.World.ar,Canal NHK World,258,86.2,0.0,https://epgshare01.online/epgshare01/epg_ripper_AR1.xml.gz
epgshare,AR1,Canal.Nick.Jr..(Argentina).ar,Canal Nick Jr. (Argentina),253,85.6,0.0,https://epgshare01.online/epgshare01/epg_ripper_AR1.xml.gz
openepg,qatar5,Baby-TV-2.qa,Baby-TV-2.qa,218,41.6,0.0,https://www.open-epg.com/files/qatar5.xml
openepg,saudiarabia1,Cartoonito.sa,Cartoonito.sa,217,41.6,100.0,https://www.open-epg.com/files/saudiarabia1.xml
openepg,saudiarabia5,Cartoon Network HD.sa,Cartoon Network HD.sa,215,41.7,100.0,https://www.open-epg.com/files/saudiarabia5.xml
openepg,qatar5,0004 CNN International logo.svg.qa,0004 CNN International logo.svg.qa,215,41.5,0.0,https://www.open-epg.com/files/qatar5.xml
openepg,qatar4,HGTV.qa,HGTV.qa,212,41.2,0.0,https://www.open-epg.com/files/qatar4.xml
openepg,saudiarabia5,OSNtv Kids.sa,OSNtv Kids.sa,209,41.8,100.0,https://www.open-epg.com/files/saudiarabia5.xml
openepg,saudiarabia1,Majid.sa,Majid.sa,196,41.7,100.0,https://www.open-epg.com/files/saudiarabia1.xml
openepg,saudiarabia1,France 24.sa,France 24.sa,196,41.6,100.0,https://www.open-epg.com/files/saudiarabia1.xml
openepg,qatar5,Euro-News.qa,Euro-News.qa,195,41.5,0.0,https://www.open-epg.com/files/qatar5.xml
openepg,qatar5,UPDATEz-NGW Full Logo 20182.qa,UPDATEz-NGW Full Logo 20182.qa,194,41.5,0.0,https://www.open-epg.com/files/qatar5.xml
openepg,qatar4,0001 AWG CN Brand Logo 1color Black 4C.qa,0001 AWG CN Brand Logo 1color Black 4C.qa,193,41.1,0.0,https://www.open-epg.com/files/qatar4.xml
openepg,qatar4,cartoonito.qa,cartoonito.qa,191,41.0,0.0,https://www.open-epg.com/files/qatar4.xml
openepg,qatar5,Discovery-logo-1.qa,Discovery-logo-1.qa,189,42.4,0.0,https://www.open-epg.com/files/qatar5.xml
openepg,qatar4,Cartoon-Network-Arabic-1.qa,Cartoon-Network-Arabic-1.qa,188,41.4,0.0,https://www.open-epg.com/files/qatar4.xml
epgshare,SA2,EN:.Asharq.sa,EN: Asharq,185,85.4,55.7,https://epgshare01.online/epgshare01/epg_ripper_SA2.xml.gz
epgshare,AR1,Canal.DW.(Latinoamérica).ar,Canal DW (Latinoamérica),183,85.4,0.0,https://epgshare01.online/epgshare01/epg_ripper_AR1.xml.gz
epgshare,AR1,Canal.Disney.Junior.(Argentina).ar,Canal Disney Junior (Argentina),181,85.4,15.5,https://epgshare01.online/epgshare01/epg_ripper_AR1.xml.gz
openepg,qatar4,Bara3em-1.qa,Bara3em-1.qa,180,41.1,0.0,https://www.open-epg.com/files/qatar4.xml
openepg,qatar4,Jeem-HD-1-01.qa,Jeem-HD-1-01.qa,180,41.1,0.0,https://www.open-epg.com/files/qatar4.xml
epgshare,SA2,EN:.MBC1.Iraq.sa,EN: MBC Iraq,172,85.4,63.4,https://epgshare01.online/epgshare01/epg_ripper_SA2.xml.gz
openepg,uae6,MBC3.ae,MBC3.ae,167,48.4,100.0,https://www.open-epg.com/files/uae6.xml
openepg,qatar4,CBeebies-1.qa,CBeebies-1.qa,166,41.1,0.0,https://www.open-epg.com/files/qatar4.xml
openepg,saudiarabia1,Disney Junior.sa,Disney Junior.sa,165,41.6,100.0,https://www.open-epg.com/files/saudiarabia1.xml
epgshare,AR1,Canal.Elgourmet.ar,Canal Elgourmet,161,85.4,0.0,https://epgshare01.online/epgshare01/epg_ripper_AR1.xml.gz
epgshare,AR1,Canal.Enlace.(TBN).ar,Canal Enlace (TBN),154,85.4,0.0,https://epgshare01.online/epgshare01/epg_ripper_AR1.xml.gz
openepg,qatar5,0001 AWG CN Brand Logo 1color Black 4C.qa,0001 AWG CN Brand Logo 1color Black 4C.qa,153,41.6,0.0,https://www.open-epg.com/files/qatar5.xml
epgshare,AE1,BBC.World.News.ae,BBC World News,147,61.4,100.0,https://epgshare01.online/epgshare01/epg_ripper_AE1.xml.gz
epgshare,AE1,Chada.TV.ae,Chada TV,147,61.4,100.0,https://epgshare01.online/epgshare01/epg_ripper_AE1.xml.gz
epgshare,AE1,Mazzika.ae,Mazzika,147,61.4,100.0,https://epgshare01.online/epgshare01/epg_ripper_AE1.xml.gz
epgshare,AE1,Rotana.Clip.ae,Rotana Clip,147,61.4,100.0,https://epgshare01.online/epgshare01/epg_ripper_AE1.xml.gz
epgshare,AE1,Rotana.Music.ae,Rotana Music,147,61.4,100.0,https://epgshare01.online/epgshare01/epg_ripper_AE1.xml.gz
openepg,saudiarabia2,Cartoonito.sa,Cartoonito.sa,147,28.8,100.0,https://www.open-epg.com/files/saudiarabia2.xml
openepg,saudiarabia5,Nick Jr HD.sa,Nick Jr HD.sa,146,41.7,100.0,https://www.open-epg.com/files/saudiarabia5.xml
epgshare,AE1,Space.Toon.ae,Space Toon,143,61.4,100.0,https://epgshare01.online/epgshare01/epg_ripper_AE1.xml.gz
epgshare,AR1,Canal.EWTN.en.Español.ar,Canal EWTN en Español,142,85.4,0.0,https://epgshare01.online/epgshare01/epg_ripper_AR1.xml.gz
openepg,saudiarabia1,MBC 3.sa,MBC 3.sa,141,41.6,100.0,https://www.open-epg.com/files/saudiarabia1.xml
epgshare,AE1,Jordan.TV.HD.ae,Jordan TV HD,140,61.4,100.0,https://epgshare01.online/epgshare01/epg_ripper_AE1.xml.gz
openepg,saudiarabia1,Rotana Kids.sa,Rotana Kids.sa,140,41.6,100.0,https://www.open-epg.com/files/saudiarabia1.xml
openepg,saudiarabia5,MBC 3.sa,MBC 3.sa,139,41.8,100.0,https://www.open-epg.com/files/saudiarabia5.xml
openepg,saudiarabia2,France 24.sa,France 24.sa,137,28.6,100.0,https://www.open-epg.com/files/saudiarabia2.xml
epgshare,SA2,EN:.MBC.Action.sa,EN: MBC Action,136,85.4,86.8,https://epgshare01.online/epgshare01/epg_ripper_SA2.xml.gz
epgshare,SA2,EN:.MBC.Masr.2.sa,EN: MBC Masr 2,136,85.4,57.4,https://epgshare01.online/epgshare01/epg_ripper_SA2.xml.gz
epgshare,AE1,Saudi.Al.Ekhbariya.HD.ae,Saudi Al Ekhbariya HD,132,61.4,100.0,https://epgshare01.online/epgshare01/epg_ripper_AE1.xml.gz
openepg,saudiarabia2,Majid.sa,Majid.sa,132,28.6,100.0,https://www.open-epg.com/files/saudiarabia2.xml
epgshare,SA2,EN:.MBC1.Masr.sa,EN: MBC1 Masr,130,85.4,57.7,https://epgshare01.online/epgshare01/epg_ripper_SA2.xml.gz
epgshare,AE1,Arirang.World.ae,Arirang World,125,61.4,100.0,https://epgshare01.online/epgshare01/epg_ripper_AE1.xml.gz
epgshare,AE1,Press.TV.HD.ae,Press TV HD,125,61.4,100.0,https://epgshare01.online/epgshare01/epg_ripper_AE1.xml.gz
openepg,saudiarabia5,NickToons HD.sa,NickToons HD.sa,125,41.7,100.0,https://www.open-epg.com/files/saudiarabia5.xml
epgshare,AE1,World.Fishing.Network.ae,World Fishing Network,124,61.5,100.0,https://epgshare01.online/epgshare01/epg_ripper_AE1.xml.gz
epgshare,SA2,EN:.MBC1.sa,EN: MBC1,123,85.4,78.0,https://epgshare01.online/epgshare01/epg_ripper_SA2.xml.gz
epgshare,AE1,Zee.Alwan.ae,Zee Alwan,123,61.4,100.0,https://epgshare01.online/epgshare01/epg_ripper_AE1.xml.gz
epgshare,AR1,Canal.CNN.Internacional.ar,Canal CNN Internacional,121,85.4,0.0,https://epgshare01.online/epgshare01/epg_ripper_AR1.xml.gz
epgshare,AE1,CNBC.Arabiya.ae,CNBC Arabiya,120,61.4,100.0,https://epgshare01.online/epgshare01/epg_ripper_AE1.xml.gz
epgshare,AE1,DW.Arabia.HD.ae,DW Arabia HD,120,61.4,100.0,https://epgshare01.online/epgshare01/epg_ripper_AE1.xml.gz
epgshare,AE1,Nile.TV.ae,Nile TV,119,61.4,100.0,https://epgshare01.online/epgshare01/epg_ripper_AE1.xml.gz
epgshare,AE1,TRT.World.ae,TRT World,119,61.4,100.0,https://epgshare01.online/epgshare01/epg_ripper_AE1.xml.gz
epgshare,AE1,Kuwait.Al.Akhbar.ae,Kuwait Al Akhbar,118,61.4,100.0,https://epgshare01.online/epgshare01/epg_ripper_AE1.xml.gz
epgshare,AE1,Kuwait.TV.2.HD.ae,Kuwait TV 2 HD,118,61.4,100.0,https://epgshare01.online/epgshare01/epg_ripper_AE1.xml.gz
epgshare,AE1,Oman.TV.HD.ae,Oman TV HD,118,61.4,100.0,https://epgshare01.online/epgshare01/epg_ripper_AE1.xml.gz
epgshare,AR1,Canal.Discovery.Kids.(Argentina).ar,Canal Discovery Kids (Argentina),117,32.6,0.0,https://epgshare01.online/epgshare01/epg_ripper_AR1.xml.gz
epgshare,AR1,Canal.24.Horas.(TVE).ar,Canal 24 Horas (TVE),116,86.2,0.0,https://epgshare01.online/epgshare01/epg_ripper_AR1.xml.gz
epgshare,AE1,Al.Sahat.TV.ae,Al Sahat TV,116,61.4,100.0,https://epgshare01.online/epgshare01/epg_ripper_AE1.xml.gz
epgshare,AE1,Anewz.ae,Anewz,116,61.4,100.0,https://epgshare01.online/epgshare01/epg_ripper_AE1.xml.gz
epgshare,AE1,RT.Arabic.HD.ae,RT Arabic HD,116,61.4,100.0,https://epgshare01.online/epgshare01/epg_ripper_AE1.xml.gz
epgshare,AE1,TRT.Arabiya.ae,TRT Arabiya,116,61.4,100.0,https://epgshare01.online/epgshare01/epg_ripper_AE1.xml.gz
openepg,saudiarabia5,Nickelodeon HD.sa,Nickelodeon HD.sa,116,41.7,100.0,https://www.open-epg.com/files/saudiarabia5.xml
epgshare,AE1,CGTN.ae,CGTN,115,61.4,100.0,https://epgshare01.online/epgshare01/epg_ripper_AE1.xml.gz
epgshare,AR1,Canal.Telehit.ar,Canal Telehit,114,85.9,0.0,https://epgshare01.online/epgshare01/epg_ripper_AR1.xml.gz
epgshare,AR1,Canal.TLNovelas.(Argentina).ar,Canal TLNovelas (Argentina),114,85.6,10.5,https://epgshare01.online/epgshare01/epg_ripper_AR1.xml.gz
epgshare,AE1,BBC.Arabic.ae,BBC Arabic,114,61.4,100.0,https://epgshare01.online/epgshare01/epg_ripper_AE1.xml.gz
openepg,saudiarabia2,Disney Junior.sa,Disney Junior.sa,114,28.7,100.0,https://www.open-epg.com/files/saudiarabia2.xml
epgshare,AE1,CGTN.Arabic.ae,CGTN Arabic,113,61.4,100.0,https://epgshare01.online/epgshare01/epg_ripper_AE1.xml.gz
epgshare,AR1,Canal.Discovery.Turbo.(Latinoamérica).ar,Canal Discovery Turbo (Latinoamérica),111,85.6,0.0,https://epgshare01.online/epgshare01/epg_ripper_AR1.xml.gz
epgshare,AE1,ar:.ستار.بلس.ae,ar: ستار بلس,111,61.4,100.0,https://epgshare01.online/epgshare01/epg_ripper_AE1.xml.gz
epgshare,AE1,en:.Star.Plus.HD.ae,en: Star Plus HD,111,61.4,100.0,https://epgshare01.online/epgshare01/epg_ripper_AE1.xml.gz
epgshare,AR1,Canal.Cablenoticias.ar,Canal Cablenoticias,110,85.9,0.0,https://epgshare01.online/epgshare01/epg_ripper_AR1.xml.gz
epgshare,AE1,Qatar.2.HD.ae,Qatar 2 HD,109,61.9,100.0,https://epgshare01.online/epgshare01/epg_ripper_AE1.xml.gz
openepg,saudiarabia1,Disney Channel.sa,Disney Channel.sa,109,41.9,100.0,https://www.open-epg.com/files/saudiarabia1.xml
openepg,saudiarabia1,Al Resalah.sa,Al Resalah.sa,108,42.2,100.0,https://www.open-epg.com/files/saudiarabia1.xml
epgshare,AE1,TV5.Monde.ae,TV5 Monde,107,61.4,100.0,https://epgshare01.online/epgshare01/epg_ripper_AE1.xml.gz
openepg,qatar5,Bara3em-1.qa,Bara3em-1.qa,107,41.7,0.0,https://www.open-epg.com/files/qatar5.xml
epgshare,SA2,EN:.Bab.Al.Hara.Channel.sa,EN: Bab Al Hara Channel,105,85.4,98.1,https://epgshare01.online/epgshare01/epg_ripper_SA2.xml.gz
epgshare,AE1,Aden.Almustakillah.HD.ae,Aden Almustakillah HD,104,61.4,100.0,https://epgshare01.online/epgshare01/epg_ripper_AE1.xml.gz
epgshare,AE1,Al.Ahvaz.TV.ae,Al Ahvaz TV,104,61.4,100.0,https://epgshare01.online/epgshare01/epg_ripper_AE1.xml.gz
epgshare,AE1,Al.Ayyam.TV.ae,Al Ayyam TV,104,61.4,100.0,https://epgshare01.online/epgshare01/epg_ripper_AE1.xml.gz
epgshare,AE1,Al.Madeeh.ae,Al Madeeh,104,61.4,100.0,https://epgshare01.online/epgshare01/epg_ripper_AE1.xml.gz
epgshare,AE1,Al.Nada.TV.ae,Al Nada TV,104,61.4,100.0,https://epgshare01.online/epgshare01/epg_ripper_AE1.xml.gz
epgshare,AE1,Al.Nahar.Noor.ae,Al Nahar Noor,104,61.4,100.0,https://epgshare01.online/epgshare01/epg_ripper_AE1.xml.gz
epgshare,AE1,Al.Najaf.Al.Ashraf.TV.ae,Al Najaf Al Ashraf TV,104,61.4,100.0,https://epgshare01.online/epgshare01/epg_ripper_AE1.xml.gz
epgshare,AE1,Al.Nas.ae,Al Nas,104,61.4,100.0,https://epgshare01.online/epgshare01/epg_ripper_AE1.xml.gz
epgshare,AE1,Al.Quds.Today.TV.ae,Al Quds Today TV,104,61.4,100.0,https://epgshare01.online/epgshare01/epg_ripper_AE1.xml.gz
epgshare,AE1,Alfath.TV.ae,Alfath TV,104,61.4,100.0,https://epgshare01.online/epgshare01/epg_ripper_AE1.xml.gz
epgshare,AE1,Algérie.5.ae,Algérie 5,104,61.4,100.0,https://epgshare01.online/epgshare01/epg_ripper_AE1.xml.gz
epgshare,AE1,Alistiqama.TV.ae,Alistiqama TV,104,61.4,100.0,https://epgshare01.online/epgshare01/epg_ripper_AE1.xml.gz
epgshare,AE1,Als3yda.Madeeh.ae,Als3yda Madeeh,104,61.4,100.0,https://epgshare01.online/epgshare01/epg_ripper_AE1.xml.gz
epgshare,AE1,Cookies.TV.ae,Cookies TV,104,61.4,100.0,https://epgshare01.online/epgshare01/epg_ripper_AE1.xml.gz
epgshare,AE1,Daewa.TV.ae,Daewa TV,104,61.4,100.0,https://epgshare01.online/epgshare01/epg_ripper_AE1.xml.gz
epgshare,AE1,El.Moled.ae,El Moled,104,61.4,100.0,https://epgshare01.online/epgshare01/epg_ripper_AE1.xml.gz
epgshare,AE1,Falastini.TV.ae,Falastini TV,104,61.4,100.0,https://epgshare01.online/epgshare01/epg_ripper_AE1.xml.gz
epgshare,AE1,Haq.TV.ae,Haq TV,104,61.4,100.0,https://epgshare01.online/epgshare01/epg_ripper_AE1.xml.gz
epgshare,AE1,HodHod.TV.ae,HodHod TV,104,61.4,100.0,https://epgshare01.online/epgshare01/epg_ripper_AE1.xml.gz
epgshare,AE1,Huda.TV.ae,Huda TV,104,61.4,100.0,https://epgshare01.online/epgshare01/epg_ripper_AE1.xml.gz
epgshare,AE1,Karameesh.ae,Karameesh,104,61.4,100.0,https://epgshare01.online/epgshare01/epg_ripper_AE1.xml.gz
epgshare,AE1,Koogi.TV.ae,Koogi TV,104,61.4,100.0,https://epgshare01.online/epgshare01/epg_ripper_AE1.xml.gz
epgshare,AE1,Libya.Ifta.TV.ae,Libya Ifta TV,104,61.4,100.0,https://epgshare01.online/epgshare01/epg_ripper_AE1.xml.gz
epgshare,AE1,Madrasetna.1.ae,Madrasetna 1,104,61.4,100.0,https://epgshare01.online/epgshare01/epg_ripper_AE1.xml.gz
epgshare,AE1,Madrasetna.2.ae,Madrasetna 2,104,61.4,100.0,https://epgshare01.online/epgshare01/epg_ripper_AE1.xml.gz
epgshare,AE1,Madrasetna.3.ae,Madrasetna 3,104,61.4,100.0,https://epgshare01.online/epgshare01/epg_ripper_AE1.xml.gz
epgshare,AE1,Med.Muzîk.ae,Med Muzîk,104,61.4,100.0,https://epgshare01.online/epgshare01/epg_ripper_AE1.xml.gz
epgshare,AE1,Misr.Quran.Kareem.ae,Misr Quran Kareem,104,61.4,100.0,https://epgshare01.online/epgshare01/epg_ripper_AE1.xml.gz
epgshare,AE1,Nogoum.FM.TV.ae,Nogoum FM TV,104,61.4,100.0,https://epgshare01.online/epgshare01/epg_ripper_AE1.xml.gz
epgshare,AE1,Sat-7.Kids.ae,Sat-7 Kids,104,61.4,100.0,https://epgshare01.online/epgshare01/epg_ripper_AE1.xml.gz
epgshare,AE1,Shamalia.TV.ae,Shamalia TV,104,61.4,100.0,https://epgshare01.online/epgshare01/epg_ripper_AE1.xml.gz
epgshare,AE1,Shehab.TV.HD.ae,Shehab TV HD,104,61.4,100.0,https://epgshare01.online/epgshare01/epg_ripper_AE1.xml.gz
epgshare,AE1,Taha.ae,Taha,104,61.4,100.0,https://epgshare01.online/epgshare01/epg_ripper_AE1.xml.gz
epgshare,AE1,Thaqalayn.TV.ae,Thaqalayn TV,104,61.4,100.0,https://epgshare01.online/epgshare01/epg_ripper_AE1.xml.gz
epgshare,AE1,Toyor.Aljanah.TV.ae,Toyor Aljanah TV,104,61.4,100.0,https://epgshare01.online/epgshare01/epg_ripper_AE1.xml.gz
epgshare,AE1,Zad.TV.ae,Zad TV,104,61.4,100.0,https://epgshare01.online/epgshare01/epg_ripper_AE1.xml.gz
epgshare,AE1,Zarok.TV.ae,Zarok TV,104,61.4,100.0,https://epgshare01.online/epgshare01/epg_ripper_AE1.xml.gz
epgshare,AE1,Al.Aoula.ae,Al Aoula,103,61.4,100.0,https://epgshare01.online/epgshare01/epg_ripper_AE1.xml.gz
epgshare,AE1,Al.Majd.ae,Al Majd,102,61.7,100.0,https://epgshare01.online/epgshare01/epg_ripper_AE1.xml.gz
epgshare,AE1,Al.Majd.Holy.Quran.ae,Al Majd Holy Quran,102,61.7,100.0,https://epgshare01.online/epgshare01/epg_ripper_AE1.xml.gz
epgshare,AE1,Al.Resala.ae,Al Resala,102,61.7,100.0,https://epgshare01.online/epgshare01/epg_ripper_AE1.xml.gz
epgshare,AE1,CN.Arabic.ae,CN Arabic,102,61.7,100.0,https://epgshare01.online/epgshare01/epg_ripper_AE1.xml.gz
epgshare,AE1,KSA.sports.1.ae,KSA sports 1,102,61.7,100.0,https://epgshare01.online/epgshare01/epg_ripper_AE1.xml.gz
epgshare,AE1,KSA.sports.2.HD.ae,KSA sports 2 HD,102,61.7,100.0,https://epgshare01.online/epgshare01/epg_ripper_AE1.xml.gz
epgshare,AE1,Majid.Kids.TV.HD.ae,Majid Kids TV HD,102,61.7,100.0,https://epgshare01.online/epgshare01/epg_ripper_AE1.xml.gz
epgshare,AE1,MBC.3.ae,MBC 3,102,61.7,100.0,https://epgshare01.online/epgshare01/epg_ripper_AE1.xml.gz
epgshare,AE1,Saudi.Quran.TV.HD.ae,Saudi Quran TV HD,102,61.7,100.0,https://epgshare01.online/epgshare01/epg_ripper_AE1.xml.gz
epgshare,AE1,Saudi.Sunna.TV.HD.ae,Saudi Sunna TV HD,102,61.7,100.0,https://epgshare01.online/epgshare01/epg_ripper_AE1.xml.gz
epgshare,AE1,Sharjah.Quran.TV.ae,Sharjah Quran TV,102,61.7,100.0,https://epgshare01.online/epgshare01/epg_ripper_AE1.xml.gz
epgshare,AE1,ar:.زي.تي.في.ae,ar: زي تي في,102,61.4,100.0,https://epgshare01.online/epgshare01/epg_ripper_AE1.xml.gz
epgshare,AE1,en:.Zee.TV.HD.ae,en: Zee TV HD,102,61.4,100.0,https://epgshare01.online/epgshare01/epg_ripper_AE1.xml.gz
openepg,saudiarabia3,MBC 3 HD.sa,MBC 3 HD.sa,102,28.6,100.0,https://www.open-epg.com/files/saudiarabia3.xml
openepg,saudiarabia4,MBC 3 HD.sa,MBC 3 HD.sa,102,28.6,100.0,https://www.open-epg.com/files/saudiarabia4.xml
openepg,saudiarabia2,MBC 3.sa,MBC 3.sa,102,28.6,100.0,https://www.open-epg.com/files/saudiarabia2.xml
epgshare,AE1,Al.Rai.TV.ae,Al Rai TV,101,63.1,100.0,https://epgshare01.online/epgshare01/epg_ripper_AE1.xml.gz
epgshare,AE1,Bahrain.International.ae,Bahrain International,101,63.1,100.0,https://epgshare01.online/epgshare01/epg_ripper_AE1.xml.gz
epgshare,AE1,Bahrain.TV.HD.ae,Bahrain TV HD,101,63.1,100.0,https://epgshare01.online/epgshare01/epg_ripper_AE1.xml.gz
epgshare,AE1,Saudia.Alaan.TV.ae,Saudia Alaan TV,101,63.1,100.0,https://epgshare01.online/epgshare01/epg_ripper_AE1.xml.gz
epgshare,AE1,Al.Iraqiya.Turkuman.ae,Al Iraqiya Turkuman,101,61.5,100.0,https://epgshare01.online/epgshare01/epg_ripper_AE1.xml.gz
epgshare,AE1,China.Arab.TV.ae,China Arab TV,101,61.5,100.0,https://epgshare01.online/epgshare01/epg_ripper_AE1.xml.gz
epgshare,AE1,Iraqia.Syriac.ae,Iraqia Syriac,101,61.5,100.0,https://epgshare01.online/epgshare01/epg_ripper_AE1.xml.gz
epgshare,AE1,One.America.News.Network.ae,One America News Network,101,61.5,100.0,https://epgshare01.online/epgshare01/epg_ripper_AE1.xml.gz
epgshare,AE1,Wedotv.Big.Stories.ae,Wedotv Big Stories,101,61.5,100.0,https://epgshare01.online/epgshare01/epg_ripper_AE1.xml.gz
epgshare,AE1,Zee.Alwan.Egypt.ae,Zee Alwan Egypt,101,61.5,100.0,https://epgshare01.online/epgshare01/epg_ripper_AE1.xml.gz
openepg,saudiarabia5,KTV Channel 1 HD.sa,KTV Channel 1 HD.sa,101,41.7,100.0,https://www.open-epg.com/files/saudiarabia5.xml
epgshare,AR1,Canal.AXN.(Argentina).ar,Canal AXN (Argentina),100,86.0,84.0,https://epgshare01.online/epgshare01/epg_ripper_AR1.xml.gz
epgshare,AR1,Canal.Animal.Planet.(Argentina).ar,Canal Animal Planet (Argentina),100,85.5,0.0,https://epgshare01.online/epgshare01/epg_ripper_AR1.xml.gz
openepg,egypt2,OSN TV Comedy.eg,OSN TV Comedy.eg,100,44.1,100.0,https://www.open-epg.com/files/egypt2.xml
epgshare,AR1,Canal.Warner.TV.(Argentina).ar,Canal Warner TV (Argentina),99,85.4,70.7,https://epgshare01.online/epgshare01/epg_ripper_AR1.xml.gz
openepg,saudiarabia5,BBC World.sa,BBC World.sa,99,41.9,100.0,https://www.open-epg.com/files/saudiarabia5.xml
openepg,uae6,الحدث.ae,الحدث.ae,98,48.4,100.0,https://www.open-epg.com/files/uae6.xml
openepg,saudiarabia1,BBC World News.sa,BBC World News.sa,98,41.9,100.0,https://www.open-epg.com/files/saudiarabia1.xml
openepg,saudiarabia2,Rotana Kids.sa,Rotana Kids.sa,96,28.9,100.0,https://www.open-epg.com/files/saudiarabia2.xml
epgshare,AR1,Canal.NTN24.(Nuestra.Tele.Noticias.24.Horas).ar,Canal NTN24 (Nuestra Tele Noticias 24 Horas),95,85.4,0.0,https://epgshare01.online/epgshare01/epg_ripper_AR1.xml.gz
epgshare,ALJAZEERA1,AlJazeera.English.net,AlJazeera English,95,61.4,100.0,https://epgshare01.online/epgshare01/epg_ripper_ALJAZEERA1.xml.gz
epgshare,AE1,Afaq.TV.ae,Afaq TV,94,61.4,100.0,https://epgshare01.online/epgshare01/epg_ripper_AE1.xml.gz
epgshare,AE1,Al.Anbar.ae,Al Anbar,94,61.4,100.0,https://epgshare01.online/epgshare01/epg_ripper_AE1.xml.gz
epgshare,AE1,Al.Baghdadia.Now.ae,Al Baghdadia Now,94,61.4,100.0,https://epgshare01.online/epgshare01/epg_ripper_AE1.xml.gz
epgshare,AE1,Al.Fallujah.TV.ae,Al Fallujah TV,94,61.4,100.0,https://epgshare01.online/epgshare01/epg_ripper_AE1.xml.gz
epgshare,AE1,Al.Hiwar.TV.HD.ae,Al Hiwar TV HD,94,61.4,100.0,https://epgshare01.online/epgshare01/epg_ripper_AE1.xml.gz
epgshare,AE1,Al.Jamahiriya.TV.ae,Al Jamahiriya TV,94,61.4,100.0,https://epgshare01.online/epgshare01/epg_ripper_AE1.xml.gz
epgshare,AE1,Al.Jazeera.English.HD.ae,Al Jazeera English HD,94,61.4,100.0,https://epgshare01.online/epgshare01/epg_ripper_AE1.xml.gz
epgshare,AE1,Al.Qahera.News.ae,Al Qahera News,94,61.4,100.0,https://epgshare01.online/epgshare01/epg_ripper_AE1.xml.gz
epgshare,AE1,Al.Sharq.TV.ae,Al Sharq TV,94,61.4,100.0,https://epgshare01.online/epgshare01/epg_ripper_AE1.xml.gz
epgshare,AE1,Alghadeer.TV.ae,Alghadeer TV,94,61.4,100.0,https://epgshare01.online/epgshare01/epg_ripper_AE1.xml.gz
epgshare,AE1,AlHadath.Alyoum.ae,AlHadath Alyoum,94,61.4,100.0,https://epgshare01.online/epgshare01/epg_ripper_AE1.xml.gz
epgshare,AE1,Channel.8.ae,Channel 8,94,61.4,100.0,https://epgshare01.online/epgshare01/epg_ripper_AE1.xml.gz
epgshare,AE1,Gali.Kurdistan.HD.ae,Gali Kurdistan HD,94,61.4,100.0,https://epgshare01.online/epgshare01/epg_ripper_AE1.xml.gz
epgshare,AE1,I.News.HD.ae,I News HD,94,61.4,100.0,https://epgshare01.online/epgshare01/epg_ripper_AE1.xml.gz
epgshare,AE1,Iraq.Future.TV.ae,Iraq Future TV,94,61.4,100.0,https://epgshare01.online/epgshare01/epg_ripper_AE1.xml.gz
epgshare,AE1,Kirkuk.TV.ae,Kirkuk TV,94,61.4,100.0,https://epgshare01.online/epgshare01/epg_ripper_AE1.xml.gz
epgshare,AE1,Kurdsat.News.HD.ae,Kurdsat News HD,94,61.4,100.0,https://epgshare01.online/epgshare01/epg_ripper_AE1.xml.gz
epgshare,AE1,Libya.Al.Ahrar.HD.ae,Libya Al Ahrar HD,94,61.4,100.0,https://epgshare01.online/epgshare01/epg_ripper_AE1.xml.gz
epgshare,AE1,Libya.Al.Hedaya.ae,Libya Al Hedaya,94,61.4,100.0,https://epgshare01.online/epgshare01/epg_ripper_AE1.xml.gz
epgshare,AE1,Libya.Alhadath.HD.ae,Libya Alhadath HD,94,61.4,100.0,https://epgshare01.online/epgshare01/epg_ripper_AE1.xml.gz
epgshare,AE1,Libya.Alrasmia.Channel.ae,Libya Alrasmia Channel,94,61.4,100.0,https://epgshare01.online/epgshare01/epg_ripper_AE1.xml.gz
epgshare,AE1,LuaLua.TV.HD.ae,LuaLua TV HD,94,61.4,100.0,https://epgshare01.online/epgshare01/epg_ripper_AE1.xml.gz
epgshare,AE1,Mekameleen.ae,Mekameleen,94,61.4,100.0,https://epgshare01.online/epgshare01/epg_ripper_AE1.xml.gz
epgshare,AE1,Misr.Al.Zeraeey.ae,Misr Al Zeraeey,94,61.4,100.0,https://epgshare01.online/epgshare01/epg_ripper_AE1.xml.gz
epgshare,AE1,NRT.HD.ae,NRT HD,94,61.4,100.0,https://epgshare01.online/epgshare01/epg_ripper_AE1.xml.gz
epgshare,AE1,Palestine.HD.ae,Palestine HD,94,61.4,100.0,https://epgshare01.online/epgshare01/epg_ripper_AE1.xml.gz
epgshare,AE1,Palestine.News.ae,Palestine News,94,61.4,100.0,https://epgshare01.online/epgshare01/epg_ripper_AE1.xml.gz
epgshare,AE1,Palestine.Today.ae,Palestine Today,94,61.4,100.0,https://epgshare01.online/epgshare01/epg_ripper_AE1.xml.gz
epgshare,AE1,Payam.TV.ae,Payam TV,94,61.4,100.0,https://epgshare01.online/epgshare01/epg_ripper_AE1.xml.gz
epgshare,AE1,Rojava.TV.HD.ae,Rojava TV HD,94,61.4,100.0,https://epgshare01.online/epgshare01/epg_ripper_AE1.xml.gz
epgshare,AE1,Ronahε.TV.ae,Ronahε TV,94,61.4,100.0,https://epgshare01.online/epgshare01/epg_ripper_AE1.xml.gz
epgshare,AE1,TRT.Kurdî.ae,TRT Kurdî,94,61.4,100.0,https://epgshare01.online/epgshare01/epg_ripper_AE1.xml.gz
openepg,saudiarabia5,Blippi and Friends.sa,Blippi and Friends.sa,94,42.0,100.0,https://www.open-epg.com/files/saudiarabia5.xml
openepg,saudiarabia5,OSNtv Comedy.sa,OSNtv Comedy.sa,94,41.7,100.0,https://www.open-epg.com/files/saudiarabia5.xml
epgshare,AE1,MBC.4.ae,MBC 4,93,61.6,100.0,https://epgshare01.online/epgshare01/epg_ripper_AE1.xml.gz
openepg,saudiarabia1,Blippi And Friends.sa,Blippi And Friends.sa,93,42.0,100.0,https://www.open-epg.com/files/saudiarabia1.xml
epgshare,AE1,Beirut.Aflam.ae,Beirut Aflam,91,61.4,100.0,https://epgshare01.online/epgshare01/epg_ripper_AE1.xml.gz
epgshare,AE1,Beirut.Alyoom.ae,Beirut Alyoom,91,61.4,100.0,https://epgshare01.online/epgshare01/epg_ripper_AE1.xml.gz
epgshare,AE1,Beirut.Cinema.ae,Beirut Cinema,91,61.4,100.0,https://epgshare01.online/epgshare01/epg_ripper_AE1.xml.gz
epgshare,AE1,Beirut.Drama.ae,Beirut Drama,91,61.4,100.0,https://epgshare01.online/epgshare01/epg_ripper_AE1.xml.gz
epgshare,AE1,Maspero.Zaman.ae,Maspero Zaman,91,61.4,100.0,https://epgshare01.online/epgshare01/epg_ripper_AE1.xml.gz
epgshare,AE1,Panorama.Drama.ae,Panorama Drama,91,61.4,100.0,https://epgshare01.online/epgshare01/epg_ripper_AE1.xml.gz
epgshare,AE1,Panorama.Drama.2.ae,Panorama Drama 2,91,61.4,100.0,https://epgshare01.online/epgshare01/epg_ripper_AE1.xml.gz
epgshare,AE1,Panorama.Film.ae,Panorama Film,91,61.4,100.0,https://epgshare01.online/epgshare01/epg_ripper_AE1.xml.gz
openepg,egypt1,أو إس إن كوميدي.eg,أو إس إن كوميدي.eg,91,40.3,100.0,https://www.open-epg.com/files/egypt1.xml
epgshare,AE1,ar:.كلرز.إتش.دي.ae,ar: كلرز إتش دي,90,61.4,100.0,https://epgshare01.online/epgshare01/epg_ripper_AE1.xml.gz
epgshare,AE1,en:.Colors.HD.ae,en: Colors HD,90,61.4,100.0,https://epgshare01.online/epgshare01/epg_ripper_AE1.xml.gz
epgshare,AE1,2M.Monde.ae,2M Monde,89,62.1,100.0,https://epgshare01.online/epgshare01/epg_ripper_AE1.xml.gz
epgshare,AE1,MBC.Action.ae,MBC Action,89,61.5,100.0,https://epgshare01.online/epgshare01/epg_ripper_AE1.xml.gz
epgshare,AR1,Canal.CNN.en.Español.ar,Canal CNN en Español,88,85.4,0.0,https://epgshare01.online/epgshare01/epg_ripper_AR1.xml.gz
epgshare,AE1,Kuwait.TV.1.HD.ae,Kuwait TV 1 HD,88,61.4,100.0,https://epgshare01.online/epgshare01/epg_ripper_AE1.xml.gz
openepg,egypt2,MBC 3.eg,MBC 3.eg,88,43.9,69.3,https://www.open-epg.com/files/egypt2.xml
epgshare,SA2,EN:.MBC.MAX.sa,EN: MBC MAX,87,85.4,79.3,https://epgshare01.online/epgshare01/epg_ripper_SA2.xml.gz
epgshare,AE1,Al.Anwar.TV.2.ae,Al Anwar TV 2,87,67.4,100.0,https://epgshare01.online/epgshare01/epg_ripper_AE1.xml.gz
epgshare,AE1,Al.Janoub.ae,Al Janoub,87,67.4,100.0,https://epgshare01.online/epgshare01/epg_ripper_AE1.xml.gz
epgshare,AE1,Al.Masar.TV.HD.ae,Al Masar TV HD,87,67.4,100.0,https://epgshare01.online/epgshare01/epg_ripper_AE1.xml.gz
epgshare,AE1,Al.Mawqef.ae,Al Mawqef,87,67.4,100.0,https://epgshare01.online/epgshare01/epg_ripper_AE1.xml.gz
epgshare,AE1,Al.Rabiaa.HD.ae,Al Rabiaa HD,87,67.4,100.0,https://epgshare01.online/epgshare01/epg_ripper_AE1.xml.gz
epgshare,AE1,Albarlemania.al.Mauritania.TV.ae,Albarlemania al Mauritania TV,87,67.4,100.0,https://epgshare01.online/epgshare01/epg_ripper_AE1.xml.gz
epgshare,AE1,Algérie.3.HD.ae,Algérie 3 HD,87,67.4,100.0,https://epgshare01.online/epgshare01/epg_ripper_AE1.xml.gz
epgshare,AE1,Echorouk.News.ae,Echorouk News,87,67.4,100.0,https://epgshare01.online/epgshare01/epg_ripper_AE1.xml.gz
epgshare,AE1,Ennahar.TV.ae,Ennahar TV,87,67.4,100.0,https://epgshare01.online/epgshare01/epg_ripper_AE1.xml.gz
epgshare,AE1,M24.TV.ae,M24 TV,87,67.4,100.0,https://epgshare01.online/epgshare01/epg_ripper_AE1.xml.gz
openepg,saudiarabia5,Bahrain TV.sa,Bahrain TV.sa,87,46.4,100.0,https://www.open-epg.com/files/saudiarabia5.xml
epgshare,AR1,Canal.Telenostalgia.ar,Canal Telenostalgia,86,85.4,0.0,https://epgshare01.online/epgshare01/epg_ripper_AR1.xml.gz
openepg,saudiarabia1,Space Toon.sa,Space Toon.sa,86,41.6,100.0,https://www.open-epg.com/files/saudiarabia1.xml
epgshare,AE1,ar:.قناة.الحدث.-.مباشر.ae,ar: قناة الحدث - مباشر,84,61.4,100.0,https://epgshare01.online/epgshare01/epg_ripper_AE1.xml.gz
epgshare,AE1,en:.Al.Hadath.Live.ae,en: Al Hadath Live,84,61.4,100.0,https://epgshare01.online/epgshare01/epg_ripper_AE1.xml.gz
openepg,saudiarabia1,RT Arabic.sa,RT Arabic.sa,84,41.9,100.0,https://www.open-epg.com/files/saudiarabia1.xml
openepg,saudiarabia1,RT News.sa,RT News.sa,84,41.9,100.0,https://www.open-epg.com/files/saudiarabia1.xml
epgshare,AE1,Al.Arabiya.HD.ae,Al Arabiya HD,83,61.4,100.0,https://epgshare01.online/epgshare01/epg_ripper_AE1.xml.gz
openepg,saudiarabia5,Oman TV.sa,Oman TV.sa,83,42.0,100.0,https://www.open-epg.com/files/saudiarabia5.xml
openepg,saudiarabia5,Moonbug Kids.sa,Moonbug Kids.sa,83,41.7,100.0,https://www.open-epg.com/files/saudiarabia5.xml
openepg,qatar4,0004 CNN International logo.svg.qa,0004 CNN International logo.svg.qa,83,41.4,0.0,https://www.open-epg.com/files/qatar4.xml
epgshare,AE1,Saudi.HD.ae,Saudi HD,82,63.4,100.0,https://epgshare01.online/epgshare01/epg_ripper_AE1.xml.gz
epgshare,AE1,Nat.Geo.Abu.Dhabi.HD.ae,Nat Geo Abu Dhabi HD,82,61.4,100.0,https://epgshare01.online/epgshare01/epg_ripper_AE1.xml.gz
openepg,saudiarabia5,CN Arabia.sa,CN Arabia.sa,82,41.9,100.0,https://www.open-epg.com/files/saudiarabia5.xml
epgshare,AE1,Algérie.4.ae,Algérie 4,81,61.4,100.0,https://epgshare01.online/epgshare01/epg_ripper_AE1.xml.gz
epgshare,AE1,Algérie.6.HD.ae,Algérie 6 HD,81,61.4,100.0,https://epgshare01.online/epgshare01/epg_ripper_AE1.xml.gz
epgshare,AE1,Canal.Algerie.ae,Canal Algerie,81,61.4,100.0,https://epgshare01.online/epgshare01/epg_ripper_AE1.xml.gz
epgshare,AE1,Echorouk.TV.HD.ae,Echorouk TV HD,81,61.4,100.0,https://epgshare01.online/epgshare01/epg_ripper_AE1.xml.gz
epgshare,AE1,Extra.News.HD.ae,Extra News HD,81,61.4,100.0,https://epgshare01.online/epgshare01/epg_ripper_AE1.xml.gz
epgshare,AE1,Saudi.Thikrayat.ae,Saudi Thikrayat,81,61.4,100.0,https://epgshare01.online/epgshare01/epg_ripper_AE1.xml.gz
openepg,egypt1,إم بي سي 3.eg,إم بي سي 3.eg,81,40.4,92.6,https://www.open-epg.com/files/egypt1.xml
epgshare,AE1,MBC.1.ae,MBC 1,80,61.9,100.0,https://epgshare01.online/epgshare01/epg_ripper_AE1.xml.gz
epgshare,AE1,Al.Araby.HD.ae,Al Araby HD,79,61.4,100.0,https://epgshare01.online/epgshare01/epg_ripper_AE1.xml.gz
epgshare,AE1,Al.Jazeera.Mobasher.2.HD.ae,Al Jazeera Mobasher 2 HD,79,61.4,100.0,https://epgshare01.online/epgshare01/epg_ripper_AE1.xml.gz
epgshare,AE1,Al.Jazeera.Mobasher.HD.ae,Al Jazeera Mobasher HD,79,61.4,100.0,https://epgshare01.online/epgshare01/epg_ripper_AE1.xml.gz
openepg,uae6,العربية.ae,العربية.ae,79,48.4,100.0,https://www.open-epg.com/files/uae6.xml
openepg,saudiarabia1,CN Arabic.sa,CN Arabic.sa,79,41.9,100.0,https://www.open-epg.com/files/saudiarabia1.xml
openepg,saudiarabia1,HGTV.sa,HGTV.sa,79,41.9,100.0,https://www.open-epg.com/files/saudiarabia1.xml
epgshare,AE1,Al.Iraqiya.HD.ae,Al Iraqiya HD,78,61.4,100.0,https://epgshare01.online/epgshare01/epg_ripper_AE1.xml.gz
epgshare,AE1,Al.Sharqiya.TV.HD.ae,Al Sharqiya TV HD,78,61.4,100.0,https://epgshare01.online/epgshare01/epg_ripper_AE1.xml.gz
epgshare,AE1,MBC.Iraq.HD.ae,MBC Iraq HD,78,61.4,100.0,https://epgshare01.online/epgshare01/epg_ripper_AE1.xml.gz
epgshare,AE1,Sharjah.HD.ae,Sharjah HD,78,61.4,100.0,https://epgshare01.online/epgshare01/epg_ripper_AE1.xml.gz
openepg,saudiarabia1,Al Mamlaka TV.sa,Al Mamlaka TV.sa,78,42.4,100.0,https://www.open-epg.com/files/saudiarabia1.xml
openepg,saudiarabia5,OSNtv Pop Up.sa,OSNtv Pop Up.sa,78,42.4,100.0,https://www.open-epg.com/files/saudiarabia5.xml
openepg,qatar5,0003 TCI colour-Blue UK2016.qa,0003 TCI colour-Blue UK2016.qa,78,41.6,0.0,https://www.open-epg.com/files/qatar5.xml
openepg,egypt1,عمان.eg,عمان.eg,78,40.7,47.4,https://www.open-epg.com/files/egypt1.xml
epgshare,AE1,Al.Arabiya.Business.ae,Al Arabiya Business,77,61.4,100.0,https://epgshare01.online/epgshare01/epg_ripper_AE1.xml.gz
epgshare,AE1,Al.Jazeera.HD.ae,Al Jazeera HD,77,61.4,100.0,https://epgshare01.online/epgshare01/epg_ripper_AE1.xml.gz
epgshare,AE1,Al.Mashhad.ae,Al Mashhad,77,61.4,100.0,https://epgshare01.online/epgshare01/epg_ripper_AE1.xml.gz
epgshare,AE1,Asharq.News.HD.ae,Asharq News HD,77,61.4,100.0,https://epgshare01.online/epgshare01/epg_ripper_AE1.xml.gz
openepg,qatar4,0003 TCI colour-Blue UK2016.qa,0003 TCI colour-Blue UK2016.qa,77,41.1,0.0,https://www.open-epg.com/files/qatar4.xml
epgshare,AE1,Abu.Dhabi.HD.ae,Abu Dhabi HD,76,61.4,100.0,https://epgshare01.online/epgshare01/epg_ripper_AE1.xml.gz
epgshare,AE1,Emarat.HD.ae,Emarat HD,76,61.4,100.0,https://epgshare01.online/epgshare01/epg_ripper_AE1.xml.gz
openepg,qatar4,Euro-News.qa,Euro-News.qa,76,41.2,0.0,https://www.open-epg.com/files/qatar4.xml
openepg,saudiarabia2,Al Resalah.sa,Al Resalah.sa,76,28.7,100.0,https://www.open-epg.com/files/saudiarabia2.xml
epgshare,AE1,Al.Sumaria.TV.ae,Al Sumaria TV,75,61.7,100.0,https://epgshare01.online/epgshare01/epg_ripper_AE1.xml.gz
epgshare,AE1,Qatar.TV.HD.ae,Qatar TV HD,74,68.4,100.0,https://epgshare01.online/epgshare01/epg_ripper_AE1.xml.gz
epgshare,AE1,ar:.ستارزبلاي.كريكيت.1.ae,ar: ستارزبلاي كريكيت 1,74,63.4,100.0,https://epgshare01.online/epgshare01/epg_ripper_AE1.xml.gz
epgshare,AE1,en:.STARZPLAY.Cricket.1.ae,en: STARZPLAY Cricket 1,74,63.4,100.0,https://epgshare01.online/epgshare01/epg_ripper_AE1.xml.gz
openepg,saudiarabia5,Alfa Al Safwa.sa,Alfa Al Safwa.sa,74,41.9,100.0,https://www.open-epg.com/files/saudiarabia5.xml
openepg,saudiarabia2,Disney Channel.sa,Disney Channel.sa,74,28.7,100.0,https://www.open-epg.com/files/saudiarabia2.xml
epgshare,AR1,Canal.Galicia.TV.ar,Canal Galicia TV,73,85.4,0.0,https://epgshare01.online/epgshare01/epg_ripper_AR1.xml.gz
epgshare,AE1,Nile.Comedy.ae,Nile Comedy,73,61.4,100.0,https://epgshare01.online/epgshare01/epg_ripper_AE1.xml.gz
epgshare,AE1,Nile.Drama.ae,Nile Drama,73,61.4,100.0,https://epgshare01.online/epgshare01/epg_ripper_AE1.xml.gz
openepg,saudiarabia1,RT Documentary.sa,RT Documentary.sa,73,42.4,100.0,https://www.open-epg.com/files/saudiarabia1.xml
openepg,saudiarabia1,stc tv family.sa,stc tv family.sa,72,41.9,100.0,https://www.open-epg.com/files/saudiarabia1.xml
openepg,uae6,MBC4.ae,MBC4.ae,71,48.2,100.0,https://www.open-epg.com/files/uae6.xml
openepg,saudiarabia1,CNBC Arabia.sa,CNBC Arabia.sa,71,41.9,100.0,https://www.open-epg.com/files/saudiarabia1.xml
openepg,saudiarabia5,MOTORVISION.sa,MOTORVISION.sa,71,41.8,100.0,https://www.open-epg.com/files/saudiarabia5.xml
epgshare,AR1,Canal.Discovery.World.Latinoamérica.ar,Canal Discovery World Latinoamérica,71,32.6,0.0,https://epgshare01.online/epgshare01/epg_ripper_AR1.xml.gz
epgshare,AR1,Canal.Film.&.Arts.ar,Canal Film & Arts,70,87.3,0.0,https://epgshare01.online/epgshare01/epg_ripper_AR1.xml.gz
epgshare,AE1,Al.Dafrah.HD.ae,Al Dafrah HD,70,61.4,100.0,https://epgshare01.online/epgshare01/epg_ripper_AE1.xml.gz
epgshare,AE1,Al.Djazair.N°1.ae,Al Djazair N°1,69,62.8,100.0,https://epgshare01.online/epgshare01/epg_ripper_AE1.xml.gz
epgshare,AE1,One.TV.ae,One TV,69,62.8,100.0,https://epgshare01.online/epgshare01/epg_ripper_AE1.xml.gz
epgshare,AE1,Tunisia.Nat.1.ae,Tunisia Nat 1,69,62.8,100.0,https://epgshare01.online/epgshare01/epg_ripper_AE1.xml.gz
epgshare,AE1,KBS.World.ae,KBS World,69,61.8,100.0,https://epgshare01.online/epgshare01/epg_ripper_AE1.xml.gz
openepg,saudiarabia1,Al Arabiya HD.sa,Al Arabiya HD.sa,69,42.4,100.0,https://www.open-epg.com/files/saudiarabia1.xml
epgshare,AE1,Al.Nahar.TV.ae,Al Nahar TV,68,61.4,100.0,https://epgshare01.online/epgshare01/epg_ripper_AE1.xml.gz
epgshare,AE1,Asharq.Discovery.HD.ae,Asharq Discovery HD,68,61.4,100.0,https://epgshare01.online/epgshare01/epg_ripper_AE1.xml.gz
epgshare,AE1,Nile.Culture.ae,Nile Culture,68,61.4,100.0,https://epgshare01.online/epgshare01/epg_ripper_AE1.xml.gz
epgshare,AE1,Palestine.Edu.HD.ae,Palestine Edu HD,68,61.4,100.0,https://epgshare01.online/epgshare01/epg_ripper_AE1.xml.gz
openepg,uae6,الشرق.ae,الشرق.ae,68,48.4,98.5,https://www.open-epg.com/files/uae6.xml
epgshare,AR1,Canal.Telefé.(Argentina).ar,Canal Telefé (Argentina),67,85.9,1.5,https://epgshare01.online/epgshare01/epg_ripper_AR1.xml.gz
epgshare,AE1,ar:.سوني.تي.في.ae,ar: سوني تي في,67,61.9,100.0,https://epgshare01.online/epgshare01/epg_ripper_AE1.xml.gz
epgshare,AE1,CBC.Sofra.ae,CBC Sofra,67,61.9,100.0,https://epgshare01.online/epgshare01/epg_ripper_AE1.xml.gz
epgshare,AE1,en:.Sony.TV.ae,en: Sony TV,67,61.9,100.0,https://epgshare01.online/epgshare01/epg_ripper_AE1.xml.gz
epgshare,AE1,Rotana.Khalijia.ae,Rotana Khalijia,67,61.4,100.0,https://epgshare01.online/epgshare01/epg_ripper_AE1.xml.gz
openepg,uae6,MBC Persia.ae,MBC Persia.ae,67,48.9,98.5,https://www.open-epg.com/files/uae6.xml
openepg,saudiarabia5,Sky News Arabia HD.sa,Sky News Arabia HD.sa,67,42.4,100.0,https://www.open-epg.com/files/saudiarabia5.xml
epgshare,AE1,Dubai.Zaman.ae,Dubai Zaman,67,39.4,17.9,https://epgshare01.online/epgshare01/epg_ripper_AE1.xml.gz
epgshare,AR1,Canal.Señal.Colombia.ar,Canal Señal Colombia,67,33.4,0.0,https://epgshare01.online/epgshare01/epg_ripper_AR1.xml.gz
openepg,saudiarabia2,BBC World News.sa,BBC World News.sa,66,28.9,100.0,https://www.open-epg.com/files/saudiarabia2.xml
epgshare,AE1,Aden.TV.ae,Aden TV,65,69.4,100.0,https://epgshare01.online/epgshare01/epg_ripper_AE1.xml.gz
epgshare,AE1,Reef.AlYemen.ae,Reef AlYemen,65,69.4,100.0,https://epgshare01.online/epgshare01/epg_ripper_AE1.xml.gz
epgshare,AE1,Yemen.Shabab.ae,Yemen Shabab,65,69.4,100.0,https://epgshare01.online/epgshare01/epg_ripper_AE1.xml.gz
epgshare,AE1,Yemen.TV.ae,Yemen TV,65,69.4,100.0,https://epgshare01.online/epgshare01/epg_ripper_AE1.xml.gz
openepg,uae6,MBC Action.ae,MBC Action.ae,65,48.4,100.0,https://www.open-epg.com/files/uae6.xml
openepg,saudiarabia5,STV1 HD.sa,STV1 HD.sa,65,42.4,100.0,https://www.open-epg.com/files/saudiarabia5.xml
openepg,qatar1,beIN SPORTS NEWS.qa,beIN SPORTS NEWS.qa,65,41.4,75.4,https://www.open-epg.com/files/qatar1.xml
epgshare,AR1,Canal.ESPN.(Argentina).ar,Canal ESPN (Argentina),64,86.2,57.8,https://epgshare01.online/epgshare01/epg_ripper_AR1.xml.gz
epgshare,AE1,Al.Hayah.2.ae,Al Hayah 2,64,63.5,100.0,https://epgshare01.online/epgshare01/epg_ripper_AE1.xml.gz
epgshare,AE1,Al.Kahera.Wal.Nas.ae,Al Kahera Wal Nas,64,63.5,100.0,https://epgshare01.online/epgshare01/epg_ripper_AE1.xml.gz
epgshare,AE1,Al.Oula.ae,Al Oula,64,62.4,100.0,https://epgshare01.online/epgshare01/epg_ripper_AE1.xml.gz
epgshare,AE1,Al.Rayyan.HD.ae,Al Rayyan HD,64,61.4,100.0,https://epgshare01.online/epgshare01/epg_ripper_AE1.xml.gz
epgshare,AE1,Oman.TV.Mubasher.HD.ae,Oman TV Mubasher HD,64,61.4,100.0,https://epgshare01.online/epgshare01/epg_ripper_AE1.xml.gz
openepg,uae6,قناة العاصوف.ae,قناة العاصوف.ae,64,48.2,100.0,https://www.open-epg.com/files/uae6.xml
openepg,qatar5,GOURMET DIGITAL.qa,GOURMET DIGITAL.qa,64,41.9,0.0,https://www.open-epg.com/files/qatar5.xml
epgshare,AE1,Al.Rasheed.TV.HD.ae,Al Rasheed TV HD,63,61.4,100.0,https://epgshare01.online/epgshare01/epg_ripper_AE1.xml.gz
epgshare,AE1,Iraq.Al.Hadath.ae,Iraq Al Hadath,63,61.4,100.0,https://epgshare01.online/epgshare01/epg_ripper_AE1.xml.gz
openepg,saudiarabia5,OSNtv iQIYI.sa,OSNtv iQIYI.sa,63,42.4,100.0,https://www.open-epg.com/files/saudiarabia5.xml
openepg,saudiarabia5,OSNtv Showcase.sa,OSNtv Showcase.sa,63,41.9,100.0,https://www.open-epg.com/files/saudiarabia5.xml
openepg,qatar4,GOURMET DIGITAL.qa,GOURMET DIGITAL.qa,63,41.1,0.0,https://www.open-epg.com/files/qatar4.xml
openepg,saudiarabia2,Blippi And Friends.sa,Blippi And Friends.sa,63,28.6,100.0,https://www.open-epg.com/files/saudiarabia2.xml
epgshare,AE1,Al.Askandria.5.ae,Al Askandria 5,62,61.4,100.0,https://epgshare01.online/epgshare01/epg_ripper_AE1.xml.gz
epgshare,AE1,Al.Delta.6.ae,Al Delta 6,62,61.4,100.0,https://epgshare01.online/epgshare01/epg_ripper_AE1.xml.gz
epgshare,AE1,Al.Forat.ae,Al Forat,62,61.4,100.0,https://epgshare01.online/epgshare01/epg_ripper_AE1.xml.gz
epgshare,AE1,Al.Ghad.ae,Al Ghad,62,61.4,100.0,https://epgshare01.online/epgshare01/epg_ripper_AE1.xml.gz
epgshare,AE1,Al.Hadath.ae,Al Hadath,62,61.4,100.0,https://epgshare01.online/epgshare01/epg_ripper_AE1.xml.gz
epgshare,AE1,Al.Iraqiya.Kurd.ae,Al Iraqiya Kurd,62,61.4,100.0,https://epgshare01.online/epgshare01/epg_ripper_AE1.xml.gz
epgshare,AE1,Al.Iraqiya.News.HD.ae,Al Iraqiya News HD,62,61.4,100.0,https://epgshare01.online/epgshare01/epg_ripper_AE1.xml.gz
epgshare,AE1,Al.Kahera.3.ae,Al Kahera 3,62,61.4,100.0,https://epgshare01.online/epgshare01/epg_ripper_AE1.xml.gz
epgshare,AE1,Al.Kanal.4.ae,Al Kanal 4,62,61.4,100.0,https://epgshare01.online/epgshare01/epg_ripper_AE1.xml.gz
epgshare,AE1,Al.Mayadeen.HD.ae,Al Mayadeen HD,62,61.4,100.0,https://epgshare01.online/epgshare01/epg_ripper_AE1.xml.gz
epgshare,AE1,Al.Nahar.Drama.ae,Al Nahar Drama,62,61.4,100.0,https://epgshare01.online/epgshare01/epg_ripper_AE1.xml.gz
epgshare,AE1,Al.Saeed.7.ae,Al Saeed 7,62,61.4,100.0,https://epgshare01.online/epgshare01/epg_ripper_AE1.xml.gz
epgshare,AE1,Al.sharqiya.News.HD.ae,Al sharqiya News HD,62,61.4,100.0,https://epgshare01.online/epgshare01/epg_ripper_AE1.xml.gz
epgshare,AE1,Alawla.ae,Alawla,62,61.4,100.0,https://epgshare01.online/epgshare01/epg_ripper_AE1.xml.gz
epgshare,AE1,ar:.أبوظبي.الرياضية.إكسترا.ae,ar: أبوظبي الرياضية إكسترا,62,61.4,100.0,https://epgshare01.online/epgshare01/epg_ripper_AE1.xml.gz
epgshare,AE1,ar:.ياس.تي.في.إكسترا.ae,ar: ياس تي في إكسترا,62,61.4,100.0,https://epgshare01.online/epgshare01/epg_ripper_AE1.xml.gz
epgshare,AE1,CBC.Drama.ae,CBC Drama,62,61.4,100.0,https://epgshare01.online/epgshare01/epg_ripper_AE1.xml.gz
epgshare,AE1,Egyptian.TV.HD.ae,Egyptian TV HD,62,61.4,100.0,https://epgshare01.online/epgshare01/epg_ripper_AE1.xml.gz
epgshare,AE1,en:.AD.Sports.Extra.ae,en: AD Sports Extra,62,61.4,100.0,https://epgshare01.online/epgshare01/epg_ripper_AE1.xml.gz
epgshare,AE1,en:.YAS.TV.Extra.ae,en: YAS TV Extra,62,61.4,100.0,https://epgshare01.online/epgshare01/epg_ripper_AE1.xml.gz
epgshare,AE1,Extra.live.ae,Extra live,62,61.4,100.0,https://epgshare01.online/epgshare01/epg_ripper_AE1.xml.gz
epgshare,AE1,falestinona.TV.ae,falestinona TV,62,61.4,100.0,https://epgshare01.online/epgshare01/epg_ripper_AE1.xml.gz
epgshare,AE1,Iraq.24.HD.ae,Iraq 24 HD,62,61.4,100.0,https://epgshare01.online/epgshare01/epg_ripper_AE1.xml.gz
epgshare,AE1,Iraq.Now.ae,Iraq Now,62,61.4,100.0,https://epgshare01.online/epgshare01/epg_ripper_AE1.xml.gz
epgshare,AE1,Karbala.TV.HD.ae,Karbala TV HD,62,61.4,100.0,https://epgshare01.online/epgshare01/epg_ripper_AE1.xml.gz
epgshare,AE1,Kurdistan.TV.ae,Kurdistan TV,62,61.4,100.0,https://epgshare01.online/epgshare01/epg_ripper_AE1.xml.gz
epgshare,AE1,KurdMax.HD.ae,KurdMax HD,62,61.4,100.0,https://epgshare01.online/epgshare01/epg_ripper_AE1.xml.gz
epgshare,AE1,Kurdsat.ae,Kurdsat,62,61.4,100.0,https://epgshare01.online/epgshare01/epg_ripper_AE1.xml.gz
epgshare,AE1,MBC.Drama.ae,MBC Drama,62,61.4,100.0,https://epgshare01.online/epgshare01/epg_ripper_AE1.xml.gz
epgshare,AE1,Nile.Family.ae,Nile Family,62,61.4,100.0,https://epgshare01.online/epgshare01/epg_ripper_AE1.xml.gz
epgshare,AE1,Nile.Life.ae,Nile Life,62,61.4,100.0,https://epgshare01.online/epgshare01/epg_ripper_AE1.xml.gz
epgshare,AE1,Palestine.Live.HD.ae,Palestine Live HD,62,61.4,100.0,https://epgshare01.online/epgshare01/epg_ripper_AE1.xml.gz
epgshare,AE1,Rotana.Drama.ae,Rotana Drama,62,61.4,100.0,https://epgshare01.online/epgshare01/epg_ripper_AE1.xml.gz
epgshare,AE1,Rûdaw.TV.HD.ae,Rûdaw TV HD,62,61.4,100.0,https://epgshare01.online/epgshare01/epg_ripper_AE1.xml.gz
epgshare,AE1,Sada.El.Balad.2.ae,Sada El Balad 2,62,61.4,100.0,https://epgshare01.online/epgshare01/epg_ripper_AE1.xml.gz
epgshare,AE1,Sada.El.Balad.Drama.ae,Sada El Balad Drama,62,61.4,100.0,https://epgshare01.online/epgshare01/epg_ripper_AE1.xml.gz
epgshare,AE1,Sky.News.Arabia.HD.ae,Sky News Arabia HD,62,61.4,100.0,https://epgshare01.online/epgshare01/epg_ripper_AE1.xml.gz
epgshare,AE1,Speda.HD.ae,Speda HD,62,61.4,100.0,https://epgshare01.online/epgshare01/epg_ripper_AE1.xml.gz
epgshare,AE1,Teba.8.ae,Teba 8,62,61.4,100.0,https://epgshare01.online/epgshare01/epg_ripper_AE1.xml.gz
epgshare,AE1,Ten.ae,Ten,62,61.4,100.0,https://epgshare01.online/epgshare01/epg_ripper_AE1.xml.gz
epgshare,AE1,Zagros.ae,Zagros,62,61.4,100.0,https://epgshare01.online/epgshare01/epg_ripper_AE1.xml.gz
openepg,egypt2,OSN TV One.eg,OSN TV One.eg,62,44.6,79.0,https://www.open-epg.com/files/egypt2.xml
openepg,saudiarabia5,Padel TV.sa,Padel TV.sa,62,42.4,100.0,https://www.open-epg.com/files/saudiarabia5.xml
openepg,saudiarabia1,Al Hadath.sa,Al Hadath.sa,62,41.9,100.0,https://www.open-epg.com/files/saudiarabia1.xml
openepg,saudiarabia1,MBC 4 HD.sa,MBC 4 HD.sa,62,41.9,100.0,https://www.open-epg.com/files/saudiarabia1.xml
openepg,qatar4,BBCEarth-new 200x200.qa,BBCEarth-new 200x200.qa,62,41.4,0.0,https://www.open-epg.com/files/qatar4.xml
epgshare,AR1,Canal.Televisión.Pública.(Argentina).ar,Canal Televisión Pública (Argentina),61,90.1,0.0,https://epgshare01.online/epgshare01/epg_ripper_AR1.xml.gz
epgshare,AR1,Canal.HBO.Signature.Latinoamérica.ar,Canal HBO Signature Latinoamérica,61,87.9,29.5,https://epgshare01.online/epgshare01/epg_ripper_AR1.xml.gz
epgshare,AE1,ar:.آسيا.نت.ae,ar: آسيا نت,61,61.9,100.0,https://epgshare01.online/epgshare01/epg_ripper_AE1.xml.gz
epgshare,AE1,en:.Asianet.ME.ae,en: Asianet ME,61,61.9,100.0,https://epgshare01.online/epgshare01/epg_ripper_AE1.xml.gz
epgshare,AE1,On.Drama.ae,On Drama,61,61.4,100.0,https://epgshare01.online/epgshare01/epg_ripper_AE1.xml.gz
epgshare,AE1,Sudan.TV.ae,Sudan TV,61,61.4,100.0,https://epgshare01.online/epgshare01/epg_ripper_AE1.xml.gz
openepg,uae6,قناة باب الحارة.ae,قناة باب الحارة.ae,61,48.7,100.0,https://www.open-epg.com/files/uae6.xml
openepg,saudiarabia1,Saudi 1.sa,Saudi 1.sa,61,42.4,100.0,https://www.open-epg.com/files/saudiarabia1.xml
openepg,saudiarabia5,OSNtv Showcase Classics.sa,OSNtv Showcase Classics.sa,61,42.1,100.0,https://www.open-epg.com/files/saudiarabia5.xml
openepg,saudiarabia1,Food Network.sa,Food Network.sa,61,41.9,100.0,https://www.open-epg.com/files/saudiarabia1.xml
epgshare,AR1,Canal.Disney.Channel.(Argentina).ar,Canal Disney Channel (Argentina),61,32.4,29.5,https://epgshare01.online/epgshare01/epg_ripper_AR1.xml.gz
openepg,saudiarabia2,Space Toon.sa,Space Toon.sa,61,29.1,100.0,https://www.open-epg.com/files/saudiarabia2.xml
epgshare,AE1,Al.Hayah.HD.ae,Al Hayah HD,60,61.9,100.0,https://epgshare01.online/epgshare01/epg_ripper_AE1.xml.gz
epgshare,AE1,Al.Masriyah.ae,Al Masriyah,60,61.9,100.0,https://epgshare01.online/epgshare01/epg_ripper_AE1.xml.gz
epgshare,AE1,Al.Shams.TV.ae,Al Shams TV,60,61.9,100.0,https://epgshare01.online/epgshare01/epg_ripper_AE1.xml.gz
epgshare,AE1,Al.Thanya.ae,Al Thanya,60,61.9,100.0,https://epgshare01.online/epgshare01/epg_ripper_AE1.xml.gz
epgshare,AE1,ar:.آسيا.نت.بلس.ae,ar: آسيا نت بلس,60,61.9,100.0,https://epgshare01.online/epgshare01/epg_ripper_AE1.xml.gz
epgshare,AE1,en:.Asianet.Plus.HD.ae,en: Asianet Plus HD,60,61.9,100.0,https://epgshare01.online/epgshare01/epg_ripper_AE1.xml.gz
epgshare,AE1,Sama.Dubai.HD.ae,Sama Dubai HD,60,61.9,100.0,https://epgshare01.online/epgshare01/epg_ripper_AE1.xml.gz
epgshare,AE1,MBC.Bollywood.ae,MBC Bollywood,60,61.8,100.0,https://epgshare01.online/epgshare01/epg_ripper_AE1.xml.gz
epgshare,AE1,MBC.Masr.2.HD.ae,MBC Masr 2 HD,60,61.4,100.0,https://epgshare01.online/epgshare01/epg_ripper_AE1.xml.gz
epgshare,AE1,SBC.HD.ae,SBC HD,60,61.4,100.0,https://epgshare01.online/epgshare01/epg_ripper_AE1.xml.gz
openepg,saudiarabia5,Abu Dhabi TV HD.sa,Abu Dhabi TV HD.sa,60,42.4,100.0,https://www.open-epg.com/files/saudiarabia5.xml
openepg,saudiarabia1,Nat. Geo. Wild HD.sa,Nat. Geo. Wild HD.sa,60,42.1,100.0,https://www.open-epg.com/files/saudiarabia1.xml
openepg,saudiarabia2,RT Documentary.sa,RT Documentary.sa,60,29.4,100.0,https://www.open-epg.com/files/saudiarabia2.xml
epgshare,AR1,Canal.Star.Channel.(Argentina).ar,Canal Star Channel (Argentina),59,86.6,13.6,https://epgshare01.online/epgshare01/epg_ripper_AR1.xml.gz
epgshare,AE1,Al.Rayyan.Al.Qadeem.HD.ae,Al Rayyan Al Qadeem HD,59,62.4,100.0,https://epgshare01.online/epgshare01/epg_ripper_AE1.xml.gz
epgshare,AE1,DMC.Drama.ae,DMC Drama,59,61.4,100.0,https://epgshare01.online/epgshare01/epg_ripper_AE1.xml.gz
epgshare,AE1,Sada.El.Balad.ae,Sada El Balad,59,61.4,100.0,https://epgshare01.online/epgshare01/epg_ripper_AE1.xml.gz
openepg,uae6,MBC5.ae,MBC5.ae,59,48.1,100.0,https://www.open-epg.com/files/uae6.xml
openepg,saudiarabia5,OSNtv One.sa,OSNtv One.sa,59,42.2,100.0,https://www.open-epg.com/files/saudiarabia5.xml
epgshare,AR1,Canal.Sun.Channel.ar,Canal Sun Channel,59,32.4,0.0,https://epgshare01.online/epgshare01/epg_ripper_AR1.xml.gz
epgshare,AE1,Al.Mamlaka.TV.HD.ae,Al Mamlaka TV HD,58,61.4,100.0,https://epgshare01.online/epgshare01/epg_ripper_AE1.xml.gz
epgshare,AE1,Amman.TV.HD.ae,Amman TV HD,58,61.4,100.0,https://epgshare01.online/epgshare01/epg_ripper_AE1.xml.gz
epgshare,AE1,ar:.أبوظبي.الرياضية.بريميوم.2.-.الدوري.الإيطالي.ae,ar: أبوظبي الرياضية بريميوم 2 - الدوري الإيطالي,58,61.4,100.0,https://epgshare01.online/epgshare01/epg_ripper_AE1.xml.gz
epgshare,AE1,ar:.ستارز.بلاي.سبورتس.1.ae,ar: ستارز بلاي سبورتس 1,58,61.4,100.0,https://epgshare01.online/epgshare01/epg_ripper_AE1.xml.gz
epgshare,AE1,EL.FadjrDrama.DZ.HD.ae,EL FadjrDrama DZ HD,58,61.4,100.0,https://epgshare01.online/epgshare01/epg_ripper_AE1.xml.gz
epgshare,AE1,en:.STARZPLAY.Sports.1.ae,en: STARZPLAY Sports 1,58,61.4,100.0,https://epgshare01.online/epgshare01/epg_ripper_AE1.xml.gz
epgshare,AE1,en:.STARZPLAY.Sports.2.ae,en: STARZPLAY Sports 2,58,61.4,100.0,https://epgshare01.online/epgshare01/epg_ripper_AE1.xml.gz
epgshare,AE1,Tunisia.Nat.2.ae,Tunisia Nat 2,58,61.4,100.0,https://epgshare01.online/epgshare01/epg_ripper_AE1.xml.gz
epgshare,AE1,Zaytoona.ae,Zaytoona,58,61.4,100.0,https://epgshare01.online/epgshare01/epg_ripper_AE1.xml.gz
openepg,egypt2,MBC 4.eg,MBC 4.eg,58,44.4,89.7,https://www.open-epg.com/files/egypt2.xml
openepg,saudiarabia1,Abu Dhabi.sa,Abu Dhabi.sa,58,42.4,100.0,https://www.open-epg.com/files/saudiarabia1.xml
openepg,qatar2,NEWS DIGITAL.qa,NEWS DIGITAL.qa,58,40.4,0.0,https://www.open-epg.com/files/qatar2.xml
openepg,qatar3,NEWS DIGITAL.qa,NEWS DIGITAL.qa,58,40.4,0.0,https://www.open-epg.com/files/qatar3.xml
epgshare,AE1,Sama.Dubai.ae,Sama Dubai,58,39.4,58.6,https://epgshare01.online/epgshare01/epg_ripper_AE1.xml.gz
openepg,uae6,قناة طاش.ae,قناة طاش.ae,58,34.5,100.0,https://www.open-epg.com/files/uae6.xml
openepg,saudiarabia2,RT Arabic.sa,RT Arabic.sa,58,28.9,100.0,https://www.open-epg.com/files/saudiarabia2.xml
openepg,saudiarabia2,RT News.sa,RT News.sa,58,28.9,100.0,https://www.open-epg.com/files/saudiarabia2.xml
epgshare,AE1,ar:.العربية.بيزنس.-.مباشر.ae,ar: العربية بيزنس - مباشر,57,61.4,100.0,https://epgshare01.online/epgshare01/epg_ripper_AE1.xml.gz
epgshare,AE1,El.Mehwar.HD.ae,El Mehwar HD,57,61.4,100.0,https://epgshare01.online/epgshare01/epg_ripper_AE1.xml.gz
epgshare,AE1,en:.Al.Arabiya.Business.-.Live.ae,en: Al Arabiya Business - Live,57,61.4,100.0,https://epgshare01.online/epgshare01/epg_ripper_AE1.xml.gz
openepg,egypt2,Maspero Zaman.eg,Maspero Zaman.eg,57,44.4,42.1,https://www.open-epg.com/files/egypt2.xml
openepg,egypt2,OSN Ya Hala.eg,OSN Ya Hala.eg,57,44.1,100.0,https://www.open-epg.com/files/egypt2.xml
openepg,egypt2,MBC.eg,MBC.eg,57,44.1,89.5,https://www.open-epg.com/files/egypt2.xml
openepg,egypt2,OSN TV Now.eg,OSN TV Now.eg,57,43.9,91.2,https://www.open-epg.com/files/egypt2.xml
epgshare,AE1,Al.Araby.2.HD.ae,Al Araby 2 HD,56,62.4,100.0,https://epgshare01.online/epgshare01/epg_ripper_AE1.xml.gz
epgshare,AE1,Al.Jazeera.Documentary.HD.ae,Al Jazeera Documentary HD,56,62.4,100.0,https://epgshare01.online/epgshare01/epg_ripper_AE1.xml.gz
epgshare,AE1,Asharq.Documentary.HD.ae,Asharq Documentary HD,56,62.4,100.0,https://epgshare01.online/epgshare01/epg_ripper_AE1.xml.gz
epgshare,AE1,Baynounah.TV.HD.ae,Baynounah TV HD,56,62.4,100.0,https://epgshare01.online/epgshare01/epg_ripper_AE1.xml.gz
epgshare,AE1,Zahra.TV.ae,Zahra TV,56,62.4,100.0,https://epgshare01.online/epgshare01/epg_ripper_AE1.xml.gz
epgshare,AE1,Al.Hayah.Mosalsalat.ae,Al Hayah Mosalsalat,56,61.4,100.0,https://epgshare01.online/epgshare01/epg_ripper_AE1.xml.gz
epgshare,AE1,Dijlah.Zaman.ae,Dijlah Zaman,56,61.4,100.0,https://epgshare01.online/epgshare01/epg_ripper_AE1.xml.gz
openepg,saudiarabia5,CNN HD.sa,CNN HD.sa,56,42.4,100.0,https://www.open-epg.com/files/saudiarabia5.xml
openepg,qatar5,Star World 2024-200x200-1.qa,Star World 2024-200x200-1.qa,56,42.0,0.0,https://www.open-epg.com/files/qatar5.xml
openepg,saudiarabia1,stc tv drama.sa,stc tv drama.sa,56,41.9,100.0,https://www.open-epg.com/files/saudiarabia1.xml
openepg,saudiarabia1,MBC+ Drama HD.sa,MBC+ Drama HD.sa,56,41.6,100.0,https://www.open-epg.com/files/saudiarabia1.xml
openepg,egypt1,أو إس إن وان.eg,أو إس إن وان.eg,56,40.6,92.9,https://www.open-epg.com/files/egypt1.xml
openepg,saudiarabia1,CN English.sa,CN English.sa,56,39.0,100.0,https://www.open-epg.com/files/saudiarabia1.xml
openepg,saudiarabia3,Cartoon Network Arabic.sa,Cartoon Network Arabic.sa,56,28.9,100.0,https://www.open-epg.com/files/saudiarabia3.xml
openepg,saudiarabia4,Cartoon Network Arabic.sa,Cartoon Network Arabic.sa,56,28.9,100.0,https://www.open-epg.com/files/saudiarabia4.xml
openepg,saudiarabia2,CN Arabic.sa,CN Arabic.sa,56,28.9,100.0,https://www.open-epg.com/files/saudiarabia2.xml
epgshare,AR1,Canal.13.de.Argentina.(El.Trece).ar,Canal 13 de Argentina (El Trece),55,89.9,0.0,https://epgshare01.online/epgshare01/epg_ripper_AR1.xml.gz
openepg,egypt2,MBC Iraq.eg,MBC Iraq.eg,55,44.5,100.0,https://www.open-epg.com/files/egypt2.xml
openepg,egypt2,MBC Drama +.eg,MBC Drama +.eg,55,44.1,100.0,https://www.open-epg.com/files/egypt2.xml
openepg,saudiarabia5,Alfa Al Yawm HD.sa,Alfa Al Yawm HD.sa,55,43.4,100.0,https://www.open-epg.com/files/saudiarabia5.xml
openepg,saudiarabia1,MBC 1 HD.sa,MBC 1 HD.sa,55,42.4,100.0,https://www.open-epg.com/files/saudiarabia1.xml
openepg,saudiarabia5,MBC 1.sa,MBC 1.sa,55,42.4,100.0,https://www.open-epg.com/files/saudiarabia5.xml
openepg,saudiarabia1,Oman Mubasher.sa,Oman Mubasher.sa,55,42.4,100.0,https://www.open-epg.com/files/saudiarabia1.xml
openepg,saudiarabia1,Oman TV.sa,Oman TV.sa,55,42.4,100.0,https://www.open-epg.com/files/saudiarabia1.xml
openepg,saudiarabia5,OSNtv Yahala.sa,OSNtv Yahala.sa,55,42.3,100.0,https://www.open-epg.com/files/saudiarabia5.xml
openepg,saudiarabia5,OSNtv Now.sa,OSNtv Now.sa,55,42.1,100.0,https://www.open-epg.com/files/saudiarabia5.xml
openepg,qatar5,FATAFEAT-1.qa,FATAFEAT-1.qa,55,42.0,0.0,https://www.open-epg.com/files/qatar5.xml
openepg,saudiarabia1,Discovery HD.sa,Discovery HD.sa,55,41.9,100.0,https://www.open-epg.com/files/saudiarabia1.xml
openepg,saudiarabia5,TLC HD.sa,TLC HD.sa,55,41.9,100.0,https://www.open-epg.com/files/saudiarabia5.xml
openepg,saudiarabia1,Nat. Geographic.sa,Nat. Geographic.sa,55,41.7,100.0,https://www.open-epg.com/files/saudiarabia1.xml
openepg,saudiarabia1,Nat. Geo. AD.sa,Nat. Geo. AD.sa,55,41.6,100.0,https://www.open-epg.com/files/saudiarabia1.xml
openepg,qatar4,beJUNIOR.qa,beJUNIOR.qa,55,41.3,0.0,https://www.open-epg.com/files/qatar4.xml
epgshare,AR1,Canal.Telecaribe.ar,Canal Telecaribe,55,32.4,0.0,https://epgshare01.online/epgshare01/epg_ripper_AR1.xml.gz
openepg,saudiarabia2,Al Mamlaka TV.sa,Al Mamlaka TV.sa,55,29.4,100.0,https://www.open-epg.com/files/saudiarabia2.xml
epgshare,AE1,AD.Sports.2.HD.ae,AD Sports 2 HD,54,62.4,100.0,https://epgshare01.online/epgshare01/epg_ripper_AE1.xml.gz
epgshare,AE1,Al.Dawaar.ae,Al Dawaar,54,62.4,100.0,https://epgshare01.online/epgshare01/epg_ripper_AE1.xml.gz
epgshare,AE1,Al.Shasha.Alwan.ae,Al Shasha Alwan,54,62.4,100.0,https://epgshare01.online/epgshare01/epg_ripper_AE1.xml.gz
epgshare,AE1,Al.Shasha.Cinema.ae,Al Shasha Cinema,54,62.4,100.0,https://epgshare01.online/epgshare01/epg_ripper_AE1.xml.gz
epgshare,AE1,Al.Shasha.Drama.ae,Al Shasha Drama,54,62.4,100.0,https://epgshare01.online/epgshare01/epg_ripper_AE1.xml.gz
epgshare,AE1,Al.Shasha.Film.ae,Al Shasha Film,54,62.4,100.0,https://epgshare01.online/epgshare01/epg_ripper_AE1.xml.gz
epgshare,AE1,Al.Shasha.Hekayat.ae,Al Shasha Hekayat,54,62.4,100.0,https://epgshare01.online/epgshare01/epg_ripper_AE1.xml.gz
epgshare,AE1,Al.Shasha.Musalsalat.ae,Al Shasha Musalsalat,54,62.4,100.0,https://epgshare01.online/epgshare01/epg_ripper_AE1.xml.gz
epgshare,AE1,Alfa.Cinema.ae,Alfa Cinema,54,62.4,100.0,https://epgshare01.online/epgshare01/epg_ripper_AE1.xml.gz
epgshare,AE1,Alfa.Drama.ae,Alfa Drama,54,62.4,100.0,https://epgshare01.online/epgshare01/epg_ripper_AE1.xml.gz
epgshare,AE1,Alfa.Hekayat.ae,Alfa Hekayat,54,62.4,100.0,https://epgshare01.online/epgshare01/epg_ripper_AE1.xml.gz
epgshare,AE1,Alking.Drama.TV.ae,Alking Drama TV,54,62.4,100.0,https://epgshare01.online/epgshare01/epg_ripper_AE1.xml.gz
epgshare,AE1,AlSukariya.Drama.ae,AlSukariya Drama,54,62.4,100.0,https://epgshare01.online/epgshare01/epg_ripper_AE1.xml.gz
epgshare,AE1,Dolly.Alyoom.ae,Dolly Alyoom,54,62.4,100.0,https://epgshare01.online/epgshare01/epg_ripper_AE1.xml.gz
epgshare,AE1,Dolly.Cinema.ae,Dolly Cinema,54,62.4,100.0,https://epgshare01.online/epgshare01/epg_ripper_AE1.xml.gz
epgshare,AE1,Dolly.Drama.ae,Dolly Drama,54,62.4,100.0,https://epgshare01.online/epgshare01/epg_ripper_AE1.xml.gz
epgshare,AE1,Dolly.Mosalsalat.ae,Dolly Mosalsalat,54,62.4,100.0,https://epgshare01.online/epgshare01/epg_ripper_AE1.xml.gz
epgshare,AE1,Dolly.Movies.ae,Dolly Movies,54,62.4,100.0,https://epgshare01.online/epgshare01/epg_ripper_AE1.xml.gz
epgshare,AE1,El.Omda.Al.yom.ae,El Omda Al yom,54,62.4,100.0,https://epgshare01.online/epgshare01/epg_ripper_AE1.xml.gz
epgshare,AE1,El.Omda.Drama.ae,El Omda Drama,54,62.4,100.0,https://epgshare01.online/epgshare01/epg_ripper_AE1.xml.gz
epgshare,AE1,El.Omda.Hekayat.Film.ae,El Omda Hekayat Film,54,62.4,100.0,https://epgshare01.online/epgshare01/epg_ripper_AE1.xml.gz
epgshare,AE1,Elasema.welanas.ae,Elasema welanas,54,62.4,100.0,https://epgshare01.online/epgshare01/epg_ripper_AE1.xml.gz
epgshare,AE1,Elzaeem.Cinema.ae,Elzaeem Cinema,54,62.4,100.0,https://epgshare01.online/epgshare01/epg_ripper_AE1.xml.gz
epgshare,AE1,Elzaeem.Drama.ae,Elzaeem Drama,54,62.4,100.0,https://epgshare01.online/epgshare01/epg_ripper_AE1.xml.gz
epgshare,AE1,iFilm.Arabic.ae,iFilm Arabic,54,62.4,100.0,https://epgshare01.online/epgshare01/epg_ripper_AE1.xml.gz
epgshare,AE1,One.Drama.ae,One Drama,54,62.4,100.0,https://epgshare01.online/epgshare01/epg_ripper_AE1.xml.gz
epgshare,AE1,One.Movies.ae,One Movies,54,62.4,100.0,https://epgshare01.online/epgshare01/epg_ripper_AE1.xml.gz
epgshare,AE1,Sukariya.Cinema.ae,Sukariya Cinema,54,62.4,100.0,https://epgshare01.online/epgshare01/epg_ripper_AE1.xml.gz
epgshare,AE1,Sukariya.Classic.ae,Sukariya Classic,54,62.4,100.0,https://epgshare01.online/epgshare01/epg_ripper_AE1.xml.gz
epgshare,AE1,Sukariya.Hekayat.ae,Sukariya Hekayat,54,62.4,100.0,https://epgshare01.online/epgshare01/epg_ripper_AE1.xml.gz
epgshare,AE1,Sukariya.Zaman.ae,Sukariya Zaman,54,62.4,100.0,https://epgshare01.online/epgshare01/epg_ripper_AE1.xml.gz
epgshare,AE1,LBC.ae,LBC,54,61.4,100.0,https://epgshare01.online/epgshare01/epg_ripper_AE1.xml.gz
openepg,egypt2,MBC Masr Drama.eg,MBC Masr Drama.eg,54,44.4,100.0,https://www.open-epg.com/files/egypt2.xml
openepg,egypt2,Nessma.eg,Nessma.eg,54,44.1,33.3,https://www.open-epg.com/files/egypt2.xml
openepg,saudiarabia1,Oman Al Thakafeyah.sa,Oman Al Thakafeyah.sa,54,42.4,100.0,https://www.open-epg.com/files/saudiarabia1.xml
openepg,saudiarabia1,Discovery Family HD.sa,Discovery Family HD.sa,54,41.8,100.0,https://www.open-epg.com/files/saudiarabia1.xml
openepg,saudiarabia1,MBC Action HD.sa,MBC Action HD.sa,54,41.8,100.0,https://www.open-epg.com/files/saudiarabia1.xml
openepg,qatar4,FATAFEAT-1.qa,FATAFEAT-1.qa,54,41.3,0.0,https://www.open-epg.com/files/qatar4.xml
epgshare,AE1,Noor.DubaiTV.ae,Noor DubaiTV,54,39.4,18.5,https://epgshare01.online/epgshare01/epg_ripper_AE1.xml.gz
epgshare,AE1,Dubai.Racing.2.ae,Dubai Racing 2,53,64.0,100.0,https://epgshare01.online/epgshare01/epg_ripper_AE1.xml.gz
epgshare,AE1,Sharjah.Sports.HD.ae,Sharjah Sports HD,53,64.0,100.0,https://epgshare01.online/epgshare01/epg_ripper_AE1.xml.gz
epgshare,AE1,Panorama.Food.ae,Panorama Food,53,62.9,100.0,https://epgshare01.online/epgshare01/epg_ripper_AE1.xml.gz
epgshare,AE1,Fujairah.HD.ae,Fujairah HD,53,61.4,100.0,https://epgshare01.online/epgshare01/epg_ripper_AE1.xml.gz
openepg,qatar5,beJUNIOR-1.qa,beJUNIOR-1.qa,53,43.4,0.0,https://www.open-epg.com/files/qatar5.xml
openepg,saudiarabia1,MBC VARIETY.sa,MBC VARIETY.sa,53,43.0,100.0,https://www.open-epg.com/files/saudiarabia1.xml
openepg,saudiarabia1,Sama Dubai.sa,Sama Dubai.sa,53,42.4,100.0,https://www.open-epg.com/files/saudiarabia1.xml
openepg,saudiarabia5,Fatafeat.sa,Fatafeat.sa,53,42.1,100.0,https://www.open-epg.com/files/saudiarabia5.xml
openepg,saudiarabia1,TLC HD.sa,TLC HD.sa,53,41.9,100.0,https://www.open-epg.com/files/saudiarabia1.xml
openepg,qatar5,Bloomberg-1.qa,Bloomberg-1.qa,53,41.9,0.0,https://www.open-epg.com/files/qatar5.xml
openepg,egypt1,أو إس إن ياهلا.eg,أو إس إن ياهلا.eg,53,40.9,100.0,https://www.open-epg.com/files/egypt1.xml
openepg,egypt1,إم بي سي.eg,إم بي سي.eg,53,40.6,90.6,https://www.open-epg.com/files/egypt1.xml
openepg,egypt1,أو إٍس إن ناو.eg,أو إٍس إن ناو.eg,53,40.4,90.6,https://www.open-epg.com/files/egypt1.xml
openepg,egypt1,ماسبيرو زمان.eg,ماسبيرو زمان.eg,53,40.4,60.4,https://www.open-epg.com/files/egypt1.xml
openepg,egypt1,إم بي سي 4.eg,إم بي سي 4.eg,53,40.3,96.2,https://www.open-epg.com/files/egypt1.xml
epgshare,BEIN1,NEWS_DIGITAL_Mono_AR.bein,NEWS_DIGITAL_Mono_AR,53,37.4,0.0,https://epgshare01.online/epgshare01/epg_ripper_BEIN1.xml.gz
epgshare,BEIN1,NEWS_DIGITAL_Mono_EN.bein,NEWS_DIGITAL_Mono_EN,53,37.4,0.0,https://epgshare01.online/epgshare01/epg_ripper_BEIN1.xml.gz
epgshare,AR1,Canal.HBO.Family.Latinoamérica.ar,Canal HBO Family Latinoamérica,52,87.1,44.2,https://epgshare01.online/epgshare01/epg_ripper_AR1.xml.gz
epgshare,AE1,MBC.Masr.Drama.HD.ae,MBC Masr Drama HD,52,62.6,100.0,https://epgshare01.online/epgshare01/epg_ripper_AE1.xml.gz
epgshare,AE1,Al.Kahera.Wal.Nas.2.ae,Al Kahera Wal Nas 2,52,62.5,100.0,https://epgshare01.online/epgshare01/epg_ripper_AE1.xml.gz
epgshare,AE1,MBC.Masr.HD.ae,MBC Masr HD,52,61.4,100.0,https://epgshare01.online/epgshare01/epg_ripper_AE1.xml.gz
openepg,egypt2,OSN TV Yahala Bil Arabi.eg,OSN TV Yahala Bil Arabi.eg,52,44.4,96.2,https://www.open-epg.com/files/egypt2.xml
openepg,egypt2,OSN TV Crime.eg,OSN TV Crime.eg,52,44.0,96.2,https://www.open-epg.com/files/egypt2.xml
openepg,egypt2,Emirates.eg,Emirates.eg,52,43.9,57.7,https://www.open-epg.com/files/egypt2.xml
openepg,qatar5,BBCEarth-new 200x200.qa,BBCEarth-new 200x200.qa,52,41.9,0.0,https://www.open-epg.com/files/qatar5.xml
openepg,qatar4,Bloomberg-1.qa,Bloomberg-1.qa,52,41.1,0.0,https://www.open-epg.com/files/qatar4.xml
openepg,saudiarabia2,stc tv family.sa,stc tv family.sa,52,29.9,100.0,https://www.open-epg.com/files/saudiarabia2.xml
openepg,saudiarabia2,HGTV.sa,HGTV.sa,52,28.5,100.0,https://www.open-epg.com/files/saudiarabia2.xml
epgshare,AR1,Canal.TNT.(Argentina).ar,Canal TNT (Argentina),51,85.6,15.7,https://epgshare01.online/epgshare01/epg_ripper_AR1.xml.gz
epgshare,AE1,AD.Sports.1.HD.ae,AD Sports 1 HD,51,62.4,100.0,https://epgshare01.online/epgshare01/epg_ripper_AE1.xml.gz
openepg,saudiarabia1,Fatafeat.sa,Fatafeat.sa,51,42.1,100.0,https://www.open-epg.com/files/saudiarabia1.xml
openepg,saudiarabia5,Dubai TV HD.sa,Dubai TV HD.sa,51,41.9,100.0,https://www.open-epg.com/files/saudiarabia5.xml
openepg,saudiarabia1,Dubai.sa,Dubai.sa,51,41.9,100.0,https://www.open-epg.com/files/saudiarabia1.xml
openepg,saudiarabia5,Ginx.sa,Ginx.sa,51,41.9,100.0,https://www.open-epg.com/files/saudiarabia5.xml
openepg,qatar5,HGTV.qa,HGTV.qa,51,41.9,0.0,https://www.open-epg.com/files/qatar5.xml
openepg,qatar4,UPDATEz-NGW Full Logo 20182.qa,UPDATEz-NGW Full Logo 20182.qa,51,41.4,0.0,https://www.open-epg.com/files/qatar4.xml
openepg,saudiarabia1,CNN.sa,CNN.sa,51,37.4,100.0,https://www.open-epg.com/files/saudiarabia1.xml
epgshare,AR1,Canal.MTV.(Argentina).ar,Canal MTV (Argentina),51,32.6,11.8,https://epgshare01.online/epgshare01/epg_ripper_AR1.xml.gz
epgshare,AR1,Canal.De.Película.ar,Canal De Película,50,85.6,0.0,https://epgshare01.online/epgshare01/epg_ripper_AR1.xml.gz
epgshare,BEIN1,beIN_SPORTS1_DIGITAL_Mono_AR.bein,beIN_SPORTS1_DIGITAL_Mono_AR,50,61.6,0.0,https://epgshare01.online/epgshare01/epg_ripper_BEIN1.xml.gz
openepg,saudiarabia5,OSNtv Crime.sa,OSNtv Crime.sa,50,42.2,100.0,https://www.open-epg.com/files/saudiarabia5.xml
openepg,saudiarabia1,Zekrayat.sa,Zekrayat.sa,50,41.9,100.0,https://www.open-epg.com/files/saudiarabia1.xml
openepg,qatar4,Aljazeera-Documentary-1.qa,Aljazeera-Documentary-1.qa,50,41.4,0.0,https://www.open-epg.com/files/qatar4.xml
openepg,qatar4,Star World 2024-200x200-1.qa,Star World 2024-200x200-1.qa,50,41.4,0.0,https://www.open-epg.com/files/qatar4.xml
openepg,egypt1,إم بي سي مصر دراما.eg,إم بي سي مصر دراما.eg,50,40.8,100.0,https://www.open-epg.com/files/egypt1.xml
openepg,egypt1,إم بي سي دراما +.eg,إم بي سي دراما +.eg,50,40.4,100.0,https://www.open-epg.com/files/egypt1.xml
openepg,egypt2,Sharjah TV.eg,Sharjah TV.eg,50,34.0,18.0,https://www.open-epg.com/files/egypt2.xml
openepg,egypt1,الشارقة.eg,الشارقة.eg,50,34.0,18.0,https://www.open-epg.com/files/egypt1.xml
epgshare,AR1,Canal.HBO.(Argentina).ar,Canal HBO (Argentina),49,86.3,30.6,https://epgshare01.online/epgshare01/epg_ripper_AR1.xml.gz
epgshare,AE1,Dubai.Sports.1.HD.ae,Dubai Sports 1 HD,49,61.9,100.0,https://epgshare01.online/epgshare01/epg_ripper_AE1.xml.gz
epgshare,AE1,CBC.ae,CBC,49,61.4,100.0,https://epgshare01.online/epgshare01/epg_ripper_AE1.xml.gz
openepg,saudiarabia1,Al Emarat.sa,Al Emarat.sa,49,41.9,100.0,https://www.open-epg.com/files/saudiarabia1.xml
openepg,saudiarabia1,Al Nahar.sa,Al Nahar.sa,49,41.9,100.0,https://www.open-epg.com/files/saudiarabia1.xml
openepg,saudiarabia5,OSNtv Yahala Bil Arabi.sa,OSNtv Yahala Bil Arabi.sa,49,41.7,100.0,https://www.open-epg.com/files/saudiarabia5.xml
openepg,egypt1,نسمة.eg,نسمة.eg,49,40.9,32.7,https://www.open-epg.com/files/egypt1.xml
openepg,egypt1,إم بي سي العراق.eg,إم بي سي العراق.eg,49,40.4,100.0,https://www.open-epg.com/files/egypt1.xml
epgshare,AE1,Dubai.ae,Dubai,49,39.9,83.7,https://epgshare01.online/epgshare01/epg_ripper_AE1.xml.gz
openepg,saudiarabia3,BBC Arabic.sa,BBC Arabic.sa,49,28.9,100.0,https://www.open-epg.com/files/saudiarabia3.xml
openepg,saudiarabia4,BBC Arabic.sa,BBC Arabic.sa,49,28.9,100.0,https://www.open-epg.com/files/saudiarabia4.xml
epgshare,AR1,Canal.Europa.Europa.ar,Canal Europa Europa,48,86.0,0.0,https://epgshare01.online/epgshare01/epg_ripper_AR1.xml.gz
epgshare,AR1,Canal.HBO.Pop.ar,Canal HBO Pop,48,85.6,25.0,https://epgshare01.online/epgshare01/epg_ripper_AR1.xml.gz
epgshare,AE1,Yas.TV.HD.ae,Yas TV HD,48,64.6,100.0,https://epgshare01.online/epgshare01/epg_ripper_AE1.xml.gz
epgshare,AE1,Alkass.One.HD.ae,Alkass One HD,48,63.9,100.0,https://epgshare01.online/epgshare01/epg_ripper_AE1.xml.gz
epgshare,AE1,Hogan.TV.ae,Hogan TV,48,63.9,100.0,https://epgshare01.online/epgshare01/epg_ripper_AE1.xml.gz
epgshare,AE1,Libya.Sport.ae,Libya Sport,48,63.9,100.0,https://epgshare01.online/epgshare01/epg_ripper_AE1.xml.gz
epgshare,AE1,Libya.Sport.2.HD.ae,Libya Sport 2 HD,48,63.9,100.0,https://epgshare01.online/epgshare01/epg_ripper_AE1.xml.gz
epgshare,AE1,Roya.TV.HD.ae,Roya TV HD,48,63.9,100.0,https://epgshare01.online/epgshare01/epg_ripper_AE1.xml.gz
epgshare,AE1,Yalla.Mosar3a.ae,Yalla Mosar3a,48,63.9,100.0,https://epgshare01.online/epgshare01/epg_ripper_AE1.xml.gz
epgshare,AE1,Zamalek.TV.ae,Zamalek TV,48,63.9,100.0,https://epgshare01.online/epgshare01/epg_ripper_AE1.xml.gz
epgshare,AE1,DMC.ae,DMC,48,62.9,100.0,https://epgshare01.online/epgshare01/epg_ripper_AE1.xml.gz
openepg,egypt2,Al Dafrah.eg,Al Dafrah.eg,48,44.4,70.8,https://www.open-epg.com/files/egypt2.xml
openepg,saudiarabia1,SBC.sa,SBC.sa,48,42.4,100.0,https://www.open-epg.com/files/saudiarabia1.xml
openepg,saudiarabia1,Animal Planet HD.sa,Animal Planet HD.sa,48,42.2,100.0,https://www.open-epg.com/files/saudiarabia1.xml
openepg,qatar5,food-network-logo-2018-1.qa,food-network-logo-2018-1.qa,48,41.9,0.0,https://www.open-epg.com/files/qatar5.xml
openepg,egypt1,أو إس إن كرايم.eg,أو إس إن كرايم.eg,48,40.8,100.0,https://www.open-epg.com/files/egypt1.xml
openepg,egypt1,اﻹمارات.eg,اﻹمارات.eg,48,40.4,56.2,https://www.open-epg.com/files/egypt1.xml
openepg,uae6,ناصر القصبي.ae,ناصر القصبي.ae,48,25.0,100.0,https://www.open-epg.com/files/uae6.xml
epgshare,AR1,Canal.HBO.Xtreme.ar,Canal HBO Xtreme,47,87.2,27.7,https://epgshare01.online/epgshare01/epg_ripper_AR1.xml.gz
epgshare,AE1,Dubai.Sports.2.ae,Dubai Sports 2,47,61.6,100.0,https://epgshare01.online/epgshare01/epg_ripper_AE1.xml.gz
epgshare,AE1,On.E.HD.ae,On E HD,47,61.4,100.0,https://epgshare01.online/epgshare01/epg_ripper_AE1.xml.gz
openepg,egypt2,Echorouk TV.eg,Echorouk TV.eg,47,44.4,40.4,https://www.open-epg.com/files/egypt2.xml
openepg,egypt2,Alrasheed.eg,Alrasheed.eg,47,44.4,4.3,https://www.open-epg.com/files/egypt2.xml
openepg,saudiarabia1,Star World HD.sa,Star World HD.sa,47,42.5,100.0,https://www.open-epg.com/files/saudiarabia1.xml
openepg,qatar4,food-network-logo-2018-1.qa,food-network-logo-2018-1.qa,47,41.1,0.0,https://www.open-epg.com/files/qatar4.xml
openepg,egypt1,أو إس إن ياهلا بالعربي.eg,أو إس إن ياهلا بالعربي.eg,47,40.3,100.0,https://www.open-epg.com/files/egypt1.xml
openepg,egypt2,Saudiya TV.eg,Saudiya TV.eg,47,35.2,55.3,https://www.open-epg.com/files/egypt2.xml
openepg,egypt1,السعودية.eg,السعودية.eg,47,35.2,55.3,https://www.open-epg.com/files/egypt1.xml
openepg,saudiarabia2,Al Arabiya HD.sa,Al Arabiya HD.sa,47,29.4,100.0,https://www.open-epg.com/files/saudiarabia2.xml
openepg,saudiarabia2,CNBC Arabia.sa,CNBC Arabia.sa,47,28.9,100.0,https://www.open-epg.com/files/saudiarabia2.xml
openepg,uae6,قناة الكبير أوي.ae,قناة الكبير أوي.ae,47,25.3,100.0,https://www.open-epg.com/files/uae6.xml
openepg,saudiarabia5,RT Arabic.sa,RT Arabic.sa,46,157.4,100.0,https://www.open-epg.com/files/saudiarabia5.xml
epgshare,SA2,EN:.El.Le'ba.Channel.sa,EN: El Le'ba Channel,46,85.4,93.5,https://epgshare01.online/epgshare01/epg_ripper_SA2.xml.gz
epgshare,AE1,Al.Ahly.TV.HD.ae,Al Ahly TV HD,46,62.4,100.0,https://epgshare01.online/epgshare01/epg_ripper_AE1.xml.gz
epgshare,AE1,Nile.Sport.ae,Nile Sport,46,62.4,100.0,https://epgshare01.online/epgshare01/epg_ripper_AE1.xml.gz
epgshare,AE1,On.Time.Sport.2.HD.ae,On Time Sport 2 HD,46,62.4,100.0,https://epgshare01.online/epgshare01/epg_ripper_AE1.xml.gz
openepg,egypt2,LBCI.eg,LBCI.eg,46,44.4,43.5,https://www.open-epg.com/files/egypt2.xml
openepg,egypt2,LDC.eg,LDC.eg,46,44.4,43.5,https://www.open-epg.com/files/egypt2.xml
openepg,egypt2,AlSaeedah.eg,AlSaeedah.eg,46,44.4,30.4,https://www.open-epg.com/files/egypt2.xml
openepg,egypt2,Al Nahar TV.eg,Al Nahar TV.eg,46,43.9,17.4,https://www.open-epg.com/files/egypt2.xml
openepg,saudiarabia1,Al Dafrah.sa,Al Dafrah.sa,46,42.4,100.0,https://www.open-epg.com/files/saudiarabia1.xml
openepg,qatar5,SERIES1 DIGITAL.qa,SERIES1 DIGITAL.qa,46,42.4,0.0,https://www.open-epg.com/files/qatar5.xml
openepg,egypt1,الشرقية.eg,الشرقية.eg,46,34.4,45.7,https://www.open-epg.com/files/egypt1.xml
epgshare,AR1,Canal.1.(Colombia).ar,Canal 1 (Colombia),46,32.4,0.0,https://epgshare01.online/epgshare01/epg_ripper_AR1.xml.gz
epgshare,AR1,Canal.Institucional.(Colombia).ar,Canal Institucional (Colombia),46,32.4,0.0,https://epgshare01.online/epgshare01/epg_ripper_AR1.xml.gz
epgshare,AE1,Samira.HD.ae,Samira HD,45,61.4,100.0,https://epgshare01.online/epgshare01/epg_ripper_AE1.xml.gz
epgshare,AR1,Canal.TV.Chile.ar,Canal TV Chile,45,58.1,0.0,https://epgshare01.online/epgshare01/epg_ripper_AR1.xml.gz
openepg,egypt2,MBC Drama.eg,MBC Drama.eg,45,44.4,100.0,https://www.open-epg.com/files/egypt2.xml
openepg,egypt2,Rotana Drama.eg,Rotana Drama.eg,45,44.4,100.0,https://www.open-epg.com/files/egypt2.xml
openepg,saudiarabia1,Discovery ID.sa,Discovery ID.sa,45,42.4,100.0,https://www.open-epg.com/files/saudiarabia1.xml
openepg,qatar4,SERIES1 DIGITAL.qa,SERIES1 DIGITAL.qa,45,41.4,0.0,https://www.open-epg.com/files/qatar4.xml
openepg,saudiarabia5,Roya TV HD.sa,Roya TV HD.sa,44,42.4,100.0,https://www.open-epg.com/files/saudiarabia5.xml
openepg,saudiarabia1,STARZPLAY Sports.sa,STARZPLAY Sports.sa,44,42.4,100.0,https://www.open-epg.com/files/saudiarabia1.xml
openepg,saudiarabia5,Alfa Series HD.sa,Alfa Series HD.sa,44,41.9,100.0,https://www.open-epg.com/files/saudiarabia5.xml
openepg,egypt1,الظفرة.eg,الظفرة.eg,44,40.4,70.5,https://www.open-epg.com/files/egypt1.xml
openepg,qatar2,beIN SPORTS XTRA1 Digital.qa,beIN SPORTS XTRA1 Digital.qa,44,40.4,0.0,https://www.open-epg.com/files/qatar2.xml
openepg,qatar3,bein.com-06.qa,bein.com-06.qa,44,40.4,0.0,https://www.open-epg.com/files/qatar3.xml
epgshare,AR1,Canal.HBO.Mundi.ar,Canal HBO Mundi,43,87.1,18.6,https://epgshare01.online/epgshare01/epg_ripper_AR1.xml.gz
epgshare,AE1,MBC.2.ae,MBC 2,43,61.4,100.0,https://epgshare01.online/epgshare01/epg_ripper_AE1.xml.gz
openepg,egypt2,Rotana Khalejia.eg,Rotana Khalejia.eg,43,44.4,58.1,https://www.open-epg.com/files/egypt2.xml
openepg,egypt2,MBC Action.eg,MBC Action.eg,43,44.4,27.9,https://www.open-epg.com/files/egypt2.xml
openepg,saudiarabia1,Aghani Aghani.sa,Aghani Aghani.sa,43,42.4,100.0,https://www.open-epg.com/files/saudiarabia1.xml
openepg,saudiarabia1,Al Ekhbariya.sa,Al Ekhbariya.sa,43,42.4,100.0,https://www.open-epg.com/files/saudiarabia1.xml
openepg,saudiarabia1,Al Hayat.sa,Al Hayat.sa,43,42.4,100.0,https://www.open-epg.com/files/saudiarabia1.xml
openepg,saudiarabia1,Al Kahera Walnas 2.sa,Al Kahera Walnas 2.sa,43,42.4,100.0,https://www.open-epg.com/files/saudiarabia1.xml
openepg,saudiarabia1,Al Kahera Walnas.sa,Al Kahera Walnas.sa,43,42.4,100.0,https://www.open-epg.com/files/saudiarabia1.xml
openepg,saudiarabia1,Al Masriya.sa,Al Masriya.sa,43,42.4,100.0,https://www.open-epg.com/files/saudiarabia1.xml
openepg,saudiarabia1,Amman TV.sa,Amman TV.sa,43,42.4,100.0,https://www.open-epg.com/files/saudiarabia1.xml
openepg,saudiarabia1,Bahrain Sports TV.sa,Bahrain Sports TV.sa,43,42.4,100.0,https://www.open-epg.com/files/saudiarabia1.xml
openepg,saudiarabia1,Bahrain TV.sa,Bahrain TV.sa,43,42.4,100.0,https://www.open-epg.com/files/saudiarabia1.xml
openepg,saudiarabia1,BBC Arabic.sa,BBC Arabic.sa,43,42.4,100.0,https://www.open-epg.com/files/saudiarabia1.xml
openepg,saudiarabia1,Bigg.sa,Bigg.sa,43,42.4,100.0,https://www.open-epg.com/files/saudiarabia1.xml
openepg,saudiarabia1,CBC Drama.sa,CBC Drama.sa,43,42.4,100.0,https://www.open-epg.com/files/saudiarabia1.xml
openepg,saudiarabia1,CBC Extra News.sa,CBC Extra News.sa,43,42.4,100.0,https://www.open-epg.com/files/saudiarabia1.xml
openepg,saudiarabia1,CBC Sofra.sa,CBC Sofra.sa,43,42.4,100.0,https://www.open-epg.com/files/saudiarabia1.xml
openepg,saudiarabia1,CBC.sa,CBC.sa,43,42.4,100.0,https://www.open-epg.com/files/saudiarabia1.xml
openepg,saudiarabia5,eClutch Access.sa,eClutch Access.sa,43,42.4,100.0,https://www.open-epg.com/files/saudiarabia5.xml
openepg,saudiarabia5,eClutch Arabic.sa,eClutch Arabic.sa,43,42.4,100.0,https://www.open-epg.com/files/saudiarabia5.xml
openepg,saudiarabia5,eClutch LIVE 2.sa,eClutch LIVE 2.sa,43,42.4,100.0,https://www.open-epg.com/files/saudiarabia5.xml
openepg,saudiarabia5,eClutch LIVE.sa,eClutch LIVE.sa,43,42.4,100.0,https://www.open-epg.com/files/saudiarabia5.xml
openepg,saudiarabia1,Fujairah TV.sa,Fujairah TV.sa,43,42.4,100.0,https://www.open-epg.com/files/saudiarabia1.xml
openepg,saudiarabia1,Jordan TV.sa,Jordan TV.sa,43,42.4,100.0,https://www.open-epg.com/files/saudiarabia1.xml
openepg,saudiarabia1,KidZone Max.sa,KidZone Max.sa,43,42.4,100.0,https://www.open-epg.com/files/saudiarabia1.xml
openepg,saudiarabia1,KSA Now.sa,KSA Now.sa,43,42.4,100.0,https://www.open-epg.com/files/saudiarabia1.xml
openepg,saudiarabia1,LTV.sa,LTV.sa,43,42.4,100.0,https://www.open-epg.com/files/saudiarabia1.xml
openepg,saudiarabia1,MBC Drama HD.sa,MBC Drama HD.sa,43,42.4,100.0,https://www.open-epg.com/files/saudiarabia1.xml
openepg,saudiarabia5,MBC Drama.sa,MBC Drama.sa,43,42.4,100.0,https://www.open-epg.com/files/saudiarabia5.xml
openepg,saudiarabia5,MCM TOP.sa,MCM TOP.sa,43,42.4,100.0,https://www.open-epg.com/files/saudiarabia5.xml
openepg,saudiarabia1,One TV.sa,One TV.sa,43,42.4,100.0,https://www.open-epg.com/files/saudiarabia1.xml
openepg,saudiarabia5,OSNtv Mezze.sa,OSNtv Mezze.sa,43,42.4,100.0,https://www.open-epg.com/files/saudiarabia5.xml
openepg,saudiarabia5,RFM TV.sa,RFM TV.sa,43,42.4,100.0,https://www.open-epg.com/files/saudiarabia5.xml
openepg,saudiarabia1,Riyadh Season.sa,Riyadh Season.sa,43,42.4,100.0,https://www.open-epg.com/files/saudiarabia1.xml
openepg,saudiarabia1,Rotana Clip.sa,Rotana Clip.sa,43,42.4,100.0,https://www.open-epg.com/files/saudiarabia1.xml
openepg,saudiarabia1,Rotana Drama HD.sa,Rotana Drama HD.sa,43,42.4,100.0,https://www.open-epg.com/files/saudiarabia1.xml
openepg,saudiarabia1,Rotana M+ HD.sa,Rotana M+ HD.sa,43,42.4,100.0,https://www.open-epg.com/files/saudiarabia1.xml
openepg,saudiarabia1,Rotana Music HD.sa,Rotana Music HD.sa,43,42.4,100.0,https://www.open-epg.com/files/saudiarabia1.xml
openepg,saudiarabia1,Roya.sa,Roya.sa,43,42.4,100.0,https://www.open-epg.com/files/saudiarabia1.xml
openepg,saudiarabia1,Saudi Quran.sa,Saudi Quran.sa,43,42.4,100.0,https://www.open-epg.com/files/saudiarabia1.xml
openepg,saudiarabia1,Saudi Sports 1.sa,Saudi Sports 1.sa,43,42.4,100.0,https://www.open-epg.com/files/saudiarabia1.xml
openepg,saudiarabia1,Saudi Sports 2.sa,Saudi Sports 2.sa,43,42.4,100.0,https://www.open-epg.com/files/saudiarabia1.xml
openepg,saudiarabia1,Saudi Sports 3.sa,Saudi Sports 3.sa,43,42.4,100.0,https://www.open-epg.com/files/saudiarabia1.xml
openepg,saudiarabia1,Saudi Sunnah.sa,Saudi Sunnah.sa,43,42.4,100.0,https://www.open-epg.com/files/saudiarabia1.xml
openepg,saudiarabia1,Sharjah Quran.sa,Sharjah Quran.sa,43,42.4,100.0,https://www.open-epg.com/files/saudiarabia1.xml
openepg,saudiarabia1,Sharjah Sports.sa,Sharjah Sports.sa,43,42.4,100.0,https://www.open-epg.com/files/saudiarabia1.xml
openepg,saudiarabia1,Sharjah TV.sa,Sharjah TV.sa,43,42.4,100.0,https://www.open-epg.com/files/saudiarabia1.xml
openepg,saudiarabia1,Sharqiya from Kalba.sa,Sharqiya from Kalba.sa,43,42.4,100.0,https://www.open-epg.com/files/saudiarabia1.xml
openepg,saudiarabia1,Sky News Arabia HD.sa,Sky News Arabia HD.sa,43,42.4,100.0,https://www.open-epg.com/files/saudiarabia1.xml
openepg,saudiarabia1,SmartZone.sa,SmartZone.sa,43,42.4,100.0,https://www.open-epg.com/files/saudiarabia1.xml
openepg,saudiarabia1,Sport 24.sa,Sport 24.sa,43,42.4,100.0,https://www.open-epg.com/files/saudiarabia1.xml
openepg,saudiarabia1,stc tv cinema.sa,stc tv cinema.sa,43,42.4,100.0,https://www.open-epg.com/files/saudiarabia1.xml
openepg,saudiarabia1,Ten.sa,Ten.sa,43,42.4,100.0,https://www.open-epg.com/files/saudiarabia1.xml
openepg,saudiarabia1,Travel.sa,Travel.sa,43,42.4,100.0,https://www.open-epg.com/files/saudiarabia1.xml
openepg,saudiarabia1,Wanasah.sa,Wanasah.sa,43,42.4,100.0,https://www.open-epg.com/files/saudiarabia1.xml
openepg,saudiarabia1,Wousta from Al Dhaid.sa,Wousta from Al Dhaid.sa,43,42.4,100.0,https://www.open-epg.com/files/saudiarabia1.xml
openepg,saudiarabia1,Zee Alwan.sa,Zee Alwan.sa,43,42.4,100.0,https://www.open-epg.com/files/saudiarabia1.xml
openepg,egypt1,الشروق الجزائرية.eg,الشروق الجزائرية.eg,43,40.4,44.2,https://www.open-epg.com/files/egypt1.xml
openepg,egypt1,النهار.eg,النهار.eg,43,40.4,18.6,https://www.open-epg.com/files/egypt1.xml
openepg,egypt1,الرشيد.eg,الرشيد.eg,43,40.4,4.7,https://www.open-epg.com/files/egypt1.xml
openepg,qatar6,Alkass Two.qa,Alkass Two.qa,43,33.9,0.0,https://www.open-epg.com/files/qatar6.xml
openepg,saudiarabia2,Food Network.sa,Food Network.sa,43,29.4,100.0,https://www.open-epg.com/files/saudiarabia2.xml
openepg,saudiarabia2,MBC 4 HD.sa,MBC 4 HD.sa,43,28.6,100.0,https://www.open-epg.com/files/saudiarabia2.xml
openepg,saudiarabia3,MBC 4 HD.sa,MBC 4 HD.sa,43,28.6,100.0,https://www.open-epg.com/files/saudiarabia3.xml
openepg,saudiarabia4,MBC 4 HD.sa,MBC 4 HD.sa,43,28.6,93.0,https://www.open-epg.com/files/saudiarabia4.xml
epgshare,AE1,Dubai.HD.ae,Dubai HD,42,61.9,100.0,https://epgshare01.online/epgshare01/epg_ripper_AE1.xml.gz
openepg,saudiarabia5,Alfa Series +2 HD.sa,Alfa Series +2 HD.sa,42,61.4,100.0,https://www.open-epg.com/files/saudiarabia5.xml
openepg,egypt2,Aloula.eg,Aloula.eg,42,45.4,33.3,https://www.open-epg.com/files/egypt2.xml
openepg,egypt2,Egyptian TV.eg,Egyptian TV.eg,42,45.4,33.3,https://www.open-epg.com/files/egypt2.xml
openepg,egypt2,TeN TV.eg,TeN TV.eg,42,44.9,28.6,https://www.open-epg.com/files/egypt2.xml
openepg,qatar1,beIN SPORTS XTRA 5.qa,beIN SPORTS XTRA 5.qa,42,41.4,100.0,https://www.open-epg.com/files/qatar1.xml
openepg,qatar1,beIN SPORTS XTRA 6.qa,beIN SPORTS XTRA 6.qa,42,41.4,100.0,https://www.open-epg.com/files/qatar1.xml
openepg,qatar1,beIN SPORTS XTRA 7.qa,beIN SPORTS XTRA 7.qa,42,41.4,100.0,https://www.open-epg.com/files/qatar1.xml
openepg,qatar1,beIN SPORTS XTRA 8.qa,beIN SPORTS XTRA 8.qa,42,41.4,100.0,https://www.open-epg.com/files/qatar1.xml
openepg,qatar1,beIN SPORTS XTRA 9.qa,beIN SPORTS XTRA 9.qa,42,41.4,100.0,https://www.open-epg.com/files/qatar1.xml
openepg,egypt1,إل بي سي آي.eg,إل بي سي آي.eg,42,40.9,42.9,https://www.open-epg.com/files/egypt1.xml
openepg,egypt1,ال دي سي.eg,ال دي سي.eg,42,40.9,42.9,https://www.open-epg.com/files/egypt1.xml
openepg,egypt1,السعيدة.eg,السعيدة.eg,42,40.4,33.3,https://www.open-epg.com/files/egypt1.xml
openepg,qatar2,bein.com-07.qa,bein.com-07.qa,42,40.4,0.0,https://www.open-epg.com/files/qatar2.xml
openepg,qatar3,beINSPORTSXTRA3.qa,beINSPORTSXTRA3.qa,42,40.4,0.0,https://www.open-epg.com/files/qatar3.xml
openepg,qatar6,Alkass Eight.qa,Alkass Eight.qa,42,33.9,0.0,https://www.open-epg.com/files/qatar6.xml
openepg,qatar6,Alkass One.qa,Alkass One.qa,42,33.9,0.0,https://www.open-epg.com/files/qatar6.xml
epgshare,AR1,Canal.Discovery.Theater.(Latinoamérica).ar,Canal Discovery Theater (Latinoamérica),42,32.6,0.0,https://epgshare01.online/epgshare01/epg_ripper_AR1.xml.gz
openepg,saudiarabia2,Al Hadath.sa,Al Hadath.sa,42,29.4,100.0,https://www.open-epg.com/files/saudiarabia2.xml
openepg,saudiarabia2,Oman Mubasher.sa,Oman Mubasher.sa,42,29.4,100.0,https://www.open-epg.com/files/saudiarabia2.xml
openepg,saudiarabia2,Oman TV.sa,Oman TV.sa,42,29.4,100.0,https://www.open-epg.com/files/saudiarabia2.xml
openepg,saudiarabia3,Cartoon Network HD.sa,Cartoon Network HD.sa,42,28.9,100.0,https://www.open-epg.com/files/saudiarabia3.xml
openepg,saudiarabia4,Cartoon Network HD.sa,Cartoon Network HD.sa,42,28.9,100.0,https://www.open-epg.com/files/saudiarabia4.xml
openepg,saudiarabia2,CN English.sa,CN English.sa,42,28.9,100.0,https://www.open-epg.com/files/saudiarabia2.xml
openepg,egypt2,MBC MASR 2.eg,MBC MASR 2.eg,41,44.4,90.2,https://www.open-epg.com/files/egypt2.xml
openepg,egypt2,Mix ONE.eg,Mix ONE.eg,41,44.4,80.5,https://www.open-epg.com/files/egypt2.xml
openepg,qatar1,beIN SPORTS XTRA 3.qa,beIN SPORTS XTRA 3.qa,41,43.4,95.1,https://www.open-epg.com/files/qatar1.xml
openepg,saudiarabia1,AD Sports 1.sa,AD Sports 1.sa,41,42.4,100.0,https://www.open-epg.com/files/saudiarabia1.xml
openepg,saudiarabia1,AD Sports 2.sa,AD Sports 2.sa,41,42.4,100.0,https://www.open-epg.com/files/saudiarabia1.xml
openepg,saudiarabia1,Oman Sport.sa,Oman Sport.sa,41,42.4,100.0,https://www.open-epg.com/files/saudiarabia1.xml
openepg,qatar5,Drama Stacked nov 2024 200x200.qa,Drama Stacked nov 2024 200x200.qa,41,42.4,0.0,https://www.open-epg.com/files/qatar5.xml
openepg,qatar5,Jeem-HD-1-01.qa,Jeem-HD-1-01.qa,41,42.4,0.0,https://www.open-epg.com/files/qatar5.xml
openepg,qatar5,SERIES2 DIGITAL.qa,SERIES2 DIGITAL.qa,41,42.4,0.0,https://www.open-epg.com/files/qatar5.xml
openepg,saudiarabia1,Rotana + HD.sa,Rotana + HD.sa,41,42.1,100.0,https://www.open-epg.com/files/saudiarabia1.xml
openepg,egypt1,إم بي سي دراما.eg,إم بي سي دراما.eg,41,40.4,100.0,https://www.open-epg.com/files/egypt1.xml
openepg,egypt1,روتانا دراما.eg,روتانا دراما.eg,41,40.4,100.0,https://www.open-epg.com/files/egypt1.xml
openepg,qatar3,beIN SPORTS XTRA1 Digital.qa,beIN SPORTS XTRA1 Digital.qa,41,40.2,0.0,https://www.open-epg.com/files/qatar3.xml
openepg,qatar2,bein.com-05.qa,bein.com-05.qa,41,40.2,0.0,https://www.open-epg.com/files/qatar2.xml
epgshare,AR1,Canal.USA.Network.(Argentina).ar,Canal USA Network (Argentina),41,32.4,70.7,https://epgshare01.online/epgshare01/epg_ripper_AR1.xml.gz
openepg,saudiarabia2,Oman Al Thakafeyah.sa,Oman Al Thakafeyah.sa,41,29.4,100.0,https://www.open-epg.com/files/saudiarabia2.xml
openepg,uae6,قناة اللعبة.ae,قناة اللعبة.ae,41,24.8,100.0,https://www.open-epg.com/files/uae6.xml
epgshare,AR1,Canal.Space.(Argentina).ar,Canal Space (Argentina),40,87.2,25.0,https://epgshare01.online/epgshare01/epg_ripper_AR1.xml.gz
epgshare,SA2,EN:.Al.Asouf.Channel.sa,EN: Al Asouf Channel,40,85.4,92.5,https://epgshare01.online/epgshare01/epg_ripper_SA2.xml.gz
epgshare,BEIN1,logos-_beINSPORTS9_AR.bein,logos-_beINSPORTS9_AR,40,61.4,0.0,https://epgshare01.online/epgshare01/epg_ripper_BEIN1.xml.gz
epgshare,AR1,Canal.TyC.Sports.ar,Canal TyC Sports,40,57.9,0.0,https://epgshare01.online/epgshare01/epg_ripper_AR1.xml.gz
openepg,saudiarabia1,Al Arabiya Business.sa,Al Arabiya Business.sa,40,42.4,100.0,https://www.open-epg.com/files/saudiarabia1.xml
openepg,saudiarabia1,Rotana Khalijia HD.sa,Rotana Khalijia HD.sa,40,41.9,100.0,https://www.open-epg.com/files/saudiarabia1.xml
openepg,qatar1,beIN SPORTS XTRA 2.qa,beIN SPORTS XTRA 2.qa,40,41.4,100.0,https://www.open-epg.com/files/qatar1.xml
openepg,qatar4,Drama Stacked nov 2024 200x200.qa,Drama Stacked nov 2024 200x200.qa,40,41.4,0.0,https://www.open-epg.com/files/qatar4.xml
openepg,qatar4,SERIES2 DIGITAL.qa,SERIES2 DIGITAL.qa,40,41.4,0.0,https://www.open-epg.com/files/qatar4.xml
openepg,egypt1,إم بي سي أكشن.eg,إم بي سي أكشن.eg,40,40.9,27.5,https://www.open-epg.com/files/egypt1.xml
epgshare,AE1,Adala.TV.HD.ae,Adala TV HD,40,37.4,100.0,https://epgshare01.online/epgshare01/epg_ripper_AE1.xml.gz
epgshare,AE1,ADM.R3.ae,ADM R3,40,37.4,100.0,https://epgshare01.online/epgshare01/epg_ripper_AE1.xml.gz
epgshare,AE1,ADM.R4.ae,ADM R4,40,37.4,100.0,https://epgshare01.online/epgshare01/epg_ripper_AE1.xml.gz
epgshare,AE1,Aghapy.TV.ae,Aghapy TV,40,37.4,100.0,https://epgshare01.online/epgshare01/epg_ripper_AE1.xml.gz
epgshare,AE1,Ahadu.TV.ae,Ahadu TV,40,37.4,100.0,https://epgshare01.online/epgshare01/epg_ripper_AE1.xml.gz
epgshare,AE1,Ajman.TV.HD.ae,Ajman TV HD,40,37.4,100.0,https://epgshare01.online/epgshare01/epg_ripper_AE1.xml.gz
epgshare,AE1,Al.Aghani.ae,Al Aghani,40,37.4,100.0,https://epgshare01.online/epgshare01/epg_ripper_AE1.xml.gz
epgshare,AE1,Al.Amal.ae,Al Amal,40,37.4,100.0,https://epgshare01.online/epgshare01/epg_ripper_AE1.xml.gz
epgshare,AE1,Al.Anwar.TV.ae,Al Anwar TV,40,37.4,100.0,https://epgshare01.online/epgshare01/epg_ripper_AE1.xml.gz
epgshare,AE1,Al.Aqila.TV.ae,Al Aqila TV,40,37.4,100.0,https://epgshare01.online/epgshare01/epg_ripper_AE1.xml.gz
epgshare,AE1,Al.Arabiya.FM.ae,Al Arabiya FM,40,37.4,100.0,https://epgshare01.online/epgshare01/epg_ripper_AE1.xml.gz
epgshare,AE1,Al.Bachaeer.Radio.ae,Al Bachaeer Radio,40,37.4,100.0,https://epgshare01.online/epgshare01/epg_ripper_AE1.xml.gz
epgshare,AE1,Al.Bernameg.Al.Aam.ae,Al Bernameg Al Aam,40,37.4,100.0,https://epgshare01.online/epgshare01/epg_ripper_AE1.xml.gz
epgshare,AE1,Al.Bernameg.Al.Oropi.ae,Al Bernameg Al Oropi,40,37.4,100.0,https://epgshare01.online/epgshare01/epg_ripper_AE1.xml.gz
epgshare,AE1,Al.Dawla.TV.ae,Al Dawla TV,40,37.4,100.0,https://epgshare01.online/epgshare01/epg_ripper_AE1.xml.gz
epgshare,AE1,Al.Eshraq.TV.ae,Al Eshraq TV,40,37.4,100.0,https://epgshare01.online/epgshare01/epg_ripper_AE1.xml.gz
epgshare,AE1,Al.Haqeqa.Al.Dawliah.(Fact.Int'l).ae,Al Haqeqa Al Dawliah (Fact Int'l),40,37.4,100.0,https://epgshare01.online/epgshare01/epg_ripper_AE1.xml.gz
epgshare,AE1,Al.Hawyah.ae,Al Hawyah,40,37.4,100.0,https://epgshare01.online/epgshare01/epg_ripper_AE1.xml.gz
epgshare,AE1,Al.Hayat.ae,Al Hayat,40,37.4,100.0,https://epgshare01.online/epgshare01/epg_ripper_AE1.xml.gz
epgshare,AE1,Al.Horreya.TV.ae,Al Horreya TV,40,37.4,100.0,https://epgshare01.online/epgshare01/epg_ripper_AE1.xml.gz
epgshare,AE1,Al.Iman.TV.ae,Al Iman TV,40,37.4,100.0,https://epgshare01.online/epgshare01/epg_ripper_AE1.xml.gz
epgshare,AE1,Al.Ittihad.TV.ae,Al Ittihad TV,40,37.4,100.0,https://epgshare01.online/epgshare01/epg_ripper_AE1.xml.gz
epgshare,AE1,Al.Kafeel.ae,Al Kafeel,40,37.4,100.0,https://epgshare01.online/epgshare01/epg_ripper_AE1.xml.gz
epgshare,AE1,AL.Kahera.Al.Kobra.ae,AL Kahera Al Kobra,40,37.4,100.0,https://epgshare01.online/epgshare01/epg_ripper_AE1.xml.gz
epgshare,AE1,Al.Kalema.ae,Al Kalema,40,37.4,100.0,https://epgshare01.online/epgshare01/epg_ripper_AE1.xml.gz
epgshare,AE1,Al.Karma.NewGen.ae,Al Karma NewGen,40,37.4,100.0,https://epgshare01.online/epgshare01/epg_ripper_AE1.xml.gz
epgshare,AE1,Al.Kawthar.TV.ae,Al Kawthar TV,40,37.4,100.0,https://epgshare01.online/epgshare01/epg_ripper_AE1.xml.gz
epgshare,AE1,Al.Kawther.ae,Al Kawther,40,37.4,100.0,https://epgshare01.online/epgshare01/epg_ripper_AE1.xml.gz
epgshare,AE1,Al.Maaref.TV.ae,Al Maaref TV,40,37.4,100.0,https://epgshare01.online/epgshare01/epg_ripper_AE1.xml.gz
epgshare,AE1,Al.Mahdi.TV.ae,Al Mahdi TV,40,37.4,100.0,https://epgshare01.online/epgshare01/epg_ripper_AE1.xml.gz
epgshare,AE1,Al.Menia.ae,Al Menia,40,37.4,100.0,https://epgshare01.online/epgshare01/epg_ripper_AE1.xml.gz
epgshare,AE1,Al.Naeem.TV.ae,Al Naeem TV,40,37.4,100.0,https://epgshare01.online/epgshare01/epg_ripper_AE1.xml.gz
epgshare,AE1,Al.Ons.TV.ae,Al Ons TV,40,37.4,100.0,https://epgshare01.online/epgshare01/epg_ripper_AE1.xml.gz
epgshare,AE1,Al.Qamar.TV.ae,Al Qamar TV,40,37.4,100.0,https://epgshare01.online/epgshare01/epg_ripper_AE1.xml.gz
epgshare,AE1,Al.Qanat.9.ae,Al Qanat 9,40,37.4,100.0,https://epgshare01.online/epgshare01/epg_ripper_AE1.xml.gz
epgshare,AE1,Al.Quran.Al.Karem.ae,Al Quran Al Karem,40,37.4,100.0,https://epgshare01.online/epgshare01/epg_ripper_AE1.xml.gz
epgshare,AE1,AL.RASHEED.RADIO.ae,AL RASHEED RADIO,40,37.4,100.0,https://epgshare01.online/epgshare01/epg_ripper_AE1.xml.gz
epgshare,AE1,Al.Sahraa.TV.ae,Al Sahraa TV,40,37.4,100.0,https://epgshare01.online/epgshare01/epg_ripper_AE1.xml.gz
epgshare,AE1,Al.Salam.TV.ae,Al Salam TV,40,37.4,100.0,https://epgshare01.online/epgshare01/epg_ripper_AE1.xml.gz
epgshare,AE1,Al.Shabab.W.Al.Reyadah.ae,Al Shabab W Al Reyadah,40,37.4,100.0,https://epgshare01.online/epgshare01/epg_ripper_AE1.xml.gz
epgshare,AE1,AL.Sharg.Al.Awsat.ae,AL Sharg Al Awsat,40,37.4,100.0,https://epgshare01.online/epgshare01/epg_ripper_AE1.xml.gz
epgshare,AE1,Al.Tanasuh.TV.ae,Al Tanasuh TV,40,37.4,100.0,https://epgshare01.online/epgshare01/epg_ripper_AE1.xml.gz
epgshare,AE1,Al.Waqie.ae,Al Waqie,40,37.4,100.0,https://epgshare01.online/epgshare01/epg_ripper_AE1.xml.gz
epgshare,AE1,Al.Wousta.TV.HD.ae,Al Wousta TV HD,40,37.4,100.0,https://epgshare01.online/epgshare01/epg_ripper_AE1.xml.gz
epgshare,AE1,AL-Bernameg.AL-moussekey.ae,AL-Bernameg AL-moussekey,40,37.4,100.0,https://epgshare01.online/epgshare01/epg_ripper_AE1.xml.gz
epgshare,AE1,Alahad.TV.HD.ae,Alahad TV HD,40,37.4,100.0,https://epgshare01.online/epgshare01/epg_ripper_AE1.xml.gz
epgshare,AE1,Alerth.Alnabawi.ae,Alerth Alnabawi,40,37.4,100.0,https://epgshare01.online/epgshare01/epg_ripper_AE1.xml.gz
epgshare,AE1,Alkarma.Praise.ae,Alkarma Praise,40,37.4,100.0,https://epgshare01.online/epgshare01/epg_ripper_AE1.xml.gz
epgshare,AE1,Alkarma.TV.Middle.East.1.ae,Alkarma TV Middle East 1,40,37.4,100.0,https://epgshare01.online/epgshare01/epg_ripper_AE1.xml.gz
epgshare,AE1,Allahdhah.TV.ae,Allahdhah TV,40,37.4,100.0,https://epgshare01.online/epgshare01/epg_ripper_AE1.xml.gz
epgshare,AE1,Almagd.TV.ae,Almagd TV,40,37.4,100.0,https://epgshare01.online/epgshare01/epg_ripper_AE1.xml.gz
epgshare,AE1,Almustakillah.TV.ae,Almustakillah TV,40,37.4,100.0,https://epgshare01.online/epgshare01/epg_ripper_AE1.xml.gz
epgshare,AE1,Alshaaer.TV.ae,Alshaaer TV,40,37.4,100.0,https://epgshare01.online/epgshare01/epg_ripper_AE1.xml.gz
epgshare,AE1,Altaleaa.TV.ae,Altaleaa TV,40,37.4,100.0,https://epgshare01.online/epgshare01/epg_ripper_AE1.xml.gz
epgshare,AE1,ALWadi.ALGaded.ae,ALWadi ALGaded,40,37.4,100.0,https://epgshare01.online/epgshare01/epg_ripper_AE1.xml.gz
epgshare,AE1,Alzrga.ae,Alzrga,40,37.4,100.0,https://epgshare01.online/epgshare01/epg_ripper_AE1.xml.gz
epgshare,AE1,Amozhgary.TV.ae,Amozhgary TV,40,37.4,100.0,https://epgshare01.online/epgshare01/epg_ripper_AE1.xml.gz
epgshare,AE1,Asil.TV.ae,Asil TV,40,37.4,100.0,https://epgshare01.online/epgshare01/epg_ripper_AE1.xml.gz
epgshare,AE1,Aswan.ae,Aswan,40,37.4,100.0,https://epgshare01.online/epgshare01/epg_ripper_AE1.xml.gz
epgshare,AE1,Athan.Tulkarem.ae,Athan Tulkarem,40,37.4,100.0,https://epgshare01.online/epgshare01/epg_ripper_AE1.xml.gz
epgshare,AE1,Ava.TV.ae,Ava TV,40,37.4,100.0,https://epgshare01.online/epgshare01/epg_ripper_AE1.xml.gz
epgshare,AE1,Awdeh.HD.ae,Awdeh HD,40,37.4,100.0,https://epgshare01.online/epgshare01/epg_ripper_AE1.xml.gz
epgshare,AE1,Azhari.TV.ae,Azhari TV,40,37.4,100.0,https://epgshare01.online/epgshare01/epg_ripper_AE1.xml.gz
epgshare,AE1,Baghdad.TV.ae,Baghdad TV,40,37.4,100.0,https://epgshare01.online/epgshare01/epg_ripper_AE1.xml.gz
epgshare,AE1,Bahia.TV.ae,Bahia TV,40,37.4,100.0,https://epgshare01.online/epgshare01/epg_ripper_AE1.xml.gz
epgshare,AE1,Bakous.Alexandaria.ae,Bakous Alexandaria,40,37.4,100.0,https://epgshare01.online/epgshare01/epg_ripper_AE1.xml.gz
epgshare,AE1,Bangawaz.TV.ae,Bangawaz TV,40,37.4,100.0,https://epgshare01.online/epgshare01/epg_ripper_AE1.xml.gz
epgshare,AE1,BBC.E.ae,BBC E,40,37.4,100.0,https://epgshare01.online/epgshare01/epg_ripper_AE1.xml.gz
epgshare,AE1,BBC.Horn.of.Africa.ae,BBC Horn of Africa,40,37.4,100.0,https://epgshare01.online/epgshare01/epg_ripper_AE1.xml.gz
epgshare,AE1,Bengali.ae,Bengali,40,37.4,100.0,https://epgshare01.online/epgshare01/epg_ripper_AE1.xml.gz
epgshare,AE1,Better.Life.Radio.ae,Better Life Radio,40,37.4,100.0,https://epgshare01.online/epgshare01/epg_ripper_AE1.xml.gz
epgshare,AE1,Bin.Othaimeen.ae,Bin Othaimeen,40,37.4,100.0,https://epgshare01.online/epgshare01/epg_ripper_AE1.xml.gz
epgshare,AE1,C.Sat.ae,C Sat,40,37.4,100.0,https://epgshare01.online/epgshare01/epg_ripper_AE1.xml.gz
epgshare,AE1,Calssic.ae,Calssic,40,37.4,100.0,https://epgshare01.online/epgshare01/epg_ripper_AE1.xml.gz
epgshare,AE1,Canal.Radio.ae,Canal Radio,40,37.4,100.0,https://epgshare01.online/epgshare01/epg_ripper_AE1.xml.gz
epgshare,AE1,CHAINE.1.ae,CHAINE 1,40,37.4,100.0,https://epgshare01.online/epgshare01/epg_ripper_AE1.xml.gz
epgshare,AE1,CHAINE.2.ae,CHAINE 2,40,37.4,100.0,https://epgshare01.online/epgshare01/epg_ripper_AE1.xml.gz
epgshare,AE1,CHAINE.3.ae,CHAINE 3,40,37.4,100.0,https://epgshare01.online/epgshare01/epg_ripper_AE1.xml.gz
epgshare,AE1,CTV.ae,CTV,40,37.4,100.0,https://epgshare01.online/epgshare01/epg_ripper_AE1.xml.gz
epgshare,AE1,DRN.Radio.ae,DRN Radio,40,37.4,100.0,https://epgshare01.online/epgshare01/epg_ripper_AE1.xml.gz
epgshare,AE1,Dua.Channel.ae,Dua Channel,40,37.4,100.0,https://epgshare01.online/epgshare01/epg_ripper_AE1.xml.gz
epgshare,AE1,DW.A2.ae,DW A2,40,37.4,100.0,https://epgshare01.online/epgshare01/epg_ripper_AE1.xml.gz
epgshare,AE1,DW05.ae,DW05,40,37.4,100.0,https://epgshare01.online/epgshare01/epg_ripper_AE1.xml.gz
epgshare,AE1,Educational.Channel.ae,Educational Channel,40,37.4,100.0,https://epgshare01.online/epgshare01/epg_ripper_AE1.xml.gz
epgshare,AE1,Ekhbaria.ae,Ekhbaria,40,37.4,100.0,https://epgshare01.online/epgshare01/epg_ripper_AE1.xml.gz
epgshare,AE1,Emarat.FM.ae,Emarat FM,40,37.4,100.0,https://epgshare01.online/epgshare01/epg_ripper_AE1.xml.gz
epgshare,AE1,ERI.Radio.1.ae,ERI Radio 1,40,37.4,100.0,https://epgshare01.online/epgshare01/epg_ripper_AE1.xml.gz
epgshare,AE1,ERI.Radio.2.ae,ERI Radio 2,40,37.4,100.0,https://epgshare01.online/epgshare01/epg_ripper_AE1.xml.gz
epgshare,AE1,ERI.Radio.3.ae,ERI Radio 3,40,37.4,100.0,https://epgshare01.online/epgshare01/epg_ripper_AE1.xml.gz
epgshare,AE1,ERI.Radio.4.ae,ERI Radio 4,40,37.4,100.0,https://epgshare01.online/epgshare01/epg_ripper_AE1.xml.gz
epgshare,AE1,European.Radio.ae,European Radio,40,37.4,100.0,https://epgshare01.online/epgshare01/epg_ripper_AE1.xml.gz
epgshare,AE1,French.ae,French,40,37.4,100.0,https://epgshare01.online/epgshare01/epg_ripper_AE1.xml.gz
epgshare,AE1,Fujairah.FM.ae,Fujairah FM,40,37.4,100.0,https://epgshare01.online/epgshare01/epg_ripper_AE1.xml.gz
epgshare,AE1,Hayat.FM.ae,Hayat FM,40,37.4,100.0,https://epgshare01.online/epgshare01/epg_ripper_AE1.xml.gz
epgshare,AE1,Hebron.Sat.ae,Hebron Sat,40,37.4,100.0,https://epgshare01.online/epgshare01/epg_ripper_AE1.xml.gz
epgshare,AE1,Hola.Qatar.ae,Hola Qatar,40,37.4,100.0,https://epgshare01.online/epgshare01/epg_ripper_AE1.xml.gz
epgshare,AE1,Holly.Quran.ae,Holly Quran,40,37.4,100.0,https://epgshare01.online/epgshare01/epg_ripper_AE1.xml.gz
epgshare,AE1,Home.TV.ae,Home TV,40,37.4,100.0,https://epgshare01.online/epgshare01/epg_ripper_AE1.xml.gz
epgshare,AE1,Houna.alazm.ae,Houna alazm,40,37.4,100.0,https://epgshare01.online/epgshare01/epg_ripper_AE1.xml.gz
epgshare,AE1,Ifrikya.FM.ae,Ifrikya FM,40,37.4,100.0,https://epgshare01.online/epgshare01/epg_ripper_AE1.xml.gz
epgshare,AE1,iKA.TV.ae,iKA TV,40,37.4,100.0,https://epgshare01.online/epgshare01/epg_ripper_AE1.xml.gz
epgshare,AE1,Imam.Ali.Radio.ae,Imam Ali Radio,40,37.4,100.0,https://epgshare01.online/epgshare01/epg_ripper_AE1.xml.gz
epgshare,AE1,Imam.Ali.Shrine.TV.ae,Imam Ali Shrine TV,40,37.4,100.0,https://epgshare01.online/epgshare01/epg_ripper_AE1.xml.gz
epgshare,AE1,Imam.Hussein.TV.2.ae,Imam Hussein TV 2,40,37.4,100.0,https://epgshare01.online/epgshare01/epg_ripper_AE1.xml.gz
epgshare,AE1,Jedda.Radio.ae,Jedda Radio,40,37.4,100.0,https://epgshare01.online/epgshare01/epg_ripper_AE1.xml.gz
epgshare,AE1,Jin.TV.HD.ae,Jin TV HD,40,37.4,100.0,https://epgshare01.online/epgshare01/epg_ripper_AE1.xml.gz
epgshare,AE1,Jordan.Radio.ae,Jordan Radio,40,37.4,100.0,https://epgshare01.online/epgshare01/epg_ripper_AE1.xml.gz
epgshare,AE1,Jordan.sama.ae,Jordan sama,40,37.4,100.0,https://epgshare01.online/epgshare01/epg_ripper_AE1.xml.gz
epgshare,AE1,Kadak.ae,Kadak,40,37.4,100.0,https://epgshare01.online/epgshare01/epg_ripper_AE1.xml.gz
epgshare,AE1,Khartoum.TV.ae,Khartoum TV,40,37.4,100.0,https://epgshare01.online/epgshare01/epg_ripper_AE1.xml.gz
epgshare,AE1,Khozama.Radio.ae,Khozama Radio,40,37.4,100.0,https://epgshare01.online/epgshare01/epg_ripper_AE1.xml.gz
epgshare,AE1,KTO.ae,KTO,40,37.4,100.0,https://epgshare01.online/epgshare01/epg_ripper_AE1.xml.gz
epgshare,AE1,Kuwait.Classical.ae,Kuwait Classical,40,37.4,100.0,https://epgshare01.online/epgshare01/epg_ripper_AE1.xml.gz
epgshare,AE1,Kuwait.Easy.ae,Kuwait Easy,40,37.4,100.0,https://epgshare01.online/epgshare01/epg_ripper_AE1.xml.gz
epgshare,AE1,Kuwait.FM.ae,Kuwait FM,40,37.4,100.0,https://epgshare01.online/epgshare01/epg_ripper_AE1.xml.gz
epgshare,AE1,Kuwait.Holy.Quran.ae,Kuwait Holy Quran,40,37.4,100.0,https://epgshare01.online/epgshare01/epg_ripper_AE1.xml.gz
epgshare,AE1,Kuwait.Radio.1.ae,Kuwait Radio 1,40,37.4,100.0,https://epgshare01.online/epgshare01/epg_ripper_AE1.xml.gz
epgshare,AE1,Kuwait.Radio.2.ae,Kuwait Radio 2,40,37.4,100.0,https://epgshare01.online/epgshare01/epg_ripper_AE1.xml.gz
epgshare,AE1,Kuwait.Shaabyia.ae,Kuwait Shaabyia,40,37.4,100.0,https://epgshare01.online/epgshare01/epg_ripper_AE1.xml.gz
epgshare,AE1,Kuwait.Super.ae,Kuwait Super,40,37.4,100.0,https://epgshare01.online/epgshare01/epg_ripper_AE1.xml.gz
epgshare,AE1,Libya.Future.TV.HD.ae,Libya Future TV HD,40,37.4,100.0,https://epgshare01.online/epgshare01/epg_ripper_AE1.xml.gz
epgshare,AE1,Logos.TV.ae,Logos TV,40,37.4,100.0,https://epgshare01.online/epgshare01/epg_ripper_AE1.xml.gz
epgshare,AE1,Loud.FM.ae,Loud FM,40,37.4,100.0,https://epgshare01.online/epgshare01/epg_ripper_AE1.xml.gz
epgshare,AE1,Manu.Chat.ae,Manu Chat,40,37.4,100.0,https://epgshare01.online/epgshare01/epg_ripper_AE1.xml.gz
epgshare,AE1,MarjaeyatTV.2.HD.ae,MarjaeyatTV 2 HD,40,37.4,100.0,https://epgshare01.online/epgshare01/epg_ripper_AE1.xml.gz
epgshare,AE1,Maspero.FM.&.Thakafy.ae,Maspero FM & Thakafy,40,37.4,100.0,https://epgshare01.online/epgshare01/epg_ripper_AE1.xml.gz
epgshare,AE1,Matrouh.ae,Matrouh,40,37.4,100.0,https://epgshare01.online/epgshare01/epg_ripper_AE1.xml.gz
epgshare,AE1,MBC.FM.ae,MBC FM,40,37.4,100.0,https://epgshare01.online/epgshare01/epg_ripper_AE1.xml.gz
epgshare,AE1,Medi1Radio.Afrique.ae,Medi1Radio Afrique,40,37.4,100.0,https://epgshare01.online/epgshare01/epg_ripper_AE1.xml.gz
epgshare,AE1,Mega.FM.ae,Mega FM,40,37.4,100.0,https://epgshare01.online/epgshare01/epg_ripper_AE1.xml.gz
epgshare,AE1,Misr.AlBalad.ae,Misr AlBalad,40,37.4,100.0,https://epgshare01.online/epgshare01/epg_ripper_AE1.xml.gz
epgshare,AE1,Mowagahat-1.ae,Mowagahat-1,40,37.4,100.0,https://epgshare01.online/epgshare01/epg_ripper_AE1.xml.gz
epgshare,AE1,Mowagahat-2.ae,Mowagahat-2,40,37.4,100.0,https://epgshare01.online/epgshare01/epg_ripper_AE1.xml.gz
epgshare,AE1,Mowagahat-8.ae,Mowagahat-8,40,37.4,100.0,https://epgshare01.online/epgshare01/epg_ripper_AE1.xml.gz
epgshare,AE1,Mowajahat.ae,Mowajahat,40,37.4,100.0,https://epgshare01.online/epgshare01/epg_ripper_AE1.xml.gz
epgshare,AE1,MTA.3.ae,MTA 3,40,37.4,100.0,https://epgshare01.online/epgshare01/epg_ripper_AE1.xml.gz
epgshare,AE1,Musawa.HD.ae,Musawa HD,40,37.4,100.0,https://epgshare01.online/epgshare01/epg_ripper_AE1.xml.gz
epgshare,AE1,Nabaa.TV.ae,Nabaa TV,40,37.4,100.0,https://epgshare01.online/epgshare01/epg_ripper_AE1.xml.gz
epgshare,AE1,Nablus.Radio.ae,Nablus Radio,40,37.4,100.0,https://epgshare01.online/epgshare01/epg_ripper_AE1.xml.gz
epgshare,AE1,Nagham.FM.ae,Nagham FM,40,37.4,100.0,https://epgshare01.online/epgshare01/epg_ripper_AE1.xml.gz
epgshare,AE1,Nedaa.El.Islam.ae,Nedaa El Islam,40,37.4,100.0,https://epgshare01.online/epgshare01/epg_ripper_AE1.xml.gz
epgshare,AE1,Nile.FM.ae,Nile FM,40,37.4,100.0,https://epgshare01.online/epgshare01/epg_ripper_AE1.xml.gz
epgshare,AE1,Nogoum.FM.ae,Nogoum FM,40,37.4,100.0,https://epgshare01.online/epgshare01/epg_ripper_AE1.xml.gz
epgshare,AE1,North.Sinai.ae,North Sinai,40,37.4,100.0,https://epgshare01.online/epgshare01/epg_ripper_AE1.xml.gz
epgshare,AE1,Nour.Koddass.ae,Nour Koddass,40,37.4,100.0,https://epgshare01.online/epgshare01/epg_ripper_AE1.xml.gz
epgshare,AE1,Noursat.TV.ae,Noursat TV,40,37.4,100.0,https://epgshare01.online/epgshare01/epg_ripper_AE1.xml.gz
epgshare,AE1,OFM.ae,OFM,40,37.4,100.0,https://epgshare01.online/epgshare01/epg_ripper_AE1.xml.gz
epgshare,AE1,Oman.Classic.Radio.ae,Oman Classic Radio,40,37.4,100.0,https://epgshare01.online/epgshare01/epg_ripper_AE1.xml.gz
epgshare,AE1,Oman.General.Radio.ae,Oman General Radio,40,37.4,100.0,https://epgshare01.online/epgshare01/epg_ripper_AE1.xml.gz
epgshare,AE1,Oman.HolyQuran.Radio.ae,Oman HolyQuran Radio,40,37.4,100.0,https://epgshare01.online/epgshare01/epg_ripper_AE1.xml.gz
epgshare,AE1,Oman.Shabab.Radio.ae,Oman Shabab Radio,40,37.4,100.0,https://epgshare01.online/epgshare01/epg_ripper_AE1.xml.gz
epgshare,AE1,OSN.TV.ae,OSN TV,40,37.4,100.0,https://epgshare01.online/epgshare01/epg_ripper_AE1.xml.gz
epgshare,AE1,Oyoun.Al.Watan.TV.ae,Oyoun Al Watan TV,40,37.4,100.0,https://epgshare01.online/epgshare01/epg_ripper_AE1.xml.gz
epgshare,AE1,Palestine.Quraan.ae,Palestine Quraan,40,37.4,100.0,https://epgshare01.online/epgshare01/epg_ripper_AE1.xml.gz
epgshare,AE1,Palestine.Quran.2.ae,Palestine Quran 2,40,37.4,100.0,https://epgshare01.online/epgshare01/epg_ripper_AE1.xml.gz
epgshare,AE1,Palestine.Radio.ae,Palestine Radio,40,37.4,100.0,https://epgshare01.online/epgshare01/epg_ripper_AE1.xml.gz
epgshare,AE1,Pishto.ae,Pishto,40,37.4,100.0,https://epgshare01.online/epgshare01/epg_ripper_AE1.xml.gz
epgshare,AE1,PraiseLive.Global.ae,PraiseLive Global,40,37.4,100.0,https://epgshare01.online/epgshare01/epg_ripper_AE1.xml.gz
epgshare,AE1,Pulse95.SHJ.ae,Pulse95 SHJ,40,37.4,100.0,https://epgshare01.online/epgshare01/epg_ripper_AE1.xml.gz
epgshare,AE1,Qatar.Oryx.Radio.ae,Qatar Oryx Radio,40,37.4,100.0,https://epgshare01.online/epgshare01/epg_ripper_AE1.xml.gz
epgshare,AE1,Qatar.QBS.Radio.ae,Qatar QBS Radio,40,37.4,100.0,https://epgshare01.online/epgshare01/epg_ripper_AE1.xml.gz
epgshare,AE1,Qatar.R.Quran.ae,Qatar R Quran,40,37.4,100.0,https://epgshare01.online/epgshare01/epg_ripper_AE1.xml.gz
epgshare,AE1,Qatar.R.Quran.2.ae,Qatar R Quran 2,40,37.4,100.0,https://epgshare01.online/epgshare01/epg_ripper_AE1.xml.gz
epgshare,AE1,Qatar.Radio.ae,Qatar Radio,40,37.4,100.0,https://epgshare01.online/epgshare01/epg_ripper_AE1.xml.gz
epgshare,AE1,Qatar.Urdu.Radio.ae,Qatar Urdu Radio,40,37.4,100.0,https://epgshare01.online/epgshare01/epg_ripper_AE1.xml.gz
epgshare,AE1,Quran.Kareem.ae,Quran Kareem,40,37.4,100.0,https://epgshare01.online/epgshare01/epg_ripper_AE1.xml.gz
epgshare,AE1,Quran.Kareem.Jordan.ae,Quran Kareem Jordan,40,37.4,100.0,https://epgshare01.online/epgshare01/epg_ripper_AE1.xml.gz
epgshare,AE1,Radio.1.ae,Radio 1,40,37.4,100.0,https://epgshare01.online/epgshare01/epg_ripper_AE1.xml.gz
epgshare,AE1,Radio.2.ae,Radio 2,40,37.4,100.0,https://epgshare01.online/epgshare01/epg_ripper_AE1.xml.gz
epgshare,AE1,Radio.21.September.ae,Radio 21 September,40,37.4,100.0,https://epgshare01.online/epgshare01/epg_ripper_AE1.xml.gz
epgshare,AE1,Radio.9090.ae,Radio 9090,40,37.4,100.0,https://epgshare01.online/epgshare01/epg_ripper_AE1.xml.gz
epgshare,AE1,Radio.Coran.ae,Radio Coran,40,37.4,100.0,https://epgshare01.online/epgshare01/epg_ripper_AE1.xml.gz
epgshare,AE1,Radio.Culture.ae,Radio Culture,40,37.4,100.0,https://epgshare01.online/epgshare01/epg_ripper_AE1.xml.gz
epgshare,AE1,Radio.Fann.Jordan.ae,Radio Fann Jordan,40,37.4,100.0,https://epgshare01.online/epgshare01/epg_ripper_AE1.xml.gz
epgshare,AE1,Radio.Hits.ae,Radio Hits,40,37.4,100.0,https://epgshare01.online/epgshare01/epg_ripper_AE1.xml.gz
epgshare,AE1,Radio.Internationale.ae,Radio Internationale,40,37.4,100.0,https://epgshare01.online/epgshare01/epg_ripper_AE1.xml.gz
epgshare,AE1,Radio.Jeunesse.ae,Radio Jeunesse,40,37.4,100.0,https://epgshare01.online/epgshare01/epg_ripper_AE1.xml.gz
epgshare,AE1,Radio.Mariam.Arabic.ae,Radio Mariam Arabic,40,37.4,100.0,https://epgshare01.online/epgshare01/epg_ripper_AE1.xml.gz
epgshare,AE1,Radio.Masr.ae,Radio Masr,40,37.4,100.0,https://epgshare01.online/epgshare01/epg_ripper_AE1.xml.gz
epgshare,AE1,Radio.Salam.ae,Radio Salam,40,37.4,100.0,https://epgshare01.online/epgshare01/epg_ripper_AE1.xml.gz
epgshare,AE1,Radio.Sawt.El.Shaab.ae,Radio Sawt El Shaab,40,37.4,100.0,https://epgshare01.online/epgshare01/epg_ripper_AE1.xml.gz
epgshare,AE1,Radio.Talavat.ae,Radio Talavat,40,37.4,100.0,https://epgshare01.online/epgshare01/epg_ripper_AE1.xml.gz
epgshare,AE1,RDK.ae,RDK,40,37.4,100.0,https://epgshare01.online/epgshare01/epg_ripper_AE1.xml.gz
epgshare,AE1,Riyad.Radio.ae,Riyad Radio,40,37.4,100.0,https://epgshare01.online/epgshare01/epg_ripper_AE1.xml.gz
epgshare,AE1,Riyadh.FM.Split.ae,Riyadh FM Split,40,37.4,100.0,https://epgshare01.online/epgshare01/epg_ripper_AE1.xml.gz
epgshare,AE1,Rojava.FM.ae,Rojava FM,40,37.4,100.0,https://epgshare01.online/epgshare01/epg_ripper_AE1.xml.gz
epgshare,AE1,Rotana.FM.KSA.ae,Rotana FM KSA,40,37.4,100.0,https://epgshare01.online/epgshare01/epg_ripper_AE1.xml.gz
epgshare,AE1,Rotana.Radio.Jordan.ae,Rotana Radio Jordan,40,37.4,100.0,https://epgshare01.online/epgshare01/epg_ripper_AE1.xml.gz
epgshare,AE1,Rotana.Tarab.Jordan.ae,Rotana Tarab Jordan,40,37.4,100.0,https://epgshare01.online/epgshare01/epg_ripper_AE1.xml.gz
epgshare,AE1,Sahar.Kurdi.ae,Sahar Kurdi,40,37.4,100.0,https://epgshare01.online/epgshare01/epg_ripper_AE1.xml.gz
epgshare,AE1,Salam.HD.ae,Salam HD,40,37.4,100.0,https://epgshare01.online/epgshare01/epg_ripper_AE1.xml.gz
epgshare,AE1,Saout.Alaqila.ae,Saout Alaqila,40,37.4,100.0,https://epgshare01.online/epgshare01/epg_ripper_AE1.xml.gz
epgshare,AE1,Sat-7.Arabic.ae,Sat-7 Arabic,40,37.4,100.0,https://epgshare01.online/epgshare01/epg_ripper_AE1.xml.gz
epgshare,AE1,Sat.tv.ae,Sat.tv,40,37.4,100.0,https://epgshare01.online/epgshare01/epg_ripper_AE1.xml.gz
epgshare,AE1,Saudi.Radio.1.ae,Saudi Radio 1,40,37.4,100.0,https://epgshare01.online/epgshare01/epg_ripper_AE1.xml.gz
epgshare,AE1,Saudi.Radio.2.ae,Saudi Radio 2,40,37.4,100.0,https://epgshare01.online/epgshare01/epg_ripper_AE1.xml.gz
epgshare,AE1,Sawt.Al-alam.ae,Sawt Al-alam,40,37.4,100.0,https://epgshare01.online/epgshare01/epg_ripper_AE1.xml.gz
epgshare,AE1,Sawtoman.Radio.ae,Sawtoman Radio,40,37.4,100.0,https://epgshare01.online/epgshare01/epg_ripper_AE1.xml.gz
epgshare,AE1,SBN.ae,SBN,40,37.4,100.0,https://epgshare01.online/epgshare01/epg_ripper_AE1.xml.gz
epgshare,AE1,Sha3by.FM.ae,Sha3by FM,40,37.4,100.0,https://epgshare01.online/epgshare01/epg_ripper_AE1.xml.gz
epgshare,AE1,Sharjah.Quran.ae,Sharjah Quran,40,37.4,100.0,https://epgshare01.online/epgshare01/epg_ripper_AE1.xml.gz
epgshare,AE1,Sharjah.Radio.ae,Sharjah Radio,40,37.4,100.0,https://epgshare01.online/epgshare01/epg_ripper_AE1.xml.gz
epgshare,AE1,Sharqiya.from.Kalba.HD.ae,Sharqiya from Kalba HD,40,37.4,100.0,https://epgshare01.online/epgshare01/epg_ripper_AE1.xml.gz
epgshare,AE1,Sout.AL.Arab.ae,Sout AL Arab,40,37.4,100.0,https://epgshare01.online/epgshare01/epg_ripper_AE1.xml.gz
epgshare,AE1,Sout.Al.Islam.Doha.ae,Sout Al Islam Doha,40,37.4,100.0,https://epgshare01.online/epgshare01/epg_ripper_AE1.xml.gz
epgshare,AE1,Sout.Al.Rayyan.ae,Sout Al Rayyan,40,37.4,100.0,https://epgshare01.online/epgshare01/epg_ripper_AE1.xml.gz
epgshare,AE1,Sout.Alkhaleej.2.ae,Sout Alkhaleej 2,40,37.4,100.0,https://epgshare01.online/epgshare01/epg_ripper_AE1.xml.gz
epgshare,AE1,Sout.Alkhaleej.3.ae,Sout Alkhaleej 3,40,37.4,100.0,https://epgshare01.online/epgshare01/epg_ripper_AE1.xml.gz
epgshare,AE1,Sout.Alkhaleej.4.ae,Sout Alkhaleej 4,40,37.4,100.0,https://epgshare01.online/epgshare01/epg_ripper_AE1.xml.gz
epgshare,AE1,Sout.Alkhaleej.Europe.ae,Sout Alkhaleej Europe,40,37.4,100.0,https://epgshare01.online/epgshare01/epg_ripper_AE1.xml.gz
epgshare,AE1,South.Sinai.ae,South Sinai,40,37.4,100.0,https://epgshare01.online/epgshare01/epg_ripper_AE1.xml.gz
epgshare,AE1,Stêrk.TV.HD.ae,Stêrk TV HD,40,37.4,100.0,https://epgshare01.online/epgshare01/epg_ripper_AE1.xml.gz
epgshare,AE1,Suboro.TV.ae,Suboro TV,40,37.4,100.0,https://epgshare01.online/epgshare01/epg_ripper_AE1.xml.gz
epgshare,AE1,Sumer.FM.ae,Sumer FM,40,37.4,100.0,https://epgshare01.online/epgshare01/epg_ripper_AE1.xml.gz
epgshare,AE1,Syria.One.TV.ae,Syria One TV,40,37.4,100.0,https://epgshare01.online/epgshare01/epg_ripper_AE1.xml.gz
epgshare,AE1,Syria.TV.HD.ae,Syria TV HD,40,37.4,100.0,https://epgshare01.online/epgshare01/epg_ripper_AE1.xml.gz
epgshare,AE1,Tayba.TV.ae,Tayba TV,40,37.4,100.0,https://epgshare01.online/epgshare01/epg_ripper_AE1.xml.gz
epgshare,AE1,TCHAD.Radio.ae,TCHAD Radio,40,37.4,100.0,https://epgshare01.online/epgshare01/epg_ripper_AE1.xml.gz
epgshare,AE1,The.Kingdom.Sat.ae,The Kingdom Sat,40,37.4,100.0,https://epgshare01.online/epgshare01/epg_ripper_AE1.xml.gz
epgshare,AE1,TWR.ARABIC.ae,TWR ARABIC,40,37.4,100.0,https://epgshare01.online/epgshare01/epg_ripper_AE1.xml.gz
epgshare,AE1,Télé.Tchad.ae,Télé Tchad,40,37.4,100.0,https://epgshare01.online/epgshare01/epg_ripper_AE1.xml.gz
epgshare,AE1,Türkmeneli.TV.HD.ae,Türkmeneli TV HD,40,37.4,100.0,https://epgshare01.online/epgshare01/epg_ripper_AE1.xml.gz
epgshare,AE1,UTV.Iraq.ae,UTV Iraq,40,37.4,100.0,https://epgshare01.online/epgshare01/epg_ripper_AE1.xml.gz
epgshare,AE1,VOA.IRAQ.ae,VOA IRAQ,40,37.4,100.0,https://epgshare01.online/epgshare01/epg_ripper_AE1.xml.gz
epgshare,AE1,Voice.Of.Palestine.ae,Voice Of Palestine,40,37.4,100.0,https://epgshare01.online/epgshare01/epg_ripper_AE1.xml.gz
epgshare,AE1,Waar.HD.ae,Waar HD,40,37.4,100.0,https://epgshare01.online/epgshare01/epg_ripper_AE1.xml.gz
epgshare,AE1,Wadi.Al-Neil.&.Palestine.ae,Wadi Al-Neil & Palestine,40,37.4,100.0,https://epgshare01.online/epgshare01/epg_ripper_AE1.xml.gz
epgshare,AE1,Watan.TV.ae,Watan TV,40,37.4,100.0,https://epgshare01.online/epgshare01/epg_ripper_AE1.xml.gz
epgshare,AE1,WATAR.SHJ.ae,WATAR SHJ,40,37.4,100.0,https://epgshare01.online/epgshare01/epg_ripper_AE1.xml.gz
epgshare,AE1,West.Elbalad.Zaman.ae,West Elbalad Zaman,40,37.4,100.0,https://epgshare01.online/epgshare01/epg_ripper_AE1.xml.gz
epgshare,AE1,Zamen.FM.ae,Zamen FM,40,37.4,100.0,https://epgshare01.online/epgshare01/epg_ripper_AE1.xml.gz
epgshare,AE1,Zayed.Quran.ae,Zayed Quran,40,37.4,100.0,https://epgshare01.online/epgshare01/epg_ripper_AE1.xml.gz
epgshare,AE1,Çira.TV.ae,Çira TV,40,37.4,100.0,https://epgshare01.online/epgshare01/epg_ripper_AE1.xml.gz
epgshare,AR1,Canal.TNT.Novelas.(Argentina).ar,Canal TNT Novelas (Argentina),40,33.0,0.0,https://epgshare01.online/epgshare01/epg_ripper_AR1.xml.gz
openepg,saudiarabia2,Abu Dhabi.sa,Abu Dhabi.sa,40,29.4,100.0,https://www.open-epg.com/files/saudiarabia2.xml
openepg,saudiarabia2,CNN.sa,CNN.sa,40,29.4,100.0,https://www.open-epg.com/files/saudiarabia2.xml
openepg,saudiarabia2,Saudi 1.sa,Saudi 1.sa,40,28.9,100.0,https://www.open-epg.com/files/saudiarabia2.xml
openepg,saudiarabia2,Nat. Geo. Wild HD.sa,Nat. Geo. Wild HD.sa,40,28.6,100.0,https://www.open-epg.com/files/saudiarabia2.xml
epgshare,AE1,Dubai.Racing.1.HD.ae,Dubai Racing 1 HD,39,61.9,100.0,https://epgshare01.online/epgshare01/epg_ripper_AE1.xml.gz
openepg,egypt2,Sada El Balad.eg,Sada El Balad.eg,39,45.4,35.9,https://www.open-epg.com/files/egypt2.xml
openepg,egypt2,LBC.eg,LBC.eg,39,44.4,87.2,https://www.open-epg.com/files/egypt2.xml
openepg,egypt2,Nile Life.eg,Nile Life.eg,39,44.4,30.8,https://www.open-epg.com/files/egypt2.xml
openepg,saudiarabia1,AD Sports Premium 1.sa,AD Sports Premium 1.sa,39,42.4,100.0,https://www.open-epg.com/files/saudiarabia1.xml
openepg,saudiarabia1,AD Sports Premium 2.sa,AD Sports Premium 2.sa,39,42.4,100.0,https://www.open-epg.com/files/saudiarabia1.xml
openepg,saudiarabia1,MBC MASR 2.sa,MBC MASR 2.sa,39,41.9,100.0,https://www.open-epg.com/files/saudiarabia1.xml
openepg,qatar1,beIN SPORTS XTRA 4.qa,beIN SPORTS XTRA 4.qa,39,41.4,89.7,https://www.open-epg.com/files/qatar1.xml
openepg,egypt1,المصرية.eg,المصرية.eg,39,40.4,33.3,https://www.open-epg.com/files/egypt1.xml
openepg,egypt1,قناة مصر الأولى.eg,قناة مصر الأولى.eg,39,40.4,33.3,https://www.open-epg.com/files/egypt1.xml
openepg,qatar3,AFC 4.qa,AFC 4.qa,39,40.4,0.0,https://www.open-epg.com/files/qatar3.xml
openepg,qatar3,AFC 5.qa,AFC 5.qa,39,40.4,0.0,https://www.open-epg.com/files/qatar3.xml
openepg,qatar2,beIN SPORTS XTRA 04 bein.com.qa,beIN SPORTS XTRA 04 bein.com.qa,39,40.4,0.0,https://www.open-epg.com/files/qatar2.xml
openepg,qatar2,beIN SPORTS XTRA 05 bein.com.qa,beIN SPORTS XTRA 05 bein.com.qa,39,40.4,0.0,https://www.open-epg.com/files/qatar2.xml
openepg,qatar2,beIN SPORTS XTRA2 Digital.qa,beIN SPORTS XTRA2 Digital.qa,39,40.4,0.0,https://www.open-epg.com/files/qatar2.xml
openepg,qatar3,bein.com-07.qa,bein.com-07.qa,39,40.4,0.0,https://www.open-epg.com/files/qatar3.xml
openepg,qatar3,bein.com-08.qa,bein.com-08.qa,39,40.4,0.0,https://www.open-epg.com/files/qatar3.xml
openepg,qatar2,beINSPORTSXTRA3.qa,beINSPORTSXTRA3.qa,39,40.4,0.0,https://www.open-epg.com/files/qatar2.xml
openepg,egypt1,بي إن سيريس إتش دي 2.eg,بي إن سيريس إتش دي 2.eg,39,34.8,100.0,https://www.open-epg.com/files/egypt1.xml
openepg,egypt2,Utv.eg,Utv.eg,39,34.4,33.3,https://www.open-epg.com/files/egypt2.xml
openepg,egypt1,يو تي في.eg,يو تي في.eg,39,34.4,33.3,https://www.open-epg.com/files/egypt1.xml
openepg,saudiarabia2,stc tv drama.sa,stc tv drama.sa,39,29.1,100.0,https://www.open-epg.com/files/saudiarabia2.xml
openepg,saudiarabia3,Al Nahar TV.sa,Al Nahar TV.sa,39,28.9,100.0,https://www.open-epg.com/files/saudiarabia3.xml
openepg,saudiarabia4,Al Nahar TV.sa,Al Nahar TV.sa,39,28.9,100.0,https://www.open-epg.com/files/saudiarabia4.xml
openepg,saudiarabia2,MBC+ Drama HD.sa,MBC+ Drama HD.sa,39,28.9,100.0,https://www.open-epg.com/files/saudiarabia2.xml
openepg,saudiarabia2,Nat. Geo. AD.sa,Nat. Geo. AD.sa,39,28.8,100.0,https://www.open-epg.com/files/saudiarabia2.xml
openepg,egypt2,Alhayat TV.eg,Alhayat TV.eg,38,45.4,39.5,https://www.open-epg.com/files/egypt2.xml
openepg,saudiarabia1,LBC.sa,LBC.sa,38,43.4,100.0,https://www.open-epg.com/files/saudiarabia1.xml
openepg,saudiarabia1,MBC Bollywood.sa,MBC Bollywood.sa,38,43.0,100.0,https://www.open-epg.com/files/saudiarabia1.xml
openepg,saudiarabia1,Dubai Sports HD.sa,Dubai Sports HD.sa,38,42.1,100.0,https://www.open-epg.com/files/saudiarabia1.xml
openepg,qatar4,Nat geo hd.qa,Nat geo hd.qa,38,41.4,0.0,https://www.open-epg.com/files/qatar4.xml
epgshare,AE1,Dubai.Sports.1.ae,Dubai Sports 1,38,40.6,0.0,https://epgshare01.online/epgshare01/epg_ripper_AE1.xml.gz
openepg,egypt1,روتانا خليجية.eg,روتانا خليجية.eg,38,40.4,57.9,https://www.open-epg.com/files/egypt1.xml
openepg,egypt1,تن.eg,تن.eg,38,40.4,34.2,https://www.open-epg.com/files/egypt1.xml
epgshare,BEIN1,beIN_SPORTS_XTRA_04_bein.com_AR.bein,beIN_SPORTS_XTRA_04_bein.com_AR,38,37.4,0.0,https://epgshare01.online/epgshare01/epg_ripper_BEIN1.xml.gz
epgshare,BEIN1,beIN_SPORTS_XTRA_04_bein.com_EN.bein,beIN_SPORTS_XTRA_04_bein.com_EN,38,37.4,0.0,https://epgshare01.online/epgshare01/epg_ripper_BEIN1.xml.gz
epgshare,BEIN1,beIN_SPORTS_XTRA_05_bein.com_AR.bein,beIN_SPORTS_XTRA_05_bein.com_AR,38,37.4,0.0,https://epgshare01.online/epgshare01/epg_ripper_BEIN1.xml.gz
epgshare,BEIN1,beIN_SPORTS_XTRA_05_bein.com_EN.bein,beIN_SPORTS_XTRA_05_bein.com_EN,38,37.4,0.0,https://epgshare01.online/epgshare01/epg_ripper_BEIN1.xml.gz
epgshare,BEIN1,beIN_SPORTS_XTRA_06_bein.com_AR.bein,beIN_SPORTS_XTRA_06_bein.com_AR,38,37.4,0.0,https://epgshare01.online/epgshare01/epg_ripper_BEIN1.xml.gz
epgshare,BEIN1,beIN_SPORTS_XTRA_06_bein.com_EN.bein,beIN_SPORTS_XTRA_06_bein.com_EN,38,37.4,0.0,https://epgshare01.online/epgshare01/epg_ripper_BEIN1.xml.gz
epgshare,BEIN1,beIN_SPORTS_XTRA_07_bein.com_AR.bein,beIN_SPORTS_XTRA_07_bein.com_AR,38,37.4,0.0,https://epgshare01.online/epgshare01/epg_ripper_BEIN1.xml.gz
epgshare,BEIN1,beIN_SPORTS_XTRA_07_bein.com_EN.bein,beIN_SPORTS_XTRA_07_bein.com_EN,38,37.4,0.0,https://epgshare01.online/epgshare01/epg_ripper_BEIN1.xml.gz
epgshare,BEIN1,beIN_SPORTS_XTRA_08_Bein.com_AR.bein,beIN_SPORTS_XTRA_08_Bein.com_AR,38,37.4,0.0,https://epgshare01.online/epgshare01/epg_ripper_BEIN1.xml.gz
epgshare,BEIN1,beIN_SPORTS_XTRA_08_Bein.com_EN.bein,beIN_SPORTS_XTRA_08_Bein.com_EN,38,37.4,0.0,https://epgshare01.online/epgshare01/epg_ripper_BEIN1.xml.gz
epgshare,BEIN1,beIN_SPORTS_XTRA_Digital_09_Bein.com_AR.bein,beIN_SPORTS_XTRA_Digital_09_Bein.com_AR,38,37.4,0.0,https://epgshare01.online/epgshare01/epg_ripper_BEIN1.xml.gz
epgshare,BEIN1,beIN_SPORTS_XTRA_Digital_09_Bein.com_EN.bein,beIN_SPORTS_XTRA_Digital_09_Bein.com_EN,38,37.4,0.0,https://epgshare01.online/epgshare01/epg_ripper_BEIN1.xml.gz
openepg,qatar6,Alkass Three.qa,Alkass Three.qa,38,33.9,0.0,https://www.open-epg.com/files/qatar6.xml
epgshare,AR1,Canal.History.2.(Argentina).ar,Canal History 2 (Argentina),38,32.6,0.0,https://epgshare01.online/epgshare01/epg_ripper_AR1.xml.gz
epgshare,AR1,Canal.Teleantioquia.ar,Canal Teleantioquia,38,32.4,2.6,https://epgshare01.online/epgshare01/epg_ripper_AR1.xml.gz
openepg,saudiarabia2,MBC Action HD.sa,MBC Action HD.sa,38,29.4,100.0,https://www.open-epg.com/files/saudiarabia2.xml
openepg,saudiarabia3,MBC Action HD.sa,MBC Action HD.sa,38,29.4,100.0,https://www.open-epg.com/files/saudiarabia3.xml
openepg,saudiarabia4,MBC Action HD.sa,MBC Action HD.sa,38,29.4,100.0,https://www.open-epg.com/files/saudiarabia4.xml
openepg,saudiarabia2,Nat. Geographic.sa,Nat. Geographic.sa,38,29.4,100.0,https://www.open-epg.com/files/saudiarabia2.xml
openepg,saudiarabia2,MBC 1 HD.sa,MBC 1 HD.sa,38,29.3,100.0,https://www.open-epg.com/files/saudiarabia2.xml
openepg,saudiarabia3,MBC 1 HD.sa,MBC 1 HD.sa,38,29.3,100.0,https://www.open-epg.com/files/saudiarabia3.xml
openepg,saudiarabia4,MBC 1 HD.sa,MBC 1 HD.sa,38,29.3,100.0,https://www.open-epg.com/files/saudiarabia4.xml
openepg,saudiarabia2,Discovery HD.sa,Discovery HD.sa,38,28.9,100.0,https://www.open-epg.com/files/saudiarabia2.xml
epgshare,BEIN1,beIN_SPORTS2_ENGLISH_Digital_Mono_AR.bein,beIN_SPORTS2_ENGLISH_Digital_Mono_AR,37,62.6,0.0,https://epgshare01.online/epgshare01/epg_ripper_BEIN1.xml.gz
epgshare,BEIN1,beIN_SPORTS3_DIGITAL_Mono_AR.bein,beIN_SPORTS3_DIGITAL_Mono_AR,37,62.4,0.0,https://epgshare01.online/epgshare01/epg_ripper_BEIN1.xml.gz
epgshare,BEIN1,beIN_SPORTS7_DIGITAL_Mono_EN.bein,beIN_SPORTS7_DIGITAL_Mono_EN,37,61.4,0.0,https://epgshare01.online/epgshare01/epg_ripper_BEIN1.xml.gz
openepg,egypt2,MBC Egypt.eg,MBC Egypt.eg,37,47.3,100.0,https://www.open-epg.com/files/egypt2.xml
openepg,egypt2,Sada El Balad 2.eg,Sada El Balad 2.eg,37,45.4,2.7,https://www.open-epg.com/files/egypt2.xml
openepg,egypt2,MBC 5.eg,MBC 5.eg,37,44.1,91.9,https://www.open-epg.com/files/egypt2.xml
openepg,qatar4,Star Movies 2024-200x200-1.qa,Star Movies 2024-200x200-1.qa,37,42.4,0.0,https://www.open-epg.com/files/qatar4.xml
openepg,qatar5,Star Movies 2024-200x200-1.qa,Star Movies 2024-200x200-1.qa,37,42.4,0.0,https://www.open-epg.com/files/qatar5.xml
openepg,egypt1,إم بي سي مصر 2.eg,إم بي سي مصر 2.eg,37,40.4,89.2,https://www.open-epg.com/files/egypt1.xml
openepg,egypt1,ميكس وان.eg,ميكس وان.eg,37,40.4,81.1,https://www.open-epg.com/files/egypt1.xml
openepg,qatar3,2023 Alkass 1.qa,2023 Alkass 1.qa,37,37.4,0.0,https://www.open-epg.com/files/qatar3.xml
openepg,qatar3,2023 Alkass 4.qa,2023 Alkass 4.qa,37,37.4,0.0,https://www.open-epg.com/files/qatar3.xml
openepg,qatar2,2023 Alkass 6.qa,2023 Alkass 6.qa,37,37.4,0.0,https://www.open-epg.com/files/qatar2.xml
openepg,egypt2,SBC.eg,SBC.eg,37,35.4,62.2,https://www.open-epg.com/files/egypt2.xml
openepg,egypt1,إس بي سي.eg,إس بي سي.eg,37,35.4,62.2,https://www.open-epg.com/files/egypt1.xml
openepg,saudiarabia2,Discovery Family HD.sa,Discovery Family HD.sa,37,29.0,100.0,https://www.open-epg.com/files/saudiarabia2.xml
openepg,saudiarabia3,MBC Plus Variety HD.sa,MBC Plus Variety HD.sa,37,28.8,100.0,https://www.open-epg.com/files/saudiarabia3.xml
openepg,saudiarabia4,MBC Plus Variety HD.sa,MBC Plus Variety HD.sa,37,28.8,100.0,https://www.open-epg.com/files/saudiarabia4.xml
openepg,saudiarabia2,MBC VARIETY.sa,MBC VARIETY.sa,37,28.8,100.0,https://www.open-epg.com/files/saudiarabia2.xml
epgshare,SA2,EN:.Maraya.Channel.sa,EN: Maraya Channel,36,85.4,91.7,https://epgshare01.online/epgshare01/epg_ripper_SA2.xml.gz
epgshare,AE1,Dubai.One.HD.ae,Dubai One HD,36,62.4,100.0,https://epgshare01.online/epgshare01/epg_ripper_AE1.xml.gz
openepg,uae6,MBC MAX.ae,MBC MAX.ae,36,49.9,100.0,https://www.open-epg.com/files/uae6.xml
openepg,egypt2,Roya.eg,Roya.eg,36,45.4,66.7,https://www.open-epg.com/files/egypt2.xml
openepg,qatar1,beIN SPORTS XTRA 1.qa,beIN SPORTS XTRA 1.qa,36,41.4,94.4,https://www.open-epg.com/files/qatar1.xml
openepg,qatar1,beIN SPORTS 7.qa,beIN SPORTS 7.qa,36,40.8,86.1,https://www.open-epg.com/files/qatar1.xml
openepg,egypt1,إل بي سي.eg,إل بي سي.eg,36,40.4,86.1,https://www.open-epg.com/files/egypt1.xml
openepg,egypt1,نايل لايف.eg,نايل لايف.eg,36,40.4,33.3,https://www.open-epg.com/files/egypt1.xml
openepg,qatar2,2023 Alkass 5.qa,2023 Alkass 5.qa,36,37.4,0.0,https://www.open-epg.com/files/qatar2.xml
openepg,qatar3,NBA DIGITAL.qa,NBA DIGITAL.qa,36,37.4,0.0,https://www.open-epg.com/files/qatar3.xml
openepg,egypt2,Alsumaria.eg,Alsumaria.eg,36,36.4,41.7,https://www.open-epg.com/files/egypt2.xml
openepg,egypt1,السومرية.eg,السومرية.eg,36,36.4,41.7,https://www.open-epg.com/files/egypt1.xml
openepg,egypt1,الجديد.eg,الجديد.eg,36,34.9,36.1,https://www.open-epg.com/files/egypt1.xml
openepg,egypt2,Al Jadeed TV.eg,Al Jadeed TV.eg,36,34.9,30.6,https://www.open-epg.com/files/egypt2.xml
openepg,egypt2,beIN Drama.eg,beIN Drama.eg,36,34.4,97.2,https://www.open-epg.com/files/egypt2.xml
openepg,egypt1,بي إن دراما.eg,بي إن دراما.eg,36,34.4,97.2,https://www.open-epg.com/files/egypt1.xml
openepg,saudiarabia2,Dubai.sa,Dubai.sa,36,29.4,100.0,https://www.open-epg.com/files/saudiarabia2.xml
openepg,saudiarabia2,TLC HD.sa,TLC HD.sa,36,29.3,100.0,https://www.open-epg.com/files/saudiarabia2.xml
openepg,saudiarabia2,Al Nahar.sa,Al Nahar.sa,36,28.9,100.0,https://www.open-epg.com/files/saudiarabia2.xml
openepg,saudiarabia2,Sama Dubai.sa,Sama Dubai.sa,36,28.9,100.0,https://www.open-epg.com/files/saudiarabia2.xml
epgshare,AR1,Canal.TVE.Internacional.(Televisión.Española).ar,Canal TVE Internacional (Televisión Española),35,88.4,0.0,https://epgshare01.online/epgshare01/epg_ripper_AR1.xml.gz
epgshare,AR1,Canal.Cinecanal.(Argentina).ar,Canal Cinecanal (Argentina),35,86.1,22.9,https://epgshare01.online/epgshare01/epg_ripper_AR1.xml.gz
openepg,saudiarabia1,Dubai One.sa,Dubai One.sa,35,41.9,100.0,https://www.open-epg.com/files/saudiarabia1.xml
openepg,saudiarabia1,MBC MASR.sa,MBC MASR.sa,35,41.7,100.0,https://www.open-epg.com/files/saudiarabia1.xml
openepg,egypt1,الحياة.eg,الحياة.eg,35,40.8,40.0,https://www.open-epg.com/files/egypt1.xml
openepg,egypt1,صدى البلد.eg,صدى البلد.eg,35,40.4,37.1,https://www.open-epg.com/files/egypt1.xml
openepg,egypt2,One Drama.eg,One Drama.eg,35,34.9,100.0,https://www.open-epg.com/files/egypt2.xml
openepg,egypt1,وان دراما.eg,وان دراما.eg,35,34.9,100.0,https://www.open-epg.com/files/egypt1.xml
openepg,egypt2,Sada El Balad Drama.eg,Sada El Balad Drama.eg,35,34.4,100.0,https://www.open-epg.com/files/egypt2.xml
openepg,egypt2,Zee alwan.eg,Zee alwan.eg,35,34.4,100.0,https://www.open-epg.com/files/egypt2.xml
openepg,egypt1,زي ألوان.eg,زي ألوان.eg,35,34.4,100.0,https://www.open-epg.com/files/egypt1.xml
openepg,egypt1,صدى البلد دراما.eg,صدى البلد دراما.eg,35,34.4,100.0,https://www.open-epg.com/files/egypt1.xml
openepg,egypt2,LTV.eg,LTV.eg,35,34.4,77.1,https://www.open-epg.com/files/egypt2.xml
openepg,egypt1,ال تي في.eg,ال تي في.eg,35,34.4,77.1,https://www.open-epg.com/files/egypt1.xml
openepg,saudiarabia2,Fatafeat.sa,Fatafeat.sa,35,29.4,100.0,https://www.open-epg.com/files/saudiarabia2.xml
openepg,saudiarabia3,MBC Iraq HD.sa,MBC Iraq HD.sa,35,29.3,100.0,https://www.open-epg.com/files/saudiarabia3.xml
openepg,saudiarabia4,MBC Iraq HD.sa,MBC Iraq HD.sa,35,29.3,100.0,https://www.open-epg.com/files/saudiarabia4.xml
openepg,saudiarabia2,Zekrayat.sa,Zekrayat.sa,35,28.9,100.0,https://www.open-epg.com/files/saudiarabia2.xml
epgshare,BEIN1,4k_DIGITAL_Mono_AR.bein,4k_DIGITAL_Mono_AR,34,62.8,0.0,https://epgshare01.online/epgshare01/epg_ripper_BEIN1.xml.gz
epgshare,AE1,Rotana.Cinema.Egypt.ae,Rotana Cinema Egypt,34,62.4,100.0,https://epgshare01.online/epgshare01/epg_ripper_AE1.xml.gz
epgshare,AE1,Nile.Cinema.ae,Nile Cinema,34,61.4,100.0,https://epgshare01.online/epgshare01/epg_ripper_AE1.xml.gz
epgshare,AE1,Zee.Aflam.ae,Zee Aflam,34,61.4,100.0,https://epgshare01.online/epgshare01/epg_ripper_AE1.xml.gz
epgshare,BEIN1,beIN_SPORTS1_ENGLISH_Digital_Mono_AR.bein,beIN_SPORTS1_ENGLISH_Digital_Mono_AR,34,61.4,0.0,https://epgshare01.online/epgshare01/epg_ripper_BEIN1.xml.gz
openepg,saudiarabia1,Dubai Sports 2.sa,Dubai Sports 2.sa,34,42.4,100.0,https://www.open-epg.com/files/saudiarabia1.xml
openepg,egypt1,إم بي سي مصر.eg,إم بي سي مصر.eg,34,41.8,100.0,https://www.open-epg.com/files/egypt1.xml
openepg,qatar2,beIN SPORTS1 FRENCH Digital.qa,beIN SPORTS1 FRENCH Digital.qa,34,41.4,0.0,https://www.open-epg.com/files/qatar2.xml
openepg,qatar3,beIN SPORTS1 FRENCH Digital.qa,beIN SPORTS1 FRENCH Digital.qa,34,41.4,0.0,https://www.open-epg.com/files/qatar3.xml
openepg,egypt1,آي فيلم.eg,آي فيلم.eg,34,34.4,100.0,https://www.open-epg.com/files/egypt1.xml
openepg,egypt1,بي إن سيريس.eg,بي إن سيريس.eg,34,34.4,100.0,https://www.open-epg.com/files/egypt1.xml
openepg,egypt2,BeIn Series HD 1.eg,BeIn Series HD 1.eg,34,34.4,88.2,https://www.open-epg.com/files/egypt2.xml
openepg,egypt1,ميكس بالعربي.eg,ميكس بالعربي.eg,34,34.4,88.2,https://www.open-epg.com/files/egypt1.xml
openepg,egypt2,Mix Bel Araby.eg,Mix Bel Araby.eg,34,34.4,73.5,https://www.open-epg.com/files/egypt2.xml
openepg,egypt2,Nile Drama.eg,Nile Drama.eg,34,33.4,100.0,https://www.open-epg.com/files/egypt2.xml
openepg,egypt1,نايل دراما.eg,نايل دراما.eg,34,33.4,100.0,https://www.open-epg.com/files/egypt1.xml
openepg,saudiarabia2,Al Emarat.sa,Al Emarat.sa,34,29.4,100.0,https://www.open-epg.com/files/saudiarabia2.xml
epgshare,AE1,Rotana.Cinema.KSA.ae,Rotana Cinema KSA,33,61.4,100.0,https://epgshare01.online/epgshare01/epg_ripper_AE1.xml.gz
openepg,uae6,MBC2.ae,MBC2.ae,33,48.9,100.0,https://www.open-epg.com/files/uae6.xml
openepg,saudiarabia1,Al Nahar Drama.sa,Al Nahar Drama.sa,33,42.4,100.0,https://www.open-epg.com/files/saudiarabia1.xml
openepg,saudiarabia5,Gametoon.sa,Gametoon.sa,33,42.4,100.0,https://www.open-epg.com/files/saudiarabia5.xml
openepg,egypt1,رؤيا.eg,رؤيا.eg,33,40.4,69.7,https://www.open-epg.com/files/egypt1.xml
openepg,egypt1,صدى البلد 2.eg,صدى البلد 2.eg,33,40.4,3.0,https://www.open-epg.com/files/egypt1.xml
openepg,saudiarabia2,Animal Planet HD.sa,Animal Planet HD.sa,33,29.4,100.0,https://www.open-epg.com/files/saudiarabia2.xml
openepg,saudiarabia2,SBC.sa,SBC.sa,33,29.4,100.0,https://www.open-epg.com/files/saudiarabia2.xml
openepg,saudiarabia5,KSA Sports 1 HD.sa,KSA Sports 1 HD.sa,33,13.4,100.0,https://www.open-epg.com/files/saudiarabia5.xml
epgshare,AE1,Cima.ae,Cima,32,62.4,100.0,https://epgshare01.online/epgshare01/epg_ripper_AE1.xml.gz
epgshare,AE1,Mix.bel.Araby.TV.ae,Mix bel Araby TV,32,62.4,100.0,https://epgshare01.online/epgshare01/epg_ripper_AE1.xml.gz
openepg,egypt2,Rotana Classic.eg,Rotana Classic.eg,32,43.9,53.1,https://www.open-epg.com/files/egypt2.xml
openepg,qatar5,beIN SPORTS-boxoffice-bein.com.qa,beIN SPORTS-boxoffice-bein.com.qa,32,43.3,0.0,https://www.open-epg.com/files/qatar5.xml
openepg,egypt1,إم بي سي 5.eg,إم بي سي 5.eg,32,40.5,90.6,https://www.open-epg.com/files/egypt1.xml
openepg,qatar3,beIN SPORTS XTRA2 Digital.qa,beIN SPORTS XTRA2 Digital.qa,32,40.4,0.0,https://www.open-epg.com/files/qatar3.xml
openepg,qatar3,bein.com-05.qa,bein.com-05.qa,32,40.4,0.0,https://www.open-epg.com/files/qatar3.xml
openepg,qatar2,bein.com-06.qa,bein.com-06.qa,32,40.4,0.0,https://www.open-epg.com/files/qatar2.xml
openepg,qatar2,bein.com-08.qa,bein.com-08.qa,32,40.4,0.0,https://www.open-epg.com/files/qatar2.xml
openepg,egypt2,Al Kahera Wal Nas TV 2.eg,Al Kahera Wal Nas TV 2.eg,32,34.4,59.4,https://www.open-epg.com/files/egypt2.xml
openepg,egypt1,القاهرة والناس 2.eg,القاهرة والناس 2.eg,32,34.4,59.4,https://www.open-epg.com/files/egypt1.xml
epgshare,AR1,Canal.La.Tele.(Paraguay).ar,Canal La Tele (Paraguay),32,33.4,6.2,https://epgshare01.online/epgshare01/epg_ripper_AR1.xml.gz
epgshare,AR1,Canal.TV.Globo.Internacional.ar,Canal TV Globo Internacional,32,33.1,0.0,https://epgshare01.online/epgshare01/epg_ripper_AR1.xml.gz
openepg,saudiarabia2,Al Dafrah.sa,Al Dafrah.sa,32,29.4,100.0,https://www.open-epg.com/files/saudiarabia2.xml
openepg,saudiarabia2,Discovery ID.sa,Discovery ID.sa,32,29.4,100.0,https://www.open-epg.com/files/saudiarabia2.xml
openepg,saudiarabia2,Star World HD.sa,Star World HD.sa,32,29.4,100.0,https://www.open-epg.com/files/saudiarabia2.xml
openepg,egypt1,الأولى المغربية.eg,الأولى المغربية.eg,32,19.4,40.6,https://www.open-epg.com/files/egypt1.xml
openepg,egypt2,Al Aoula Morocco.eg,Al Aoula Morocco.eg,32,19.4,21.9,https://www.open-epg.com/files/egypt2.xml
epgshare,AE1,Al.24.News.ae,Al 24 News,31,75.4,100.0,https://epgshare01.online/epgshare01/epg_ripper_AE1.xml.gz
epgshare,AE1,Al.Saeedah.ae,Al Saeedah,31,75.4,100.0,https://epgshare01.online/epgshare01/epg_ripper_AE1.xml.gz
epgshare,AE1,Almasirah.TV.ae,Almasirah TV,31,75.4,100.0,https://epgshare01.online/epgshare01/epg_ripper_AE1.xml.gz
epgshare,AE1,Almasirah.TV.Mubasher.ae,Almasirah TV Mubasher,31,75.4,100.0,https://epgshare01.online/epgshare01/epg_ripper_AE1.xml.gz
epgshare,AE1,Bilad.ae,Bilad,31,75.4,100.0,https://epgshare01.online/epgshare01/epg_ripper_AE1.xml.gz
epgshare,AE1,El.Hayat.TV.ae,El Hayat TV,31,75.4,100.0,https://epgshare01.online/epgshare01/epg_ripper_AE1.xml.gz
epgshare,AE1,Halab.Today.TV.ae,Halab Today TV,31,75.4,100.0,https://epgshare01.online/epgshare01/epg_ripper_AE1.xml.gz
epgshare,AE1,Nile.News.ae,Nile News,31,75.4,100.0,https://epgshare01.online/epgshare01/epg_ripper_AE1.xml.gz
epgshare,AE1,Suhail.TV.ae,Suhail TV,31,75.4,100.0,https://epgshare01.online/epgshare01/epg_ripper_AE1.xml.gz
epgshare,AE1,Yemen.Today.TV.ae,Yemen Today TV,31,75.4,100.0,https://epgshare01.online/epgshare01/epg_ripper_AE1.xml.gz
openepg,egypt2,MBC Bollywood.eg,MBC Bollywood.eg,31,44.0,83.9,https://www.open-epg.com/files/egypt2.xml
openepg,qatar4,Baby-TV-2.qa,Baby-TV-2.qa,31,42.4,0.0,https://www.open-epg.com/files/qatar4.xml
openepg,qatar5,Nat geo hd.qa,Nat geo hd.qa,31,42.4,0.0,https://www.open-epg.com/files/qatar5.xml
openepg,saudiarabia1,MBC Max HD.sa,MBC Max HD.sa,31,41.9,100.0,https://www.open-epg.com/files/saudiarabia1.xml
openepg,qatar4,beIN SPORTS-boxoffice-bein.com.qa,beIN SPORTS-boxoffice-bein.com.qa,31,41.4,0.0,https://www.open-epg.com/files/qatar4.xml
epgshare,AR1,Canal.Capital.(Colombia).ar,Canal Capital (Colombia),31,32.4,0.0,https://epgshare01.online/epgshare01/epg_ripper_AR1.xml.gz
openepg,saudiarabia2,STARZPLAY Sports.sa,STARZPLAY Sports.sa,31,29.4,100.0,https://www.open-epg.com/files/saudiarabia2.xml
openepg,uae6,قناة مرايا.ae,قناة مرايا.ae,31,25.3,100.0,https://www.open-epg.com/files/uae6.xml
openepg,saudiarabia1,Rotana Classic HD.sa,Rotana Classic HD.sa,30,42.4,100.0,https://www.open-epg.com/files/saudiarabia1.xml
openepg,qatar1,beIN SPORTS 1.qa,beIN SPORTS 1.qa,30,41.9,90.0,https://www.open-epg.com/files/qatar1.xml
openepg,egypt1,إم بي سي بوليوود.eg,إم بي سي بوليوود.eg,30,41.6,100.0,https://www.open-epg.com/files/egypt1.xml
openepg,egypt1,روتانا كلاسيك.eg,روتانا كلاسيك.eg,30,41.4,53.3,https://www.open-epg.com/files/egypt1.xml
openepg,qatar2,beINSPORTS8.qa,beINSPORTS8.qa,30,40.4,0.0,https://www.open-epg.com/files/qatar2.xml
openepg,qatar3,beINSPORTS8.qa,beINSPORTS8.qa,30,40.4,0.0,https://www.open-epg.com/files/qatar3.xml
epgshare,BEIN1,beIN_SPORTS_XTRA2_Digital_Mono_AR.bein,beIN_SPORTS_XTRA2_Digital_Mono_AR,30,37.4,0.0,https://epgshare01.online/epgshare01/epg_ripper_BEIN1.xml.gz
epgshare,BEIN1,beIN_SPORTS_XTRA2_Digital_Mono_EN.bein,beIN_SPORTS_XTRA2_Digital_Mono_EN,30,37.4,0.0,https://epgshare01.online/epgshare01/epg_ripper_BEIN1.xml.gz
openepg,egypt2,Al Kahera Wal Nas TV.eg,Al Kahera Wal Nas TV.eg,30,35.2,46.7,https://www.open-epg.com/files/egypt2.xml
openepg,egypt1,القاهرة والناس.eg,القاهرة والناس.eg,30,35.2,46.7,https://www.open-epg.com/files/egypt1.xml
epgshare,AR1,Canal.ESPN.3.(Argentina).ar,Canal ESPN 3 (Argentina),30,33.9,6.7,https://epgshare01.online/epgshare01/epg_ripper_AR1.xml.gz
epgshare,AR1,Canal.ESPN.3.(Bolivia).ar,Canal ESPN 3 (Bolivia),30,33.9,6.7,https://epgshare01.online/epgshare01/epg_ripper_AR1.xml.gz
openepg,saudiarabia2,Aghani Aghani.sa,Aghani Aghani.sa,30,29.4,100.0,https://www.open-epg.com/files/saudiarabia2.xml
openepg,saudiarabia2,Al Ekhbariya.sa,Al Ekhbariya.sa,30,29.4,100.0,https://www.open-epg.com/files/saudiarabia2.xml
openepg,saudiarabia2,Al Hayat.sa,Al Hayat.sa,30,29.4,100.0,https://www.open-epg.com/files/saudiarabia2.xml
openepg,saudiarabia2,Al Kahera Walnas 2.sa,Al Kahera Walnas 2.sa,30,29.4,100.0,https://www.open-epg.com/files/saudiarabia2.xml
openepg,saudiarabia2,Al Kahera Walnas.sa,Al Kahera Walnas.sa,30,29.4,100.0,https://www.open-epg.com/files/saudiarabia2.xml
openepg,saudiarabia2,Al Masriya.sa,Al Masriya.sa,30,29.4,100.0,https://www.open-epg.com/files/saudiarabia2.xml
openepg,saudiarabia2,Amman TV.sa,Amman TV.sa,30,29.4,100.0,https://www.open-epg.com/files/saudiarabia2.xml
openepg,saudiarabia2,Bahrain Sports TV.sa,Bahrain Sports TV.sa,30,29.4,100.0,https://www.open-epg.com/files/saudiarabia2.xml
openepg,saudiarabia2,Bahrain TV.sa,Bahrain TV.sa,30,29.4,100.0,https://www.open-epg.com/files/saudiarabia2.xml
openepg,saudiarabia2,BBC Arabic.sa,BBC Arabic.sa,30,29.4,100.0,https://www.open-epg.com/files/saudiarabia2.xml
openepg,saudiarabia2,Bigg.sa,Bigg.sa,30,29.4,100.0,https://www.open-epg.com/files/saudiarabia2.xml
openepg,saudiarabia2,CBC Drama.sa,CBC Drama.sa,30,29.4,100.0,https://www.open-epg.com/files/saudiarabia2.xml
openepg,saudiarabia2,CBC Extra News.sa,CBC Extra News.sa,30,29.4,100.0,https://www.open-epg.com/files/saudiarabia2.xml
openepg,saudiarabia2,CBC Sofra.sa,CBC Sofra.sa,30,29.4,100.0,https://www.open-epg.com/files/saudiarabia2.xml
openepg,saudiarabia2,CBC.sa,CBC.sa,30,29.4,100.0,https://www.open-epg.com/files/saudiarabia2.xml
openepg,saudiarabia2,Fujairah TV.sa,Fujairah TV.sa,30,29.4,100.0,https://www.open-epg.com/files/saudiarabia2.xml
openepg,saudiarabia2,Jordan TV.sa,Jordan TV.sa,30,29.4,100.0,https://www.open-epg.com/files/saudiarabia2.xml
openepg,saudiarabia2,KidZone Max.sa,KidZone Max.sa,30,29.4,100.0,https://www.open-epg.com/files/saudiarabia2.xml
openepg,saudiarabia2,KSA Now.sa,KSA Now.sa,30,29.4,100.0,https://www.open-epg.com/files/saudiarabia2.xml
openepg,saudiarabia2,LTV.sa,LTV.sa,30,29.4,100.0,https://www.open-epg.com/files/saudiarabia2.xml
openepg,saudiarabia2,MBC Drama HD.sa,MBC Drama HD.sa,30,29.4,100.0,https://www.open-epg.com/files/saudiarabia2.xml
openepg,saudiarabia3,MBC Drama HD.sa,MBC Drama HD.sa,30,29.4,100.0,https://www.open-epg.com/files/saudiarabia3.xml
openepg,saudiarabia2,One TV.sa,One TV.sa,30,29.4,100.0,https://www.open-epg.com/files/saudiarabia2.xml
openepg,saudiarabia2,Riyadh Season.sa,Riyadh Season.sa,30,29.4,100.0,https://www.open-epg.com/files/saudiarabia2.xml
openepg,saudiarabia2,Rotana Clip.sa,Rotana Clip.sa,30,29.4,100.0,https://www.open-epg.com/files/saudiarabia2.xml
openepg,saudiarabia2,Rotana Drama HD.sa,Rotana Drama HD.sa,30,29.4,100.0,https://www.open-epg.com/files/saudiarabia2.xml
openepg,saudiarabia2,Rotana M+ HD.sa,Rotana M+ HD.sa,30,29.4,100.0,https://www.open-epg.com/files/saudiarabia2.xml
openepg,saudiarabia2,Rotana Music HD.sa,Rotana Music HD.sa,30,29.4,100.0,https://www.open-epg.com/files/saudiarabia2.xml
openepg,saudiarabia2,Roya.sa,Roya.sa,30,29.4,100.0,https://www.open-epg.com/files/saudiarabia2.xml
openepg,saudiarabia2,Saudi Quran.sa,Saudi Quran.sa,30,29.4,100.0,https://www.open-epg.com/files/saudiarabia2.xml
openepg,saudiarabia2,Saudi Sports 1.sa,Saudi Sports 1.sa,30,29.4,100.0,https://www.open-epg.com/files/saudiarabia2.xml
openepg,saudiarabia2,Saudi Sports 2.sa,Saudi Sports 2.sa,30,29.4,100.0,https://www.open-epg.com/files/saudiarabia2.xml
openepg,saudiarabia2,Saudi Sports 3.sa,Saudi Sports 3.sa,30,29.4,100.0,https://www.open-epg.com/files/saudiarabia2.xml
openepg,saudiarabia2,Saudi Sunnah.sa,Saudi Sunnah.sa,30,29.4,100.0,https://www.open-epg.com/files/saudiarabia2.xml
openepg,saudiarabia2,Sharjah Quran.sa,Sharjah Quran.sa,30,29.4,100.0,https://www.open-epg.com/files/saudiarabia2.xml
openepg,saudiarabia2,Sharjah Sports.sa,Sharjah Sports.sa,30,29.4,100.0,https://www.open-epg.com/files/saudiarabia2.xml
openepg,saudiarabia2,Sharjah TV.sa,Sharjah TV.sa,30,29.4,100.0,https://www.open-epg.com/files/saudiarabia2.xml
openepg,saudiarabia2,Sharqiya from Kalba.sa,Sharqiya from Kalba.sa,30,29.4,100.0,https://www.open-epg.com/files/saudiarabia2.xml
openepg,saudiarabia2,Sky News Arabia HD.sa,Sky News Arabia HD.sa,30,29.4,100.0,https://www.open-epg.com/files/saudiarabia2.xml
openepg,saudiarabia2,SmartZone.sa,SmartZone.sa,30,29.4,100.0,https://www.open-epg.com/files/saudiarabia2.xml
openepg,saudiarabia2,Sport 24.sa,Sport 24.sa,30,29.4,100.0,https://www.open-epg.com/files/saudiarabia2.xml
openepg,saudiarabia2,stc tv cinema.sa,stc tv cinema.sa,30,29.4,100.0,https://www.open-epg.com/files/saudiarabia2.xml
openepg,saudiarabia2,Ten.sa,Ten.sa,30,29.4,100.0,https://www.open-epg.com/files/saudiarabia2.xml
openepg,saudiarabia2,Travel.sa,Travel.sa,30,29.4,100.0,https://www.open-epg.com/files/saudiarabia2.xml
openepg,saudiarabia2,Wanasah.sa,Wanasah.sa,30,29.4,100.0,https://www.open-epg.com/files/saudiarabia2.xml
openepg,saudiarabia2,Wousta from Al Dhaid.sa,Wousta from Al Dhaid.sa,30,29.4,100.0,https://www.open-epg.com/files/saudiarabia2.xml
openepg,saudiarabia2,Zee Alwan.sa,Zee Alwan.sa,30,29.4,100.0,https://www.open-epg.com/files/saudiarabia2.xml
openepg,saudiarabia4,MBC Drama HD.sa,MBC Drama HD.sa,30,29.4,90.0,https://www.open-epg.com/files/saudiarabia4.xml
openepg,saudiarabia3,MBC Plus eLife HD.sa,MBC Plus eLife HD.sa,30,28.7,100.0,https://www.open-epg.com/files/saudiarabia3.xml
openepg,saudiarabia4,MBC Plus eLife HD.sa,MBC Plus eLife HD.sa,30,28.7,100.0,https://www.open-epg.com/files/saudiarabia4.xml
epgshare,AE1,ar:.ست.ماكس.ae,ar: ست ماكس,29,63.4,100.0,https://epgshare01.online/epgshare01/epg_ripper_AE1.xml.gz
epgshare,AE1,en:.SET.Max.ae,en: SET Max,29,63.4,100.0,https://epgshare01.online/epgshare01/epg_ripper_AE1.xml.gz
epgshare,AE1,Rotana.Classic.ae,Rotana Classic,29,62.4,100.0,https://epgshare01.online/epgshare01/epg_ripper_AE1.xml.gz
openepg,saudiarabia1,MBC 2 HD.sa,MBC 2 HD.sa,29,43.4,100.0,https://www.open-epg.com/files/saudiarabia1.xml
openepg,qatar5,MOVIES4 FAMILY DIGITAL.qa,MOVIES4 FAMILY DIGITAL.qa,29,42.6,0.0,https://www.open-epg.com/files/qatar5.xml
openepg,qatar6,Alkass Four.qa,Alkass Four.qa,29,37.9,0.0,https://www.open-epg.com/files/qatar6.xml
epgshare,BEIN1,beIN_SPORTS7_DIGITAL_Mono_AR.bein,beIN_SPORTS7_DIGITAL_Mono_AR,29,37.4,0.0,https://epgshare01.online/epgshare01/epg_ripper_BEIN1.xml.gz
openepg,saudiarabia2,Al Arabiya Business.sa,Al Arabiya Business.sa,29,29.4,100.0,https://www.open-epg.com/files/saudiarabia2.xml
epgshare,AE1,Mix.ae,Mix,28,61.6,100.0,https://epgshare01.online/epgshare01/epg_ripper_AE1.xml.gz
epgshare,AE1,Mix.One.ae,Mix One,28,61.6,100.0,https://epgshare01.online/epgshare01/epg_ripper_AE1.xml.gz
openepg,saudiarabia1,Star Action.sa,Star Action.sa,28,43.1,100.0,https://www.open-epg.com/files/saudiarabia1.xml
openepg,saudiarabia5,OSNtv Movies Comedy.sa,OSNtv Movies Comedy.sa,28,42.1,100.0,https://www.open-epg.com/files/saudiarabia5.xml
openepg,qatar3,2023 Alkass 2.qa,2023 Alkass 2.qa,28,41.9,0.0,https://www.open-epg.com/files/qatar3.xml
openepg,qatar2,2023 Alkass 7.qa,2023 Alkass 7.qa,28,41.9,0.0,https://www.open-epg.com/files/qatar2.xml
openepg,qatar4,MOVIES4 FAMILY DIGITAL.qa,MOVIES4 FAMILY DIGITAL.qa,28,41.4,0.0,https://www.open-epg.com/files/qatar4.xml
openepg,qatar3,2023 Alkass 5.qa,2023 Alkass 5.qa,28,37.4,0.0,https://www.open-epg.com/files/qatar3.xml
openepg,qatar3,2023 Alkass 6.qa,2023 Alkass 6.qa,28,37.4,0.0,https://www.open-epg.com/files/qatar3.xml
epgshare,AR1,Canal.City.TV.ar,Canal City TV,28,33.4,0.0,https://epgshare01.online/epgshare01/epg_ripper_AR1.xml.gz
openepg,saudiarabia2,Rotana + HD.sa,Rotana + HD.sa,28,29.9,100.0,https://www.open-epg.com/files/saudiarabia2.xml
openepg,saudiarabia2,AD Sports 1.sa,AD Sports 1.sa,28,29.4,100.0,https://www.open-epg.com/files/saudiarabia2.xml
openepg,saudiarabia2,AD Sports 2.sa,AD Sports 2.sa,28,29.4,100.0,https://www.open-epg.com/files/saudiarabia2.xml
openepg,saudiarabia2,Oman Sport.sa,Oman Sport.sa,28,29.4,100.0,https://www.open-epg.com/files/saudiarabia2.xml
openepg,saudiarabia5,RT English.sa,RT English.sa,27,157.4,100.0,https://www.open-epg.com/files/saudiarabia5.xml
openepg,qatar1,beIN SPORTS EN 2.qa,beIN SPORTS EN 2.qa,27,44.6,70.4,https://www.open-epg.com/files/qatar1.xml
openepg,qatar1,beIN SPORTS 3.qa,beIN SPORTS 3.qa,27,43.2,100.0,https://www.open-epg.com/files/qatar1.xml
openepg,saudiarabia1,Rotana Aflam +.sa,Rotana Aflam +.sa,27,42.4,100.0,https://www.open-epg.com/files/saudiarabia1.xml
openepg,saudiarabia1,stc tv sports HD.sa,stc tv sports HD.sa,27,42.4,100.0,https://www.open-epg.com/files/saudiarabia1.xml
openepg,saudiarabia5,OSNtv Movies Family.sa,OSNtv Movies Family.sa,27,42.2,100.0,https://www.open-epg.com/files/saudiarabia5.xml
openepg,saudiarabia5,OSNtv Movies Hollywood.sa,OSNtv Movies Hollywood.sa,27,42.1,100.0,https://www.open-epg.com/files/saudiarabia5.xml
openepg,qatar2,beIN SPORTS7 DIGITAL.qa,beIN SPORTS7 DIGITAL.qa,27,40.4,0.0,https://www.open-epg.com/files/qatar2.xml
openepg,qatar3,beIN SPORTS7 DIGITAL.qa,beIN SPORTS7 DIGITAL.qa,27,40.4,0.0,https://www.open-epg.com/files/qatar3.xml
openepg,qatar2,beIN SPORTS1 DIGITAL.qa,beIN SPORTS1 DIGITAL.qa,27,40.2,0.0,https://www.open-epg.com/files/qatar2.xml
openepg,qatar3,beIN SPORTS1 DIGITAL.qa,beIN SPORTS1 DIGITAL.qa,27,40.2,0.0,https://www.open-epg.com/files/qatar3.xml
epgshare,AE1,beIN.Sports.News.ae,beIN Sports News,27,37.9,100.0,https://epgshare01.online/epgshare01/epg_ripper_AE1.xml.gz
epgshare,AE1,Jordan.Sport.HD.ae,Jordan Sport HD,27,37.9,100.0,https://epgshare01.online/epgshare01/epg_ripper_AE1.xml.gz
epgshare,AE1,KSA.Sports.3.HD.ae,KSA Sports 3 HD,27,37.9,100.0,https://epgshare01.online/epgshare01/epg_ripper_AE1.xml.gz
epgshare,AE1,Kuwait.Sport.HD.ae,Kuwait Sport HD,27,37.9,100.0,https://epgshare01.online/epgshare01/epg_ripper_AE1.xml.gz
epgshare,AE1,Kuwait.TV.Sport.Plus.HD.ae,Kuwait TV Sport Plus HD,27,37.9,100.0,https://epgshare01.online/epgshare01/epg_ripper_AE1.xml.gz
epgshare,AE1,Oman.TV.Sport.HD.ae,Oman TV Sport HD,27,37.9,100.0,https://epgshare01.online/epgshare01/epg_ripper_AE1.xml.gz
epgshare,AE1,On.Time.Sports.HD.ae,On Time Sports HD,27,37.9,100.0,https://epgshare01.online/epgshare01/epg_ripper_AE1.xml.gz
epgshare,AE1,Palestine.Sport.ae,Palestine Sport,27,37.9,100.0,https://epgshare01.online/epgshare01/epg_ripper_AE1.xml.gz
epgshare,AE1,One.Tv.ae,One Tv,27,37.9,70.4,https://epgshare01.online/epgshare01/epg_ripper_AE1.xml.gz
openepg,qatar3,2023 Alkass 7.qa,2023 Alkass 7.qa,27,37.4,0.0,https://www.open-epg.com/files/qatar3.xml
epgshare,BEIN1,logos-_beINSPORTSXTRA3_AR.bein,logos-_beINSPORTSXTRA3_AR,27,37.4,0.0,https://epgshare01.online/epgshare01/epg_ripper_BEIN1.xml.gz
epgshare,BEIN1,logos-_beINSPORTSXTRA3_EN.bein,logos-_beINSPORTSXTRA3_EN,27,37.4,0.0,https://epgshare01.online/epgshare01/epg_ripper_BEIN1.xml.gz
epgshare,AR1,Canal.Sony.(Argentina).ar,Canal Sony (Argentina),27,34.7,3.7,https://epgshare01.online/epgshare01/epg_ripper_AR1.xml.gz
openepg,egypt2,Mehwar.eg,Mehwar.eg,27,34.4,40.7,https://www.open-epg.com/files/egypt2.xml
openepg,egypt1,المحور.eg,المحور.eg,27,34.4,40.7,https://www.open-epg.com/files/egypt1.xml
epgshare,AR1,Canal.ESPN.2.(Bolivia).ar,Canal ESPN 2 (Bolivia),27,32.4,25.9,https://epgshare01.online/epgshare01/epg_ripper_AR1.xml.gz
openepg,saudiarabia2,MBC Bollywood.sa,MBC Bollywood.sa,27,29.4,100.0,https://www.open-epg.com/files/saudiarabia2.xml
openepg,saudiarabia3,MBC Bollywood.sa,MBC Bollywood.sa,27,29.4,100.0,https://www.open-epg.com/files/saudiarabia3.xml
openepg,saudiarabia4,MBC Bollywood.sa,MBC Bollywood.sa,27,29.4,100.0,https://www.open-epg.com/files/saudiarabia4.xml
openepg,saudiarabia2,MBC MASR 2.sa,MBC MASR 2.sa,27,29.4,100.0,https://www.open-epg.com/files/saudiarabia2.xml
openepg,saudiarabia5,OSNtv Yahala Aflam.sa,OSNtv Yahala Aflam.sa,26,43.4,100.0,https://www.open-epg.com/files/saudiarabia5.xml
openepg,saudiarabia1,stc tv sports 1 HD.sa,stc tv sports 1 HD.sa,26,42.4,100.0,https://www.open-epg.com/files/saudiarabia1.xml
openepg,qatar1,beIN SPORTS 9.qa,beIN SPORTS 9.qa,26,42.4,61.5,https://www.open-epg.com/files/qatar1.xml
openepg,qatar2,beIN SPORTS2 FRENCH Digital.qa,beIN SPORTS2 FRENCH Digital.qa,26,42.4,0.0,https://www.open-epg.com/files/qatar2.xml
openepg,qatar3,beIN SPORTS2 FRENCH Digital.qa,beIN SPORTS2 FRENCH Digital.qa,26,42.4,0.0,https://www.open-epg.com/files/qatar3.xml
openepg,qatar3,2023 Alkass 3.qa,2023 Alkass 3.qa,26,37.4,0.0,https://www.open-epg.com/files/qatar3.xml
openepg,qatar2,2023 Alkass 8.qa,2023 Alkass 8.qa,26,37.4,0.0,https://www.open-epg.com/files/qatar2.xml
epgshare,AR1,Canal.SNT.(Paraguay).ar,Canal SNT (Paraguay),26,33.4,23.1,https://epgshare01.online/epgshare01/epg_ripper_AR1.xml.gz
epgshare,AR1,Canal.Paravisión.ar,Canal Paravisión,26,32.4,3.8,https://epgshare01.online/epgshare01/epg_ripper_AR1.xml.gz
openepg,saudiarabia2,AD Sports Premium 1.sa,AD Sports Premium 1.sa,26,29.4,100.0,https://www.open-epg.com/files/saudiarabia2.xml
openepg,saudiarabia2,AD Sports Premium 2.sa,AD Sports Premium 2.sa,26,29.4,100.0,https://www.open-epg.com/files/saudiarabia2.xml
openepg,saudiarabia2,LBC.sa,LBC.sa,26,29.4,100.0,https://www.open-epg.com/files/saudiarabia2.xml
openepg,saudiarabia2,Rotana Khalijia HD.sa,Rotana Khalijia HD.sa,26,29.4,100.0,https://www.open-epg.com/files/saudiarabia2.xml
openepg,saudiarabia2,Dubai Sports HD.sa,Dubai Sports HD.sa,26,28.7,100.0,https://www.open-epg.com/files/saudiarabia2.xml
openepg,qatar2,beIN SPORTS6 DIGITAL -d-1.qa,beIN SPORTS6 DIGITAL -d-1.qa,25,88.9,0.0,https://www.open-epg.com/files/qatar2.xml
openepg,qatar3,beIN SPORTS66 DIGITAL -01.qa,beIN SPORTS66 DIGITAL -01.qa,25,88.9,0.0,https://www.open-epg.com/files/qatar3.xml
epgshare,BEIN1,beIN_SPORTS3_DIGITAL_Mono_EN.bein,beIN_SPORTS3_DIGITAL_Mono_EN,25,62.9,0.0,https://epgshare01.online/epgshare01/epg_ripper_BEIN1.xml.gz
epgshare,BEIN1,logos-_beINSPORTS9_EN.bein,logos-_beINSPORTS9_EN,25,61.4,0.0,https://epgshare01.online/epgshare01/epg_ripper_BEIN1.xml.gz
openepg,egypt2,Rotana Cinema Masr.eg,Rotana Cinema Masr.eg,25,45.4,100.0,https://www.open-epg.com/files/egypt2.xml
openepg,saudiarabia1,Zee Aflam.sa,Zee Aflam.sa,25,44.4,100.0,https://www.open-epg.com/files/saudiarabia1.xml
openepg,saudiarabia1,Rotana Cinema + US.sa,Rotana Cinema + US.sa,25,42.9,100.0,https://www.open-epg.com/files/saudiarabia1.xml
openepg,qatar4,Star Action 2024-200x200-1.qa,Star Action 2024-200x200-1.qa,25,41.7,0.0,https://www.open-epg.com/files/qatar4.xml
openepg,qatar5,Star Action 2024-200x200-1.qa,Star Action 2024-200x200-1.qa,25,41.7,0.0,https://www.open-epg.com/files/qatar5.xml
openepg,qatar2,beIN SPORTS5 DIGITAL.qa,beIN SPORTS5 DIGITAL.qa,25,40.4,0.0,https://www.open-epg.com/files/qatar2.xml
openepg,qatar3,beIN SPORTS5 DIGITAL.qa,beIN SPORTS5 DIGITAL.qa,25,40.4,0.0,https://www.open-epg.com/files/qatar3.xml
epgshare,SA2,EN:.Masrah.Masr.Channel.sa,EN: Masrah Masr Channel,24,85.4,87.5,https://epgshare01.online/epgshare01/epg_ripper_SA2.xml.gz
epgshare,AE1,ar:.آسيا.نت.موفيز.ae,ar: آسيا نت موفيز,24,62.9,100.0,https://epgshare01.online/epgshare01/epg_ripper_AE1.xml.gz
epgshare,AE1,en:.Asianet.Movies.HD.ae,en: Asianet Movies HD,24,62.9,100.0,https://epgshare01.online/epgshare01/epg_ripper_AE1.xml.gz
openepg,uae6,العربية Business.ae,العربية Business.ae,24,48.4,100.0,https://www.open-epg.com/files/uae6.xml
openepg,egypt2,Rotana Cinema.eg,Rotana Cinema.eg,24,45.4,100.0,https://www.open-epg.com/files/egypt2.xml
openepg,egypt2,Osn Ya Hala Aflam.eg,Osn Ya Hala Aflam.eg,24,44.4,100.0,https://www.open-epg.com/files/egypt2.xml
openepg,saudiarabia5,OSNtv Movies Horror.sa,OSNtv Movies Horror.sa,24,43.1,100.0,https://www.open-epg.com/files/saudiarabia5.xml
openepg,saudiarabia1,Star Movies HD.sa,Star Movies HD.sa,24,42.6,100.0,https://www.open-epg.com/files/saudiarabia1.xml
openepg,saudiarabia5,Alfa Cinema 1.sa,Alfa Cinema 1.sa,24,42.5,100.0,https://www.open-epg.com/files/saudiarabia5.xml
openepg,saudiarabia5,OSNtv Movies Premiere.sa,OSNtv Movies Premiere.sa,24,42.1,100.0,https://www.open-epg.com/files/saudiarabia5.xml
epgshare,BEIN1,beIN_SPORTS_XTRA1_Digital_Mono_AR.bein,beIN_SPORTS_XTRA1_Digital_Mono_AR,24,37.4,0.0,https://epgshare01.online/epgshare01/epg_ripper_BEIN1.xml.gz
epgshare,BEIN1,beIN_SPORTS_XTRA1_Digital_Mono_EN.bein,beIN_SPORTS_XTRA1_Digital_Mono_EN,24,37.4,0.0,https://epgshare01.online/epgshare01/epg_ripper_BEIN1.xml.gz
openepg,saudiarabia3,MBC Maser.sa,MBC Maser.sa,24,28.9,100.0,https://www.open-epg.com/files/saudiarabia3.xml
openepg,saudiarabia4,MBC Maser.sa,MBC Maser.sa,24,28.9,100.0,https://www.open-epg.com/files/saudiarabia4.xml
openepg,saudiarabia2,MBC MASR.sa,MBC MASR.sa,24,28.9,100.0,https://www.open-epg.com/files/saudiarabia2.xml
openepg,saudiarabia5,Bloomberg Originals.sa,Bloomberg Originals.sa,24,13.4,100.0,https://www.open-epg.com/files/saudiarabia5.xml
epgshare,AR1,Canal.RAI.International.ar,Canal RAI International,23,88.4,0.0,https://epgshare01.online/epgshare01/epg_ripper_AR1.xml.gz
openepg,egypt2,Cima.eg,Cima.eg,23,45.4,100.0,https://www.open-epg.com/files/egypt2.xml
openepg,egypt2,Rotana Comedy.eg,Rotana Comedy.eg,23,45.4,100.0,https://www.open-epg.com/files/egypt2.xml
openepg,saudiarabia1,Rotana Cinema HD.sa,Rotana Cinema HD.sa,23,42.4,100.0,https://www.open-epg.com/files/saudiarabia1.xml
openepg,saudiarabia1,Rotana Cinema Masr.sa,Rotana Cinema Masr.sa,23,42.4,100.0,https://www.open-epg.com/files/saudiarabia1.xml
openepg,qatar1,beIN SPORTS 8.qa,beIN SPORTS 8.qa,23,42.4,87.0,https://www.open-epg.com/files/qatar1.xml
openepg,qatar4,MOVIES3 DRAMA DIGITAL.qa,MOVIES3 DRAMA DIGITAL.qa,23,42.1,0.0,https://www.open-epg.com/files/qatar4.xml
openepg,qatar5,MOVIES3 DRAMA DIGITAL.qa,MOVIES3 DRAMA DIGITAL.qa,23,42.1,0.0,https://www.open-epg.com/files/qatar5.xml
openepg,qatar4,MOVIES1 PREMIERE DIGITAL.qa,MOVIES1 PREMIERE DIGITAL.qa,23,41.6,0.0,https://www.open-epg.com/files/qatar4.xml
openepg,qatar5,MOVIES1 PREMIERE DIGITAL.qa,MOVIES1 PREMIERE DIGITAL.qa,23,41.6,0.0,https://www.open-epg.com/files/qatar5.xml
openepg,qatar2,beIN SPORTS2 ENGLISH Digital.qa,beIN SPORTS2 ENGLISH Digital.qa,23,40.9,0.0,https://www.open-epg.com/files/qatar2.xml
openepg,qatar3,beIN SPORTS2 ENGLISH Digital.qa,beIN SPORTS2 ENGLISH Digital.qa,23,40.9,0.0,https://www.open-epg.com/files/qatar3.xml
epgshare,BEIN1,Alkass_5_EN.bein,Alkass_5_EN,23,37.4,0.0,https://epgshare01.online/epgshare01/epg_ripper_BEIN1.xml.gz
epgshare,AR1,Canal.Lifetime.(Argentina).ar,Canal Lifetime (Argentina),23,32.7,0.0,https://epgshare01.online/epgshare01/epg_ripper_AR1.xml.gz
openepg,saudiarabia2,Dubai Sports 2.sa,Dubai Sports 2.sa,23,29.7,100.0,https://www.open-epg.com/files/saudiarabia2.xml
openepg,saudiarabia2,Al Nahar Drama.sa,Al Nahar Drama.sa,23,29.4,100.0,https://www.open-epg.com/files/saudiarabia2.xml
openepg,saudiarabia3,Al Nahar Drama.sa,Al Nahar Drama.sa,23,29.4,100.0,https://www.open-epg.com/files/saudiarabia3.xml
openepg,saudiarabia4,Al Nahar Drama.sa,Al Nahar Drama.sa,23,29.4,100.0,https://www.open-epg.com/files/saudiarabia4.xml
openepg,saudiarabia2,Dubai One.sa,Dubai One.sa,23,28.9,100.0,https://www.open-epg.com/files/saudiarabia2.xml
epgshare,AR1,Canal.HTV.ar,Canal HTV,22,86.4,0.0,https://epgshare01.online/epgshare01/epg_ripper_AR1.xml.gz
epgshare,AR1,Canal.NickMusic.ar,Canal NickMusic,22,86.4,0.0,https://epgshare01.online/epgshare01/epg_ripper_AR1.xml.gz
epgshare,AR1,Canal.Cartoon.Network.(Argentina).ar,Canal Cartoon Network (Argentina),22,85.4,0.0,https://epgshare01.online/epgshare01/epg_ripper_AR1.xml.gz
epgshare,BEIN1,logos-_beINSPORTS8_EN.bein,logos-_beINSPORTS8_EN,22,62.9,0.0,https://epgshare01.online/epgshare01/epg_ripper_BEIN1.xml.gz
openepg,qatar1,beIN SPORTS.qa,beIN SPORTS.qa,22,43.4,100.0,https://www.open-epg.com/files/qatar1.xml
openepg,saudiarabia1,TCM.sa,TCM.sa,22,42.8,100.0,https://www.open-epg.com/files/saudiarabia1.xml
openepg,saudiarabia5,OSNtv Movies Action.sa,OSNtv Movies Action.sa,22,42.6,100.0,https://www.open-epg.com/files/saudiarabia5.xml
openepg,qatar1,beIN SPORTS MAX 3.qa,beIN SPORTS MAX 3.qa,22,42.4,100.0,https://www.open-epg.com/files/qatar1.xml
openepg,qatar1,beIN SPORTS MAX 4.qa,beIN SPORTS MAX 4.qa,22,42.4,100.0,https://www.open-epg.com/files/qatar1.xml
openepg,qatar1,beIN SPORTS MAX 5.qa,beIN SPORTS MAX 5.qa,22,42.4,100.0,https://www.open-epg.com/files/qatar1.xml
openepg,saudiarabia1,Rotana Comedy.sa,Rotana Comedy.sa,22,42.4,100.0,https://www.open-epg.com/files/saudiarabia1.xml
openepg,qatar1,beIN 4K.qa,beIN 4K.qa,22,42.3,100.0,https://www.open-epg.com/files/qatar1.xml
openepg,egypt1,روتانا سينما.eg,روتانا سينما.eg,22,41.4,100.0,https://www.open-epg.com/files/egypt1.xml
openepg,qatar2,beIN SPORTS2 DIGITAL.qa,beIN SPORTS2 DIGITAL.qa,22,41.3,0.0,https://www.open-epg.com/files/qatar2.xml
openepg,qatar3,beIN SPORTS2 DIGITAL.qa,beIN SPORTS2 DIGITAL.qa,22,41.3,0.0,https://www.open-epg.com/files/qatar3.xml
openepg,qatar1,beIN SPORTS 6.qa,beIN SPORTS 6.qa,22,41.2,95.5,https://www.open-epg.com/files/qatar1.xml
openepg,egypt1,أو إس إن ياهلا أفلام.eg,أو إس إن ياهلا أفلام.eg,22,40.8,100.0,https://www.open-epg.com/files/egypt1.xml
openepg,egypt1,روتانا سينما مصر.eg,روتانا سينما مصر.eg,22,40.4,100.0,https://www.open-epg.com/files/egypt1.xml
openepg,saudiarabia2,MBC Max HD.sa,MBC Max HD.sa,22,29.9,100.0,https://www.open-epg.com/files/saudiarabia2.xml
openepg,saudiarabia3,MBC Max HD.sa,MBC Max HD.sa,22,29.9,100.0,https://www.open-epg.com/files/saudiarabia3.xml
openepg,saudiarabia4,MBC Max HD.sa,MBC Max HD.sa,22,29.9,100.0,https://www.open-epg.com/files/saudiarabia4.xml
openepg,uae6,مصر دراما.ae,مصر دراما.ae,22,18.5,100.0,https://www.open-epg.com/files/uae6.xml
openepg,saudiarabia5,Alfa Cinema 2.sa,Alfa Cinema 2.sa,21,42.1,100.0,https://www.open-epg.com/files/saudiarabia5.xml
openepg,egypt1,روتانا كوميدي.eg,روتانا كوميدي.eg,21,41.4,100.0,https://www.open-epg.com/files/egypt1.xml
openepg,egypt1,سيما.eg,سيما.eg,21,41.4,100.0,https://www.open-epg.com/files/egypt1.xml
openepg,qatar1,beIN SPORTS EN 1.qa,beIN SPORTS EN 1.qa,21,41.4,71.4,https://www.open-epg.com/files/qatar1.xml
openepg,qatar2,beIN SPORTS3 DIGITAL.qa,beIN SPORTS3 DIGITAL.qa,21,41.3,0.0,https://www.open-epg.com/files/qatar2.xml
openepg,qatar3,beIN SPORTS3 DIGITAL.qa,beIN SPORTS3 DIGITAL.qa,21,41.3,0.0,https://www.open-epg.com/files/qatar3.xml
openepg,qatar2,beIN SPORTS4 DIGITAL.qa,beIN SPORTS4 DIGITAL.qa,21,41.2,0.0,https://www.open-epg.com/files/qatar2.xml
openepg,qatar3,beIN SPORTS4 DIGITAL.qa,beIN SPORTS4 DIGITAL.qa,21,41.2,0.0,https://www.open-epg.com/files/qatar3.xml
openepg,egypt2,OSN TV Movies Hollywood.eg,OSN TV Movies Hollywood.eg,21,34.3,100.0,https://www.open-epg.com/files/egypt2.xml
openepg,egypt1,أو إس إن موفيز هوليوود.eg,أو إس إن موفيز هوليوود.eg,21,34.3,100.0,https://www.open-epg.com/files/egypt1.xml
epgshare,AR1,Canal.America.TV.(Argentina).ar,Canal America TV (Argentina),21,33.4,0.0,https://epgshare01.online/epgshare01/epg_ripper_AR1.xml.gz
openepg,saudiarabia2,Rotana Classic HD.sa,Rotana Classic HD.sa,21,30.4,100.0,https://www.open-epg.com/files/saudiarabia2.xml
openepg,saudiarabia5,C And I.sa,C And I.sa,21,13.4,100.0,https://www.open-epg.com/files/saudiarabia5.xml
openepg,saudiarabia5,Al Arabiya.sa,Al Arabiya.sa,20,157.4,100.0,https://www.open-epg.com/files/saudiarabia5.xml
epgshare,BEIN1,beIN_SPORTS1_ENGLISH_Digital_Mono_EN.bein,beIN_SPORTS1_ENGLISH_Digital_Mono_EN,20,61.9,0.0,https://epgshare01.online/epgshare01/epg_ripper_BEIN1.xml.gz
openepg,qatar5,BoxOffice1 DIGITAL.qa,BoxOffice1 DIGITAL.qa,20,43.4,0.0,https://www.open-epg.com/files/qatar5.xml
openepg,qatar5,BoxOffice2 DIGITAL.qa,BoxOffice2 DIGITAL.qa,20,43.4,0.0,https://www.open-epg.com/files/qatar5.xml
openepg,qatar1,beIN SPORTS 4.qa,beIN SPORTS 4.qa,20,42.9,100.0,https://www.open-epg.com/files/qatar1.xml
openepg,qatar2,bein SPORTS FTA DIGITAL.qa,bein SPORTS FTA DIGITAL.qa,20,41.2,0.0,https://www.open-epg.com/files/qatar2.xml
openepg,qatar3,bein SPORTS FTA DIGITAL.qa,bein SPORTS FTA DIGITAL.qa,20,41.2,0.0,https://www.open-epg.com/files/qatar3.xml
openepg,qatar2,beINSPORTS9.qa,beINSPORTS9.qa,20,40.4,0.0,https://www.open-epg.com/files/qatar2.xml
openepg,qatar3,beINSPORTS9.qa,beINSPORTS9.qa,20,40.4,0.0,https://www.open-epg.com/files/qatar3.xml
openepg,egypt2,OSN TV Movies Family.eg,OSN TV Movies Family.eg,20,34.8,100.0,https://www.open-epg.com/files/egypt2.xml
openepg,egypt1,أو إس إن فاميلي موفيز.eg,أو إس إن فاميلي موفيز.eg,20,34.8,100.0,https://www.open-epg.com/files/egypt1.xml
openepg,saudiarabia2,Star Action.sa,Star Action.sa,20,28.9,100.0,https://www.open-epg.com/files/saudiarabia2.xml
openepg,saudiarabia5,History HD.sa,History HD.sa,20,13.4,100.0,https://www.open-epg.com/files/saudiarabia5.xml
epgshare,SA2,EN:.Aflam.sa,EN: Aflam,19,85.4,84.2,https://epgshare01.online/epgshare01/epg_ripper_SA2.xml.gz
epgshare,SA2,EN:.MBC.Masr.Drama.sa,EN: MBC Masr Drama,19,85.4,84.2,https://epgshare01.online/epgshare01/epg_ripper_SA2.xml.gz
epgshare,BEIN1,beIN_SPORTS1_DIGITAL_Mono_EN.bein,beIN_SPORTS1_DIGITAL_Mono_EN,19,61.9,0.0,https://epgshare01.online/epgshare01/epg_ripper_BEIN1.xml.gz
openepg,qatar4,MOVIES2 ACTION DIGITAL.qa,MOVIES2 ACTION DIGITAL.qa,19,41.6,0.0,https://www.open-epg.com/files/qatar4.xml
openepg,qatar5,MOVIES2 ACTION DIGITAL.qa,MOVIES2 ACTION DIGITAL.qa,19,41.6,0.0,https://www.open-epg.com/files/qatar5.xml
openepg,qatar2,2023 Alkass 1.qa,2023 Alkass 1.qa,19,41.4,0.0,https://www.open-epg.com/files/qatar2.xml
openepg,qatar2,2023 Alkass 2.qa,2023 Alkass 2.qa,19,41.4,0.0,https://www.open-epg.com/files/qatar2.xml
openepg,qatar2,2023 Alkass 3.qa,2023 Alkass 3.qa,19,41.4,0.0,https://www.open-epg.com/files/qatar2.xml
openepg,qatar2,2023 Alkass 4.qa,2023 Alkass 4.qa,19,41.4,0.0,https://www.open-epg.com/files/qatar2.xml
openepg,qatar3,afc-6 8-copy.qa,afc-6 8-copy.qa,19,41.4,0.0,https://www.open-epg.com/files/qatar3.xml
openepg,qatar3,beIN SPORTS MAX1 DIGITAL.qa,beIN SPORTS MAX1 DIGITAL.qa,19,41.4,0.0,https://www.open-epg.com/files/qatar3.xml
openepg,qatar3,beIN SPORTS MAX2 DIGITAL.qa,beIN SPORTS MAX2 DIGITAL.qa,19,41.4,0.0,https://www.open-epg.com/files/qatar3.xml
openepg,qatar3,beIN SPORTS MAX3 DIGITAL.qa,beIN SPORTS MAX3 DIGITAL.qa,19,41.4,0.0,https://www.open-epg.com/files/qatar3.xml
openepg,qatar3,beIN SPORTS MAX4 DIGITAL.qa,beIN SPORTS MAX4 DIGITAL.qa,19,41.4,0.0,https://www.open-epg.com/files/qatar3.xml
openepg,qatar3,beIN SPORTS MAX5 DIGITAL.qa,beIN SPORTS MAX5 DIGITAL.qa,19,41.4,0.0,https://www.open-epg.com/files/qatar3.xml
openepg,qatar2,beIN SPORTS XTRA 06 bein.com.qa,beIN SPORTS XTRA 06 bein.com.qa,19,41.4,0.0,https://www.open-epg.com/files/qatar2.xml
openepg,qatar4,BoxOffice1 DIGITAL.qa,BoxOffice1 DIGITAL.qa,19,41.4,0.0,https://www.open-epg.com/files/qatar4.xml
openepg,qatar4,BoxOffice2 DIGITAL.qa,BoxOffice2 DIGITAL.qa,19,41.4,0.0,https://www.open-epg.com/files/qatar4.xml
openepg,qatar2,NBA DIGITAL.qa,NBA DIGITAL.qa,19,41.4,0.0,https://www.open-epg.com/files/qatar2.xml
openepg,qatar1,beIN SPORTS 5.qa,beIN SPORTS 5.qa,19,41.2,94.7,https://www.open-epg.com/files/qatar1.xml
openepg,saudiarabia2,MBC 2 HD.sa,MBC 2 HD.sa,19,29.0,100.0,https://www.open-epg.com/files/saudiarabia2.xml
openepg,saudiarabia3,MBC 2 HD.sa,MBC 2 HD.sa,19,29.0,100.0,https://www.open-epg.com/files/saudiarabia3.xml
openepg,saudiarabia4,MBC 2 HD.sa,MBC 2 HD.sa,19,29.0,100.0,https://www.open-epg.com/files/saudiarabia4.xml
openepg,saudiarabia2,Rotana Aflam +.sa,Rotana Aflam +.sa,19,28.9,100.0,https://www.open-epg.com/files/saudiarabia2.xml
openepg,uae6,قناة مسرح مصر.ae,قناة مسرح مصر.ae,19,24.9,100.0,https://www.open-epg.com/files/uae6.xml
openepg,saudiarabia5,Discovery Channel HD.sa,Discovery Channel HD.sa,19,13.4,100.0,https://www.open-epg.com/files/saudiarabia5.xml
openepg,saudiarabia5,H2 HD.sa,H2 HD.sa,19,13.4,100.0,https://www.open-epg.com/files/saudiarabia5.xml
epgshare,SA2,EN:.Movies.Action.sa,EN: Movies Action,18,85.4,83.3,https://epgshare01.online/epgshare01/epg_ripper_SA2.xml.gz
epgshare,BEIN1,beIN_SPORTS5_DIGITAL_Mono_EN.bein,beIN_SPORTS5_DIGITAL_Mono_EN,18,61.9,0.0,https://epgshare01.online/epgshare01/epg_ripper_BEIN1.xml.gz
openepg,qatar2,4k DIGITAL.qa,4k DIGITAL.qa,18,40.3,0.0,https://www.open-epg.com/files/qatar2.xml
openepg,qatar3,4k DIGITAL.qa,4k DIGITAL.qa,18,40.3,0.0,https://www.open-epg.com/files/qatar3.xml
epgshare,BEIN1,beIN_SPORTS5_DIGITAL_Mono_AR.bein,beIN_SPORTS5_DIGITAL_Mono_AR,18,38.4,0.0,https://epgshare01.online/epgshare01/epg_ripper_BEIN1.xml.gz
openepg,qatar2,beIN SPORTS1 ENGLISH Digital.qa,beIN SPORTS1 ENGLISH Digital.qa,18,37.4,0.0,https://www.open-epg.com/files/qatar2.xml
openepg,qatar3,beIN SPORTS1 ENGLISH Digital.qa,beIN SPORTS1 ENGLISH Digital.qa,18,37.4,0.0,https://www.open-epg.com/files/qatar3.xml
openepg,qatar1,beIN SPORTS MAX 1.qa,beIN SPORTS MAX 1.qa,18,34.4,100.0,https://www.open-epg.com/files/qatar1.xml
openepg,qatar1,beIN SPORTS MAX 2.qa,beIN SPORTS MAX 2.qa,18,34.4,100.0,https://www.open-epg.com/files/qatar1.xml
openepg,qatar1,beIN SPORTS MAX 6.qa,beIN SPORTS MAX 6.qa,18,34.4,100.0,https://www.open-epg.com/files/qatar1.xml
openepg,egypt2,OSN TV Movies Premiere.eg,OSN TV Movies Premiere.eg,18,34.2,100.0,https://www.open-epg.com/files/egypt2.xml
openepg,egypt1,أو إس إن موفيز بريميير.eg,أو إس إن موفيز بريميير.eg,18,34.2,100.0,https://www.open-epg.com/files/egypt1.xml
epgshare,AR1,Canal.HBO.Plus.ar,Canal HBO Plus,18,33.4,38.9,https://epgshare01.online/epgshare01/epg_ripper_AR1.xml.gz
epgshare,AR1,Canal.Golden.(Argentina).ar,Canal Golden (Argentina),18,32.5,33.3,https://epgshare01.online/epgshare01/epg_ripper_AR1.xml.gz
openepg,saudiarabia5,Al Araby TV.sa,Al Araby TV.sa,18,13.4,100.0,https://www.open-epg.com/files/saudiarabia5.xml
openepg,egypt2,Hadhramaut TV.eg,Hadhramaut TV.eg,18,10.4,5.6,https://www.open-epg.com/files/egypt2.xml
openepg,egypt1,تلفزيون حضرموت.eg,تلفزيون حضرموت.eg,18,10.4,5.6,https://www.open-epg.com/files/egypt1.xml
openepg,qatar1,beIN SPORTS 2.qa,beIN SPORTS 2.qa,17,45.9,100.0,https://www.open-epg.com/files/qatar1.xml
epgshare,BEIN1,logos-_beINSPORTS8_AR.bein,logos-_beINSPORTS8_AR,17,45.7,0.0,https://epgshare01.online/epgshare01/epg_ripper_BEIN1.xml.gz
epgshare,BEIN1,Alkass_7_EN.bein,Alkass_7_EN,17,37.4,0.0,https://epgshare01.online/epgshare01/epg_ripper_BEIN1.xml.gz
openepg,egypt2,OSN TV Movies Action.eg,OSN TV Movies Action.eg,17,34.9,100.0,https://www.open-epg.com/files/egypt2.xml
openepg,egypt1,أو إس إن موفيز أكشن.eg,أو إس إن موفيز أكشن.eg,17,34.9,100.0,https://www.open-epg.com/files/egypt1.xml
openepg,saudiarabia2,Star Movies HD.sa,Star Movies HD.sa,17,30.4,100.0,https://www.open-epg.com/files/saudiarabia2.xml
openepg,saudiarabia2,stc tv sports HD.sa,stc tv sports HD.sa,17,29.0,100.0,https://www.open-epg.com/files/saudiarabia2.xml
openepg,saudiarabia2,Rotana Cinema + US.sa,Rotana Cinema + US.sa,17,28.9,100.0,https://www.open-epg.com/files/saudiarabia2.xml
openepg,egypt2,OSN TV Showcase.eg,OSN TV Showcase.eg,17,10.9,100.0,https://www.open-epg.com/files/egypt2.xml
openepg,egypt1,أو إس إن شو كايس.eg,أو إس إن شو كايس.eg,17,10.9,100.0,https://www.open-epg.com/files/egypt1.xml
epgshare,AE1,ar:.ستارزبلاي.رغبي.ae,ar: ستارزبلاي رغبي,16,63.4,100.0,https://epgshare01.online/epgshare01/epg_ripper_AE1.xml.gz
epgshare,AE1,en:.StarzPlay.Rugby.-.Live.ae,en: StarzPlay Rugby - Live,16,63.4,100.0,https://epgshare01.online/epgshare01/epg_ripper_AE1.xml.gz
epgshare,BEIN1,bein_SPORTS_FTA_DIGITAL_Mono_EN.bein,bein_SPORTS_FTA_DIGITAL_Mono_EN,16,62.9,0.0,https://epgshare01.online/epgshare01/epg_ripper_BEIN1.xml.gz
epgshare,BEIN1,beIN_SPORTS2_DIGITAL_Mono_EN.bein,beIN_SPORTS2_DIGITAL_Mono_EN,16,61.6,0.0,https://epgshare01.online/epgshare01/epg_ripper_BEIN1.xml.gz
epgshare,BEIN1,beIN_SPORTS6_DIGITAL_Mono-d-1_AR.bein,beIN_SPORTS6_DIGITAL_Mono-d-1_AR,16,37.9,0.0,https://epgshare01.online/epgshare01/epg_ripper_BEIN1.xml.gz
epgshare,BEIN1,Alkass_6_EN.bein,Alkass_6_EN,16,37.4,0.0,https://epgshare01.online/epgshare01/epg_ripper_BEIN1.xml.gz
openepg,egypt1,دي إم سي.eg,دي إم سي.eg,16,33.4,50.0,https://www.open-epg.com/files/egypt1.xml
openepg,saudiarabia2,Rotana Comedy.sa,Rotana Comedy.sa,16,30.4,100.0,https://www.open-epg.com/files/saudiarabia2.xml
openepg,saudiarabia2,Rotana Cinema HD.sa,Rotana Cinema HD.sa,16,29.4,100.0,https://www.open-epg.com/files/saudiarabia2.xml
openepg,saudiarabia2,Zee Aflam.sa,Zee Aflam.sa,16,29.4,100.0,https://www.open-epg.com/files/saudiarabia2.xml
openepg,saudiarabia2,stc tv sports 1 HD.sa,stc tv sports 1 HD.sa,16,29.0,100.0,https://www.open-epg.com/files/saudiarabia2.xml
openepg,egypt2,Alaraby TV 2.eg,Alaraby TV 2.eg,16,13.4,18.8,https://www.open-epg.com/files/egypt2.xml
openepg,egypt1,التلفزيون العربي 2.eg,التلفزيون العربي 2.eg,16,13.4,18.8,https://www.open-epg.com/files/egypt1.xml
openepg,egypt1,الأردن.eg,الأردن.eg,16,10.5,25.0,https://www.open-epg.com/files/egypt1.xml
openepg,egypt2,Jordan TV.eg,Jordan TV.eg,16,10.5,18.8,https://www.open-epg.com/files/egypt2.xml
openepg,egypt2,Iraqia TV.eg,Iraqia TV.eg,16,10.4,37.5,https://www.open-epg.com/files/egypt2.xml
openepg,egypt1,العراقية.eg,العراقية.eg,16,10.4,37.5,https://www.open-epg.com/files/egypt1.xml
epgshare,BEIN1,beIN_SPORTS2_ENGLISH_Digital_Mono_EN.bein,beIN_SPORTS2_ENGLISH_Digital_Mono_EN,15,63.9,0.0,https://epgshare01.online/epgshare01/epg_ripper_BEIN1.xml.gz
epgshare,BEIN1,beIN_SPORTS66_DIGITAL_Mono-01_EN.bein,beIN_SPORTS66_DIGITAL_Mono-01_EN,15,62.1,0.0,https://epgshare01.online/epgshare01/epg_ripper_BEIN1.xml.gz
epgshare,BEIN1,beIN_SPORTS4_DIGITAL_Mono_AR.bein,beIN_SPORTS4_DIGITAL_Mono_AR,15,39.1,0.0,https://epgshare01.online/epgshare01/epg_ripper_BEIN1.xml.gz
epgshare,AE1,Dubai.Racing.ae,Dubai Racing,15,37.9,0.0,https://epgshare01.online/epgshare01/epg_ripper_AE1.xml.gz
epgshare,BEIN1,Alkass_8_EN.bein,Alkass_8_EN,15,37.4,0.0,https://epgshare01.online/epgshare01/epg_ripper_BEIN1.xml.gz
openepg,saudiarabia2,Rotana Cinema Masr.sa,Rotana Cinema Masr.sa,15,29.4,100.0,https://www.open-epg.com/files/saudiarabia2.xml
openepg,saudiarabia2,TCM.sa,TCM.sa,15,29.3,100.0,https://www.open-epg.com/files/saudiarabia2.xml
openepg,saudiarabia5,Animal Planet HD.sa,Animal Planet HD.sa,15,13.4,100.0,https://www.open-epg.com/files/saudiarabia5.xml
epgshare,BEIN1,Alkass_1_AR.bein,Alkass_1_AR,15,13.4,0.0,https://epgshare01.online/epgshare01/epg_ripper_BEIN1.xml.gz
epgshare,BEIN1,Alkass_1_EN.bein,Alkass_1_EN,15,13.4,0.0,https://epgshare01.online/epgshare01/epg_ripper_BEIN1.xml.gz
epgshare,BEIN1,Alkass_2_AR.bein,Alkass_2_AR,15,13.4,0.0,https://epgshare01.online/epgshare01/epg_ripper_BEIN1.xml.gz
epgshare,BEIN1,Alkass_2_EN.bein,Alkass_2_EN,15,13.4,0.0,https://epgshare01.online/epgshare01/epg_ripper_BEIN1.xml.gz
epgshare,BEIN1,Alkass_5_AR.bein,Alkass_5_AR,15,13.4,0.0,https://epgshare01.online/epgshare01/epg_ripper_BEIN1.xml.gz
openepg,saudiarabia5,Al Hadath.sa,Al Hadath.sa,14,157.4,100.0,https://www.open-epg.com/files/saudiarabia5.xml
openepg,saudiarabia5,Bloomberg.sa,Bloomberg.sa,14,157.4,100.0,https://www.open-epg.com/files/saudiarabia5.xml
epgshare,BEIN1,4k_DIGITAL_Mono_EN.bein,4k_DIGITAL_Mono_EN,14,61.9,0.0,https://epgshare01.online/epgshare01/epg_ripper_BEIN1.xml.gz
epgshare,BEIN1,beIN_SPORTS2_DIGITAL_Mono_AR.bein,beIN_SPORTS2_DIGITAL_Mono_AR,14,37.4,0.0,https://epgshare01.online/epgshare01/epg_ripper_BEIN1.xml.gz
openepg,uae6,أفلام.ae,أفلام.ae,14,24.3,100.0,https://www.open-epg.com/files/uae6.xml
openepg,saudiarabia5,Discovery IDX HD.sa,Discovery IDX HD.sa,14,13.4,100.0,https://www.open-epg.com/files/saudiarabia5.xml
openepg,egypt1,الوسط.eg,الوسط.eg,14,11.4,7.1,https://www.open-epg.com/files/egypt1.xml
openepg,egypt2,WTV.eg,WTV.eg,14,11.4,0.0,https://www.open-epg.com/files/egypt2.xml
openepg,egypt2,DMC.eg,DMC.eg,13,33.4,46.2,https://www.open-epg.com/files/egypt2.xml
openepg,uae6,Movies Action.ae,Movies Action.ae,13,23.8,100.0,https://www.open-epg.com/files/uae6.xml
openepg,saudiarabia5,OSNtv Documentary.sa,OSNtv Documentary.sa,13,13.4,100.0,https://www.open-epg.com/files/saudiarabia5.xml
epgshare,BEIN1,Alkass_6_AR.bein,Alkass_6_AR,13,13.4,0.0,https://epgshare01.online/epgshare01/epg_ripper_BEIN1.xml.gz
epgshare,BEIN1,Alkass_8_AR.bein,Alkass_8_AR,13,13.4,0.0,https://epgshare01.online/epgshare01/epg_ripper_BEIN1.xml.gz
openepg,egypt1,دبي.eg,دبي.eg,13,9.9,46.2,https://www.open-epg.com/files/egypt1.xml
openepg,egypt2,Dubai TV.eg,Dubai TV.eg,13,9.9,38.5,https://www.open-epg.com/files/egypt2.xml
openepg,egypt2,Sama Dubai.eg,Sama Dubai.eg,13,9.9,38.5,https://www.open-epg.com/files/egypt2.xml
openepg,egypt1,سما دبي.eg,سما دبي.eg,13,9.9,38.5,https://www.open-epg.com/files/egypt1.xml
epgshare,BEIN1,bein_SPORTS_FTA_DIGITAL_Mono_AR.bein,bein_SPORTS_FTA_DIGITAL_Mono_AR,12,62.9,0.0,https://epgshare01.online/epgshare01/epg_ripper_BEIN1.xml.gz
openepg,saudiarabia1,Asharq Discovery.sa,Asharq Discovery.sa,12,45.4,100.0,https://www.open-epg.com/files/saudiarabia1.xml
openepg,saudiarabia1,Asharq Documentary.sa,Asharq Documentary.sa,12,45.4,100.0,https://www.open-epg.com/files/saudiarabia1.xml
openepg,saudiarabia1,Asharq.sa,Asharq.sa,12,45.4,100.0,https://www.open-epg.com/files/saudiarabia1.xml
openepg,saudiarabia5,AD Sports 1 HD.sa,AD Sports 1 HD.sa,12,13.4,100.0,https://www.open-epg.com/files/saudiarabia5.xml
epgshare,BEIN1,Alkass_7_AR.bein,Alkass_7_AR,12,13.4,0.0,https://epgshare01.online/epgshare01/epg_ripper_BEIN1.xml.gz
epgshare,BEIN1,beIN_SPORTS1_FRENCH_Digital_Mono_EN.bein,beIN_SPORTS1_FRENCH_Digital_Mono_EN,12,13.4,0.0,https://epgshare01.online/epgshare01/epg_ripper_BEIN1.xml.gz
openepg,egypt2,Network Arabic.eg,Network Arabic.eg,12,11.4,100.0,https://www.open-epg.com/files/egypt2.xml
openepg,egypt1,نتورك بالعربية.eg,نتورك بالعربية.eg,12,11.4,100.0,https://www.open-epg.com/files/egypt1.xml
openepg,egypt2,MTV.eg,MTV.eg,12,10.9,58.3,https://www.open-epg.com/files/egypt2.xml
openepg,egypt1,إم تي في.eg,إم تي في.eg,12,10.9,58.3,https://www.open-epg.com/files/egypt1.xml
openepg,egypt1,ذكريات.eg,ذكريات.eg,12,10.4,66.7,https://www.open-epg.com/files/egypt1.xml
openepg,egypt2,Althania.eg,Althania.eg,12,10.4,50.0,https://www.open-epg.com/files/egypt2.xml
openepg,egypt1,الثانية.eg,الثانية.eg,12,10.4,50.0,https://www.open-epg.com/files/egypt1.xml
openepg,egypt2,Amman.eg,Amman.eg,12,10.4,16.7,https://www.open-epg.com/files/egypt2.xml
openepg,egypt1,عَمان.eg,عَمان.eg,12,10.4,16.7,https://www.open-epg.com/files/egypt1.xml
openepg,egypt2,Dubai Zaman.eg,Dubai Zaman.eg,12,9.4,25.0,https://www.open-epg.com/files/egypt2.xml
openepg,egypt1,دبي زمان.eg,دبي زمان.eg,12,9.4,25.0,https://www.open-epg.com/files/egypt1.xml
epgshare,AE1,Al.Wathaeqya.ae,Al Wathaeqya,11,65.4,100.0,https://epgshare01.online/epgshare01/epg_ripper_AE1.xml.gz
epgshare,AE1,Algérie.7.ae,Algérie 7,11,65.4,100.0,https://epgshare01.online/epgshare01/epg_ripper_AE1.xml.gz
epgshare,AE1,Algérie.8.HD.ae,Algérie 8 HD,11,65.4,100.0,https://epgshare01.online/epgshare01/epg_ripper_AE1.xml.gz
epgshare,AE1,beIN.Sports.HD.ae,beIN Sports HD,11,65.4,100.0,https://epgshare01.online/epgshare01/epg_ripper_AE1.xml.gz
epgshare,AE1,Kaifa.TV.ae,Kaifa TV,11,65.4,100.0,https://epgshare01.online/epgshare01/epg_ripper_AE1.xml.gz
epgshare,AE1,Marina.HD.ae,Marina HD,11,65.4,100.0,https://epgshare01.online/epgshare01/epg_ripper_AE1.xml.gz
epgshare,AE1,NRT.2.HD.ae,NRT 2 HD,11,65.4,100.0,https://epgshare01.online/epgshare01/epg_ripper_AE1.xml.gz
epgshare,AE1,Oman.TV.Culture.HD.ae,Oman TV Culture HD,11,65.4,100.0,https://epgshare01.online/epgshare01/epg_ripper_AE1.xml.gz
epgshare,AE1,Sheba.TV.ae,Sheba TV,11,65.4,100.0,https://epgshare01.online/epgshare01/epg_ripper_AE1.xml.gz
epgshare,AE1,Yemen.Documentary.ae,Yemen Documentary,11,65.4,100.0,https://epgshare01.online/epgshare01/epg_ripper_AE1.xml.gz
epgshare,AE1,Yemen.Education.ae,Yemen Education,11,65.4,100.0,https://epgshare01.online/epgshare01/epg_ripper_AE1.xml.gz
epgshare,BEIN1,beIN_SPORTS4_DIGITAL_Mono_EN.bein,beIN_SPORTS4_DIGITAL_Mono_EN,11,63.6,0.0,https://epgshare01.online/epgshare01/epg_ripper_BEIN1.xml.gz
epgshare,AR1,Canal.Las.Estrellas.(Argentina).ar,Canal Las Estrellas (Argentina),11,14.6,9.1,https://epgshare01.online/epgshare01/epg_ripper_AR1.xml.gz
epgshare,BEIN1,beIN_SPORTS2_FRENCH_Digital_Mono_AR.bein,beIN_SPORTS2_FRENCH_Digital_Mono_AR,11,13.4,0.0,https://epgshare01.online/epgshare01/epg_ripper_BEIN1.xml.gz
epgshare,BEIN1,beIN_SPORTS2_FRENCH_Digital_Mono_EN.bein,beIN_SPORTS2_FRENCH_Digital_Mono_EN,11,13.4,0.0,https://epgshare01.online/epgshare01/epg_ripper_BEIN1.xml.gz
openepg,egypt2,Al Nahar Drama.eg,Al Nahar Drama.eg,11,10.4,100.0,https://www.open-epg.com/files/egypt2.xml
openepg,egypt2,CBC Drama.eg,CBC Drama.eg,11,10.4,100.0,https://www.open-epg.com/files/egypt2.xml
openepg,egypt2,ON Drama.eg,ON Drama.eg,11,10.4,100.0,https://www.open-epg.com/files/egypt2.xml
openepg,egypt1,أون دراما.eg,أون دراما.eg,11,10.4,100.0,https://www.open-epg.com/files/egypt1.xml
openepg,egypt1,النهار دراما.eg,النهار دراما.eg,11,10.4,100.0,https://www.open-epg.com/files/egypt1.xml
openepg,egypt1,سي بي سي دراما.eg,سي بي سي دراما.eg,11,10.4,100.0,https://www.open-epg.com/files/egypt1.xml
openepg,egypt2,Dijlah TV.eg,Dijlah TV.eg,11,10.4,0.0,https://www.open-epg.com/files/egypt2.xml
openepg,egypt1,دجلة.eg,دجلة.eg,11,10.4,0.0,https://www.open-epg.com/files/egypt1.xml
openepg,saudiarabia5,Esport 24.sa,Esport 24.sa,10,52.5,100.0,https://www.open-epg.com/files/saudiarabia5.xml
openepg,qatar6,Alkass Five.qa,Alkass Five.qa,10,45.4,0.0,https://www.open-epg.com/files/qatar6.xml
openepg,saudiarabia5,Al Kass One.sa,Al Kass One.sa,10,13.4,100.0,https://www.open-epg.com/files/saudiarabia5.xml
epgshare,BEIN1,Alkass_3_AR.bein,Alkass_3_AR,10,13.4,0.0,https://epgshare01.online/epgshare01/epg_ripper_BEIN1.xml.gz
epgshare,BEIN1,Alkass_3_EN.bein,Alkass_3_EN,10,13.4,0.0,https://epgshare01.online/epgshare01/epg_ripper_BEIN1.xml.gz
epgshare,BEIN1,Alkass_4_AR.bein,Alkass_4_AR,10,13.4,0.0,https://epgshare01.online/epgshare01/epg_ripper_BEIN1.xml.gz
epgshare,BEIN1,Alkass_4_EN.bein,Alkass_4_EN,10,13.4,0.0,https://epgshare01.online/epgshare01/epg_ripper_BEIN1.xml.gz
openepg,qatar1,beIN SPORTS FR 1.qa,beIN SPORTS FR 1.qa,10,10.4,100.0,https://www.open-epg.com/files/qatar1.xml
openepg,egypt2,DMC DRAMA.eg,DMC DRAMA.eg,10,10.4,100.0,https://www.open-epg.com/files/egypt2.xml
openepg,egypt1,دي إم سي دراما.eg,دي إم سي دراما.eg,10,10.4,100.0,https://www.open-epg.com/files/egypt1.xml
openepg,egypt2,Fujairah.eg,Fujairah.eg,10,9.4,60.0,https://www.open-epg.com/files/egypt2.xml
openepg,egypt1,الفجيرة.eg,الفجيرة.eg,10,9.4,60.0,https://www.open-epg.com/files/egypt1.xml
openepg,qatar1,beIN SPORTS FR 2.qa,beIN SPORTS FR 2.qa,9,10.4,100.0,https://www.open-epg.com/files/qatar1.xml
openepg,egypt2,Dubai One.eg,Dubai One.eg,9,8.9,55.6,https://www.open-epg.com/files/egypt2.xml
openepg,egypt1,دبي وان.eg,دبي وان.eg,9,8.9,55.6,https://www.open-epg.com/files/egypt1.xml
openepg,qatar6,Alkass Six.qa,Alkass Six.qa,8,41.9,0.0,https://www.open-epg.com/files/qatar6.xml
openepg,saudiarabia2,Asharq Discovery.sa,Asharq Discovery.sa,8,29.4,100.0,https://www.open-epg.com/files/saudiarabia2.xml
openepg,saudiarabia2,Asharq Documentary.sa,Asharq Documentary.sa,8,29.4,100.0,https://www.open-epg.com/files/saudiarabia2.xml
openepg,saudiarabia2,Asharq.sa,Asharq.sa,8,29.4,100.0,https://www.open-epg.com/files/saudiarabia2.xml
openepg,egypt2,CBC.eg,CBC.eg,8,9.9,62.5,https://www.open-epg.com/files/egypt2.xml
openepg,egypt1,سي بي سي.eg,سي بي سي.eg,8,9.9,62.5,https://www.open-epg.com/files/egypt1.xml
openepg,egypt2,ON E.eg,ON E.eg,8,9.9,37.5,https://www.open-epg.com/files/egypt2.xml
openepg,egypt1,أون إي.eg,أون إي.eg,8,9.9,37.5,https://www.open-epg.com/files/egypt1.xml
openepg,qatar6,Alkass Seven.qa,Alkass Seven.qa,7,40.9,0.0,https://www.open-epg.com/files/qatar6.xml
epgshare,BEIN1,beIN_SPORTS_MAX1_DIGITAL_Mono_AR.bein,beIN_SPORTS_MAX1_DIGITAL_Mono_AR,7,13.4,0.0,https://epgshare01.online/epgshare01/epg_ripper_BEIN1.xml.gz
epgshare,BEIN1,beIN_SPORTS_MAX1_DIGITAL_Mono_EN.bein,beIN_SPORTS_MAX1_DIGITAL_Mono_EN,7,13.4,0.0,https://epgshare01.online/epgshare01/epg_ripper_BEIN1.xml.gz
epgshare,BEIN1,beIN_SPORTS_MAX2_DIGITAL_Mono_AR.bein,beIN_SPORTS_MAX2_DIGITAL_Mono_AR,7,13.4,0.0,https://epgshare01.online/epgshare01/epg_ripper_BEIN1.xml.gz
epgshare,BEIN1,beIN_SPORTS_MAX2_DIGITAL_Mono_EN.bein,beIN_SPORTS_MAX2_DIGITAL_Mono_EN,7,13.4,0.0,https://epgshare01.online/epgshare01/epg_ripper_BEIN1.xml.gz
epgshare,BEIN1,beIN_SPORTS_MAX3_DIGITAL_Mono_AR.bein,beIN_SPORTS_MAX3_DIGITAL_Mono_AR,7,13.4,0.0,https://epgshare01.online/epgshare01/epg_ripper_BEIN1.xml.gz
epgshare,BEIN1,beIN_SPORTS_MAX3_DIGITAL_Mono_EN.bein,beIN_SPORTS_MAX3_DIGITAL_Mono_EN,7,13.4,0.0,https://epgshare01.online/epgshare01/epg_ripper_BEIN1.xml.gz
epgshare,BEIN1,beIN_SPORTS_MAX4_DIGITAL_Mono_AR.bein,beIN_SPORTS_MAX4_DIGITAL_Mono_AR,7,13.4,0.0,https://epgshare01.online/epgshare01/epg_ripper_BEIN1.xml.gz
epgshare,BEIN1,beIN_SPORTS_MAX4_DIGITAL_Mono_EN.bein,beIN_SPORTS_MAX4_DIGITAL_Mono_EN,7,13.4,0.0,https://epgshare01.online/epgshare01/epg_ripper_BEIN1.xml.gz
epgshare,BEIN1,beIN_SPORTS_MAX5_DIGITAL_Mono_EN.bein,beIN_SPORTS_MAX5_DIGITAL_Mono_EN,7,13.4,0.0,https://epgshare01.online/epgshare01/epg_ripper_BEIN1.xml.gz
epgshare,BEIN1,beIN_SPORTS_MAX6_DIGITAL_Mono_EN.bein,beIN_SPORTS_MAX6_DIGITAL_Mono_EN,7,13.4,0.0,https://epgshare01.online/epgshare01/epg_ripper_BEIN1.xml.gz
epgshare,BEIN1,NEW_beIN-SPORTS-MAX-05_AR.bein,NEW_beIN-SPORTS-MAX-05_AR,7,13.4,0.0,https://epgshare01.online/epgshare01/epg_ripper_BEIN1.xml.gz
epgshare,BEIN1,NEW_beIN-SPORTS-MAX-06_AR.bein,NEW_beIN-SPORTS-MAX-06_AR,7,13.4,0.0,https://epgshare01.online/epgshare01/epg_ripper_BEIN1.xml.gz
openepg,egypt2,BEIN MOVIES FAMILY.eg,BEIN MOVIES FAMILY.eg,7,11.1,100.0,https://www.open-epg.com/files/egypt2.xml
openepg,egypt1,بي إن موفيز فاميلي.eg,بي إن موفيز فاميلي.eg,7,11.1,100.0,https://www.open-epg.com/files/egypt1.xml
openepg,egypt2,OSN TV Movies Comedy.eg,OSN TV Movies Comedy.eg,7,10.2,100.0,https://www.open-epg.com/files/egypt2.xml
openepg,egypt1,أو إس إن موفيز كوميدي.eg,أو إس إن موفيز كوميدي.eg,7,10.2,100.0,https://www.open-epg.com/files/egypt1.xml
openepg,egypt2,BEIN MOVIES PREMIERE.eg,BEIN MOVIES PREMIERE.eg,6,11.1,100.0,https://www.open-epg.com/files/egypt2.xml
openepg,egypt1,بي إن موفيز بريمير.eg,بي إن موفيز بريمير.eg,6,11.1,100.0,https://www.open-epg.com/files/egypt1.xml
openepg,egypt2,BEIN MOVIES DRAMA.eg,BEIN MOVIES DRAMA.eg,6,10.6,100.0,https://www.open-epg.com/files/egypt2.xml
openepg,egypt1,بي إن موفيز دراما.eg,بي إن موفيز دراما.eg,6,10.6,100.0,https://www.open-epg.com/files/egypt1.xml
openepg,egypt2,BEIN MOVIES ACTION.eg,BEIN MOVIES ACTION.eg,5,9.4,100.0,https://www.open-epg.com/files/egypt2.xml
openepg,egypt2,MBC MAX.eg,MBC MAX.eg,5,9.4,100.0,https://www.open-epg.com/files/egypt2.xml
openepg,egypt1,إم بي سي ماكس.eg,إم بي سي ماكس.eg,5,9.4,100.0,https://www.open-epg.com/files/egypt1.xml
openepg,egypt1,بي إن موفيز أكشن.eg,بي إن موفيز أكشن.eg,5,9.4,100.0,https://www.open-epg.com/files/egypt1.xml
epgshare,SA2,EN:.Abdul.Majeed.Abdullah.sa,EN: Abdul Majeed Abdullah,4,85.4,0.0,https://epgshare01.online/epgshare01/epg_ripper_SA2.xml.gz
epgshare,SA2,EN:.Al.Hisn.Channel.sa,EN: Al Hisn Channel,4,85.4,0.0,https://epgshare01.online/epgshare01/epg_ripper_SA2.xml.gz
epgshare,SA2,EN:.BIG.TIME.sa,EN: BIG TIME,4,85.4,0.0,https://epgshare01.online/epgshare01/epg_ripper_SA2.xml.gz
epgshare,SA2,EN:.Big.Time.Plus.sa,EN: Big Time Plus,4,85.4,0.0,https://epgshare01.online/epgshare01/epg_ripper_SA2.xml.gz
epgshare,SA2,EN:.El-Podcasters.Channel.sa,EN: El-Podcasters Channel,4,85.4,0.0,https://epgshare01.online/epgshare01/epg_ripper_SA2.xml.gz
epgshare,SA2,EN:.Hikayat.Ba'ed.Alfasl.sa,EN: Hikayat Ba'ed Alfasl,4,85.4,0.0,https://epgshare01.online/epgshare01/epg_ripper_SA2.xml.gz
epgshare,SA2,EN:.Majid.Almohandis.sa,EN: Majid Almohandis,4,85.4,0.0,https://epgshare01.online/epgshare01/epg_ripper_SA2.xml.gz
epgshare,SA2,EN:.Mohammed.Abdu.sa,EN: Mohammed Abdu,4,85.4,0.0,https://epgshare01.online/epgshare01/epg_ripper_SA2.xml.gz
epgshare,SA2,EN:.Red.Bull.TV.sa,EN: Red Bull TV,4,85.4,0.0,https://epgshare01.online/epgshare01/epg_ripper_SA2.xml.gz
epgshare,SA2,EN:.Sikkat.Safar.Channel.sa,EN: Sikkat Safar Channel,4,85.4,0.0,https://epgshare01.online/epgshare01/epg_ripper_SA2.xml.gz
epgshare,SA2,EN:.SSC.Extra.1.HD.sa,EN: SSC Extra 1 HD,4,85.4,0.0,https://epgshare01.online/epgshare01/epg_ripper_SA2.xml.gz
epgshare,SA2,EN:.SSC.Extra.2.HD.sa,EN: SSC Extra 2 HD,4,85.4,0.0,https://epgshare01.online/epgshare01/epg_ripper_SA2.xml.gz
epgshare,SA2,EN:.SSC.Extra.3.HD.sa,EN: SSC Extra 3 HD,4,85.4,0.0,https://epgshare01.online/epgshare01/epg_ripper_SA2.xml.gz
epgshare,SA2,EN:.SSC.Extra.HD.sa,EN: SSC Extra HD,4,85.4,0.0,https://epgshare01.online/epgshare01/epg_ripper_SA2.xml.gz
epgshare,SA2,EN:.SSC.News.sa,EN: SSC News,4,85.4,0.0,https://epgshare01.online/epgshare01/epg_ripper_SA2.xml.gz
epgshare,SA2,EN:.SSC1.HD.sa,EN: SSC1 HD,4,85.4,0.0,https://epgshare01.online/epgshare01/epg_ripper_SA2.xml.gz
epgshare,SA2,EN:.SSC2.HD.sa,EN: SSC2 HD,4,85.4,0.0,https://epgshare01.online/epgshare01/epg_ripper_SA2.xml.gz
epgshare,SA2,EN:.SSC3.HD.sa,EN: SSC3 HD,4,85.4,0.0,https://epgshare01.online/epgshare01/epg_ripper_SA2.xml.gz
epgshare,SA2,EN:.SSC4.HD.sa,EN: SSC4 HD,4,85.4,0.0,https://epgshare01.online/epgshare01/epg_ripper_SA2.xml.gz
epgshare,SA2,EN:.SSC5.HD.sa,EN: SSC5 HD,4,85.4,0.0,https://epgshare01.online/epgshare01/epg_ripper_SA2.xml.gz
epgshare,SA2,EN:.Tarab.sa,EN: Tarab,4,85.4,0.0,https://epgshare01.online/epgshare01/epg_ripper_SA2.xml.gz
epgshare,SA2,EN:.Wanasa.sa,EN: Wanasa,4,85.4,0.0,https://epgshare01.online/epgshare01/epg_ripper_SA2.xml.gz
epgshare,SA2,EN:.WIZZO.Esports.World.Cup.sa,EN: WIZZO Esports World Cup,4,85.4,0.0,https://epgshare01.online/epgshare01/epg_ripper_SA2.xml.gz
openepg,egypt2,MBC 2.eg,MBC 2.eg,4,8.9,100.0,https://www.open-epg.com/files/egypt2.xml
openepg,egypt1,إم بي سي 2.eg,إم بي سي 2.eg,4,8.9,100.0,https://www.open-epg.com/files/egypt1.xml
openepg,egypt2,Masah.eg,Masah.eg,4,3.1,0.0,https://www.open-epg.com/files/egypt2.xml
openepg,egypt1,ماسة.eg,ماسة.eg,4,3.1,0.0,https://www.open-epg.com/files/egypt1.xml
