canonical,winner_provider,winner_source,winner_id,winner_name,future_programmes,future_hours,desc_pct,rank_score,alternatives_count,alternatives,decision
بلوم,epgshare,AE1,ar:.بلوم.ae,ar: بلوم,403,73.3,100.0,430.95,0,,UNIQUE
alkass two,epgshare,AE1,Alkass.Two.HD.ae,Alkass Two HD,327,73.3,100.0,422.95,0,,UNIQUE
alkass three,epgshare,AE1,Alkass.Three.ae,Alkass Three,327,73.3,100.0,422.95,0,,UNIQUE
alkass four,epgshare,AE1,Alkass.Four.ae,Alkass Four,327,73.3,100.0,422.95,0,,UNIQUE
al iraqiya sport,epgshare,AE1,Al.Iraqiya.Sport.HD.ae,Al Iraqiya Sport HD,327,73.3,100.0,422.95,0,,UNIQUE
outdoor,epgshare,AE1,Outdoor.Channel.ae,Outdoor Channel,327,73.3,100.0,422.95,0,,UNIQUE
bloom,epgshare,AE1,en:.Bloom.ae,en: Bloom,403,73.3,100.0,422.95,0,,UNIQUE
sports first,epgshare,AE1,Sports.First.ae,Sports First,327,73.1,100.0,422.69,0,,UNIQUE
france 24 arabic,epgshare,AE1,France.24.Arabic.ae,France 24 Arabic,381,72.9,100.0,422.42,0,,UNIQUE
cnn international,epgshare,AE1,CNN.International.ae,CNN International,369,72.9,100.0,422.42,0,,UNIQUE
france 24 english,epgshare,AE1,France.24.English.ae,France 24 English,369,72.9,100.0,422.42,0,,UNIQUE
mbc3,epgshare,SA2,EN:.MBC3.sa,EN: MBC3,267,72.9,100.0,399.31,1,epgshare:AE1:MBC.3.ae:292.06,WINNER_OF_DUPLICATES
nhk world japan,epgshare,AE1,NHK.World.Japan.ae,NHK World Japan,229,72.9,100.0,372.72,0,,UNIQUE
alfa music sa,openepg,saudiarabia5,Alfa Music HD.sa,Alfa Music HD.sa,413,29.2,100.0,367.42,0,,UNIQUE
rotana music,epgshare,AE1,Rotana.Music.ae,Rotana Music,169,72.9,100.0,330.72,0,,UNIQUE
rotana clip,epgshare,AE1,Rotana.Clip.ae,Rotana Clip,169,72.9,100.0,330.72,0,,UNIQUE
mazzika,epgshare,AE1,Mazzika.ae,Mazzika,169,72.9,100.0,330.72,0,,UNIQUE
chada,epgshare,AE1,Chada.TV.ae,Chada TV,169,72.9,100.0,330.72,0,,UNIQUE
bbc world news,epgshare,AE1,BBC.World.News.ae,BBC World News,169,72.9,100.0,330.72,0,,UNIQUE
jordan,epgshare,AE1,Jordan.TV.HD.ae,Jordan TV HD,168,72.9,100.0,330.01,0,,UNIQUE
saudi al ekhbariya,epgshare,AE1,Saudi.Al.Ekhbariya.HD.ae,Saudi Al Ekhbariya HD,158,72.9,100.0,323.01,0,,UNIQUE
spacetoon,epgshare,AE1,Space.Toon.ae,Space Toon,157,72.9,100.0,322.31,0,,UNIQUE
cartoonito sa,openepg,saudiarabia2,Cartoonito.sa,Cartoonito.sa,214,40.3,100.0,322.2,1,openepg:saudiarabia1:Cartoonito.sa:268.02,WINNER_OF_DUPLICATES
press,epgshare,AE1,Press.TV.HD.ae,Press TV HD,149,72.9,100.0,316.72,0,,UNIQUE
arirang world,epgshare,AE1,Arirang.World.ae,Arirang World,149,72.9,100.0,316.72,0,,UNIQUE
rt arabic sa,openepg,saudiarabia5,RT Arabic.sa,RT Arabic.sa,3,144.9,100.0,315.72,2,openepg:saudiarabia2:RT Arabic.sa:228.68;openepg:saudiarabia1:RT Arabic.sa:198.29,WINNER_OF_DUPLICATES
world fishing network,epgshare,AE1,World.Fishing.Network.ae,World Fishing Network,147,73.0,100.0,315.45,0,,UNIQUE
rt arabic,epgshare,AE1,RT.Arabic.HD.ae,RT Arabic HD,147,72.9,100.0,315.31,0,,UNIQUE
al hadath sa,openepg,saudiarabia5,Al Hadath.sa,Al Hadath.sa,2,144.9,100.0,315.01,2,openepg:saudiarabia2:Al Hadath.sa:218.72;openepg:saudiarabia1:Al Hadath.sa:192.69,WINNER_OF_DUPLICATES
rt english sa,openepg,saudiarabia5,RT English.sa,RT English.sa,2,144.9,100.0,315.01,0,,UNIQUE
zee alwan,epgshare,AE1,Zee.Alwan.ae,Zee Alwan,146,72.9,100.0,314.62,0,,UNIQUE
al arabiya sa,openepg,saudiarabia5,Al Arabiya.sa,Al Arabiya.sa,1,144.9,100.0,314.31,2,openepg:saudiarabia2:Al Arabiya HD.sa:220.12;openepg:saudiarabia1:Al Arabiya HD.sa:193.37,WINNER_OF_DUPLICATES
bloomberg sa,openepg,saudiarabia5,Bloomberg.sa,Bloomberg.sa,1,144.9,100.0,314.31,0,,UNIQUE
nile,epgshare,AE1,Nile.TV.ae,Nile TV,144,72.9,100.0,313.22,0,,UNIQUE
trt world,epgshare,AE1,TRT.World.ae,TRT World,144,72.9,100.0,313.22,0,,UNIQUE
fairuz,epgshare,SA2,EN:.Fairuz.sa,EN: Fairuz,1153,72.9,0.0,312.42,0,,UNIQUE
rabeh saqer,epgshare,SA2,EN:.Rabeh.Saqer.sa,EN: Rabeh Saqer,733,72.9,0.0,312.42,0,,UNIQUE
ستار بلس,epgshare,AE1,ar:.ستار.بلس.ae,ar: ستار بلس,130,72.9,100.0,311.42,0,,UNIQUE
cnbc arabiya,epgshare,AE1,CNBC.Arabiya.ae,CNBC Arabiya,141,72.9,100.0,311.12,0,,UNIQUE
dw arabia,epgshare,AE1,DW.Arabia.HD.ae,DW Arabia HD,141,72.9,100.0,311.12,0,,UNIQUE
al sahat,epgshare,AE1,Al.Sahat.TV.ae,Al Sahat TV,139,72.9,100.0,309.72,0,,UNIQUE
anewz,epgshare,AE1,Anewz.ae,Anewz,139,72.9,100.0,309.72,0,,UNIQUE
trt arabiya,epgshare,AE1,TRT.Arabiya.ae,TRT Arabiya,139,72.9,100.0,309.72,0,,UNIQUE
kuwait 2,epgshare,AE1,Kuwait.TV.2.HD.ae,Kuwait TV 2 HD,137,72.9,100.0,308.31,0,,UNIQUE
kuwait al akhbar,epgshare,AE1,Kuwait.Al.Akhbar.ae,Kuwait Al Akhbar,137,72.9,100.0,308.31,0,,UNIQUE
oman,epgshare,AE1,Oman.TV.HD.ae,Oman TV HD,137,72.9,100.0,308.31,0,,UNIQUE
cgtn,epgshare,AE1,CGTN.ae,CGTN,135,72.9,100.0,306.92,1,epgshare:AE1:en:.CGTN.ae:236.06,WINNER_OF_DUPLICATES
majid sa,openepg,saudiarabia2,Majid.sa,Majid.sa,192,40.2,100.0,306.67,1,openepg:saudiarabia1:Majid.sa:254.59,WINNER_OF_DUPLICATES
cgtn arabic,epgshare,AE1,CGTN.Arabic.ae,CGTN Arabic,134,72.9,100.0,306.22,0,,UNIQUE
tv5 monde,epgshare,AE1,TV5.Monde.ae,TV5 Monde,134,72.9,100.0,306.22,0,,UNIQUE
bbc arabic news,epgshare,AE1,BBC.Arabic.ae,BBC Arabic,131,72.9,100.0,304.12,0,,UNIQUE
star plus,epgshare,AE1,en:.Star.Plus.HD.ae,en: Star Plus HD,130,72.9,100.0,303.42,0,,UNIQUE
زي تي في,epgshare,AE1,ar:.زي.تي.في.ae,ar: زي تي في,116,72.9,100.0,301.62,0,,UNIQUE
saudia alaan,epgshare,AE1,Saudia.Alaan.TV.ae,Saudia Alaan TV,124,74.6,100.0,301.51,0,,UNIQUE
bahrain,epgshare,AE1,Bahrain.TV.HD.ae,Bahrain TV HD,124,74.6,100.0,301.51,0,,UNIQUE
bahrain international,epgshare,AE1,Bahrain.International.ae,Bahrain International,124,74.6,100.0,301.51,0,,UNIQUE
al rai,epgshare,AE1,Al.Rai.TV.ae,Al Rai TV,124,74.6,100.0,301.51,0,,UNIQUE
france 24 sa,openepg,saudiarabia2,France 24.sa,France 24.sa,182,40.1,100.0,299.53,1,openepg:saudiarabia1:France 24.sa:241.42,WINNER_OF_DUPLICATES
karameesh,epgshare,AE1,Karameesh.ae,Karameesh,123,72.9,100.0,298.51,0,,UNIQUE
toyor aljanah,epgshare,AE1,Toyor.Aljanah.TV.ae,Toyor Aljanah TV,123,72.9,100.0,298.51,0,,UNIQUE
hodhod,epgshare,AE1,HodHod.TV.ae,HodHod TV,123,72.9,100.0,298.51,0,,UNIQUE
koogi,epgshare,AE1,Koogi.TV.ae,Koogi TV,123,72.9,100.0,298.51,0,,UNIQUE
shehab,epgshare,AE1,Shehab.TV.HD.ae,Shehab TV HD,123,72.9,100.0,298.51,0,,UNIQUE
taha,epgshare,AE1,Taha.ae,Taha,123,72.9,100.0,298.51,0,,UNIQUE
sat 7 kids,epgshare,AE1,Sat-7.Kids.ae,Sat-7 Kids,123,72.9,100.0,298.51,0,,UNIQUE
cookies,epgshare,AE1,Cookies.TV.ae,Cookies TV,123,72.9,100.0,298.51,0,,UNIQUE
zarok,epgshare,AE1,Zarok.TV.ae,Zarok TV,123,72.9,100.0,298.51,0,,UNIQUE
nogoum fm,epgshare,AE1,Nogoum.FM.TV.ae,Nogoum FM TV,123,72.9,100.0,298.51,1,epgshare:AE1:Nogoum.FM.ae:224.81,WINNER_OF_DUPLICATES
el moled,epgshare,AE1,El.Moled.ae,El Moled,123,72.9,100.0,298.51,0,,UNIQUE
falastini,epgshare,AE1,Falastini.TV.ae,Falastini TV,123,72.9,100.0,298.51,0,,UNIQUE
med muzîk,epgshare,AE1,Med.Muzîk.ae,Med Muzîk,123,72.9,100.0,298.51,0,,UNIQUE
al quds today,epgshare,AE1,Al.Quds.Today.TV.ae,Al Quds Today TV,123,72.9,100.0,298.51,0,,UNIQUE
huda,epgshare,AE1,Huda.TV.ae,Huda TV,123,72.9,100.0,298.51,0,,UNIQUE
algérie 5,epgshare,AE1,Algérie.5.ae,Algérie 5,123,72.9,100.0,298.51,0,,UNIQUE
al najaf al ashraf,epgshare,AE1,Al.Najaf.Al.Ashraf.TV.ae,Al Najaf Al Ashraf TV,123,72.9,100.0,298.51,0,,UNIQUE
daewa,epgshare,AE1,Daewa.TV.ae,Daewa TV,123,72.9,100.0,298.51,0,,UNIQUE
haq,epgshare,AE1,Haq.TV.ae,Haq TV,123,72.9,100.0,298.51,0,,UNIQUE
al ahvaz,epgshare,AE1,Al.Ahvaz.TV.ae,Al Ahvaz TV,123,72.9,100.0,298.51,0,,UNIQUE
als3yda madeeh,epgshare,AE1,Als3yda.Madeeh.ae,Als3yda Madeeh,123,72.9,100.0,298.51,0,,UNIQUE
libya ifta,epgshare,AE1,Libya.Ifta.TV.ae,Libya Ifta TV,123,72.9,100.0,298.51,0,,UNIQUE
al nas,epgshare,AE1,Al.Nas.ae,Al Nas,123,72.9,100.0,298.51,0,,UNIQUE
madrasetna 1,epgshare,AE1,Madrasetna.1.ae,Madrasetna 1,123,72.9,100.0,298.51,0,,UNIQUE
madrasetna 2,epgshare,AE1,Madrasetna.2.ae,Madrasetna 2,123,72.9,100.0,298.51,0,,UNIQUE
madrasetna 3,epgshare,AE1,Madrasetna.3.ae,Madrasetna 3,123,72.9,100.0,298.51,0,,UNIQUE
al ayyam,epgshare,AE1,Al.Ayyam.TV.ae,Al Ayyam TV,123,72.9,100.0,298.51,0,,UNIQUE
al madeeh,epgshare,AE1,Al.Madeeh.ae,Al Madeeh,123,72.9,100.0,298.51,0,,UNIQUE
al nada,epgshare,AE1,Al.Nada.TV.ae,Al Nada TV,123,72.9,100.0,298.51,0,,UNIQUE
misr quran kareem,epgshare,AE1,Misr.Quran.Kareem.ae,Misr Quran Kareem,123,72.9,100.0,298.51,0,,UNIQUE
aden almustakillah,epgshare,AE1,Aden.Almustakillah.HD.ae,Aden Almustakillah HD,123,72.9,100.0,298.51,0,,UNIQUE
alfath,epgshare,AE1,Alfath.TV.ae,Alfath TV,123,72.9,100.0,298.51,0,,UNIQUE
alistiqama,epgshare,AE1,Alistiqama.TV.ae,Alistiqama TV,123,72.9,100.0,298.51,0,,UNIQUE
al nahar noor,epgshare,AE1,Al.Nahar.Noor.ae,Al Nahar Noor,123,72.9,100.0,298.51,0,,UNIQUE
shamalia,epgshare,AE1,Shamalia.TV.ae,Shamalia TV,123,72.9,100.0,298.51,0,,UNIQUE
thaqalayn,epgshare,AE1,Thaqalayn.TV.ae,Thaqalayn TV,123,72.9,100.0,298.51,0,,UNIQUE
zad,epgshare,AE1,Zad.TV.ae,Zad TV,123,72.9,100.0,298.51,0,,UNIQUE
one america news network,epgshare,AE1,One.America.News.Network.ae,One America News Network,121,73.4,100.0,297.79,0,,UNIQUE
al iraqiya turkuman,epgshare,AE1,Al.Iraqiya.Turkuman.ae,Al Iraqiya Turkuman,121,73.4,100.0,297.79,0,,UNIQUE
iraqia syriac,epgshare,AE1,Iraqia.Syriac.ae,Iraqia Syriac,121,73.4,100.0,297.79,0,,UNIQUE
china arab,epgshare,AE1,China.Arab.TV.ae,China Arab TV,121,73.4,100.0,297.79,0,,UNIQUE
zee alwan egypt,epgshare,AE1,Zee.Alwan.Egypt.ae,Zee Alwan Egypt,121,73.4,100.0,297.79,0,,UNIQUE
wedotv big stories,epgshare,AE1,Wedotv.Big.Stories.ae,Wedotv Big Stories,121,73.4,100.0,297.79,0,,UNIQUE
قناة الحدث مباشر,epgshare,AE1,ar:.قناة.الحدث.-.مباشر.ae,ar: قناة الحدث - مباشر,107,72.9,100.0,295.31,0,,UNIQUE
qatar 2,epgshare,AE1,Qatar.2.HD.ae,Qatar 2 HD,116,73.9,100.0,294.97,0,,UNIQUE
zee,epgshare,AE1,en:.Zee.TV.HD.ae,en: Zee TV HD,116,72.9,100.0,293.62,0,,UNIQUE
alfa fann sa,openepg,saudiarabia5,Alfa Fann.sa,Alfa Fann.sa,193,29.3,100.0,292.65,0,,UNIQUE
saudi sports 1,epgshare,AE1,KSA.sports.1.ae,KSA sports 1,113,73.3,100.0,292.06,0,,UNIQUE
ksa sports 2,epgshare,AE1,KSA.sports.2.HD.ae,KSA sports 2 HD,113,73.3,100.0,292.06,0,,UNIQUE
sharjah quran,epgshare,AE1,Sharjah.Quran.TV.ae,Sharjah Quran TV,113,73.3,100.0,292.06,1,epgshare:AE1:Sharjah.Quran.ae:224.81,WINNER_OF_DUPLICATES
saudi quran,epgshare,AE1,Saudi.Quran.TV.HD.ae,Saudi Quran TV HD,113,73.3,100.0,292.06,0,,UNIQUE
saudi sunna,epgshare,AE1,Saudi.Sunna.TV.HD.ae,Saudi Sunna TV HD,113,73.3,100.0,292.06,0,,UNIQUE
al resala,epgshare,AE1,Al.Resala.ae,Al Resala,113,73.3,100.0,292.06,0,,UNIQUE
al majd,epgshare,AE1,Al.Majd.ae,Al Majd,113,73.3,100.0,292.06,0,,UNIQUE
al majd holy quran,epgshare,AE1,Al.Majd.Holy.Quran.ae,Al Majd Holy Quran,113,73.3,100.0,292.06,0,,UNIQUE
majid kids,epgshare,AE1,Majid.Kids.TV.HD.ae,Majid Kids TV HD,113,73.3,100.0,292.06,0,,UNIQUE
cartoon network arabic,epgshare,AE1,CN.Arabic.ae,CN Arabic,113,73.3,100.0,292.06,0,,UNIQUE
al qahera news,epgshare,AE1,Al.Qahera.News.ae,Al Qahera News,113,72.9,100.0,291.51,0,,UNIQUE
al baghdadia now,epgshare,AE1,Al.Baghdadia.Now.ae,Al Baghdadia Now,113,72.9,100.0,291.51,0,,UNIQUE
alghadeer,epgshare,AE1,Alghadeer.TV.ae,Alghadeer TV,113,72.9,100.0,291.51,0,,UNIQUE
al sharq,epgshare,AE1,Al.Sharq.TV.ae,Al Sharq TV,113,72.9,100.0,291.51,0,,UNIQUE
i news,epgshare,AE1,I.News.HD.ae,I News HD,113,72.9,100.0,291.51,0,,UNIQUE
kirkuk,epgshare,AE1,Kirkuk.TV.ae,Kirkuk TV,113,72.9,100.0,291.51,0,,UNIQUE
afaq,epgshare,AE1,Afaq.TV.ae,Afaq TV,113,72.9,100.0,291.51,0,,UNIQUE
al anbar,epgshare,AE1,Al.Anbar.ae,Al Anbar,113,72.9,100.0,291.51,0,,UNIQUE
al fallujah,epgshare,AE1,Al.Fallujah.TV.ae,Al Fallujah TV,113,72.9,100.0,291.51,0,,UNIQUE
al hiwar,epgshare,AE1,Al.Hiwar.TV.HD.ae,Al Hiwar TV HD,113,72.9,100.0,291.51,0,,UNIQUE
alhadath alyoum,epgshare,AE1,AlHadath.Alyoum.ae,AlHadath Alyoum,113,72.9,100.0,291.51,0,,UNIQUE
iraq future,epgshare,AE1,Iraq.Future.TV.ae,Iraq Future TV,113,72.9,100.0,291.51,0,,UNIQUE
libya al ahrar,epgshare,AE1,Libya.Al.Ahrar.HD.ae,Libya Al Ahrar HD,113,72.9,100.0,291.51,0,,UNIQUE
al jamahiriya,epgshare,AE1,Al.Jamahiriya.TV.ae,Al Jamahiriya TV,113,72.9,100.0,291.51,0,,UNIQUE
libya alhadath,epgshare,AE1,Libya.Alhadath.HD.ae,Libya Alhadath HD,113,72.9,100.0,291.51,0,,UNIQUE
libya alrasmia,epgshare,AE1,Libya.Alrasmia.Channel.ae,Libya Alrasmia Channel,113,72.9,100.0,291.51,0,,UNIQUE
libya al hedaya,epgshare,AE1,Libya.Al.Hedaya.ae,Libya Al Hedaya,113,72.9,100.0,291.51,0,,UNIQUE
lualua,epgshare,AE1,LuaLua.TV.HD.ae,LuaLua TV HD,113,72.9,100.0,291.51,0,,UNIQUE
mekameleen,epgshare,AE1,Mekameleen.ae,Mekameleen,113,72.9,100.0,291.51,0,,UNIQUE
misr al zeraeey,epgshare,AE1,Misr.Al.Zeraeey.ae,Misr Al Zeraeey,113,72.9,100.0,291.51,0,,UNIQUE
palestine,epgshare,AE1,Palestine.HD.ae,Palestine HD,113,72.9,100.0,291.51,0,,UNIQUE
palestine today,epgshare,AE1,Palestine.Today.ae,Palestine Today,113,72.9,100.0,291.51,0,,UNIQUE
palestine news,epgshare,AE1,Palestine.News.ae,Palestine News,113,72.9,100.0,291.51,0,,UNIQUE
gali kurdistan,epgshare,AE1,Gali.Kurdistan.HD.ae,Gali Kurdistan HD,113,72.9,100.0,291.51,0,,UNIQUE
8,epgshare,AE1,Channel.8.ae,Channel 8,113,72.9,100.0,291.51,0,,UNIQUE
kurdsat news,epgshare,AE1,Kurdsat.News.HD.ae,Kurdsat News HD,113,72.9,100.0,291.51,0,,UNIQUE
trt kurdî,epgshare,AE1,TRT.Kurdî.ae,TRT Kurdî,113,72.9,100.0,291.51,0,,UNIQUE
nrt,epgshare,AE1,NRT.HD.ae,NRT HD,113,72.9,100.0,291.51,0,,UNIQUE
payam,epgshare,AE1,Payam.TV.ae,Payam TV,113,72.9,100.0,291.51,0,,UNIQUE
rojava,epgshare,AE1,Rojava.TV.HD.ae,Rojava TV HD,113,72.9,100.0,291.51,0,,UNIQUE
al jazeera english,epgshare,AE1,Al.Jazeera.English.HD.ae,Al Jazeera English HD,113,72.9,100.0,291.51,0,,UNIQUE
aljazeera english,epgshare,ALJAZEERA1,AlJazeera.English.net,AlJazeera English,113,72.9,100.0,291.51,0,,UNIQUE
disney junior sa,openepg,saudiarabia2,Disney Junior.sa,Disney Junior.sa,169,40.3,100.0,290.7,1,openepg:saudiarabia1:Disney Junior.sa:242.12,WINNER_OF_DUPLICATES
mbc 4,epgshare,AE1,MBC.4.ae,MBC 4,110,73.2,100.0,289.82,0,,UNIQUE
panorama drama,epgshare,AE1,Panorama.Drama.ae,Panorama Drama,109,72.9,100.0,288.72,0,,UNIQUE
panorama drama 2,epgshare,AE1,Panorama.Drama.2.ae,Panorama Drama 2,109,72.9,100.0,288.72,0,,UNIQUE
panorama film,epgshare,AE1,Panorama.Film.ae,Panorama Film,109,72.9,100.0,288.72,0,,UNIQUE
beirut aflam,epgshare,AE1,Beirut.Aflam.ae,Beirut Aflam,109,72.9,100.0,288.72,0,,UNIQUE
beirut alyoom,epgshare,AE1,Beirut.Alyoom.ae,Beirut Alyoom,109,72.9,100.0,288.72,0,,UNIQUE
beirut cinema,epgshare,AE1,Beirut.Cinema.ae,Beirut Cinema,109,72.9,100.0,288.72,0,,UNIQUE
beirut drama,epgshare,AE1,Beirut.Drama.ae,Beirut Drama,109,72.9,100.0,288.72,0,,UNIQUE
maspero zaman,epgshare,AE1,Maspero.Zaman.ae,Maspero Zaman,109,72.9,100.0,288.72,0,,UNIQUE
al hadath live,epgshare,AE1,en:.Al.Hadath.Live.ae,en: Al Hadath Live,107,72.9,100.0,287.31,0,,UNIQUE
2m monde,epgshare,AE1,2M.Monde.ae,2M Monde,105,73.7,100.0,287.0,0,,UNIQUE
كلرز إتش دي,epgshare,AE1,ar:.كلرز.إتش.دي.ae,ar: كلرز إتش دي,95,72.9,100.0,286.92,0,,UNIQUE
kuwait 1,epgshare,AE1,Kuwait.TV.1.HD.ae,Kuwait TV 1 HD,106,72.9,100.0,286.62,0,,UNIQUE
al rabiaa,epgshare,AE1,Al.Rabiaa.HD.ae,Al Rabiaa HD,93,78.9,100.0,285.62,0,,UNIQUE
al masar,epgshare,AE1,Al.Masar.TV.HD.ae,Al Masar TV HD,93,78.9,100.0,285.62,0,,UNIQUE
al janoub,epgshare,AE1,Al.Janoub.ae,Al Janoub,93,78.9,100.0,285.62,0,,UNIQUE
al anwar 2,epgshare,AE1,Al.Anwar.TV.2.ae,Al Anwar TV 2,93,78.9,100.0,285.62,0,,UNIQUE
al mawqef,epgshare,AE1,Al.Mawqef.ae,Al Mawqef,93,78.9,100.0,285.62,0,,UNIQUE
m24,epgshare,AE1,M24.TV.ae,M24 TV,93,78.9,100.0,285.62,0,,UNIQUE
albarlemania al mauritania,epgshare,AE1,Albarlemania.al.Mauritania.TV.ae,Albarlemania al Mauritania TV,93,78.9,100.0,285.62,0,,UNIQUE
algérie 3,epgshare,AE1,Algérie.3.HD.ae,Algérie 3 HD,93,78.9,100.0,285.62,0,,UNIQUE
echorouk news,epgshare,AE1,Echorouk.News.ae,Echorouk News,93,78.9,100.0,285.62,0,,UNIQUE
ennahar,epgshare,AE1,Ennahar.TV.ae,Ennahar TV,93,78.9,100.0,285.62,0,,UNIQUE
mbc 3 sa,openepg,saudiarabia2,MBC 3.sa,MBC 3.sa,160,40.2,100.0,284.27,4,openepg:saudiarabia4:MBC 3 HD.sa:279.39;openepg:saudiarabia5:MBC 3.sa:252.62;openepg:saudiarabia1:MBC 3.sa:238.62;openepg:saudiarabia3:MBC 3 HD.sa:236.95,WINNER_OF_DUPLICATES
mbc action,epgshare,AE1,MBC.Action.ae,MBC Action,93,73.0,100.0,282.65,1,epgshare:SA2:EN:.MBC.Action.sa:281.91,WINNER_OF_DUPLICATES
rt documentary sa,openepg,saudiarabia2,RT Documentary.sa,RT Documentary.sa,157,40.1,100.0,282.03,1,openepg:saudiarabia1:RT Documentary.sa:238.48,WINNER_OF_DUPLICATES
al asouf,epgshare,SA2,EN:.Al.Asouf.Channel.sa,EN: Al Asouf Channel,99,72.9,100.0,281.72,0,,UNIQUE
آسيا نت,epgshare,AE1,ar:.آسيا.نت.ae,ar: آسيا نت,83,74.9,100.0,281.22,0,,UNIQUE
nat geo abu dhabi,epgshare,AE1,Nat.Geo.Abu.Dhabi.HD.ae,Nat Geo Abu Dhabi HD,98,72.9,100.0,281.01,0,,UNIQUE
extra news,epgshare,AE1,Extra.News.HD.ae,Extra News HD,97,72.9,100.0,280.31,0,,UNIQUE
saudi,epgshare,AE1,Saudi.HD.ae,Saudi HD,92,74.9,100.0,279.51,0,,UNIQUE
qatar,epgshare,AE1,Qatar.TV.HD.ae,Qatar TV HD,82,79.9,100.0,279.26,0,,UNIQUE
colors,epgshare,AE1,en:.Colors.HD.ae,en: Colors HD,95,72.9,100.0,278.92,0,,UNIQUE
canal algerie,epgshare,AE1,Canal.Algerie.ae,Canal Algerie,93,72.9,100.0,277.51,0,,UNIQUE
algérie 4,epgshare,AE1,Algérie.4.ae,Algérie 4,93,72.9,100.0,277.51,0,,UNIQUE
algérie 6,epgshare,AE1,Algérie.6.HD.ae,Algérie 6 HD,93,72.9,100.0,277.51,0,,UNIQUE
echorouk,epgshare,AE1,Echorouk.TV.HD.ae,Echorouk TV HD,93,72.9,100.0,277.51,0,,UNIQUE
maraya,epgshare,SA2,EN:.Maraya.Channel.sa,EN: Maraya Channel,92,72.9,100.0,276.81,0,,UNIQUE
saudi thikrayat,epgshare,AE1,Saudi.Thikrayat.ae,Saudi Thikrayat,91,72.9,100.0,276.12,0,,UNIQUE
asharq news,epgshare,AE1,Asharq.News.HD.ae,Asharq News HD,91,72.9,100.0,276.12,0,,UNIQUE
al arabiya business,epgshare,AE1,Al.Arabiya.Business.ae,Al Arabiya Business,91,72.9,100.0,276.12,0,,UNIQUE
al mashhad,epgshare,AE1,Al.Mashhad.ae,Al Mashhad,91,72.9,100.0,276.12,0,,UNIQUE
al jazeera,epgshare,AE1,Al.Jazeera.HD.ae,Al Jazeera HD,91,72.9,100.0,276.12,0,,UNIQUE
al jazeera mobasher,epgshare,AE1,Al.Jazeera.Mobasher.HD.ae,Al Jazeera Mobasher HD,91,72.9,100.0,276.12,0,,UNIQUE
al jazeera mobasher 2,epgshare,AE1,Al.Jazeera.Mobasher.2.HD.ae,Al Jazeera Mobasher 2 HD,91,72.9,100.0,276.12,0,,UNIQUE
al araby,epgshare,AE1,Al.Araby.HD.ae,Al Araby HD,91,72.9,100.0,276.12,0,,UNIQUE
al sumaria,epgshare,AE1,Al.Sumaria.TV.ae,Al Sumaria TV,89,73.3,100.0,275.25,0,,UNIQUE
سوني تي في,epgshare,AE1,ar:.سوني.تي.في.ae,ar: سوني تي في,77,73.4,100.0,274.99,0,,UNIQUE
mbc iraq,epgshare,AE1,MBC.Iraq.HD.ae,MBC Iraq HD,89,72.9,100.0,274.72,1,epgshare:SA2:EN:.MBC1.Iraq.sa:270.23,WINNER_OF_DUPLICATES
al aoula,epgshare,AE1,Al.Aoula.ae,Al Aoula,84,75.4,100.0,274.59,0,,UNIQUE
رابح صقر ae,openepg,uae6,رابح صقر.ae,رابح صقر.ae,355,35.6,0.0,274.06,0,,UNIQUE
al arabiya,epgshare,AE1,Al.Arabiya.HD.ae,Al Arabiya HD,88,72.9,100.0,274.01,0,,UNIQUE
sharjah,epgshare,AE1,Sharjah.HD.ae,Sharjah HD,88,72.9,100.0,274.01,0,,UNIQUE
mbc1,epgshare,AE1,MBC.1.ae,MBC 1,87,73.4,100.0,273.99,1,epgshare:SA2:EN:.MBC1.sa:270.61,WINNER_OF_DUPLICATES
فيروز ae,openepg,uae6,فيروز.ae,فيروز.ae,560,35.5,0.0,273.93,0,,UNIQUE
asharq,epgshare,SA2,EN:.Asharq.sa,EN: Asharq,158,72.9,55.1,273.62,0,,UNIQUE
al iraqiya,epgshare,AE1,Al.Iraqiya.HD.ae,Al Iraqiya HD,87,72.9,100.0,273.32,0,,UNIQUE
al sharqiya,epgshare,AE1,Al.Sharqiya.TV.HD.ae,Al Sharqiya TV HD,87,72.9,100.0,273.32,0,,UNIQUE
asianet me,epgshare,AE1,en:.Asianet.ME.ae,en: Asianet ME,83,74.9,100.0,273.22,0,,UNIQUE
emarat,epgshare,AE1,Emarat.HD.ae,Emarat HD,85,72.9,100.0,271.92,0,,UNIQUE
nile comedy,epgshare,AE1,Nile.Comedy.ae,Nile Comedy,85,72.9,100.0,271.92,0,,UNIQUE
nile drama,epgshare,AE1,Nile.Drama.ae,Nile Drama,85,72.9,100.0,271.92,0,,UNIQUE
abu dhabi,epgshare,AE1,Abu.Dhabi.HD.ae,Abu Dhabi HD,84,72.9,100.0,271.22,0,,UNIQUE
ستارز بلاي سبورتس 1,epgshare,AE1,ar:.ستارز.بلاي.سبورتس.1.ae,ar: ستارز بلاي سبورتس 1,72,72.9,100.0,270.82,0,,UNIQUE
yemen,epgshare,AE1,Yemen.TV.ae,Yemen TV,68,80.9,100.0,270.81,0,,UNIQUE
aden,epgshare,AE1,Aden.TV.ae,Aden TV,68,80.9,100.0,270.81,0,,UNIQUE
yemen shabab,epgshare,AE1,Yemen.Shabab.ae,Yemen Shabab,68,80.9,100.0,270.81,0,,UNIQUE
reef alyemen,epgshare,AE1,Reef.AlYemen.ae,Reef AlYemen,68,80.9,100.0,270.81,0,,UNIQUE
cartoon network sa,openepg,saudiarabia5,Cartoon Network HD.sa,Cartoon Network HD.sa,124,48.9,100.0,270.81,2,openepg:saudiarabia4:Cartoon Network HD.sa:209.5;openepg:saudiarabia3:Cartoon Network HD.sa:180.5,WINNER_OF_DUPLICATES
one,epgshare,AE1,One.TV.ae,One TV,79,74.3,100.0,269.61,1,epgshare:AE1:One.Tv.ae:160.45,WINNER_OF_DUPLICATES
al djazair n 1,epgshare,AE1,Al.Djazair.N°1.ae,Al Djazair N°1,79,74.3,100.0,269.61,0,,UNIQUE
tunisia nat 1,epgshare,AE1,Tunisia.Nat.1.ae,Tunisia Nat 1,79,74.3,100.0,269.61,0,,UNIQUE
al dafrah,epgshare,AE1,Al.Dafrah.HD.ae,Al Dafrah HD,81,72.9,100.0,269.12,0,,UNIQUE
mbc bollywood,epgshare,AE1,MBC.Bollywood.ae,MBC Bollywood,73,72.9,100.0,268.51,0,,UNIQUE
cbc sofra,epgshare,AE1,CBC.Sofra.ae,CBC Sofra,79,73.4,100.0,268.39,0,,UNIQUE
العربية بيزنس مباشر,epgshare,AE1,ar:.العربية.بيزنس.-.مباشر.ae,ar: العربية بيزنس - مباشر,68,72.9,100.0,268.01,0,,UNIQUE
al hayah 2,epgshare,AE1,Al.Hayah.2.ae,Al Hayah 2,75,75.0,100.0,267.75,0,,UNIQUE
al kahera wal nas,epgshare,AE1,Al.Kahera.Wal.Nas.ae,Al Kahera Wal Nas,75,75.0,100.0,267.75,0,,UNIQUE
al nahar,epgshare,AE1,Al.Nahar.TV.ae,Al Nahar TV,79,72.9,100.0,267.72,0,,UNIQUE
أبوظبي الرياضية بريميوم 2 الدوري الإيطالي,epgshare,AE1,ar:.أبوظبي.الرياضية.بريميوم.2.-.الدوري.الإيطالي.ae,ar: أبوظبي الرياضية بريميوم 2 - الدوري الإيطالي,67,72.9,100.0,267.32,0,,UNIQUE
أبوظبي الرياضية إكسترا,epgshare,AE1,ar:.أبوظبي.الرياضية.إكسترا.ae,ar: أبوظبي الرياضية إكسترا,67,72.9,100.0,267.32,0,,UNIQUE
palestine edu,epgshare,AE1,Palestine.Edu.HD.ae,Palestine Edu HD,78,72.9,100.0,267.01,0,,UNIQUE
nile culture,epgshare,AE1,Nile.Culture.ae,Nile Culture,78,72.9,100.0,267.01,0,,UNIQUE
asharq discovery,epgshare,AE1,Asharq.Discovery.HD.ae,Asharq Discovery HD,78,72.9,100.0,267.01,0,,UNIQUE
sony,epgshare,AE1,en:.Sony.TV.ae,en: Sony TV,77,73.4,100.0,266.99,0,,UNIQUE
al oula,epgshare,AE1,Al.Oula.ae,Al Oula,75,73.9,100.0,266.26,0,,UNIQUE
sama dubai,epgshare,AE1,Sama.Dubai.HD.ae,Sama Dubai HD,76,73.2,100.0,266.02,1,epgshare:AE1:Sama.Dubai.ae:175.91,WINNER_OF_DUPLICATES
rotana khalijia,epgshare,AE1,Rotana.Khalijia.ae,Rotana Khalijia,76,72.9,100.0,265.62,0,,UNIQUE
oman mubasher,epgshare,AE1,Oman.TV.Mubasher.HD.ae,Oman TV Mubasher HD,76,72.9,100.0,265.62,0,,UNIQUE
al rayyan,epgshare,AE1,Al.Rayyan.HD.ae,Al Rayyan HD,76,72.9,100.0,265.62,0,,UNIQUE
ستارزبلاي كريكيت 1,epgshare,AE1,ar:.ستارزبلاي.كريكيت.1.ae,ar: ستارزبلاي كريكيت 1,60,74.9,100.0,265.12,0,,UNIQUE
kbs world,epgshare,AE1,KBS.World.ae,KBS World,74,73.1,100.0,264.49,0,,UNIQUE
ten,epgshare,AE1,Ten.ae,Ten,74,72.9,100.0,264.22,0,,UNIQUE
al rasheed,epgshare,AE1,Al.Rasheed.TV.HD.ae,Al Rasheed TV HD,74,72.9,100.0,264.22,0,,UNIQUE
iraq al hadath,epgshare,AE1,Iraq.Al.Hadath.ae,Iraq Al Hadath,74,72.9,100.0,264.22,0,,UNIQUE
ياس تي في إكسترا,epgshare,AE1,ar:.ياس.تي.في.إكسترا.ae,ar: ياس تي في إكسترا,62,72.9,100.0,263.82,0,,UNIQUE
mbc3 ae,openepg,uae6,MBC3.ae,MBC3.ae,141,35.9,98.6,263.62,0,,UNIQUE
one movies,epgshare,AE1,One.Movies.ae,One Movies,64,73.9,100.0,263.56,0,,UNIQUE
dolly movies,epgshare,AE1,Dolly.Movies.ae,Dolly Movies,64,73.9,100.0,263.56,0,,UNIQUE
mbc drama,epgshare,AE1,MBC.Drama.ae,MBC Drama,73,72.9,100.0,263.51,0,,UNIQUE
rotana drama,epgshare,AE1,Rotana.Drama.ae,Rotana Drama,73,72.9,100.0,263.51,0,,UNIQUE
al hadath,epgshare,AE1,Al.Hadath.ae,Al Hadath,73,72.9,100.0,263.51,0,,UNIQUE
sky news arabia,epgshare,AE1,Sky.News.Arabia.HD.ae,Sky News Arabia HD,73,72.9,100.0,263.51,0,,UNIQUE
egyptian,epgshare,AE1,Egyptian.TV.HD.ae,Egyptian TV HD,73,72.9,100.0,263.51,0,,UNIQUE
al kahera 3,epgshare,AE1,Al.Kahera.3.ae,Al Kahera 3,73,72.9,100.0,263.51,0,,UNIQUE
al kanal 4,epgshare,AE1,Al.Kanal.4.ae,Al Kanal 4,73,72.9,100.0,263.51,0,,UNIQUE
al askandria 5,epgshare,AE1,Al.Askandria.5.ae,Al Askandria 5,73,72.9,100.0,263.51,0,,UNIQUE
al delta 6,epgshare,AE1,Al.Delta.6.ae,Al Delta 6,73,72.9,100.0,263.51,0,,UNIQUE
al saeed 7,epgshare,AE1,Al.Saeed.7.ae,Al Saeed 7,73,72.9,100.0,263.51,0,,UNIQUE
teba 8,epgshare,AE1,Teba.8.ae,Teba 8,73,72.9,100.0,263.51,0,,UNIQUE
extra live,epgshare,AE1,Extra.live.ae,Extra live,73,72.9,100.0,263.51,0,,UNIQUE
al ghad,epgshare,AE1,Al.Ghad.ae,Al Ghad,73,72.9,100.0,263.51,0,,UNIQUE
iraq 24,epgshare,AE1,Iraq.24.HD.ae,Iraq 24 HD,73,72.9,100.0,263.51,0,,UNIQUE
karbala,epgshare,AE1,Karbala.TV.HD.ae,Karbala TV HD,73,72.9,100.0,263.51,0,,UNIQUE
al forat,epgshare,AE1,Al.Forat.ae,Al Forat,73,72.9,100.0,263.51,0,,UNIQUE
iraq now,epgshare,AE1,Iraq.Now.ae,Iraq Now,73,72.9,100.0,263.51,0,,UNIQUE
alawla,epgshare,AE1,Alawla.ae,Alawla,73,72.9,100.0,263.51,0,,UNIQUE
al iraqiya kurd,epgshare,AE1,Al.Iraqiya.Kurd.ae,Al Iraqiya Kurd,73,72.9,100.0,263.51,0,,UNIQUE
kurdistan,epgshare,AE1,Kurdistan.TV.ae,Kurdistan TV,73,72.9,100.0,263.51,0,,UNIQUE
kurdmax,epgshare,AE1,KurdMax.HD.ae,KurdMax HD,73,72.9,100.0,263.51,0,,UNIQUE
kurdsat,epgshare,AE1,Kurdsat.ae,Kurdsat,73,72.9,100.0,263.51,0,,UNIQUE
rûdaw,epgshare,AE1,Rûdaw.TV.HD.ae,Rûdaw TV HD,73,72.9,100.0,263.51,0,,UNIQUE
speda,epgshare,AE1,Speda.HD.ae,Speda HD,73,72.9,100.0,263.51,0,,UNIQUE
zagros,epgshare,AE1,Zagros.ae,Zagros,73,72.9,100.0,263.51,0,,UNIQUE
nile family,epgshare,AE1,Nile.Family.ae,Nile Family,73,72.9,100.0,263.51,0,,UNIQUE
al nahar drama,epgshare,AE1,Al.Nahar.Drama.ae,Al Nahar Drama,73,72.9,100.0,263.51,0,,UNIQUE
cbc drama,epgshare,AE1,CBC.Drama.ae,CBC Drama,73,72.9,100.0,263.51,0,,UNIQUE
sada el balad drama,epgshare,AE1,Sada.El.Balad.Drama.ae,Sada El Balad Drama,73,72.9,100.0,263.51,0,,UNIQUE
palestine live,epgshare,AE1,Palestine.Live.HD.ae,Palestine Live HD,73,72.9,100.0,263.51,0,,UNIQUE
falestinona,epgshare,AE1,falestinona.TV.ae,falestinona TV,73,72.9,100.0,263.51,0,,UNIQUE
al mayadeen,epgshare,AE1,Al.Mayadeen.HD.ae,Al Mayadeen HD,73,72.9,100.0,263.51,0,,UNIQUE
al iraqiya news,epgshare,AE1,Al.Iraqiya.News.HD.ae,Al Iraqiya News HD,73,72.9,100.0,263.51,0,,UNIQUE
al sharqiya news,epgshare,AE1,Al.sharqiya.News.HD.ae,Al sharqiya News HD,73,72.9,100.0,263.51,0,,UNIQUE
starzplay sports 1,epgshare,AE1,en:.STARZPLAY.Sports.1.ae,en: STARZPLAY Sports 1,72,72.9,100.0,262.82,0,,UNIQUE
al thanya,epgshare,AE1,Al.Thanya.ae,Al Thanya,71,73.4,100.0,262.79,0,,UNIQUE
al masriyah,epgshare,AE1,Al.Masriyah.ae,Al Masriyah,71,73.4,100.0,262.79,0,,UNIQUE
al shams,epgshare,AE1,Al.Shams.TV.ae,Al Shams TV,71,73.4,100.0,262.79,0,,UNIQUE
al hayah,epgshare,AE1,Al.Hayah.HD.ae,Al Hayah HD,71,73.4,100.0,262.79,0,,UNIQUE
al rayyan al qadeem,epgshare,AE1,Al.Rayyan.Al.Qadeem.HD.ae,Al Rayyan Al Qadeem HD,70,73.9,100.0,262.76,0,,UNIQUE
mbc masr 2,epgshare,AE1,MBC.Masr.2.HD.ae,MBC Masr 2 HD,71,72.9,100.0,262.12,1,epgshare:SA2:EN:.MBC.Masr.2.sa:249.67,WINNER_OF_DUPLICATES
nile life,epgshare,AE1,Nile.Life.ae,Nile Life,71,72.9,100.0,262.12,0,,UNIQUE
sudan,epgshare,AE1,Sudan.TV.ae,Sudan TV,69,72.9,100.0,260.72,0,,UNIQUE
on drama,epgshare,AE1,On.Drama.ae,On Drama,69,72.9,100.0,260.72,0,,UNIQUE
tunisia nat 2,epgshare,AE1,Tunisia.Nat.2.ae,Tunisia Nat 2,69,72.9,100.0,260.72,0,,UNIQUE
el fadjrdrama dz,epgshare,AE1,EL.FadjrDrama.DZ.HD.ae,EL FadjrDrama DZ HD,69,72.9,100.0,260.72,0,,UNIQUE
zaytoona,epgshare,AE1,Zaytoona.ae,Zaytoona,69,72.9,100.0,260.72,0,,UNIQUE
amman,epgshare,AE1,Amman.TV.HD.ae,Amman TV HD,69,72.9,100.0,260.72,0,,UNIQUE
al mamlaka,epgshare,AE1,Al.Mamlaka.TV.HD.ae,Al Mamlaka TV HD,69,72.9,100.0,260.72,0,,UNIQUE
dubai,epgshare,AE1,Dubai.HD.ae,Dubai HD,68,73.4,100.0,260.69,1,epgshare:AE1:Dubai.ae:193.69,WINNER_OF_DUPLICATES
zamalek,epgshare,AE1,Zamalek.TV.ae,Zamalek TV,67,73.9,100.0,260.67,0,,UNIQUE
hogan,epgshare,AE1,Hogan.TV.ae,Hogan TV,67,73.9,100.0,260.67,0,,UNIQUE
yalla mosar3a,epgshare,AE1,Yalla.Mosar3a.ae,Yalla Mosar3a,67,73.9,100.0,260.67,0,,UNIQUE
libya sport,epgshare,AE1,Libya.Sport.ae,Libya Sport,67,73.9,100.0,260.67,0,,UNIQUE
libya sport 2,epgshare,AE1,Libya.Sport.2.HD.ae,Libya Sport 2 HD,67,73.9,100.0,260.67,0,,UNIQUE
alkass one,epgshare,AE1,Alkass.One.HD.ae,Alkass One HD,67,73.9,100.0,260.67,0,,UNIQUE
dubai racing 2,epgshare,AE1,Dubai.Racing.2.ae,Dubai Racing 2,63,75.5,100.0,260.02,0,,UNIQUE
sharjah sports,epgshare,AE1,Sharjah.Sports.HD.ae,Sharjah Sports HD,63,75.5,100.0,260.02,0,,UNIQUE
sada el balad,epgshare,AE1,Sada.El.Balad.ae,Sada El Balad,68,72.9,100.0,260.01,0,,UNIQUE
al arabiya business live,epgshare,AE1,en:.Al.Arabiya.Business.-.Live.ae,en: Al Arabiya Business - Live,68,72.9,100.0,260.01,0,,UNIQUE
zahra,epgshare,AE1,Zahra.TV.ae,Zahra TV,66,73.9,100.0,259.97,0,,UNIQUE
al araby 2,epgshare,AE1,Al.Araby.2.HD.ae,Al Araby 2 HD,66,73.9,100.0,259.97,0,,UNIQUE
baynounah,epgshare,AE1,Baynounah.TV.HD.ae,Baynounah TV HD,66,73.9,100.0,259.97,0,,UNIQUE
asharq documentary,epgshare,AE1,Asharq.Documentary.HD.ae,Asharq Documentary HD,66,73.9,100.0,259.97,0,,UNIQUE
al jazeera documentary,epgshare,AE1,Al.Jazeera.Documentary.HD.ae,Al Jazeera Documentary HD,66,73.9,100.0,259.97,0,,UNIQUE
rotana kids sa,openepg,saudiarabia2,Rotana Kids.sa,Rotana Kids.sa,124,40.4,100.0,259.34,1,openepg:saudiarabia1:Rotana Kids.sa:217.62,WINNER_OF_DUPLICATES
starzplay sports 2,epgshare,AE1,en:.STARZPLAY.Sports.2.ae,en: STARZPLAY Sports 2,67,72.9,100.0,259.32,0,,UNIQUE
ad sports extra,epgshare,AE1,en:.AD.Sports.Extra.ae,en: AD Sports Extra,67,72.9,100.0,259.32,0,,UNIQUE
panorama food,epgshare,AE1,Panorama.Food.ae,Panorama Food,64,74.4,100.0,259.24,0,,UNIQUE
sada el balad 2,epgshare,AE1,Sada.El.Balad.2.ae,Sada El Balad 2,66,72.9,100.0,258.62,0,,UNIQUE
el omda drama,epgshare,AE1,El.Omda.Drama.ae,El Omda Drama,64,73.9,100.0,258.56,0,,UNIQUE
el omda hekayat film,epgshare,AE1,El.Omda.Hekayat.Film.ae,El Omda Hekayat Film,64,73.9,100.0,258.56,0,,UNIQUE
el omda al yom,epgshare,AE1,El.Omda.Al.yom.ae,El Omda Al yom,64,73.9,100.0,258.56,0,,UNIQUE
elasema welanas,epgshare,AE1,Elasema.welanas.ae,Elasema welanas,64,73.9,100.0,258.56,0,,UNIQUE
alking drama,epgshare,AE1,Alking.Drama.TV.ae,Alking Drama TV,64,73.9,100.0,258.56,0,,UNIQUE
one drama,epgshare,AE1,One.Drama.ae,One Drama,64,73.9,100.0,258.56,0,,UNIQUE
al shasha cinema,epgshare,AE1,Al.Shasha.Cinema.ae,Al Shasha Cinema,64,73.9,100.0,258.56,0,,UNIQUE
al shasha musalsalat,epgshare,AE1,Al.Shasha.Musalsalat.ae,Al Shasha Musalsalat,64,73.9,100.0,258.56,0,,UNIQUE
al shasha hekayat,epgshare,AE1,Al.Shasha.Hekayat.ae,Al Shasha Hekayat,64,73.9,100.0,258.56,0,,UNIQUE
al shasha drama,epgshare,AE1,Al.Shasha.Drama.ae,Al Shasha Drama,64,73.9,100.0,258.56,0,,UNIQUE
al shasha film,epgshare,AE1,Al.Shasha.Film.ae,Al Shasha Film,64,73.9,100.0,258.56,0,,UNIQUE
al shasha alwan,epgshare,AE1,Al.Shasha.Alwan.ae,Al Shasha Alwan,64,73.9,100.0,258.56,0,,UNIQUE
al dawaar,epgshare,AE1,Al.Dawaar.ae,Al Dawaar,64,73.9,100.0,258.56,0,,UNIQUE
alsukariya drama,epgshare,AE1,AlSukariya.Drama.ae,AlSukariya Drama,64,73.9,100.0,258.56,0,,UNIQUE
sukariya cinema,epgshare,AE1,Sukariya.Cinema.ae,Sukariya Cinema,64,73.9,100.0,258.56,0,,UNIQUE
sukariya hekayat,epgshare,AE1,Sukariya.Hekayat.ae,Sukariya Hekayat,64,73.9,100.0,258.56,0,,UNIQUE
sukariya zaman,epgshare,AE1,Sukariya.Zaman.ae,Sukariya Zaman,64,73.9,100.0,258.56,0,,UNIQUE
sukariya classic,epgshare,AE1,Sukariya.Classic.ae,Sukariya Classic,64,73.9,100.0,258.56,0,,UNIQUE
elzaeem cinema,epgshare,AE1,Elzaeem.Cinema.ae,Elzaeem Cinema,64,73.9,100.0,258.56,0,,UNIQUE
elzaeem drama,epgshare,AE1,Elzaeem.Drama.ae,Elzaeem Drama,64,73.9,100.0,258.56,0,,UNIQUE
dolly drama,epgshare,AE1,Dolly.Drama.ae,Dolly Drama,64,73.9,100.0,258.56,0,,UNIQUE
dolly mosalsalat,epgshare,AE1,Dolly.Mosalsalat.ae,Dolly Mosalsalat,64,73.9,100.0,258.56,0,,UNIQUE
dolly alyoom,epgshare,AE1,Dolly.Alyoom.ae,Dolly Alyoom,64,73.9,100.0,258.56,0,,UNIQUE
dolly cinema,epgshare,AE1,Dolly.Cinema.ae,Dolly Cinema,64,73.9,100.0,258.56,0,,UNIQUE
alfa cinema,epgshare,AE1,Alfa.Cinema.ae,Alfa Cinema,64,73.9,100.0,258.56,0,,UNIQUE
alfa drama,epgshare,AE1,Alfa.Drama.ae,Alfa Drama,64,73.9,100.0,258.56,0,,UNIQUE
alfa hekayat,epgshare,AE1,Alfa.Hekayat.ae,Alfa Hekayat,64,73.9,100.0,258.56,0,,UNIQUE
ifilm arabic,epgshare,AE1,iFilm.Arabic.ae,iFilm Arabic,64,73.9,100.0,258.56,0,,UNIQUE
el mehwar,epgshare,AE1,El.Mehwar.HD.ae,El Mehwar HD,65,72.9,100.0,257.92,0,,UNIQUE
sbc,epgshare,AE1,SBC.HD.ae,SBC HD,64,72.9,100.0,257.22,0,,UNIQUE
dmc drama,epgshare,AE1,DMC.Drama.ae,DMC Drama,62,73.9,100.0,257.17,0,,UNIQUE
cartoon network arabic 1 qa,openepg,qatar5,Cartoon-Network-Arabic-1.qa,Cartoon-Network-Arabic-1.qa,377,29.0,0.0,257.15,1,openepg:qatar4:Cartoon-Network-Arabic-1.qa:126.11,WINNER_OF_DUPLICATES
starzplay cricket 1,epgshare,AE1,en:.STARZPLAY.Cricket.1.ae,en: STARZPLAY Cricket 1,60,74.9,100.0,257.12,0,,UNIQUE
yas,epgshare,AE1,Yas.TV.HD.ae,Yas TV HD,56,76.1,100.0,255.94,0,,UNIQUE
al kahera wal nas 2,epgshare,AE1,Al.Kahera.Wal.Nas.2.ae,Al Kahera Wal Nas 2,60,74.0,100.0,255.9,0,,UNIQUE
mbc masr,epgshare,AE1,MBC.Masr.HD.ae,MBC Masr HD,62,72.9,100.0,255.82,0,,UNIQUE
lbc,epgshare,AE1,LBC.ae,LBC,62,72.9,100.0,255.82,0,,UNIQUE
yas extra,epgshare,AE1,en:.YAS.TV.Extra.ae,en: YAS TV Extra,62,72.9,100.0,255.82,0,,UNIQUE
ad sports 1,epgshare,AE1,AD.Sports.1.HD.ae,AD Sports 1 HD,60,73.9,100.0,255.77,0,,UNIQUE
ad sports 2,epgshare,AE1,AD.Sports.2.HD.ae,AD Sports 2 HD,60,73.9,100.0,255.77,0,,UNIQUE
آسيا نت بلس,epgshare,AE1,ar:.آسيا.نت.بلس.ae,ar: آسيا نت بلس,48,73.4,100.0,254.69,0,,UNIQUE
el le ba,epgshare,SA2,EN:.El.Le'ba.Channel.sa,EN: El Le'ba Channel,65,72.9,96.9,254.51,0,,UNIQUE
fujairah,epgshare,AE1,Fujairah.HD.ae,Fujairah HD,60,72.9,100.0,254.42,0,,UNIQUE
cbc,epgshare,AE1,CBC.ae,CBC,59,72.9,100.0,253.72,0,,UNIQUE
dmc,epgshare,AE1,DMC.ae,DMC,56,74.4,100.0,253.64,0,,UNIQUE
roya,epgshare,AE1,Roya.TV.HD.ae,Roya TV HD,54,75.4,100.0,253.59,0,,UNIQUE
bilad,epgshare,AE1,Bilad.ae,Bilad,31,86.9,100.0,253.02,0,,UNIQUE
el hayat,epgshare,AE1,El.Hayat.TV.ae,El Hayat TV,31,86.9,100.0,253.02,0,,UNIQUE
al 24 news,epgshare,AE1,Al.24.News.ae,Al 24 News,31,86.9,100.0,253.02,0,,UNIQUE
nile news,epgshare,AE1,Nile.News.ae,Nile News,31,86.9,100.0,253.02,0,,UNIQUE
halab today,epgshare,AE1,Halab.Today.TV.ae,Halab Today TV,31,86.9,100.0,253.02,0,,UNIQUE
yemen today,epgshare,AE1,Yemen.Today.TV.ae,Yemen Today TV,31,86.9,100.0,253.02,0,,UNIQUE
al saeedah,epgshare,AE1,Al.Saeedah.ae,Al Saeedah,31,86.9,100.0,253.02,0,,UNIQUE
almasirah,epgshare,AE1,Almasirah.TV.ae,Almasirah TV,31,86.9,100.0,253.02,0,,UNIQUE
almasirah mubasher,epgshare,AE1,Almasirah.TV.Mubasher.ae,Almasirah TV Mubasher,31,86.9,100.0,253.02,0,,UNIQUE
suhail,epgshare,AE1,Suhail.TV.ae,Suhail TV,31,86.9,100.0,253.02,0,,UNIQUE
dubai sports 2,epgshare,AE1,Dubai.Sports.2.ae,Dubai Sports 2,56,73.2,100.0,252.02,0,,UNIQUE
on e,epgshare,AE1,On.E.HD.ae,On E HD,56,72.9,100.0,251.62,0,,UNIQUE
dubai one,epgshare,AE1,Dubai.One.HD.ae,Dubai One HD,54,73.9,100.0,251.56,0,,UNIQUE
on time sport 2,epgshare,AE1,On.Time.Sport.2.HD.ae,On Time Sport 2 HD,54,73.9,100.0,251.56,0,,UNIQUE
nile sport,epgshare,AE1,Nile.Sport.ae,Nile Sport,54,73.9,100.0,251.56,0,,UNIQUE
al ahly,epgshare,AE1,Al.Ahly.TV.HD.ae,Al Ahly TV HD,54,73.9,100.0,251.56,0,,UNIQUE
dubai sports 1,epgshare,AE1,Dubai.Sports.1.HD.ae,Dubai Sports 1 HD,54,73.4,100.0,250.89,1,epgshare:AE1:Dubai.Sports.1.ae:101.39,WINNER_OF_DUPLICATES
mbc 2,epgshare,AE1,MBC.2.ae,MBC 2,49,74.4,100.0,248.74,0,,UNIQUE
bab al hara,epgshare,SA2,EN:.Bab.Al.Hara.Channel.sa,EN: Bab Al Hara Channel,96,72.9,70.8,247.5,0,,UNIQUE
ست ماكس,epgshare,AE1,ar:.ست.ماكس.ae,ar: ست ماكس,34,74.8,100.0,246.78,0,,UNIQUE
asianet plus,epgshare,AE1,en:.Asianet.Plus.HD.ae,en: Asianet Plus HD,48,73.4,100.0,246.69,0,,UNIQUE
disney sa,openepg,saudiarabia2,Disney Channel.sa,Disney Channel.sa,106,40.3,100.0,246.6,1,openepg:saudiarabia1:Disney Channel.sa:211.19,WINNER_OF_DUPLICATES
samira,epgshare,AE1,Samira.HD.ae,Samira HD,47,72.9,100.0,245.32,0,,UNIQUE
dubai racing 1,epgshare,AE1,Dubai.Racing.1.HD.ae,Dubai Racing 1 HD,45,73.4,100.0,244.59,0,,UNIQUE
masrah masr,epgshare,SA2,EN:.Masrah.Masr.Channel.sa,EN: Masrah Masr Channel,49,72.9,98.0,244.52,0,,UNIQUE
al resalah sa,openepg,saudiarabia2,Al Resalah.sa,Al Resalah.sa,103,40.1,100.0,244.24,1,openepg:saudiarabia1:Al Resalah.sa:210.03,WINNER_OF_DUPLICATES
سي جي تي إن,epgshare,AE1,ar:.سي.جي.تي.إن.ae,ar: سي جي تي إن,1,89.9,100.0,244.06,0,,UNIQUE
mbc1 masr,epgshare,SA2,EN:.MBC1.Masr.sa,EN: MBC1 Masr,107,72.9,59.8,243.09,0,,UNIQUE
آسيا نت موفيز,epgshare,AE1,ar:.آسيا.نت.موفيز.ae,ar: آسيا نت موفيز,29,74.4,100.0,242.74,0,,UNIQUE
mbc masr drama,epgshare,AE1,MBC.Masr.Drama.HD.ae,MBC Masr Drama HD,40,74.2,100.0,242.17,1,epgshare:SA2:EN:.MBC.Masr.Drama.sa:193.32,WINNER_OF_DUPLICATES
nick jr sa,openepg,saudiarabia5,Nick Jr HD.sa,Nick Jr HD.sa,83,48.9,100.0,242.12,0,,UNIQUE
rotana cinema egypt,epgshare,AE1,Rotana.Cinema.Egypt.ae,Rotana Cinema Egypt,39,73.9,100.0,241.06,0,,UNIQUE
nile cinema,epgshare,AE1,Nile.Cinema.ae,Nile Cinema,40,72.9,100.0,240.42,0,,UNIQUE
osntv kids sa,openepg,saudiarabia5,OSNtv Kids.sa,OSNtv Kids.sa,80,48.9,100.0,240.01,0,,UNIQUE
asianet movies,epgshare,AE1,en:.Asianet.Movies.HD.ae,en: Asianet Movies HD,29,74.4,100.0,239.74,0,,UNIQUE
rotana cinema ksa,epgshare,AE1,Rotana.Cinema.KSA.ae,Rotana Cinema KSA,39,72.9,100.0,239.72,0,,UNIQUE
mix bel araby,epgshare,AE1,Mix.bel.Araby.TV.ae,Mix bel Araby TV,36,73.9,100.0,238.97,0,,UNIQUE
cima,epgshare,AE1,Cima.ae,Cima,36,73.9,100.0,238.97,0,,UNIQUE
set max,epgshare,AE1,en:.SET.Max.ae,en: SET Max,34,74.8,100.0,238.78,0,,UNIQUE
zee aflam,epgshare,AE1,Zee.Aflam.ae,Zee Aflam,37,72.9,100.0,238.32,0,,UNIQUE
dijlah zaman,epgshare,AE1,Dijlah.Zaman.ae,Dijlah Zaman,37,72.9,100.0,238.32,0,,UNIQUE
al hayah mosalsalat,epgshare,AE1,Al.Hayah.Mosalsalat.ae,Al Hayah Mosalsalat,37,72.9,100.0,238.32,0,,UNIQUE
rotana classic,epgshare,AE1,Rotana.Classic.ae,Rotana Classic,34,73.9,100.0,237.56,0,,UNIQUE
nicktoons sa,openepg,saudiarabia5,NickToons HD.sa,NickToons HD.sa,75,48.9,100.0,236.51,0,,UNIQUE
ستارزبلاي رغبي,epgshare,AE1,ar:.ستارزبلاي.رغبي.ae,ar: ستارزبلاي رغبي,19,74.9,100.0,236.42,0,,UNIQUE
mix one,epgshare,AE1,Mix.One.ae,Mix One,33,73.2,100.0,235.92,0,,UNIQUE
mix,epgshare,AE1,Mix.ae,Mix,33,73.2,100.0,235.92,0,,UNIQUE
mbc max,epgshare,SA2,EN:.MBC.MAX.sa,EN: MBC MAX,71,72.9,76.1,235.83,0,,UNIQUE
blippi and friends sa,openepg,saudiarabia2,Blippi And Friends.sa,Blippi And Friends.sa,90,40.4,100.0,235.54,2,openepg:saudiarabia5:Blippi and Friends.sa:223.22;openepg:saudiarabia1:Blippi And Friends.sa:203.32,WINNER_OF_DUPLICATES
space toon sa,openepg,saudiarabia2,Space Toon.sa,Space Toon.sa,88,40.7,100.0,234.55,1,openepg:saudiarabia1:Space Toon.sa:201.52,WINNER_OF_DUPLICATES
bbc world news sa,openepg,saudiarabia2,BBC World News.sa,BBC World News.sa,88,40.4,100.0,234.14,1,openepg:saudiarabia1:BBC World News.sa:198.99,WINNER_OF_DUPLICATES
nickelodeon sa,openepg,saudiarabia5,Nickelodeon HD.sa,Nickelodeon HD.sa,68,48.9,100.0,231.62,0,,UNIQUE
rt news sa,openepg,saudiarabia2,RT News.sa,RT News.sa,81,40.4,100.0,229.24,1,openepg:saudiarabia1:RT News.sa:198.99,WINNER_OF_DUPLICATES
starzplay rugby live,epgshare,AE1,en:.StarzPlay.Rugby.-.Live.ae,en: StarzPlay Rugby - Live,19,74.9,100.0,228.42,0,,UNIQUE
algérie 7,epgshare,AE1,Algérie.7.ae,Algérie 7,14,76.9,100.0,227.62,0,,UNIQUE
algérie 8,epgshare,AE1,Algérie.8.HD.ae,Algérie 8 HD,14,76.9,100.0,227.62,0,,UNIQUE
oman culture,epgshare,AE1,Oman.TV.Culture.HD.ae,Oman TV Culture HD,14,76.9,100.0,227.62,0,,UNIQUE
yemen documentary,epgshare,AE1,Yemen.Documentary.ae,Yemen Documentary,14,76.9,100.0,227.62,0,,UNIQUE
yemen education,epgshare,AE1,Yemen.Education.ae,Yemen Education,14,76.9,100.0,227.62,0,,UNIQUE
sheba,epgshare,AE1,Sheba.TV.ae,Sheba TV,14,76.9,100.0,227.62,0,,UNIQUE
al wathaeqya,epgshare,AE1,Al.Wathaeqya.ae,Al Wathaeqya,14,76.9,100.0,227.62,0,,UNIQUE
marina,epgshare,AE1,Marina.HD.ae,Marina HD,14,76.9,100.0,227.62,0,,UNIQUE
kaifa,epgshare,AE1,Kaifa.TV.ae,Kaifa TV,14,76.9,100.0,227.62,0,,UNIQUE
nrt 2,epgshare,AE1,NRT.2.HD.ae,NRT 2 HD,14,76.9,100.0,227.62,0,,UNIQUE
bein sports,epgshare,AE1,beIN.Sports.HD.ae,beIN Sports HD,14,76.9,100.0,227.62,0,,UNIQUE
al mamlaka sa,openepg,saudiarabia2,Al Mamlaka TV.sa,Al Mamlaka TV.sa,76,40.9,100.0,226.41,1,openepg:saudiarabia1:Al Mamlaka TV.sa:196.87,WINNER_OF_DUPLICATES
bangawaz,epgshare,AE1,Bangawaz.TV.ae,Bangawaz TV,64,48.9,100.0,224.81,0,,UNIQUE
al anwar,epgshare,AE1,Al.Anwar.TV.ae,Al Anwar TV,64,48.9,100.0,224.81,0,,UNIQUE
imam ali shrine,epgshare,AE1,Imam.Ali.Shrine.TV.ae,Imam Ali Shrine TV,64,48.9,100.0,224.81,0,,UNIQUE
al salam,epgshare,AE1,Al.Salam.TV.ae,Al Salam TV,64,48.9,100.0,224.81,0,,UNIQUE
marjaeyattv 2,epgshare,AE1,MarjaeyatTV.2.HD.ae,MarjaeyatTV 2 HD,64,48.9,100.0,224.81,0,,UNIQUE
asil,epgshare,AE1,Asil.TV.ae,Asil TV,64,48.9,100.0,224.81,0,,UNIQUE
al qamar,epgshare,AE1,Al.Qamar.TV.ae,Al Qamar TV,64,48.9,100.0,224.81,0,,UNIQUE
imam hussein 2,epgshare,AE1,Imam.Hussein.TV.2.ae,Imam Hussein TV 2,64,48.9,100.0,224.81,0,,UNIQUE
al aqila,epgshare,AE1,Al.Aqila.TV.ae,Al Aqila TV,64,48.9,100.0,224.81,0,,UNIQUE
ahadu,epgshare,AE1,Ahadu.TV.ae,Ahadu TV,64,48.9,100.0,224.81,0,,UNIQUE
al mahdi,epgshare,AE1,Al.Mahdi.TV.ae,Al Mahdi TV,64,48.9,100.0,224.81,0,,UNIQUE
alshaaer,epgshare,AE1,Alshaaer.TV.ae,Alshaaer TV,64,48.9,100.0,224.81,0,,UNIQUE
dua,epgshare,AE1,Dua.Channel.ae,Dua Channel,64,48.9,100.0,224.81,0,,UNIQUE
saout alaqila,epgshare,AE1,Saout.Alaqila.ae,Saout Alaqila,64,48.9,100.0,224.81,0,,UNIQUE
amozhgary,epgshare,AE1,Amozhgary.TV.ae,Amozhgary TV,64,48.9,100.0,224.81,0,,UNIQUE
ctv,epgshare,AE1,CTV.ae,CTV,64,48.9,100.0,224.81,0,,UNIQUE
aghapy,epgshare,AE1,Aghapy.TV.ae,Aghapy TV,64,48.9,100.0,224.81,0,,UNIQUE
kto,epgshare,AE1,KTO.ae,KTO,64,48.9,100.0,224.81,0,,UNIQUE
noursat,epgshare,AE1,Noursat.TV.ae,Noursat TV,64,48.9,100.0,224.81,0,,UNIQUE
al kalema,epgshare,AE1,Al.Kalema.ae,Al Kalema,64,48.9,100.0,224.81,0,,UNIQUE
nour koddass,epgshare,AE1,Nour.Koddass.ae,Nour Koddass,64,48.9,100.0,224.81,0,,UNIQUE
al hayat,epgshare,AE1,Al.Hayat.ae,Al Hayat,64,48.9,100.0,224.81,0,,UNIQUE
al horreya,epgshare,AE1,Al.Horreya.TV.ae,Al Horreya TV,64,48.9,100.0,224.81,0,,UNIQUE
alkarma middle east 1,epgshare,AE1,Alkarma.TV.Middle.East.1.ae,Alkarma TV Middle East 1,64,48.9,100.0,224.81,0,,UNIQUE
alkarma praise,epgshare,AE1,Alkarma.Praise.ae,Alkarma Praise,64,48.9,100.0,224.81,0,,UNIQUE
al karma newgen,epgshare,AE1,Al.Karma.NewGen.ae,Al Karma NewGen,64,48.9,100.0,224.81,0,,UNIQUE
almagd,epgshare,AE1,Almagd.TV.ae,Almagd TV,64,48.9,100.0,224.81,0,,UNIQUE
c sat,epgshare,AE1,C.Sat.ae,C Sat,64,48.9,100.0,224.81,0,,UNIQUE
logos,epgshare,AE1,Logos.TV.ae,Logos TV,64,48.9,100.0,224.81,0,,UNIQUE
sat 7 arabic,epgshare,AE1,Sat-7.Arabic.ae,Sat-7 Arabic,64,48.9,100.0,224.81,0,,UNIQUE
sbn,epgshare,AE1,SBN.ae,SBN,64,48.9,100.0,224.81,0,,UNIQUE
suboro,epgshare,AE1,Suboro.TV.ae,Suboro TV,64,48.9,100.0,224.81,0,,UNIQUE
the kingdom sat,epgshare,AE1,The.Kingdom.Sat.ae,The Kingdom Sat,64,48.9,100.0,224.81,0,,UNIQUE
misr albalad,epgshare,AE1,Misr.AlBalad.ae,Misr AlBalad,64,48.9,100.0,224.81,0,,UNIQUE
home,epgshare,AE1,Home.TV.ae,Home TV,64,48.9,100.0,224.81,0,,UNIQUE
west elbalad zaman,epgshare,AE1,West.Elbalad.Zaman.ae,West Elbalad Zaman,64,48.9,100.0,224.81,0,,UNIQUE
ajman,epgshare,AE1,Ajman.TV.HD.ae,Ajman TV HD,64,48.9,100.0,224.81,0,,UNIQUE
sharqiya from kalba,epgshare,AE1,Sharqiya.from.Kalba.HD.ae,Sharqiya from Kalba HD,64,48.9,100.0,224.81,0,,UNIQUE
bahia,epgshare,AE1,Bahia.TV.ae,Bahia TV,64,48.9,100.0,224.81,0,,UNIQUE
al haqeqa al dawliah fact int l,epgshare,AE1,Al.Haqeqa.Al.Dawliah.(Fact.Int'l).ae,Al Haqeqa Al Dawliah (Fact Int'l),64,48.9,100.0,224.81,0,,UNIQUE
al iman,epgshare,AE1,Al.Iman.TV.ae,Al Iman TV,64,48.9,100.0,224.81,0,,UNIQUE
awdeh,epgshare,AE1,Awdeh.HD.ae,Awdeh HD,64,48.9,100.0,224.81,0,,UNIQUE
hebron sat,epgshare,AE1,Hebron.Sat.ae,Hebron Sat,64,48.9,100.0,224.81,0,,UNIQUE
musawa,epgshare,AE1,Musawa.HD.ae,Musawa HD,64,48.9,100.0,224.81,0,,UNIQUE
syria,epgshare,AE1,Syria.TV.HD.ae,Syria TV HD,64,48.9,100.0,224.81,0,,UNIQUE
syria one,epgshare,AE1,Syria.One.TV.ae,Syria One TV,64,48.9,100.0,224.81,0,,UNIQUE
khartoum,epgshare,AE1,Khartoum.TV.ae,Khartoum TV,64,48.9,100.0,224.81,0,,UNIQUE
alzrga,epgshare,AE1,Alzrga.ae,Alzrga,64,48.9,100.0,224.81,0,,UNIQUE
tayba,epgshare,AE1,Tayba.TV.ae,Tayba TV,64,48.9,100.0,224.81,0,,UNIQUE
al kawthar,epgshare,AE1,Al.Kawthar.TV.ae,Al Kawthar TV,64,48.9,100.0,224.81,0,,UNIQUE
al maaref,epgshare,AE1,Al.Maaref.TV.ae,Al Maaref TV,64,48.9,100.0,224.81,0,,UNIQUE
al dawla,epgshare,AE1,Al.Dawla.TV.ae,Al Dawla TV,64,48.9,100.0,224.81,0,,UNIQUE
utv iraq,epgshare,AE1,UTV.Iraq.ae,UTV Iraq,64,48.9,100.0,224.81,0,,UNIQUE
baghdad,epgshare,AE1,Baghdad.TV.ae,Baghdad TV,64,48.9,100.0,224.81,0,,UNIQUE
ava,epgshare,AE1,Ava.TV.ae,Ava TV,64,48.9,100.0,224.81,0,,UNIQUE
çira,epgshare,AE1,Çira.TV.ae,Çira TV,64,48.9,100.0,224.81,0,,UNIQUE
jin,epgshare,AE1,Jin.TV.HD.ae,Jin TV HD,64,48.9,100.0,224.81,0,,UNIQUE
stêrk,epgshare,AE1,Stêrk.TV.HD.ae,Stêrk TV HD,64,48.9,100.0,224.81,0,,UNIQUE
türkmeneli,epgshare,AE1,Türkmeneli.TV.HD.ae,Türkmeneli TV HD,64,48.9,100.0,224.81,0,,UNIQUE
waar,epgshare,AE1,Waar.HD.ae,Waar HD,64,48.9,100.0,224.81,0,,UNIQUE
sahar kurdi,epgshare,AE1,Sahar.Kurdi.ae,Sahar Kurdi,64,48.9,100.0,224.81,0,,UNIQUE
télé tchad,epgshare,AE1,Télé.Tchad.ae,Télé Tchad,64,48.9,100.0,224.81,0,,UNIQUE
osn,epgshare,AE1,OSN.TV.ae,OSN TV,64,48.9,100.0,224.81,0,,UNIQUE
ika,epgshare,AE1,iKA.TV.ae,iKA TV,64,48.9,100.0,224.81,0,,UNIQUE
al eshraq,epgshare,AE1,Al.Eshraq.TV.ae,Al Eshraq TV,64,48.9,100.0,224.81,0,,UNIQUE
altaleaa,epgshare,AE1,Altaleaa.TV.ae,Altaleaa TV,64,48.9,100.0,224.81,0,,UNIQUE
adala,epgshare,AE1,Adala.TV.HD.ae,Adala TV HD,64,48.9,100.0,224.81,0,,UNIQUE
al hawyah,epgshare,AE1,Al.Hawyah.ae,Al Hawyah,64,48.9,100.0,224.81,0,,UNIQUE
al ittihad,epgshare,AE1,Al.Ittihad.TV.ae,Al Ittihad TV,64,48.9,100.0,224.81,0,,UNIQUE
mta 3,epgshare,AE1,MTA.3.ae,MTA 3,64,48.9,100.0,224.81,0,,UNIQUE
al ons,epgshare,AE1,Al.Ons.TV.ae,Al Ons TV,64,48.9,100.0,224.81,0,,UNIQUE
al qanat 9,epgshare,AE1,Al.Qanat.9.ae,Al Qanat 9,64,48.9,100.0,224.81,0,,UNIQUE
al sahraa,epgshare,AE1,Al.Sahraa.TV.ae,Al Sahraa TV,64,48.9,100.0,224.81,0,,UNIQUE
al tanasuh,epgshare,AE1,Al.Tanasuh.TV.ae,Al Tanasuh TV,64,48.9,100.0,224.81,0,,UNIQUE
al waqie,epgshare,AE1,Al.Waqie.ae,Al Waqie,64,48.9,100.0,224.81,0,,UNIQUE
al wousta,epgshare,AE1,Al.Wousta.TV.HD.ae,Al Wousta TV HD,64,48.9,100.0,224.81,0,,UNIQUE
alahad,epgshare,AE1,Alahad.TV.HD.ae,Alahad TV HD,64,48.9,100.0,224.81,0,,UNIQUE
alerth alnabawi,epgshare,AE1,Alerth.Alnabawi.ae,Alerth Alnabawi,64,48.9,100.0,224.81,0,,UNIQUE
allahdhah,epgshare,AE1,Allahdhah.TV.ae,Allahdhah TV,64,48.9,100.0,224.81,0,,UNIQUE
almustakillah,epgshare,AE1,Almustakillah.TV.ae,Almustakillah TV,64,48.9,100.0,224.81,0,,UNIQUE
azhari,epgshare,AE1,Azhari.TV.ae,Azhari TV,64,48.9,100.0,224.81,0,,UNIQUE
bin othaimeen,epgshare,AE1,Bin.Othaimeen.ae,Bin Othaimeen,64,48.9,100.0,224.81,0,,UNIQUE
libya future,epgshare,AE1,Libya.Future.TV.HD.ae,Libya Future TV HD,64,48.9,100.0,224.81,0,,UNIQUE
nabaa,epgshare,AE1,Nabaa.TV.ae,Nabaa TV,64,48.9,100.0,224.81,0,,UNIQUE
oyoun al watan,epgshare,AE1,Oyoun.Al.Watan.TV.ae,Oyoun Al Watan TV,64,48.9,100.0,224.81,0,,UNIQUE
salam,epgshare,AE1,Salam.HD.ae,Salam HD,64,48.9,100.0,224.81,0,,UNIQUE
watan,epgshare,AE1,Watan.TV.ae,Watan TV,64,48.9,100.0,224.81,0,,UNIQUE
jordan sama,epgshare,AE1,Jordan.sama.ae,Jordan sama,64,48.9,100.0,224.81,0,,UNIQUE
manu chat,epgshare,AE1,Manu.Chat.ae,Manu Chat,64,48.9,100.0,224.81,0,,UNIQUE
sat,epgshare,AE1,Sat.tv.ae,Sat.tv,64,48.9,100.0,224.81,0,,UNIQUE
chaine 1,epgshare,AE1,CHAINE.1.ae,CHAINE 1,64,48.9,100.0,224.81,0,,UNIQUE
al arabiya fm,epgshare,AE1,Al.Arabiya.FM.ae,Al Arabiya FM,64,48.9,100.0,224.81,0,,UNIQUE
ofm,epgshare,AE1,OFM.ae,OFM,64,48.9,100.0,224.81,0,,UNIQUE
qatar radio,epgshare,AE1,Qatar.Radio.ae,Qatar Radio,64,48.9,100.0,224.81,0,,UNIQUE
qatar qbs radio,epgshare,AE1,Qatar.QBS.Radio.ae,Qatar QBS Radio,64,48.9,100.0,224.81,0,,UNIQUE
sharjah radio,epgshare,AE1,Sharjah.Radio.ae,Sharjah Radio,64,48.9,100.0,224.81,0,,UNIQUE
radio sawt el shaab,epgshare,AE1,Radio.Sawt.El.Shaab.ae,Radio Sawt El Shaab,64,48.9,100.0,224.81,0,,UNIQUE
al bachaeer radio,epgshare,AE1,Al.Bachaeer.Radio.ae,Al Bachaeer Radio,64,48.9,100.0,224.81,0,,UNIQUE
kuwait radio 1,epgshare,AE1,Kuwait.Radio.1.ae,Kuwait Radio 1,64,48.9,100.0,224.81,0,,UNIQUE
kuwait radio 2,epgshare,AE1,Kuwait.Radio.2.ae,Kuwait Radio 2,64,48.9,100.0,224.81,0,,UNIQUE
emarat fm,epgshare,AE1,Emarat.FM.ae,Emarat FM,64,48.9,100.0,224.81,0,,UNIQUE
hayat fm,epgshare,AE1,Hayat.FM.ae,Hayat FM,64,48.9,100.0,224.81,0,,UNIQUE
riyadh fm split,epgshare,AE1,Riyadh.FM.Split.ae,Riyadh FM Split,64,48.9,100.0,224.81,0,,UNIQUE
loud fm,epgshare,AE1,Loud.FM.ae,Loud FM,64,48.9,100.0,224.81,0,,UNIQUE
al amal,epgshare,AE1,Al.Amal.ae,Al Amal,64,48.9,100.0,224.81,0,,UNIQUE
mega fm,epgshare,AE1,Mega.FM.ae,Mega FM,64,48.9,100.0,224.81,0,,UNIQUE
radio jeunesse,epgshare,AE1,Radio.Jeunesse.ae,Radio Jeunesse,64,48.9,100.0,224.81,0,,UNIQUE
saudi radio 1,epgshare,AE1,Saudi.Radio.1.ae,Saudi Radio 1,64,48.9,100.0,224.81,0,,UNIQUE
saudi radio 2,epgshare,AE1,Saudi.Radio.2.ae,Saudi Radio 2,64,48.9,100.0,224.81,0,,UNIQUE
al menia,epgshare,AE1,Al.Menia.ae,Al Menia,64,48.9,100.0,224.81,0,,UNIQUE
sout al arab,epgshare,AE1,Sout.AL.Arab.ae,Sout AL Arab,64,48.9,100.0,224.81,0,,UNIQUE
al sharg al awsat,epgshare,AE1,AL.Sharg.Al.Awsat.ae,AL Sharg Al Awsat,64,48.9,100.0,224.81,0,,UNIQUE
al kahera al kobra,epgshare,AE1,AL.Kahera.Al.Kobra.ae,AL Kahera Al Kobra,64,48.9,100.0,224.81,0,,UNIQUE
al shabab w al reyadah,epgshare,AE1,Al.Shabab.W.Al.Reyadah.ae,Al Shabab W Al Reyadah,64,48.9,100.0,224.81,0,,UNIQUE
educational,epgshare,AE1,Educational.Channel.ae,Educational Channel,64,48.9,100.0,224.81,0,,UNIQUE
wadi al neil and palestine,epgshare,AE1,Wadi.Al-Neil.&.Palestine.ae,Wadi Al-Neil & Palestine,64,48.9,100.0,224.81,0,,UNIQUE
matrouh,epgshare,AE1,Matrouh.ae,Matrouh,64,48.9,100.0,224.81,0,,UNIQUE
north sinai,epgshare,AE1,North.Sinai.ae,North Sinai,64,48.9,100.0,224.81,0,,UNIQUE
south sinai,epgshare,AE1,South.Sinai.ae,South Sinai,64,48.9,100.0,224.81,0,,UNIQUE
palestine radio,epgshare,AE1,Palestine.Radio.ae,Palestine Radio,64,48.9,100.0,224.81,0,,UNIQUE
drn radio,epgshare,AE1,DRN.Radio.ae,DRN Radio,64,48.9,100.0,224.81,0,,UNIQUE
jordan radio,epgshare,AE1,Jordan.Radio.ae,Jordan Radio,64,48.9,100.0,224.81,0,,UNIQUE
oman general radio,epgshare,AE1,Oman.General.Radio.ae,Oman General Radio,64,48.9,100.0,224.81,0,,UNIQUE
oman shabab radio,epgshare,AE1,Oman.Shabab.Radio.ae,Oman Shabab Radio,64,48.9,100.0,224.81,0,,UNIQUE
riyad radio,epgshare,AE1,Riyad.Radio.ae,Riyad Radio,64,48.9,100.0,224.81,0,,UNIQUE
jedda radio,epgshare,AE1,Jedda.Radio.ae,Jedda Radio,64,48.9,100.0,224.81,0,,UNIQUE
fujairah fm,epgshare,AE1,Fujairah.FM.ae,Fujairah FM,64,48.9,100.0,224.81,0,,UNIQUE
european radio,epgshare,AE1,European.Radio.ae,European Radio,64,48.9,100.0,224.81,0,,UNIQUE
chaine 2,epgshare,AE1,CHAINE.2.ae,CHAINE 2,64,48.9,100.0,224.81,0,,UNIQUE
chaine 3,epgshare,AE1,CHAINE.3.ae,CHAINE 3,64,48.9,100.0,224.81,0,,UNIQUE
medi1radio afrique,epgshare,AE1,Medi1Radio.Afrique.ae,Medi1Radio Afrique,64,48.9,100.0,224.81,0,,UNIQUE
hola qatar,epgshare,AE1,Hola.Qatar.ae,Hola Qatar,64,48.9,100.0,224.81,0,,UNIQUE
kadak,epgshare,AE1,Kadak.ae,Kadak,64,48.9,100.0,224.81,0,,UNIQUE
radio internationale,epgshare,AE1,Radio.Internationale.ae,Radio Internationale,64,48.9,100.0,224.81,0,,UNIQUE
al bernameg al aam,epgshare,AE1,Al.Bernameg.Al.Aam.ae,Al Bernameg Al Aam,64,48.9,100.0,224.81,0,,UNIQUE
sawt al alam,epgshare,AE1,Sawt.Al-alam.ae,Sawt Al-alam,64,48.9,100.0,224.81,0,,UNIQUE
qatar urdu radio,epgshare,AE1,Qatar.Urdu.Radio.ae,Qatar Urdu Radio,64,48.9,100.0,224.81,0,,UNIQUE
al bernameg al oropi,epgshare,AE1,Al.Bernameg.Al.Oropi.ae,Al Bernameg Al Oropi,64,48.9,100.0,224.81,0,,UNIQUE
pulse95 shj,epgshare,AE1,Pulse95.SHJ.ae,Pulse95 SHJ,64,48.9,100.0,224.81,0,,UNIQUE
voa iraq,epgshare,AE1,VOA.IRAQ.ae,VOA IRAQ,64,48.9,100.0,224.81,0,,UNIQUE
bbc e,epgshare,AE1,BBC.E.ae,BBC E,64,48.9,100.0,224.81,0,,UNIQUE
bbc horn of africa,epgshare,AE1,BBC.Horn.of.Africa.ae,BBC Horn of Africa,64,48.9,100.0,224.81,0,,UNIQUE
rotana fm ksa,epgshare,AE1,Rotana.FM.KSA.ae,Rotana FM KSA,64,48.9,100.0,224.81,0,,UNIQUE
qatar oryx radio,epgshare,AE1,Qatar.Oryx.Radio.ae,Qatar Oryx Radio,64,48.9,100.0,224.81,0,,UNIQUE
al rasheed radio,epgshare,AE1,AL.RASHEED.RADIO.ae,AL RASHEED RADIO,64,48.9,100.0,224.81,0,,UNIQUE
khozama radio,epgshare,AE1,Khozama.Radio.ae,Khozama Radio,64,48.9,100.0,224.81,0,,UNIQUE
ekhbaria,epgshare,AE1,Ekhbaria.ae,Ekhbaria,64,48.9,100.0,224.81,0,,UNIQUE
radio masr,epgshare,AE1,Radio.Masr.ae,Radio Masr,64,48.9,100.0,224.81,0,,UNIQUE
radio culture,epgshare,AE1,Radio.Culture.ae,Radio Culture,64,48.9,100.0,224.81,0,,UNIQUE
maspero fm and thakafy,epgshare,AE1,Maspero.FM.&.Thakafy.ae,Maspero FM & Thakafy,64,48.9,100.0,224.81,0,,UNIQUE
voice of palestine,epgshare,AE1,Voice.Of.Palestine.ae,Voice Of Palestine,64,48.9,100.0,224.81,0,,UNIQUE
radio 21 september,epgshare,AE1,Radio.21.September.ae,Radio 21 September,64,48.9,100.0,224.81,0,,UNIQUE
mbc fm,epgshare,AE1,MBC.FM.ae,MBC FM,64,48.9,100.0,224.81,0,,UNIQUE
kuwait fm,epgshare,AE1,Kuwait.FM.ae,Kuwait FM,64,48.9,100.0,224.81,0,,UNIQUE
rotana tarab jordan,epgshare,AE1,Rotana.Tarab.Jordan.ae,Rotana Tarab Jordan,64,48.9,100.0,224.81,0,,UNIQUE
zamen fm,epgshare,AE1,Zamen.FM.ae,Zamen FM,64,48.9,100.0,224.81,0,,UNIQUE
rotana radio jordan,epgshare,AE1,Rotana.Radio.Jordan.ae,Rotana Radio Jordan,64,48.9,100.0,224.81,0,,UNIQUE
radio fann jordan,epgshare,AE1,Radio.Fann.Jordan.ae,Radio Fann Jordan,64,48.9,100.0,224.81,0,,UNIQUE
radio hits,epgshare,AE1,Radio.Hits.ae,Radio Hits,64,48.9,100.0,224.81,0,,UNIQUE
nagham fm,epgshare,AE1,Nagham.FM.ae,Nagham FM,64,48.9,100.0,224.81,0,,UNIQUE
sha3by fm,epgshare,AE1,Sha3by.FM.ae,Sha3by FM,64,48.9,100.0,224.81,0,,UNIQUE
sout al rayyan,epgshare,AE1,Sout.Al.Rayyan.ae,Sout Al Rayyan,64,48.9,100.0,224.81,0,,UNIQUE
watar shj,epgshare,AE1,WATAR.SHJ.ae,WATAR SHJ,64,48.9,100.0,224.81,0,,UNIQUE
sumer fm,epgshare,AE1,Sumer.FM.ae,Sumer FM,64,48.9,100.0,224.81,0,,UNIQUE
al bernameg al moussekey,epgshare,AE1,AL-Bernameg.AL-moussekey.ae,AL-Bernameg AL-moussekey,64,48.9,100.0,224.81,0,,UNIQUE
al aghani,epgshare,AE1,Al.Aghani.ae,Al Aghani,64,48.9,100.0,224.81,0,,UNIQUE
radio 9090,epgshare,AE1,Radio.9090.ae,Radio 9090,64,48.9,100.0,224.81,0,,UNIQUE
bakous alexandaria,epgshare,AE1,Bakous.Alexandaria.ae,Bakous Alexandaria,64,48.9,100.0,224.81,0,,UNIQUE
aswan,epgshare,AE1,Aswan.ae,Aswan,64,48.9,100.0,224.81,0,,UNIQUE
alwadi algaded,epgshare,AE1,ALWadi.ALGaded.ae,ALWadi ALGaded,64,48.9,100.0,224.81,0,,UNIQUE
kuwait classical,epgshare,AE1,Kuwait.Classical.ae,Kuwait Classical,64,48.9,100.0,224.81,0,,UNIQUE
kuwait shaabyia,epgshare,AE1,Kuwait.Shaabyia.ae,Kuwait Shaabyia,64,48.9,100.0,224.81,0,,UNIQUE
sout alkhaleej 2,epgshare,AE1,Sout.Alkhaleej.2.ae,Sout Alkhaleej 2,64,48.9,100.0,224.81,0,,UNIQUE
sout alkhaleej 3,epgshare,AE1,Sout.Alkhaleej.3.ae,Sout Alkhaleej 3,64,48.9,100.0,224.81,0,,UNIQUE
sout alkhaleej 4,epgshare,AE1,Sout.Alkhaleej.4.ae,Sout Alkhaleej 4,64,48.9,100.0,224.81,0,,UNIQUE
sout alkhaleej europe,epgshare,AE1,Sout.Alkhaleej.Europe.ae,Sout Alkhaleej Europe,64,48.9,100.0,224.81,0,,UNIQUE
calssic,epgshare,AE1,Calssic.ae,Calssic,64,48.9,100.0,224.81,0,,UNIQUE
oman classic radio,epgshare,AE1,Oman.Classic.Radio.ae,Oman Classic Radio,64,48.9,100.0,224.81,0,,UNIQUE
ifrikya fm,epgshare,AE1,Ifrikya.FM.ae,Ifrikya FM,64,48.9,100.0,224.81,0,,UNIQUE
kuwait easy,epgshare,AE1,Kuwait.Easy.ae,Kuwait Easy,64,48.9,100.0,224.81,0,,UNIQUE
sawtoman radio,epgshare,AE1,Sawtoman.Radio.ae,Sawtoman Radio,64,48.9,100.0,224.81,0,,UNIQUE
nile fm,epgshare,AE1,Nile.FM.ae,Nile FM,64,48.9,100.0,224.81,0,,UNIQUE
radio 1,epgshare,AE1,Radio.1.ae,Radio 1,64,48.9,100.0,224.81,0,,UNIQUE
radio 2,epgshare,AE1,Radio.2.ae,Radio 2,64,48.9,100.0,224.81,0,,UNIQUE
kuwait super,epgshare,AE1,Kuwait.Super.ae,Kuwait Super,64,48.9,100.0,224.81,0,,UNIQUE
tchad radio,epgshare,AE1,TCHAD.Radio.ae,TCHAD Radio,64,48.9,100.0,224.81,0,,UNIQUE
kuwait holy quran,epgshare,AE1,Kuwait.Holy.Quran.ae,Kuwait Holy Quran,64,48.9,100.0,224.81,0,,UNIQUE
houna alazm,epgshare,AE1,Houna.alazm.ae,Houna alazm,64,48.9,100.0,224.81,0,,UNIQUE
zayed quran,epgshare,AE1,Zayed.Quran.ae,Zayed Quran,64,48.9,100.0,224.81,0,,UNIQUE
holly quran,epgshare,AE1,Holly.Quran.ae,Holly Quran,64,48.9,100.0,224.81,0,,UNIQUE
al quran al karem,epgshare,AE1,Al.Quran.Al.Karem.ae,Al Quran Al Karem,64,48.9,100.0,224.81,0,,UNIQUE
radio coran,epgshare,AE1,Radio.Coran.ae,Radio Coran,64,48.9,100.0,224.81,0,,UNIQUE
quran kareem jordan,epgshare,AE1,Quran.Kareem.Jordan.ae,Quran Kareem Jordan,64,48.9,100.0,224.81,0,,UNIQUE
nedaa el islam,epgshare,AE1,Nedaa.El.Islam.ae,Nedaa El Islam,64,48.9,100.0,224.81,0,,UNIQUE
radio talavat,epgshare,AE1,Radio.Talavat.ae,Radio Talavat,64,48.9,100.0,224.81,0,,UNIQUE
imam ali radio,epgshare,AE1,Imam.Ali.Radio.ae,Imam Ali Radio,64,48.9,100.0,224.81,0,,UNIQUE
quran kareem,epgshare,AE1,Quran.Kareem.ae,Quran Kareem,64,48.9,100.0,224.81,0,,UNIQUE
oman holyquran radio,epgshare,AE1,Oman.HolyQuran.Radio.ae,Oman HolyQuran Radio,64,48.9,100.0,224.81,0,,UNIQUE
al kafeel,epgshare,AE1,Al.Kafeel.ae,Al Kafeel,64,48.9,100.0,224.81,0,,UNIQUE
qatar r quran,epgshare,AE1,Qatar.R.Quran.ae,Qatar R Quran,64,48.9,100.0,224.81,0,,UNIQUE
qatar r quran 2,epgshare,AE1,Qatar.R.Quran.2.ae,Qatar R Quran 2,64,48.9,100.0,224.81,0,,UNIQUE
sout al islam doha,epgshare,AE1,Sout.Al.Islam.Doha.ae,Sout Al Islam Doha,64,48.9,100.0,224.81,0,,UNIQUE
palestine quraan,epgshare,AE1,Palestine.Quraan.ae,Palestine Quraan,64,48.9,100.0,224.81,0,,UNIQUE
palestine quran 2,epgshare,AE1,Palestine.Quran.2.ae,Palestine Quran 2,64,48.9,100.0,224.81,0,,UNIQUE
nablus radio,epgshare,AE1,Nablus.Radio.ae,Nablus Radio,64,48.9,100.0,224.81,0,,UNIQUE
athan tulkarem,epgshare,AE1,Athan.Tulkarem.ae,Athan Tulkarem,64,48.9,100.0,224.81,0,,UNIQUE
al kawther,epgshare,AE1,Al.Kawther.ae,Al Kawther,64,48.9,100.0,224.81,0,,UNIQUE
twr arabic,epgshare,AE1,TWR.ARABIC.ae,TWR ARABIC,64,48.9,100.0,224.81,0,,UNIQUE
praiselive global,epgshare,AE1,PraiseLive.Global.ae,PraiseLive Global,64,48.9,100.0,224.81,0,,UNIQUE
radio mariam arabic,epgshare,AE1,Radio.Mariam.Arabic.ae,Radio Mariam Arabic,64,48.9,100.0,224.81,0,,UNIQUE
better life radio,epgshare,AE1,Better.Life.Radio.ae,Better Life Radio,64,48.9,100.0,224.81,0,,UNIQUE
radio salam,epgshare,AE1,Radio.Salam.ae,Radio Salam,64,48.9,100.0,224.81,0,,UNIQUE
mowagahat 1,epgshare,AE1,Mowagahat-1.ae,Mowagahat-1,64,48.9,100.0,224.81,0,,UNIQUE
rdk,epgshare,AE1,RDK.ae,RDK,64,48.9,100.0,224.81,0,,UNIQUE
mowajahat,epgshare,AE1,Mowajahat.ae,Mowajahat,64,48.9,100.0,224.81,0,,UNIQUE
french,epgshare,AE1,French.ae,French,64,48.9,100.0,224.81,0,,UNIQUE
pishto,epgshare,AE1,Pishto.ae,Pishto,64,48.9,100.0,224.81,0,,UNIQUE
bengali,epgshare,AE1,Bengali.ae,Bengali,64,48.9,100.0,224.81,0,,UNIQUE
mowagahat 2,epgshare,AE1,Mowagahat-2.ae,Mowagahat-2,64,48.9,100.0,224.81,0,,UNIQUE
canal radio,epgshare,AE1,Canal.Radio.ae,Canal Radio,64,48.9,100.0,224.81,0,,UNIQUE
rojava fm,epgshare,AE1,Rojava.FM.ae,Rojava FM,64,48.9,100.0,224.81,0,,UNIQUE
mowagahat 8,epgshare,AE1,Mowagahat-8.ae,Mowagahat-8,64,48.9,100.0,224.81,0,,UNIQUE
adm r3,epgshare,AE1,ADM.R3.ae,ADM R3,64,48.9,100.0,224.81,0,,UNIQUE
adm r4,epgshare,AE1,ADM.R4.ae,ADM R4,64,48.9,100.0,224.81,0,,UNIQUE
dw a2,epgshare,AE1,DW.A2.ae,DW A2,64,48.9,100.0,224.81,0,,UNIQUE
dw05,epgshare,AE1,DW05.ae,DW05,64,48.9,100.0,224.81,0,,UNIQUE
eri radio 1,epgshare,AE1,ERI.Radio.1.ae,ERI Radio 1,64,48.9,100.0,224.81,0,,UNIQUE
eri radio 2,epgshare,AE1,ERI.Radio.2.ae,ERI Radio 2,64,48.9,100.0,224.81,0,,UNIQUE
eri radio 3,epgshare,AE1,ERI.Radio.3.ae,ERI Radio 3,64,48.9,100.0,224.81,0,,UNIQUE
eri radio 4,epgshare,AE1,ERI.Radio.4.ae,ERI Radio 4,64,48.9,100.0,224.81,0,,UNIQUE
movies action,epgshare,SA2,EN:.Movies.Action.sa,EN: Movies Action,24,72.9,91.7,224.67,0,,UNIQUE
hgtv sa,openepg,saudiarabia2,HGTV.sa,HGTV.sa,75,40.0,100.0,224.5,1,openepg:saudiarabia1:HGTV.sa:199.82,WINNER_OF_DUPLICATES
قناة الكبير أوي ae,openepg,uae6,قناة الكبير أوي.ae,قناة الكبير أوي.ae,71,35.6,100.0,223.76,0,,UNIQUE
cn arabic sa,openepg,saudiarabia2,CN Arabic.sa,CN Arabic.sa,72,40.4,100.0,222.94,1,openepg:saudiarabia1:CN Arabic.sa:192.69,WINNER_OF_DUPLICATES
cartoon network arabic sa,openepg,saudiarabia4,Cartoon Network Arabic.sa,Cartoon Network Arabic.sa,72,40.4,100.0,222.94,1,openepg:saudiarabia3:Cartoon Network Arabic.sa:192.69,WINNER_OF_DUPLICATES
aflam,epgshare,SA2,EN:.Aflam.sa,EN: Aflam,26,72.9,92.3,222.15,0,,UNIQUE
قناة طاش ae,openepg,uae6,قناة طاش.ae,قناة طاش.ae,68,35.8,100.0,221.93,0,,UNIQUE
bbc arabic sa,openepg,saudiarabia4,BBC Arabic.sa,BBC Arabic.sa,69,40.4,100.0,220.84,3,openepg:saudiarabia2:BBC Arabic.sa:201.92;openepg:saudiarabia3:BBC Arabic.sa:191.99;openepg:saudiarabia1:BBC Arabic.sa:179.37,WINNER_OF_DUPLICATES
stc family sa,openepg,saudiarabia2,stc tv family.sa,stc tv family.sa,69,40.1,100.0,220.44,1,openepg:saudiarabia1:stc tv family.sa:192.69,WINNER_OF_DUPLICATES
moonbug kids sa,openepg,saudiarabia5,Moonbug Kids.sa,Moonbug Kids.sa,52,48.9,100.0,220.41,0,,UNIQUE
ناصر القصبي ae,openepg,uae6,ناصر القصبي.ae,ناصر القصبي.ae,61,35.8,100.0,217.03,0,,UNIQUE
bbc world sa,openepg,saudiarabia5,BBC World.sa,BBC World.sa,47,48.9,100.0,216.91,0,,UNIQUE
cn arabia sa,openepg,saudiarabia5,CN Arabia.sa,CN Arabia.sa,47,48.9,100.0,216.91,0,,UNIQUE
mbc action sa,openepg,saudiarabia4,MBC Action HD.sa,MBC Action HD.sa,58,40.9,98.3,216.86,3,openepg:saudiarabia2:MBC Action HD.sa:216.72;openepg:saudiarabia3:MBC Action HD.sa:191.39;openepg:saudiarabia1:MBC Action HD.sa:189.29,WINNER_OF_DUPLICATES
cnbc arabia sa,openepg,saudiarabia2,CNBC Arabia.sa,CNBC Arabia.sa,63,40.4,100.0,216.64,1,openepg:saudiarabia1:CNBC Arabia.sa:193.39,WINNER_OF_DUPLICATES
sama dubai sa,openepg,saudiarabia2,Sama Dubai.sa,Sama Dubai.sa,63,40.4,100.0,216.64,1,openepg:saudiarabia1:Sama Dubai.sa:191.97,WINNER_OF_DUPLICATES
mbc 4 sa,openepg,saudiarabia4,MBC 4 HD.sa,MBC 4 HD.sa,62,40.9,100.0,216.62,3,openepg:saudiarabia2:MBC 4 HD.sa:215.91;openepg:saudiarabia3:MBC 4 HD.sa:188.09;openepg:saudiarabia1:MBC 4 HD.sa:187.38,WINNER_OF_DUPLICATES
قناة اللعبة ae,openepg,uae6,قناة اللعبة.ae,قناة اللعبة.ae,59,36.1,100.0,216.03,0,,UNIQUE
cnn sa,openepg,saudiarabia2,CNN.sa,CNN.sa,61,40.9,100.0,215.91,2,openepg:saudiarabia5:CNN HD.sa:210.62;openepg:saudiarabia1:CNN.sa:190.56,WINNER_OF_DUPLICATES
الحدث ae,openepg,uae6,الحدث.ae,الحدث.ae,59,35.9,100.0,215.76,0,,UNIQUE
العربية ae,openepg,uae6,العربية.ae,العربية.ae,59,35.9,100.0,215.76,0,,UNIQUE
food network sa,openepg,saudiarabia2,Food Network.sa,Food Network.sa,60,40.9,100.0,215.22,1,openepg:saudiarabia1:Food Network.sa:189.89,WINNER_OF_DUPLICATES
abu dhabi sa,openepg,saudiarabia2,Abu Dhabi.sa,Abu Dhabi.sa,58,40.9,100.0,213.81,4,openepg:saudiarabia4:Abu Dhabi TV HD.sa:213.81;openepg:saudiarabia5:Abu Dhabi TV HD.sa:187.76;openepg:saudiarabia1:Abu Dhabi.sa:186.37;openepg:saudiarabia3:Abu Dhabi TV HD.sa:186.37,WINNER_OF_DUPLICATES
sky news arabia sa,openepg,saudiarabia5,Sky News Arabia HD.sa,Sky News Arabia HD.sa,41,48.9,100.0,212.72,2,openepg:saudiarabia2:Sky News Arabia HD.sa:201.92;openepg:saudiarabia1:Sky News Arabia HD.sa:179.37,WINNER_OF_DUPLICATES
saudi 1 sa,openepg,saudiarabia2,Saudi 1.sa,Saudi 1.sa,57,40.4,100.0,212.44,1,openepg:saudiarabia1:Saudi 1.sa:187.38,WINNER_OF_DUPLICATES
mbc variety sa,openepg,saudiarabia2,MBC VARIETY.sa,MBC VARIETY.sa,57,40.3,100.0,212.31,1,openepg:saudiarabia1:MBC VARIETY.sa:188.57,WINNER_OF_DUPLICATES
mbc plus variety sa,openepg,saudiarabia4,MBC Plus Variety HD.sa,MBC Plus Variety HD.sa,57,40.3,100.0,212.31,1,openepg:saudiarabia3:MBC Plus Variety HD.sa:188.57,WINNER_OF_DUPLICATES
ktv 1 sa,openepg,saudiarabia5,KTV Channel 1 HD.sa,KTV Channel 1 HD.sa,78,29.2,100.0,212.02,0,,UNIQUE
stc drama sa,openepg,saudiarabia2,stc tv drama.sa,stc tv drama.sa,55,40.7,100.0,211.44,1,openepg:saudiarabia1:stc tv drama.sa:185.69,WINNER_OF_DUPLICATES
mbc drama sa,openepg,saudiarabia2,MBC+ Drama HD.sa,MBC+ Drama HD.sa,55,40.4,100.0,211.04,6,openepg:saudiarabia2:MBC Drama HD.sa:201.92;openepg:saudiarabia4:MBC Drama HD.sa:201.92;openepg:saudiarabia1:MBC+ Drama HD.sa:185.42;openepg:saudiarabia1:MBC Drama HD.sa:179.37;openepg:saudiarabia3:MBC Drama HD.sa:179.37;openepg:saudiarabia5:MBC Drama.sa:179.37,WINNER_OF_DUPLICATES
nat geographic sa,openepg,saudiarabia2,Nat. Geographic.sa,Nat. Geographic.sa,55,40.4,100.0,211.04,1,openepg:saudiarabia1:Nat. Geographic.sa:185.42,WINNER_OF_DUPLICATES
mbc plus drama sa,openepg,saudiarabia4,MBC Plus Drama HD.sa,MBC Plus Drama HD.sa,55,40.4,100.0,211.04,1,openepg:saudiarabia3:MBC Plus Drama HD.sa:185.42,WINNER_OF_DUPLICATES
nat geo wild sa,openepg,saudiarabia2,Nat. Geo. Wild HD.sa,Nat. Geo. Wild HD.sa,55,40.2,100.0,210.77,1,openepg:saudiarabia1:Nat. Geo. Wild HD.sa:186.8,WINNER_OF_DUPLICATES
discovery family sa,openepg,saudiarabia2,Discovery Family HD.sa,Discovery Family HD.sa,54,40.5,100.0,210.47,1,openepg:saudiarabia1:Discovery Family HD.sa:185.56,WINNER_OF_DUPLICATES
al nahar sa,openepg,saudiarabia4,Al Nahar TV.sa,Al Nahar TV.sa,54,40.4,100.0,210.34,3,openepg:saudiarabia2:Al Nahar.sa:208.94;openepg:saudiarabia3:Al Nahar TV.sa:183.59;openepg:saudiarabia1:Al Nahar.sa:182.89,WINNER_OF_DUPLICATES
tlc sa,openepg,saudiarabia2,TLC HD.sa,TLC HD.sa,53,40.8,100.0,210.18,2,openepg:saudiarabia5:TLC HD.sa:186.39;openepg:saudiarabia1:TLC HD.sa:185.12,WINNER_OF_DUPLICATES
osn comedy eg,openepg,egypt2,OSN TV Comedy.eg,OSN TV Comedy.eg,71,31.4,100.0,210.09,0,,UNIQUE
fatafeat sa,openepg,saudiarabia2,Fatafeat.sa,Fatafeat.sa,52,40.9,100.0,209.62,2,openepg:saudiarabia5:Fatafeat.sa:186.09;openepg:saudiarabia1:Fatafeat.sa:184.69,WINNER_OF_DUPLICATES
cn english sa,openepg,saudiarabia2,CN English.sa,CN English.sa,53,40.3,100.0,209.5,1,openepg:saudiarabia1:CN English.sa:180.63,WINNER_OF_DUPLICATES
قناة العاصوف ae,openepg,uae6,قناة العاصوف.ae,قناة العاصوف.ae,49,36.0,100.0,208.9,0,,UNIQUE
nat geo ad sa,openepg,saudiarabia2,Nat. Geo. AD.sa,Nat. Geo. AD.sa,52,40.2,100.0,208.67,1,openepg:saudiarabia1:Nat. Geo. AD.sa:184.97,WINNER_OF_DUPLICATES
bahrain sa,openepg,saudiarabia5,Bahrain TV.sa,Bahrain TV.sa,72,29.8,100.0,208.63,2,openepg:saudiarabia2:Bahrain TV.sa:201.92;openepg:saudiarabia1:Bahrain TV.sa:179.37,WINNER_OF_DUPLICATES
discovery sa,openepg,saudiarabia2,Discovery HD.sa,Discovery HD.sa,51,40.4,100.0,208.24,2,openepg:saudiarabia1:Discovery HD.sa:183.72;openepg:saudiarabia5:Discovery Channel HD.sa:121.31,WINNER_OF_DUPLICATES
animal planet sa,openepg,saudiarabia2,Animal Planet HD.sa,Animal Planet HD.sa,50,40.9,100.0,208.22,2,openepg:saudiarabia1:Animal Planet HD.sa:184.83;openepg:saudiarabia5:Animal Planet HD.sa:121.31,WINNER_OF_DUPLICATES
الشرق ae,openepg,uae6,الشرق.ae,الشرق.ae,48,35.9,100.0,208.06,0,,UNIQUE
أو إس إن كوميدي eg,openepg,egypt1,أو إس إن كوميدي.eg,أو إس إن كوميدي.eg,63,28.1,100.0,208.03,0,,UNIQUE
mbc iraq sa,openepg,saudiarabia4,MBC Iraq HD.sa,MBC Iraq HD.sa,49,40.9,100.0,207.51,2,openepg:saudiarabia3:MBC Iraq HD.sa:183.56;openepg:saudiarabia5:MBC Iraq.sa:120.61,WINNER_OF_DUPLICATES
mbc bollywood sa,openepg,saudiarabia2,MBC Bollywood.sa,MBC Bollywood.sa,41,40.9,100.0,206.92,3,openepg:saudiarabia4:MBC Bollywood.sa:206.92;openepg:saudiarabia1:MBC Bollywood.sa:185.72;openepg:saudiarabia3:MBC Bollywood.sa:185.72,WINNER_OF_DUPLICATES
al dafrah sa,openepg,saudiarabia2,Al Dafrah.sa,Al Dafrah.sa,49,40.4,100.0,206.84,1,openepg:saudiarabia1:Al Dafrah.sa:182.87,WINNER_OF_DUPLICATES
zekrayat sa,openepg,saudiarabia2,Zekrayat.sa,Zekrayat.sa,49,40.4,100.0,206.84,1,openepg:saudiarabia1:Zekrayat.sa:182.19,WINNER_OF_DUPLICATES
al emarat sa,openepg,saudiarabia2,Al Emarat.sa,Al Emarat.sa,48,40.9,100.0,206.81,1,openepg:saudiarabia1:Al Emarat.sa:181.49,WINNER_OF_DUPLICATES
mbc 1 sa,openepg,saudiarabia2,MBC 1 HD.sa,MBC 1 HD.sa,48,40.8,100.0,206.68,4,openepg:saudiarabia4:MBC 1 HD.sa:206.68;openepg:saudiarabia5:MBC 1.sa:182.87;openepg:saudiarabia1:MBC 1 HD.sa:182.16;openepg:saudiarabia3:MBC 1 HD.sa:182.16,WINNER_OF_DUPLICATES
mbc action ae,openepg,uae6,MBC Action.ae,MBC Action.ae,50,35.9,100.0,206.47,0,,UNIQUE
abu dhabi sports 2 sa,openepg,saudiarabia4,Abu Dhabi Sports 2 HD.sa,Abu Dhabi Sports 2 HD.sa,32,48.9,100.0,206.41,1,openepg:saudiarabia3:Abu Dhabi Sports 2 HD.sa:175.36,WINNER_OF_DUPLICATES
قناة باب الحارة ae,openepg,uae6,قناة باب الحارة.ae,قناة باب الحارة.ae,45,36.0,100.0,206.1,0,,UNIQUE
star world sa,openepg,saudiarabia2,Star World HD.sa,Star World HD.sa,46,40.9,100.0,205.41,1,openepg:saudiarabia1:Star World HD.sa:180.38,WINNER_OF_DUPLICATES
mbc maser sa,openepg,saudiarabia4,MBC Maser.sa,MBC Maser.sa,46,40.8,100.0,205.28,1,openepg:saudiarabia3:MBC Maser.sa:182.32,WINNER_OF_DUPLICATES
osntv comedy sa,openepg,saudiarabia5,OSNtv Comedy.sa,OSNtv Comedy.sa,67,29.7,100.0,205.0,0,,UNIQUE
sbc sa,openepg,saudiarabia2,SBC.sa,SBC.sa,45,40.9,100.0,204.72,1,openepg:saudiarabia1:SBC.sa:182.16,WINNER_OF_DUPLICATES
bein sports news,epgshare,AE1,beIN.Sports.News.ae,beIN Sports News,34,49.4,100.0,204.49,0,,UNIQUE
palestine sport,epgshare,AE1,Palestine.Sport.ae,Palestine Sport,34,49.4,100.0,204.49,0,,UNIQUE
jordan sport,epgshare,AE1,Jordan.Sport.HD.ae,Jordan Sport HD,34,49.4,100.0,204.49,0,,UNIQUE
ksa sports 3,epgshare,AE1,KSA.Sports.3.HD.ae,KSA Sports 3 HD,34,49.4,100.0,204.49,0,,UNIQUE
kuwait sport,epgshare,AE1,Kuwait.Sport.HD.ae,Kuwait Sport HD,34,49.4,100.0,204.49,0,,UNIQUE
kuwait sport plus,epgshare,AE1,Kuwait.TV.Sport.Plus.HD.ae,Kuwait TV Sport Plus HD,34,49.4,100.0,204.49,0,,UNIQUE
oman sport,epgshare,AE1,Oman.TV.Sport.HD.ae,Oman TV Sport HD,34,49.4,100.0,204.49,0,,UNIQUE
on time sports,epgshare,AE1,On.Time.Sports.HD.ae,On Time Sports HD,34,49.4,100.0,204.49,0,,UNIQUE
قناة مرايا ae,openepg,uae6,قناة مرايا.ae,قناة مرايا.ae,43,35.5,100.0,204.03,0,,UNIQUE
discovery id sa,openepg,saudiarabia2,Discovery ID.sa,Discovery ID.sa,43,40.9,100.0,203.31,1,openepg:saudiarabia1:Discovery ID.sa:178.69,WINNER_OF_DUPLICATES
mbc4 ae,openepg,uae6,MBC4.ae,MBC4.ae,53,35.7,100.0,203.3,0,,UNIQUE
aghani aghani sa,openepg,saudiarabia2,Aghani Aghani.sa,Aghani Aghani.sa,41,40.9,100.0,201.92,1,openepg:saudiarabia1:Aghani Aghani.sa:179.37,WINNER_OF_DUPLICATES
al ekhbariya sa,openepg,saudiarabia2,Al Ekhbariya.sa,Al Ekhbariya.sa,41,40.9,100.0,201.92,1,openepg:saudiarabia1:Al Ekhbariya.sa:179.37,WINNER_OF_DUPLICATES
al hayat sa,openepg,saudiarabia2,Al Hayat.sa,Al Hayat.sa,41,40.9,100.0,201.92,1,openepg:saudiarabia1:Al Hayat.sa:179.37,WINNER_OF_DUPLICATES
al kahera walnas 2 sa,openepg,saudiarabia2,Al Kahera Walnas 2.sa,Al Kahera Walnas 2.sa,41,40.9,100.0,201.92,1,openepg:saudiarabia1:Al Kahera Walnas 2.sa:179.37,WINNER_OF_DUPLICATES
al kahera walnas sa,openepg,saudiarabia2,Al Kahera Walnas.sa,Al Kahera Walnas.sa,41,40.9,100.0,201.92,1,openepg:saudiarabia1:Al Kahera Walnas.sa:179.37,WINNER_OF_DUPLICATES
al masriya sa,openepg,saudiarabia2,Al Masriya.sa,Al Masriya.sa,41,40.9,100.0,201.92,1,openepg:saudiarabia1:Al Masriya.sa:179.37,WINNER_OF_DUPLICATES
amman sa,openepg,saudiarabia2,Amman TV.sa,Amman TV.sa,41,40.9,100.0,201.92,1,openepg:saudiarabia1:Amman TV.sa:179.37,WINNER_OF_DUPLICATES
bahrain sports sa,openepg,saudiarabia2,Bahrain Sports TV.sa,Bahrain Sports TV.sa,41,40.9,100.0,201.92,1,openepg:saudiarabia1:Bahrain Sports TV.sa:179.37,WINNER_OF_DUPLICATES
bigg sa,openepg,saudiarabia2,Bigg.sa,Bigg.sa,41,40.9,100.0,201.92,1,openepg:saudiarabia1:Bigg.sa:179.37,WINNER_OF_DUPLICATES
cbc drama sa,openepg,saudiarabia2,CBC Drama.sa,CBC Drama.sa,41,40.9,100.0,201.92,1,openepg:saudiarabia1:CBC Drama.sa:179.37,WINNER_OF_DUPLICATES
cbc extra news sa,openepg,saudiarabia2,CBC Extra News.sa,CBC Extra News.sa,41,40.9,100.0,201.92,1,openepg:saudiarabia1:CBC Extra News.sa:179.37,WINNER_OF_DUPLICATES
cbc sofra sa,openepg,saudiarabia2,CBC Sofra.sa,CBC Sofra.sa,41,40.9,100.0,201.92,1,openepg:saudiarabia1:CBC Sofra.sa:179.37,WINNER_OF_DUPLICATES
cbc sa,openepg,saudiarabia2,CBC.sa,CBC.sa,41,40.9,100.0,201.92,1,openepg:saudiarabia1:CBC.sa:179.37,WINNER_OF_DUPLICATES
fujairah sa,openepg,saudiarabia2,Fujairah TV.sa,Fujairah TV.sa,41,40.9,100.0,201.92,1,openepg:saudiarabia1:Fujairah TV.sa:179.37,WINNER_OF_DUPLICATES
jordan sa,openepg,saudiarabia2,Jordan TV.sa,Jordan TV.sa,41,40.9,100.0,201.92,1,openepg:saudiarabia1:Jordan TV.sa:179.37,WINNER_OF_DUPLICATES
kidzone max sa,openepg,saudiarabia2,KidZone Max.sa,KidZone Max.sa,41,40.9,100.0,201.92,1,openepg:saudiarabia1:KidZone Max.sa:179.37,WINNER_OF_DUPLICATES
ksa now sa,openepg,saudiarabia2,KSA Now.sa,KSA Now.sa,41,40.9,100.0,201.92,1,openepg:saudiarabia1:KSA Now.sa:179.37,WINNER_OF_DUPLICATES
ltv sa,openepg,saudiarabia2,LTV.sa,LTV.sa,41,40.9,100.0,201.92,1,openepg:saudiarabia1:LTV.sa:179.37,WINNER_OF_DUPLICATES
oman al thakafeyah sa,openepg,saudiarabia2,Oman Al Thakafeyah.sa,Oman Al Thakafeyah.sa,41,40.9,100.0,201.92,1,openepg:saudiarabia1:Oman Al Thakafeyah.sa:179.37,WINNER_OF_DUPLICATES
oman mubasher sa,openepg,saudiarabia2,Oman Mubasher.sa,Oman Mubasher.sa,41,40.9,100.0,201.92,1,openepg:saudiarabia1:Oman Mubasher.sa:179.37,WINNER_OF_DUPLICATES
oman sport sa,openepg,saudiarabia2,Oman Sport.sa,Oman Sport.sa,41,40.9,100.0,201.92,2,openepg:saudiarabia1:Oman Sport.sa:179.37;openepg:saudiarabia5:Oman TV Sport.sa:119.92,WINNER_OF_DUPLICATES
oman sa,openepg,saudiarabia2,Oman TV.sa,Oman TV.sa,41,40.9,100.0,201.92,2,openepg:saudiarabia5:Oman TV.sa:197.72;openepg:saudiarabia1:Oman TV.sa:179.37,WINNER_OF_DUPLICATES
one sa,openepg,saudiarabia2,One TV.sa,One TV.sa,41,40.9,100.0,201.92,1,openepg:saudiarabia1:One TV.sa:179.37,WINNER_OF_DUPLICATES
riyadh season sa,openepg,saudiarabia2,Riyadh Season.sa,Riyadh Season.sa,41,40.9,100.0,201.92,1,openepg:saudiarabia1:Riyadh Season.sa:179.37,WINNER_OF_DUPLICATES
rotana clip sa,openepg,saudiarabia2,Rotana Clip.sa,Rotana Clip.sa,41,40.9,100.0,201.92,1,openepg:saudiarabia1:Rotana Clip.sa:179.37,WINNER_OF_DUPLICATES
rotana drama sa,openepg,saudiarabia2,Rotana Drama HD.sa,Rotana Drama HD.sa,41,40.9,100.0,201.92,1,openepg:saudiarabia1:Rotana Drama HD.sa:179.37,WINNER_OF_DUPLICATES
rotana m sa,openepg,saudiarabia2,Rotana M+ HD.sa,Rotana M+ HD.sa,41,40.9,100.0,201.92,1,openepg:saudiarabia1:Rotana M+ HD.sa:179.37,WINNER_OF_DUPLICATES
rotana music sa,openepg,saudiarabia2,Rotana Music HD.sa,Rotana Music HD.sa,41,40.9,100.0,201.92,1,openepg:saudiarabia1:Rotana Music HD.sa:179.37,WINNER_OF_DUPLICATES
roya sa,openepg,saudiarabia2,Roya.sa,Roya.sa,41,40.9,100.0,201.92,2,openepg:saudiarabia1:Roya.sa:179.37;openepg:saudiarabia5:Roya TV HD.sa:177.26,WINNER_OF_DUPLICATES
saudi quran sa,openepg,saudiarabia2,Saudi Quran.sa,Saudi Quran.sa,41,40.9,100.0,201.92,1,openepg:saudiarabia1:Saudi Quran.sa:179.37,WINNER_OF_DUPLICATES
saudi sports 2 sa,openepg,saudiarabia2,Saudi Sports 2.sa,Saudi Sports 2.sa,41,40.9,100.0,201.92,1,openepg:saudiarabia1:Saudi Sports 2.sa:179.37,WINNER_OF_DUPLICATES
saudi sports 3 sa,openepg,saudiarabia2,Saudi Sports 3.sa,Saudi Sports 3.sa,41,40.9,100.0,201.92,1,openepg:saudiarabia1:Saudi Sports 3.sa:179.37,WINNER_OF_DUPLICATES
saudi sunnah sa,openepg,saudiarabia2,Saudi Sunnah.sa,Saudi Sunnah.sa,41,40.9,100.0,201.92,1,openepg:saudiarabia1:Saudi Sunnah.sa:179.37,WINNER_OF_DUPLICATES
sharjah quran sa,openepg,saudiarabia2,Sharjah Quran.sa,Sharjah Quran.sa,41,40.9,100.0,201.92,1,openepg:saudiarabia1:Sharjah Quran.sa:179.37,WINNER_OF_DUPLICATES
sharjah sports sa,openepg,saudiarabia2,Sharjah Sports.sa,Sharjah Sports.sa,41,40.9,100.0,201.92,1,openepg:saudiarabia1:Sharjah Sports.sa:179.37,WINNER_OF_DUPLICATES
sharjah sa,openepg,saudiarabia2,Sharjah TV.sa,Sharjah TV.sa,41,40.9,100.0,201.92,1,openepg:saudiarabia1:Sharjah TV.sa:179.37,WINNER_OF_DUPLICATES
sharqiya from kalba sa,openepg,saudiarabia2,Sharqiya from Kalba.sa,Sharqiya from Kalba.sa,41,40.9,100.0,201.92,1,openepg:saudiarabia1:Sharqiya from Kalba.sa:179.37,WINNER_OF_DUPLICATES
smartzone sa,openepg,saudiarabia2,SmartZone.sa,SmartZone.sa,41,40.9,100.0,201.92,1,openepg:saudiarabia1:SmartZone.sa:179.37,WINNER_OF_DUPLICATES
sport 24 sa,openepg,saudiarabia2,Sport 24.sa,Sport 24.sa,41,40.9,100.0,201.92,1,openepg:saudiarabia1:Sport 24.sa:179.37,WINNER_OF_DUPLICATES
ten sa,openepg,saudiarabia2,Ten.sa,Ten.sa,41,40.9,100.0,201.92,1,openepg:saudiarabia1:Ten.sa:179.37,WINNER_OF_DUPLICATES
travel sa,openepg,saudiarabia2,Travel.sa,Travel.sa,41,40.9,100.0,201.92,1,openepg:saudiarabia1:Travel.sa:179.37,WINNER_OF_DUPLICATES
wanasah sa,openepg,saudiarabia2,Wanasah.sa,Wanasah.sa,41,40.9,100.0,201.92,1,openepg:saudiarabia1:Wanasah.sa:179.37,WINNER_OF_DUPLICATES
wousta from al dhaid sa,openepg,saudiarabia2,Wousta from Al Dhaid.sa,Wousta from Al Dhaid.sa,41,40.9,100.0,201.92,1,openepg:saudiarabia1:Wousta from Al Dhaid.sa:179.37,WINNER_OF_DUPLICATES
zee alwan sa,openepg,saudiarabia2,Zee Alwan.sa,Zee Alwan.sa,41,40.9,100.0,201.92,1,openepg:saudiarabia1:Zee Alwan.sa:179.37,WINNER_OF_DUPLICATES
mbc maser 2 sa,openepg,saudiarabia4,MBC Maser 2.sa,MBC Maser 2.sa,41,40.9,100.0,201.92,1,openepg:saudiarabia3:MBC Maser 2.sa:178.69,WINNER_OF_DUPLICATES
rotana sa,openepg,saudiarabia2,Rotana + HD.sa,Rotana + HD.sa,40,41.4,100.0,201.89,1,openepg:saudiarabia1:Rotana + HD.sa:177.69,WINNER_OF_DUPLICATES
mbc persia ae,openepg,uae6,MBC Persia.ae,MBC Persia.ae,49,36.4,95.9,201.72,0,,UNIQUE
ad sports premium 1 sa,openepg,saudiarabia2,AD Sports Premium 1.sa,AD Sports Premium 1.sa,40,40.9,100.0,201.22,1,openepg:saudiarabia1:AD Sports Premium 1.sa:178.66,WINNER_OF_DUPLICATES
al arabiya business sa,openepg,saudiarabia2,Al Arabiya Business.sa,Al Arabiya Business.sa,40,40.9,100.0,201.22,1,openepg:saudiarabia1:Al Arabiya Business.sa:178.66,WINNER_OF_DUPLICATES
mbc masr 2 sa,openepg,saudiarabia2,MBC MASR 2.sa,MBC MASR 2.sa,40,40.9,100.0,201.22,1,openepg:saudiarabia1:MBC MASR 2.sa:178.69,WINNER_OF_DUPLICATES
saudi sports 1 sa,openepg,saudiarabia2,Saudi Sports 1.sa,Saudi Sports 1.sa,39,40.9,100.0,200.51,1,openepg:saudiarabia1:Saudi Sports 1.sa:179.37,WINNER_OF_DUPLICATES
mbc plus elife sa,openepg,saudiarabia4,MBC Plus eLife HD.sa,MBC Plus eLife HD.sa,38,40.9,100.0,199.81,1,openepg:saudiarabia3:MBC Plus eLife HD.sa:177.59,WINNER_OF_DUPLICATES
ad sports 1 sa,openepg,saudiarabia2,AD Sports 1.sa,AD Sports 1.sa,37,40.9,100.0,199.12,2,openepg:saudiarabia1:AD Sports 1.sa:176.56;openepg:saudiarabia5:AD Sports 1 HD.sa:119.92,WINNER_OF_DUPLICATES
ad sports 2 sa,openepg,saudiarabia2,AD Sports 2.sa,AD Sports 2.sa,37,40.9,100.0,199.12,1,openepg:saudiarabia1:AD Sports 2.sa:176.56,WINNER_OF_DUPLICATES
dubai sports 2 sa,openepg,saudiarabia2,Dubai Sports 2.sa,Dubai Sports 2.sa,37,40.9,100.0,199.12,1,openepg:saudiarabia1:Dubai Sports 2.sa:175.19,WINNER_OF_DUPLICATES
starzplay sports sa,openepg,saudiarabia2,STARZPLAY Sports.sa,STARZPLAY Sports.sa,37,40.9,100.0,199.12,1,openepg:saudiarabia1:STARZPLAY Sports.sa:176.56,WINNER_OF_DUPLICATES
rotana khalijia sa,openepg,saudiarabia2,Rotana Khalijia HD.sa,Rotana Khalijia HD.sa,36,40.9,100.0,198.42,1,openepg:saudiarabia1:Rotana Khalijia HD.sa:176.56,WINNER_OF_DUPLICATES
star action sa,openepg,saudiarabia2,Star Action.sa,Star Action.sa,28,41.3,100.0,198.36,1,openepg:saudiarabia1:Star Action.sa:176.99,WINNER_OF_DUPLICATES
ad sports premium 2 sa,openepg,saudiarabia2,AD Sports Premium 2.sa,AD Sports Premium 2.sa,35,40.9,100.0,197.72,1,openepg:saudiarabia1:AD Sports Premium 2.sa:175.16,WINNER_OF_DUPLICATES
dubai sports sa,openepg,saudiarabia2,Dubai Sports HD.sa,Dubai Sports HD.sa,35,40.9,100.0,197.72,1,openepg:saudiarabia1:Dubai Sports HD.sa:175.16,WINNER_OF_DUPLICATES
lbc sa,openepg,saudiarabia2,LBC.sa,LBC.sa,34,40.9,100.0,197.01,1,openepg:saudiarabia1:LBC.sa:177.22,WINNER_OF_DUPLICATES
alfa al safwa sa,openepg,saudiarabia5,Alfa Al Safwa.sa,Alfa Al Safwa.sa,55,29.4,100.0,196.19,0,,UNIQUE
bein sports xtra 8 qa,openepg,qatar1,beIN SPORTS XTRA 8.qa,beIN SPORTS XTRA 8.qa,23,45.9,100.0,196.06,0,,UNIQUE
star movies sa,openepg,saudiarabia2,Star Movies HD.sa,Star Movies HD.sa,23,41.9,100.0,195.67,1,openepg:saudiarabia1:Star Movies HD.sa:173.49,WINNER_OF_DUPLICATES
mbc masr sa,openepg,saudiarabia2,MBC MASR.sa,MBC MASR.sa,33,40.4,100.0,195.64,2,openepg:saudiarabia1:MBC MASR.sa:174.36;openepg:saudiarabia5:MBC Masr.sa:119.92,WINNER_OF_DUPLICATES
rotana classic sa,openepg,saudiarabia2,Rotana Classic HD.sa,Rotana Classic HD.sa,30,41.9,100.0,195.56,1,openepg:saudiarabia1:Rotana Classic HD.sa:173.76,WINNER_OF_DUPLICATES
mbc5 ae,openepg,uae6,MBC5.ae,MBC5.ae,41,35.8,100.0,195.03,0,,UNIQUE
al nahar drama sa,openepg,saudiarabia2,Al Nahar Drama.sa,Al Nahar Drama.sa,31,40.9,100.0,194.92,3,openepg:saudiarabia4:Al Nahar Drama.sa:194.92;openepg:saudiarabia1:Al Nahar Drama.sa:174.47;openepg:saudiarabia3:Al Nahar Drama.sa:174.47,WINNER_OF_DUPLICATES
motorvision sa,openepg,saudiarabia5,MOTORVISION.sa,MOTORVISION.sa,53,29.4,100.0,194.79,0,,UNIQUE
قناة مسرح مصر ae,openepg,uae6,قناة مسرح مصر.ae,قناة مسرح مصر.ae,27,36.1,100.0,193.63,0,,UNIQUE
أو إٍس إن ناو eg,openepg,egypt1,أو إٍس إن ناو.eg,أو إٍس إن ناو.eg,42,28.2,100.0,193.47,0,,UNIQUE
osn now eg,openepg,egypt2,OSN TV Now.eg,OSN TV Now.eg,47,31.4,100.0,193.29,0,,UNIQUE
dubai one sa,openepg,saudiarabia2,Dubai One.sa,Dubai One.sa,29,40.4,100.0,192.84,1,openepg:saudiarabia1:Dubai One.sa:174.47,WINNER_OF_DUPLICATES
bein sports xtra 6 qa,openepg,qatar1,beIN SPORTS XTRA 6.qa,beIN SPORTS XTRA 6.qa,18,45.9,100.0,192.56,0,,UNIQUE
mbc max sa,openepg,saudiarabia2,MBC Max HD.sa,MBC Max HD.sa,26,41.4,100.0,192.09,3,openepg:saudiarabia4:MBC Max HD.sa:192.09;openepg:saudiarabia1:MBC Max HD.sa:174.42;openepg:saudiarabia3:MBC Max HD.sa:174.42,WINNER_OF_DUPLICATES
mbc 2 sa,openepg,saudiarabia2,MBC 2 HD.sa,MBC 2 HD.sa,27,40.4,100.0,191.44,3,openepg:saudiarabia4:MBC 2 HD.sa:191.44;openepg:saudiarabia1:MBC 2 HD.sa:174.42;openepg:saudiarabia3:MBC 2 HD.sa:174.42,WINNER_OF_DUPLICATES
stc cinema sa,openepg,saudiarabia2,stc tv cinema.sa,stc tv cinema.sa,25,41.0,100.0,190.85,1,openepg:saudiarabia1:stc tv cinema.sa:173.01,WINNER_OF_DUPLICATES
rotana aflam sa,openepg,saudiarabia2,Rotana Aflam +.sa,Rotana Aflam +.sa,26,40.4,100.0,190.74,1,openepg:saudiarabia1:Rotana Aflam +.sa:171.66,WINNER_OF_DUPLICATES
gametoon sa,openepg,saudiarabia5,Gametoon.sa,Gametoon.sa,44,30.9,100.0,190.51,0,,UNIQUE
osntv now sa,openepg,saudiarabia5,OSNtv Now.sa,OSNtv Now.sa,46,29.5,100.0,190.03,0,,UNIQUE
stv1 sa,openepg,saudiarabia5,STV1 HD.sa,STV1 HD.sa,45,29.9,100.0,189.87,0,,UNIQUE
rotana cinema us sa,openepg,saudiarabia2,Rotana Cinema + US.sa,Rotana Cinema + US.sa,24,40.4,100.0,189.34,1,openepg:saudiarabia1:Rotana Cinema + US.sa:171.64,WINNER_OF_DUPLICATES
osntv showcase classics sa,openepg,saudiarabia5,OSNtv Showcase Classics.sa,OSNtv Showcase Classics.sa,45,29.5,100.0,189.32,0,,UNIQUE
أو إس إن ياهلا eg,openepg,egypt1,أو إس إن ياهلا.eg,أو إس إن ياهلا.eg,36,28.2,100.0,189.27,0,,UNIQUE
rotana comedy sa,openepg,saudiarabia2,Rotana Comedy.sa,Rotana Comedy.sa,21,41.9,100.0,189.26,1,openepg:saudiarabia1:Rotana Comedy.sa:168.87,WINNER_OF_DUPLICATES
bein series 2 eg,openepg,egypt2,beIN Series HD 2.eg,beIN Series HD 2.eg,38,31.4,97.4,189.0,0,,UNIQUE
dubai sa,openepg,saudiarabia2,Dubai.sa,Dubai.sa,20,41.9,100.0,188.56,2,openepg:saudiarabia5:Dubai TV HD.sa:182.19;openepg:saudiarabia1:Dubai.sa:168.7,WINNER_OF_DUPLICATES
إم بي سي مصر دراما eg,openepg,egypt1,إم بي سي مصر دراما.eg,إم بي سي مصر دراما.eg,35,28.1,100.0,188.44,0,,UNIQUE
tcm sa,openepg,saudiarabia2,TCM.sa,TCM.sa,21,41.2,100.0,188.32,1,openepg:saudiarabia1:TCM.sa:170.38,WINNER_OF_DUPLICATES
osn ya hala eg,openepg,egypt2,OSN Ya Hala.eg,OSN Ya Hala.eg,40,31.3,100.0,188.25,0,,UNIQUE
أو إس إن ياهلا بالعربي eg,openepg,egypt1,أو إس إن ياهلا بالعربي.eg,أو إس إن ياهلا بالعربي.eg,34,28.4,100.0,188.14,0,,UNIQUE
stc sports 1 sa,openepg,saudiarabia2,stc tv sports 1 HD.sa,stc tv sports 1 HD.sa,22,40.5,100.0,188.07,1,openepg:saudiarabia1:stc tv sports 1 HD.sa:168.75,WINNER_OF_DUPLICATES
stc sports sa,openepg,saudiarabia2,stc tv sports HD.sa,stc tv sports HD.sa,22,40.4,100.0,187.94,1,openepg:saudiarabia1:stc tv sports HD.sa:168.75,WINNER_OF_DUPLICATES
rotana cinema sa,openepg,saudiarabia2,Rotana Cinema HD.sa,Rotana Cinema HD.sa,21,40.9,100.0,187.92,1,openepg:saudiarabia1:Rotana Cinema HD.sa:168.87,WINNER_OF_DUPLICATES
rotana cinema masr sa,openepg,saudiarabia2,Rotana Cinema Masr.sa,Rotana Cinema Masr.sa,21,40.9,100.0,187.92,1,openepg:saudiarabia1:Rotana Cinema Masr.sa:170.92,WINNER_OF_DUPLICATES
mbc masr drama eg,openepg,egypt2,MBC Masr Drama.eg,MBC Masr Drama.eg,39,31.5,100.0,187.82,0,,UNIQUE
أفلام ae,openepg,uae6,أفلام.ae,أفلام.ae,21,34.9,100.0,187.81,0,,UNIQUE
alfa al yawm sa,openepg,saudiarabia5,Alfa Al Yawm HD.sa,Alfa Al Yawm HD.sa,40,30.9,100.0,187.72,0,,UNIQUE
بي إن سيريس إتش دي 2 eg,openepg,egypt1,بي إن سيريس إتش دي 2.eg,بي إن سيريس إتش دي 2.eg,34,27.9,100.0,187.47,0,,UNIQUE
zee aflam sa,openepg,saudiarabia2,Zee Aflam.sa,Zee Aflam.sa,20,40.9,100.0,187.22,1,openepg:saudiarabia1:Zee Aflam.sa:172.26,WINNER_OF_DUPLICATES
أو إس إن كرايم eg,openepg,egypt1,أو إس إن كرايم.eg,أو إس إن كرايم.eg,33,28.1,100.0,187.03,0,,UNIQUE
abu dhabi sports 1 sa,openepg,saudiarabia4,Abu Dhabi Sports 1 HD.sa,Abu Dhabi Sports 1 HD.sa,30,40.9,93.3,186.84,1,openepg:saudiarabia3:Abu Dhabi Sports 1 HD.sa:171.64,WINNER_OF_DUPLICATES
العربية business ae,openepg,uae6,العربية Business.ae,العربية Business.ae,17,35.9,100.0,186.37,0,,UNIQUE
osn crime eg,openepg,egypt2,OSN TV Crime.eg,OSN TV Crime.eg,37,31.3,100.0,186.16,0,,UNIQUE
padel sa,openepg,saudiarabia5,Padel TV.sa,Padel TV.sa,40,29.3,100.0,185.56,0,,UNIQUE
alfa series 2 sa,openepg,saudiarabia5,Alfa Series +2 HD.sa,Alfa Series +2 HD.sa,32,29.4,100.0,185.09,0,,UNIQUE
alfa series sa,openepg,saudiarabia5,Alfa Series HD.sa,Alfa Series HD.sa,32,29.4,100.0,185.09,0,,UNIQUE
osntv yahala sa,openepg,saudiarabia5,OSNtv Yahala.sa,OSNtv Yahala.sa,38,29.8,100.0,184.83,0,,UNIQUE
mbc max ae,openepg,uae6,MBC MAX.ae,MBC MAX.ae,24,37.0,100.0,184.75,0,,UNIQUE
وان دراما eg,openepg,egypt1,وان دراما.eg,وان دراما.eg,29,28.4,100.0,184.64,0,,UNIQUE
osntv showcase sa,openepg,saudiarabia5,OSNtv Showcase.sa,OSNtv Showcase.sa,38,29.5,100.0,184.43,0,,UNIQUE
osntv one sa,openepg,saudiarabia5,OSNtv One.sa,OSNtv One.sa,37,29.7,100.0,184.0,0,,UNIQUE
osntv iqiyi sa,openepg,saudiarabia5,OSNtv iQIYI.sa,OSNtv iQIYI.sa,36,29.9,100.0,183.56,0,,UNIQUE
bein drama eg,openepg,egypt2,beIN Drama.eg,beIN Drama.eg,32,31.9,100.0,183.47,0,,UNIQUE
nile drama eg,openepg,egypt2,Nile Drama.eg,Nile Drama.eg,32,31.9,100.0,183.47,0,,UNIQUE
rotana drama eg,openepg,egypt2,Rotana Drama.eg,Rotana Drama.eg,32,31.9,100.0,183.47,0,,UNIQUE
sada el balad drama eg,openepg,egypt2,Sada El Balad Drama.eg,Sada El Balad Drama.eg,32,31.9,100.0,183.47,0,,UNIQUE
zee alwan eg,openepg,egypt2,Zee alwan.eg,Zee alwan.eg,32,31.9,100.0,183.47,0,,UNIQUE
osntv crime sa,openepg,saudiarabia5,OSNtv Crime.sa,OSNtv Crime.sa,36,29.7,100.0,183.3,0,,UNIQUE
بي إن دراما eg,openepg,egypt1,بي إن دراما.eg,بي إن دراما.eg,28,27.9,100.0,183.26,0,,UNIQUE
روتانا دراما eg,openepg,egypt1,روتانا دراما.eg,روتانا دراما.eg,28,27.9,100.0,183.26,0,,UNIQUE
زي ألوان eg,openepg,egypt1,زي ألوان.eg,زي ألوان.eg,28,27.9,100.0,183.26,0,,UNIQUE
صدى البلد دراما eg,openepg,egypt1,صدى البلد دراما.eg,صدى البلد دراما.eg,28,27.9,100.0,183.26,0,,UNIQUE
نايل دراما eg,openepg,egypt1,نايل دراما.eg,نايل دراما.eg,28,27.9,100.0,183.26,0,,UNIQUE
mbc2 ae,openepg,uae6,MBC2.ae,MBC2.ae,24,35.9,100.0,183.26,0,,UNIQUE
one drama eg,openepg,egypt2,One Drama.eg,One Drama.eg,32,31.4,100.0,182.79,0,,UNIQUE
movies action ae,openepg,uae6,Movies Action.ae,Movies Action.ae,19,34.4,100.0,182.74,0,,UNIQUE
ginx sa,openepg,saudiarabia5,Ginx.sa,Ginx.sa,35,29.4,100.0,182.19,0,,UNIQUE
osntv yahala bil arabi sa,openepg,saudiarabia5,OSNtv Yahala Bil Arabi.sa,OSNtv Yahala Bil Arabi.sa,35,29.2,100.0,181.92,0,,UNIQUE
بي إن سيريس eg,openepg,egypt1,بي إن سيريس.eg,بي إن سيريس.eg,26,27.9,100.0,181.87,0,,UNIQUE
osn yahala bil arabi eg,openepg,egypt2,OSN TV Yahala Bil Arabi.eg,OSN TV Yahala Bil Arabi.eg,38,31.8,94.7,181.7,0,,UNIQUE
آي فيلم eg,openepg,egypt1,آي فيلم.eg,آي فيلم.eg,25,27.9,100.0,181.16,0,,UNIQUE
asharq discovery sa,openepg,saudiarabia2,Asharq Discovery.sa,Asharq Discovery.sa,11,40.9,100.0,180.92,1,openepg:saudiarabia1:Asharq Discovery.sa:168.72,WINNER_OF_DUPLICATES
asharq documentary sa,openepg,saudiarabia2,Asharq Documentary.sa,Asharq Documentary.sa,11,40.9,100.0,180.92,1,openepg:saudiarabia1:Asharq Documentary.sa:168.72,WINNER_OF_DUPLICATES
asharq sa,openepg,saudiarabia2,Asharq.sa,Asharq.sa,11,40.9,100.0,180.92,1,openepg:saudiarabia1:Asharq.sa:168.72,WINNER_OF_DUPLICATES
osn movies hollywood eg,openepg,egypt2,OSN TV Movies Hollywood.eg,OSN TV Movies Hollywood.eg,19,32.6,100.0,180.31,0,,UNIQUE
eclutch access sa,openepg,saudiarabia5,eClutch Access.sa,eClutch Access.sa,30,29.9,100.0,179.37,0,,UNIQUE
eclutch arabic sa,openepg,saudiarabia5,eClutch Arabic.sa,eClutch Arabic.sa,30,29.9,100.0,179.37,0,,UNIQUE
eclutch live 2 sa,openepg,saudiarabia5,eClutch LIVE 2.sa,eClutch LIVE 2.sa,30,29.9,100.0,179.37,0,,UNIQUE
eclutch live sa,openepg,saudiarabia5,eClutch LIVE.sa,eClutch LIVE.sa,30,29.9,100.0,179.37,0,,UNIQUE
mcm top sa,openepg,saudiarabia5,MCM TOP.sa,MCM TOP.sa,30,29.9,100.0,179.37,0,,UNIQUE
osntv pop up sa,openepg,saudiarabia5,OSNtv Pop Up.sa,OSNtv Pop Up.sa,30,29.9,100.0,179.37,0,,UNIQUE
rfm sa,openepg,saudiarabia5,RFM TV.sa,RFM TV.sa,30,29.9,100.0,179.37,0,,UNIQUE
osn movies action eg,openepg,egypt2,OSN TV Movies Action.eg,OSN TV Movies Action.eg,17,32.8,100.0,179.18,0,,UNIQUE
osntv mezze sa,openepg,saudiarabia5,OSNtv Mezze.sa,OSNtv Mezze.sa,30,29.7,100.0,179.09,0,,UNIQUE
osn movies premiere eg,openepg,egypt2,OSN TV Movies Premiere.eg,OSN TV Movies Premiere.eg,19,31.6,100.0,178.96,0,,UNIQUE
osn movies family eg,openepg,egypt2,OSN TV Movies Family.eg,OSN TV Movies Family.eg,17,32.6,100.0,178.91,0,,UNIQUE
أو إس إن موفيز بريميير eg,openepg,egypt1,أو إس إن موفيز بريميير.eg,أو إس إن موفيز بريميير.eg,18,29.3,100.0,178.16,0,,UNIQUE
bein sports xtra 3 qa,openepg,qatar1,beIN SPORTS XTRA 3.qa,beIN SPORTS XTRA 3.qa,26,30.8,100.0,177.78,0,,UNIQUE
أو إس إن ياهلا أفلام eg,openepg,egypt1,أو إس إن ياهلا أفلام.eg,أو إس إن ياهلا أفلام.eg,18,28.8,100.0,177.48,0,,UNIQUE
bein sports xtra 9 qa,openepg,qatar1,beIN SPORTS XTRA 9.qa,beIN SPORTS XTRA 9.qa,29,28.9,100.0,177.31,0,,UNIQUE
أو إس إن وان eg,openepg,egypt1,أو إس إن وان.eg,أو إس إن وان.eg,36,28.3,88.9,177.19,0,,UNIQUE
osntv movies comedy sa,openepg,saudiarabia5,OSNtv Movies Comedy.sa,OSNtv Movies Comedy.sa,20,29.4,100.0,176.69,0,,UNIQUE
bein sports xtra 1 qa,openepg,qatar1,beIN SPORTS XTRA 1.qa,beIN SPORTS XTRA 1.qa,28,28.9,100.0,176.62,0,,UNIQUE
osntv movies hollywood sa,openepg,saudiarabia5,OSNtv Movies Hollywood.sa,OSNtv Movies Hollywood.sa,18,30.3,100.0,176.5,0,,UNIQUE
osntv movies family sa,openepg,saudiarabia5,OSNtv Movies Family.sa,OSNtv Movies Family.sa,17,30.7,100.0,176.34,0,,UNIQUE
أو إس إن موفيز أكشن eg,openepg,egypt1,أو إس إن موفيز أكشن.eg,أو إس إن موفيز أكشن.eg,15,29.4,100.0,176.19,0,,UNIQUE
أو إس إن موفيز هوليوود eg,openepg,egypt1,أو إس إن موفيز هوليوود.eg,أو إس إن موفيز هوليوود.eg,17,28.3,100.0,176.11,0,,UNIQUE
osntv movies horror sa,openepg,saudiarabia5,OSNtv Movies Horror.sa,OSNtv Movies Horror.sa,18,30.0,100.0,176.1,0,,UNIQUE
osn ya hala aflam eg,openepg,egypt2,Osn Ya Hala Aflam.eg,Osn Ya Hala Aflam.eg,20,32.6,100.0,176.01,0,,UNIQUE
روتانا سينما مصر eg,openepg,egypt1,روتانا سينما مصر.eg,روتانا سينما مصر.eg,15,28.9,100.0,175.51,0,,UNIQUE
esport 24 sa,openepg,saudiarabia5,Esport 24.sa,Esport 24.sa,8,38.1,100.0,175.03,0,,UNIQUE
osntv movies premiere sa,openepg,saudiarabia5,OSNtv Movies Premiere.sa,OSNtv Movies Premiere.sa,18,29.2,100.0,175.02,0,,UNIQUE
osntv movies action sa,openepg,saudiarabia5,OSNtv Movies Action.sa,OSNtv Movies Action.sa,17,29.4,100.0,174.59,0,,UNIQUE
أو إس إن فاميلي موفيز eg,openepg,egypt1,أو إس إن فاميلي موفيز.eg,أو إس إن فاميلي موفيز.eg,15,28.2,100.0,174.57,0,,UNIQUE
bein sports xtra 7 qa,openepg,qatar1,beIN SPORTS XTRA 7.qa,beIN SPORTS XTRA 7.qa,25,28.9,100.0,174.51,0,,UNIQUE
bein sports xtra 4 qa,openepg,qatar1,beIN SPORTS XTRA 4.qa,beIN SPORTS XTRA 4.qa,21,30.9,100.0,174.42,0,,UNIQUE
rotana cinema masr eg,openepg,egypt2,Rotana Cinema Masr.eg,Rotana Cinema Masr.eg,17,32.9,100.0,174.31,0,,UNIQUE
osntv yahala aflam sa,openepg,saudiarabia5,OSNtv Yahala Aflam.sa,OSNtv Yahala Aflam.sa,21,30.8,100.0,174.28,0,,UNIQUE
روتانا سينما eg,openepg,egypt1,روتانا سينما.eg,روتانا سينما.eg,14,27.9,100.0,173.47,0,,UNIQUE
روتانا كوميدي eg,openepg,egypt1,روتانا كوميدي.eg,روتانا كوميدي.eg,14,27.9,100.0,173.47,0,,UNIQUE
سيما eg,openepg,egypt1,سيما.eg,سيما.eg,14,27.9,100.0,173.47,0,,UNIQUE
أو إس إن شو كايس eg,openepg,egypt1,أو إس إن شو كايس.eg,أو إس إن شو كايس.eg,26,21.4,100.0,173.09,0,,UNIQUE
bein sports xtra 5 qa,openepg,qatar1,beIN SPORTS XTRA 5.qa,beIN SPORTS XTRA 5.qa,20,30.4,100.0,173.04,0,,UNIQUE
bein sports 1 qa,openepg,qatar1,beIN SPORTS 1.qa,beIN SPORTS 1.qa,24,28.2,100.0,172.87,0,,UNIQUE
cima eg,openepg,egypt2,Cima.eg,Cima.eg,16,31.9,100.0,172.26,0,,UNIQUE
rotana cinema eg,openepg,egypt2,Rotana Cinema.eg,Rotana Cinema.eg,16,31.9,100.0,172.26,0,,UNIQUE
rotana comedy eg,openepg,egypt2,Rotana Comedy.eg,Rotana Comedy.eg,16,31.9,100.0,172.26,0,,UNIQUE
bein series 1 eg,openepg,egypt2,BeIn Series HD 1.eg,BeIn Series HD 1.eg,30,31.9,86.7,171.77,0,,UNIQUE
alfa cinema 2 sa,openepg,saudiarabia5,Alfa Cinema 2.sa,Alfa Cinema 2.sa,16,31.3,100.0,171.45,0,,UNIQUE
نتورك بالعربية eg,openepg,egypt1,نتورك بالعربية.eg,نتورك بالعربية.eg,22,21.9,100.0,170.97,0,,UNIQUE
alfa cinema 1 sa,openepg,saudiarabia5,Alfa Cinema 1.sa,Alfa Cinema 1.sa,18,29.9,100.0,170.97,0,,UNIQUE
ميكس بالعربي eg,openepg,egypt1,ميكس بالعربي.eg,ميكس بالعربي.eg,27,27.9,88.9,170.35,0,,UNIQUE
bein sports 5 qa,openepg,qatar1,beIN SPORTS 5.qa,beIN SPORTS 5.qa,14,31.4,100.0,170.19,0,,UNIQUE
al naeem,epgshare,AE1,Al.Naeem.TV.ae,Al Naeem TV,32,24.9,100.0,170.01,0,,UNIQUE
bein sports en 1 qa,openepg,qatar1,beIN SPORTS EN 1.qa,beIN SPORTS EN 1.qa,17,29.4,100.0,169.59,0,,UNIQUE
أون دراما eg,openepg,egypt1,أون دراما.eg,أون دراما.eg,21,20.9,100.0,168.91,0,,UNIQUE
النهار دراما eg,openepg,egypt1,النهار دراما.eg,النهار دراما.eg,21,20.9,100.0,168.91,0,,UNIQUE
سي بي سي دراما eg,openepg,egypt1,سي بي سي دراما.eg,سي بي سي دراما.eg,21,20.9,100.0,168.91,0,,UNIQUE
bein sports max 1 qa,openepg,qatar1,beIN SPORTS MAX 1.qa,beIN SPORTS MAX 1.qa,15,29.9,100.0,168.87,0,,UNIQUE
bein sports max 2 qa,openepg,qatar1,beIN SPORTS MAX 2.qa,beIN SPORTS MAX 2.qa,15,29.9,100.0,168.87,0,,UNIQUE
bein sports max 3 qa,openepg,qatar1,beIN SPORTS MAX 3.qa,beIN SPORTS MAX 3.qa,15,29.9,100.0,168.87,0,,UNIQUE
bein sports max 4 qa,openepg,qatar1,beIN SPORTS MAX 4.qa,beIN SPORTS MAX 4.qa,15,29.9,100.0,168.87,0,,UNIQUE
bein sports max 5 qa,openepg,qatar1,beIN SPORTS MAX 5.qa,beIN SPORTS MAX 5.qa,15,29.9,100.0,168.87,0,,UNIQUE
bein sports max 6 qa,openepg,qatar1,beIN SPORTS MAX 6.qa,beIN SPORTS MAX 6.qa,15,29.9,100.0,168.87,0,,UNIQUE
bein sports 4 qa,openepg,qatar1,beIN SPORTS 4.qa,beIN SPORTS 4.qa,14,30.2,100.0,168.57,0,,UNIQUE
bein qa,openepg,qatar1,beIN 4K.qa,beIN 4K.qa,16,28.5,100.0,167.68,0,,UNIQUE
bein sports 3 qa,openepg,qatar1,beIN SPORTS 3.qa,beIN SPORTS 3.qa,13,29.2,100.0,166.52,0,,UNIQUE
bein sports 6 qa,openepg,qatar1,beIN SPORTS 6.qa,beIN SPORTS 6.qa,9,30.9,100.0,166.01,0,,UNIQUE
bein sports 2 qa,openepg,qatar1,beIN SPORTS 2.qa,beIN SPORTS 2.qa,14,28.2,100.0,165.87,0,,UNIQUE
bein sports 7 qa,openepg,qatar1,beIN SPORTS 7.qa,beIN SPORTS 7.qa,14,28.2,100.0,165.87,0,,UNIQUE
bein sports qa,openepg,qatar1,beIN SPORTS.qa,beIN SPORTS.qa,8,30.9,100.0,165.31,0,,UNIQUE
osn showcase eg,openepg,egypt2,OSN TV Showcase.eg,OSN TV Showcase.eg,26,21.4,100.0,165.09,0,,UNIQUE
ميكس وان eg,openepg,egypt1,ميكس وان.eg,ميكس وان.eg,26,27.9,84.6,164.92,0,,UNIQUE
بي إن موفيز فاميلي eg,openepg,egypt1,بي إن موفيز فاميلي.eg,بي إن موفيز فاميلي.eg,14,20.7,100.0,163.75,0,,UNIQUE
بي إن موفيز أكشن eg,openepg,egypt1,بي إن موفيز أكشن.eg,بي إن موفيز أكشن.eg,12,21.7,100.0,163.69,0,,UNIQUE
mix one eg,openepg,egypt2,Mix ONE.eg,Mix ONE.eg,30,31.9,83.3,163.69,0,,UNIQUE
أو إس إن موفيز كوميدي eg,openepg,egypt1,أو إس إن موفيز كوميدي.eg,أو إس إن موفيز كوميدي.eg,13,20.9,100.0,163.31,0,,UNIQUE
network arabic eg,openepg,egypt2,Network Arabic.eg,Network Arabic.eg,22,21.9,100.0,162.97,0,,UNIQUE
ltv eg,openepg,egypt2,LTV.eg,LTV.eg,32,31.9,81.2,162.79,0,,UNIQUE
دي إم سي دراما eg,openepg,egypt1,دي إم سي دراما.eg,دي إم سي دراما.eg,20,20.9,95.0,162.72,0,,UNIQUE
بي إن موفيز بريمير eg,openepg,egypt1,بي إن موفيز بريمير.eg,بي إن موفيز بريمير.eg,12,20.9,100.0,162.62,0,,UNIQUE
ifilm eg,openepg,egypt2,iFILM TV.eg,iFILM TV.eg,29,31.9,82.8,162.44,0,,UNIQUE
osn one eg,openepg,egypt2,OSN TV One.eg,OSN TV One.eg,40,31.7,75.0,161.3,0,,UNIQUE
al nahar drama eg,openepg,egypt2,Al Nahar Drama.eg,Al Nahar Drama.eg,21,20.9,100.0,160.91,0,,UNIQUE
cbc drama eg,openepg,egypt2,CBC Drama.eg,CBC Drama.eg,21,20.9,100.0,160.91,0,,UNIQUE
on drama eg,openepg,egypt2,ON Drama.eg,ON Drama.eg,21,20.9,100.0,160.91,0,,UNIQUE
bein movies action eg,openepg,egypt2,BEIN MOVIES ACTION.eg,BEIN MOVIES ACTION.eg,12,21.7,100.0,160.69,0,,UNIQUE
osn movies comedy eg,openepg,egypt2,OSN TV Movies Comedy.eg,OSN TV Movies Comedy.eg,13,20.9,100.0,160.31,0,,UNIQUE
bein sports xtra 2 qa,openepg,qatar1,beIN SPORTS XTRA 2.qa,beIN SPORTS XTRA 2.qa,22,30.8,86.4,160.02,0,,UNIQUE
ال تي في eg,openepg,egypt1,ال تي في.eg,ال تي في.eg,28,27.9,78.6,159.72,0,,UNIQUE
bein movies premiere eg,openepg,egypt2,BEIN MOVIES PREMIERE.eg,BEIN MOVIES PREMIERE.eg,12,20.9,100.0,159.62,0,,UNIQUE
dubai zaman,epgshare,AE1,Dubai.Zaman.ae,Dubai Zaman,91,51.7,19.8,159.28,0,,UNIQUE
إم بي سي ماكس eg,openepg,egypt1,إم بي سي ماكس.eg,إم بي سي ماكس.eg,9,19.9,100.0,159.16,0,,UNIQUE
bein sports news qa,openepg,qatar1,beIN SPORTS NEWS.qa,beIN SPORTS NEWS.qa,41,28.9,75.6,158.88,0,,UNIQUE
إم بي سي 2 eg,openepg,egypt1,إم بي سي 2.eg,إم بي سي 2.eg,9,19.4,100.0,158.49,0,,UNIQUE
al dafrah eg,openepg,egypt2,Al Dafrah.eg,Al Dafrah.eg,34,31.9,73.5,155.72,0,,UNIQUE
الظفرة eg,openepg,egypt1,الظفرة.eg,الظفرة.eg,30,27.9,73.3,155.29,0,,UNIQUE
baby 2 qa,openepg,qatar5,Baby-TV-2.qa,Baby-TV-2.qa,154,29.1,0.0,155.09,1,openepg:qatar4:Baby-TV-2.qa:63.81,WINNER_OF_DUPLICATES
dmc drama eg,openepg,egypt2,DMC DRAMA.eg,DMC DRAMA.eg,20,20.9,95.0,154.72,0,,UNIQUE
mix bel araby eg,openepg,egypt2,Mix Bel Araby.eg,Mix Bel Araby.eg,31,31.9,74.2,154.39,0,,UNIQUE
lbc eg,openepg,egypt2,LBC.eg,LBC.eg,26,31.9,76.9,153.86,0,,UNIQUE
0004 cnn international logo svg qa,openepg,qatar5,0004 CNN International logo.svg.qa,0004 CNN International logo.svg.qa,152,29.0,0.0,153.55,1,openepg:qatar4:0004 CNN International logo.svg.qa:89.02,WINNER_OF_DUPLICATES
بي إن موفيز دراما eg,openepg,egypt1,بي إن موفيز دراما.eg,بي إن موفيز دراما.eg,11,21.2,90.9,152.31,0,,UNIQUE
mbc max eg,openepg,egypt2,MBC MAX.eg,MBC MAX.eg,9,19.9,100.0,151.16,0,,UNIQUE
إل بي سي eg,openepg,egypt1,إل بي سي.eg,إل بي سي.eg,23,27.9,73.9,151.06,0,,UNIQUE
hgtv qa,openepg,qatar4,HGTV.qa,HGTV.qa,149,28.7,0.0,151.05,1,openepg:qatar5:HGTV.qa:76.37,WINNER_OF_DUPLICATES
mbc 2 eg,openepg,egypt2,MBC 2.eg,MBC 2.eg,9,19.4,100.0,150.49,0,,UNIQUE
bein sports1 digital mono ar,epgshare,BEIN1,beIN_SPORTS1_DIGITAL_Mono_AR.bein,beIN_SPORTS1_DIGITAL_Mono_AR,66,73.4,0.0,149.29,0,,UNIQUE
bein sports 8 qa,openepg,qatar1,beIN SPORTS 8.qa,beIN SPORTS 8.qa,13,28.9,84.6,149.18,0,,UNIQUE
bein movies drama eg,openepg,egypt2,BEIN MOVIES DRAMA.eg,BEIN MOVIES DRAMA.eg,11,21.2,90.9,148.86,0,,UNIQUE
رؤيا eg,openepg,egypt1,رؤيا.eg,رؤيا.eg,21,27.9,71.4,146.91,0,,UNIQUE
روتانا خليجية eg,openepg,egypt1,روتانا خليجية.eg,روتانا خليجية.eg,25,27.9,68.0,145.97,0,,UNIQUE
emirates eg,openepg,egypt2,Emirates.eg,Emirates.eg,37,31.9,62.2,145.39,0,,UNIQUE
rotana khalejia eg,openepg,egypt2,Rotana Khalejia.eg,Rotana Khalejia.eg,28,31.9,67.9,145.35,0,,UNIQUE
الإمارات eg,openepg,egypt1,اﻹمارات.eg,اﻹمارات.eg,32,27.9,62.5,144.81,0,,UNIQUE
bein movies family eg,openepg,egypt2,BEIN MOVIES FAMILY.eg,BEIN MOVIES FAMILY.eg,14,20.7,85.7,144.3,0,,UNIQUE
roya eg,openepg,egypt2,Roya.eg,Roya.eg,24,32.9,66.7,142.59,0,,UNIQUE
saudiya eg,openepg,egypt2,Saudiya TV.eg,Saudiya TV.eg,44,31.9,54.5,141.81,0,,UNIQUE
ماسبيرو زمان eg,openepg,egypt1,ماسبيرو زمان.eg,ماسبيرو زمان.eg,38,28.2,55.3,141.5,0,,UNIQUE
noor dubaitv,epgshare,AE1,Noor.DubaiTV.ae,Noor DubaiTV,63,50.9,22.2,141.24,0,,UNIQUE
عمان eg,openepg,egypt1,عمان.eg,عمان.eg,54,28.4,44.4,140.98,0,,UNIQUE
مصر دراما ae,openepg,uae6,مصر دراما.ae,مصر دراما.ae,7,6.0,100.0,139.0,0,,UNIQUE
إس بي سي eg,openepg,egypt1,إس بي سي.eg,إس بي سي.eg,29,27.9,58.6,138.43,0,,UNIQUE
السعودية eg,openepg,egypt1,السعودية.eg,السعودية.eg,38,27.9,52.6,138.12,0,,UNIQUE
sbc eg,openepg,egypt2,SBC.eg,SBC.eg,33,31.9,57.6,137.53,0,,UNIQUE
euro news qa,openepg,qatar5,Euro-News.qa,Euro-News.qa,128,29.0,0.0,136.75,1,openepg:qatar4:Euro-News.qa:83.84,WINNER_OF_DUPLICATES
ذكريات eg,openepg,egypt1,ذكريات.eg,ذكريات.eg,29,20.9,65.5,136.56,0,,UNIQUE
maspero zaman eg,openepg,egypt2,Maspero Zaman.eg,Maspero Zaman.eg,42,31.9,50.0,135.47,0,,UNIQUE
القاهرة والناس 2 eg,openepg,egypt1,القاهرة والناس 2.eg,القاهرة والناس 2.eg,26,27.9,57.7,135.33,0,,UNIQUE
0001 awg cn brand logo 1color black 4c qa,openepg,qatar4,0001 AWG CN Brand Logo 1color Black 4C.qa,0001 AWG CN Brand Logo 1color Black 4C.qa,126,28.6,0.0,134.81,1,openepg:qatar5:0001 AWG CN Brand Logo 1color Black 4C.qa:122.32,WINNER_OF_DUPLICATES
bein sports en 2 qa,openepg,qatar1,beIN SPORTS EN 2.qa,beIN SPORTS EN 2.qa,11,28.4,72.7,134.01,0,,UNIQUE
al kahera wal nas 2 eg,openepg,egypt2,Al Kahera Wal Nas TV 2.eg,Al Kahera Wal Nas TV 2.eg,29,32.9,55.2,133.44,0,,UNIQUE
oman eg,openepg,egypt2,Oman.eg,Oman.eg,61,31.9,34.4,131.6,0,,UNIQUE
logos beinsports9 ar,epgshare,BEIN1,logos-_beINSPORTS9_AR.bein,logos-_beINSPORTS9_AR,40,73.4,0.0,131.09,0,,UNIQUE
4k digital mono ar,epgshare,BEIN1,4k_DIGITAL_Mono_AR.bein,4k_DIGITAL_Mono_AR,40,72.9,0.0,130.42,0,,UNIQUE
الأولى المغربية eg,openepg,egypt1,الأولى المغربية.eg,الأولى المغربية.eg,42,27.9,42.9,130.25,0,,UNIQUE
bein sports2 digital mono ar,epgshare,BEIN1,beIN_SPORTS2_DIGITAL_Mono_AR.bein,beIN_SPORTS2_DIGITAL_Mono_AR,37,73.4,0.0,128.99,0,,UNIQUE
dmc eg,openepg,egypt2,DMC.eg,DMC.eg,21,31.6,57.1,128.17,0,,UNIQUE
discovery logo 1 qa,openepg,qatar5,Discovery-logo-1.qa,Discovery-logo-1.qa,114,29.9,0.0,128.16,0,,UNIQUE
rotana classic eg,openepg,egypt2,Rotana Classic.eg,Rotana Classic.eg,25,32.9,52.0,127.11,0,,UNIQUE
الثانية eg,openepg,egypt1,الثانية.eg,الثانية.eg,21,20.9,61.9,127.0,0,,UNIQUE
bein sports7 digital mono ar,epgshare,BEIN1,beIN_SPORTS7_DIGITAL_Mono_AR.bein,beIN_SPORTS7_DIGITAL_Mono_AR,35,72.9,0.0,126.92,0,,UNIQUE
القاهرة والناس eg,openepg,egypt1,القاهرة والناس.eg,القاهرة والناس.eg,24,28.9,50.0,126.81,0,,UNIQUE
bara3em 1 qa,openepg,qatar4,Bara3em-1.qa,Bara3em-1.qa,114,28.7,0.0,126.55,1,openepg:qatar5:Bara3em-1.qa:99.36,WINNER_OF_DUPLICATES
updatez ngw full logo 20182 qa,openepg,qatar5,UPDATEz-NGW Full Logo 20182.qa,UPDATEz-NGW Full Logo 20182.qa,113,29.2,0.0,126.52,1,openepg:qatar4:UPDATEz-NGW Full Logo 20182.qa:70.11,WINNER_OF_DUPLICATES
bein sports5 digital mono ar,epgshare,BEIN1,beIN_SPORTS5_DIGITAL_Mono_AR.bein,beIN_SPORTS5_DIGITAL_Mono_AR,34,72.9,0.0,126.22,0,,UNIQUE
bein sports5 digital mono en,epgshare,BEIN1,beIN_SPORTS5_DIGITAL_Mono_EN.bein,beIN_SPORTS5_DIGITAL_Mono_EN,34,72.9,0.0,126.22,0,,UNIQUE
روتانا كلاسيك eg,openepg,egypt1,روتانا كلاسيك.eg,روتانا كلاسيك.eg,21,27.9,52.4,126.0,0,,UNIQUE
cartoonito qa,openepg,qatar4,cartoonito.qa,cartoonito.qa,112,28.9,0.0,125.41,0,,UNIQUE
jeem 1 01 qa,openepg,qatar4,Jeem-HD-1-01.qa,Jeem-HD-1-01.qa,112,28.9,0.0,125.41,1,openepg:qatar5:Jeem-HD-1-01.qa:60.27,WINNER_OF_DUPLICATES
bein sports3 digital mono en,epgshare,BEIN1,beIN_SPORTS3_DIGITAL_Mono_EN.bein,beIN_SPORTS3_DIGITAL_Mono_EN,30,74.2,0.0,125.17,0,,UNIQUE
thikrayat eg,openepg,egypt2,Thikrayat Tv.eg,Thikrayat Tv.eg,29,20.9,62.1,124.83,0,,UNIQUE
al kahera wal nas eg,openepg,egypt2,Al Kahera Wal Nas TV.eg,Al Kahera Wal Nas TV.eg,26,31.9,50.0,124.27,0,,UNIQUE
سي بي سي eg,openepg,egypt1,سي بي سي.eg,سي بي سي.eg,16,20.4,62.5,123.49,0,,UNIQUE
beinsports8 qa,openepg,qatar2,beINSPORTS8.qa,beINSPORTS8.qa,16,77.2,0.0,123.42,1,openepg:qatar3:beINSPORTS8.qa:123.42,WINNER_OF_DUPLICATES
bein sports1 english digital mono en,epgshare,BEIN1,beIN_SPORTS1_ENGLISH_Digital_Mono_EN.bein,beIN_SPORTS1_ENGLISH_Digital_Mono_EN,29,73.4,0.0,123.39,0,,UNIQUE
bein sports2 digital mono en,epgshare,BEIN1,beIN_SPORTS2_DIGITAL_Mono_EN.bein,beIN_SPORTS2_DIGITAL_Mono_EN,28,73.4,0.0,122.69,0,,UNIQUE
bein sports4 digital mono en,epgshare,BEIN1,beIN_SPORTS4_DIGITAL_Mono_EN.bein,beIN_SPORTS4_DIGITAL_Mono_EN,25,74.4,0.0,121.94,0,,UNIQUE
bein sports6 digital mono d 1 ar,epgshare,BEIN1,beIN_SPORTS6_DIGITAL_Mono-d-1_AR.bein,beIN_SPORTS6_DIGITAL_Mono-d-1_AR,26,72.9,0.0,120.62,0,,UNIQUE
bloomberg originals sa,openepg,saudiarabia5,Bloomberg Originals.sa,Bloomberg Originals.sa,2,0.9,100.0,120.61,0,,UNIQUE
gma life sa,openepg,saudiarabia5,GMA Life TV.sa,GMA Life TV.sa,2,0.9,100.0,120.61,0,,UNIQUE
gma news sa,openepg,saudiarabia5,GMA News TV.sa,GMA News TV.sa,2,0.9,100.0,120.61,0,,UNIQUE
h2 sa,openepg,saudiarabia5,H2 HD.sa,H2 HD.sa,2,0.9,100.0,120.61,0,,UNIQUE
history sa,openepg,saudiarabia5,History HD.sa,History HD.sa,2,0.9,100.0,120.61,0,,UNIQUE
mbc masr2 sa,openepg,saudiarabia5,MBC Masr2.sa,MBC Masr2.sa,2,0.9,100.0,120.61,0,,UNIQUE
oman mubashir sa,openepg,saudiarabia5,Oman TV Mubashir.sa,Oman TV Mubashir.sa,2,0.9,100.0,120.61,0,,UNIQUE
al araby sa,openepg,saudiarabia5,Al Araby TV.sa,Al Araby TV.sa,1,0.9,100.0,119.92,0,,UNIQUE
al kass one sa,openepg,saudiarabia5,Al Kass One.sa,Al Kass One.sa,1,0.9,100.0,119.92,0,,UNIQUE
al quran al kareem sa,openepg,saudiarabia5,Al Quran Al Kareem TV HD.sa,Al Quran Al Kareem TV HD.sa,1,0.9,100.0,119.92,0,,UNIQUE
anc sa,openepg,saudiarabia5,ANC.sa,ANC.sa,1,0.9,100.0,119.92,0,,UNIQUE
c and i sa,openepg,saudiarabia5,C And I.sa,C And I.sa,1,0.9,100.0,119.92,0,,UNIQUE
cinema one global sa,openepg,saudiarabia5,Cinema One Global.sa,Cinema One Global.sa,1,0.9,100.0,119.92,0,,UNIQUE
cinemo sa,openepg,saudiarabia5,CineMo.sa,CineMo.sa,1,0.9,100.0,119.92,0,,UNIQUE
discovery idx sa,openepg,saudiarabia5,Discovery IDX HD.sa,Discovery IDX HD.sa,1,0.9,100.0,119.92,0,,UNIQUE
dmc sa,openepg,saudiarabia5,DMC HD.sa,DMC HD.sa,1,0.9,100.0,119.92,0,,UNIQUE
dzmm teleradyo sa,openepg,saudiarabia5,DZMM TeleRadyo.sa,DZMM TeleRadyo.sa,1,0.9,100.0,119.92,0,,UNIQUE
gma pinoy sa,openepg,saudiarabia5,GMA Pinoy TV.sa,GMA Pinoy TV.sa,1,0.9,100.0,119.92,0,,UNIQUE
kapatid tv5 international sa,openepg,saudiarabia5,Kapatid TV5 International.sa,Kapatid TV5 International.sa,1,0.9,100.0,119.92,0,,UNIQUE
ksa sports 1 sa,openepg,saudiarabia5,KSA Sports 1 HD.sa,KSA Sports 1 HD.sa,1,0.9,100.0,119.92,0,,UNIQUE
mor global radio sa,openepg,saudiarabia5,MOR Global Radio.sa,MOR Global Radio.sa,1,0.9,100.0,119.92,0,,UNIQUE
myx sa,openepg,saudiarabia5,Myx.sa,Myx.sa,1,0.9,100.0,119.92,0,,UNIQUE
osntv documentary sa,openepg,saudiarabia5,OSNtv Documentary.sa,OSNtv Documentary.sa,1,0.9,100.0,119.92,0,,UNIQUE
tfc sa,openepg,saudiarabia5,TFC HD.sa,TFC HD.sa,1,0.9,100.0,119.92,0,,UNIQUE
bein sports66 digital mono 01 en,epgshare,BEIN1,beIN_SPORTS66_DIGITAL_Mono-01_EN.bein,beIN_SPORTS66_DIGITAL_Mono-01_EN,19,75.9,0.0,119.77,0,,UNIQUE
althania eg,openepg,egypt2,Althania.eg,Althania.eg,21,20.9,61.9,119.0,0,,UNIQUE
alsharqiya eg,openepg,egypt2,AlSharqiya.eg,AlSharqiya.eg,38,31.9,36.8,118.14,0,,UNIQUE
bein sports6 digital d 1 qa,openepg,qatar2,beIN SPORTS6 DIGITAL -d-1.qa,beIN SPORTS6 DIGITAL -d-1.qa,9,76.4,0.0,117.44,0,,UNIQUE
bein sports66 digital 01 qa,openepg,qatar3,beIN SPORTS66 DIGITAL -01.qa,beIN SPORTS66 DIGITAL -01.qa,9,76.4,0.0,117.44,0,,UNIQUE
bein sports7 digital mono en,epgshare,BEIN1,beIN_SPORTS7_DIGITAL_Mono_EN.bein,beIN_SPORTS7_DIGITAL_Mono_EN,15,76.2,0.0,117.37,0,,UNIQUE
news digital mono ar,epgshare,BEIN1,NEWS_DIGITAL_Mono_AR.bein,NEWS_DIGITAL_Mono_AR,67,48.9,0.0,116.91,0,,UNIQUE
news digital mono en,epgshare,BEIN1,NEWS_DIGITAL_Mono_EN.bein,NEWS_DIGITAL_Mono_EN,67,48.9,0.0,116.91,0,,UNIQUE
bein sports1 digital mono en,epgshare,BEIN1,beIN_SPORTS1_DIGITAL_Mono_EN.bein,beIN_SPORTS1_DIGITAL_Mono_EN,19,73.4,0.0,116.39,0,,UNIQUE
الفجيرة eg,openepg,egypt1,الفجيرة.eg,الفجيرة.eg,23,19.9,52.2,116.39,0,,UNIQUE
الشرقية eg,openepg,egypt1,الشرقية.eg,الشرقية.eg,34,27.9,35.3,116.3,0,,UNIQUE
bein sports 9 qa,openepg,qatar1,beIN SPORTS 9.qa,beIN SPORTS 9.qa,15,28.9,53.3,116.14,0,,UNIQUE
4k digital mono en,epgshare,BEIN1,4k_DIGITAL_Mono_EN.bein,4k_DIGITAL_Mono_EN,17,74.0,0.0,115.8,0,,UNIQUE
logos beinsports8 en,epgshare,BEIN1,logos-_beINSPORTS8_EN.bein,logos-_beINSPORTS8_EN,13,75.9,0.0,115.57,0,,UNIQUE
دي إم سي eg,openepg,egypt1,دي إم سي.eg,دي إم سي.eg,21,27.9,42.9,115.55,0,,UNIQUE
cbc eg,openepg,egypt2,CBC.eg,CBC.eg,16,20.4,62.5,115.49,0,,UNIQUE
cbeebies 1 qa,openepg,qatar4,CBeebies-1.qa,CBeebies-1.qa,98,28.8,0.0,115.48,0,,UNIQUE
المحور eg,openepg,egypt1,المحور.eg,المحور.eg,22,28.9,40.9,115.41,0,,UNIQUE
logos beinsports9 en,epgshare,BEIN1,logos-_beINSPORTS9_EN.bein,logos-_beINSPORTS9_EN,16,73.9,0.0,114.97,0,,UNIQUE
سما دبي eg,openepg,egypt1,سما دبي.eg,سما دبي.eg,25,20.4,48.0,113.84,0,,UNIQUE
bein sports fta digital mono en,epgshare,BEIN1,bein_SPORTS_FTA_DIGITAL_Mono_EN.bein,bein_SPORTS_FTA_DIGITAL_Mono_EN,15,72.9,0.0,112.92,0,,UNIQUE
al aoula morocco eg,openepg,egypt2,Al Aoula Morocco.eg,Al Aoula Morocco.eg,48,32.1,25.0,112.44,0,,UNIQUE
إل بي سي آي eg,openepg,egypt1,إل بي سي آي.eg,إل بي سي آي.eg,29,27.9,34.5,111.91,0,,UNIQUE
ال دي سي eg,openepg,egypt1,ال دي سي.eg,ال دي سي.eg,29,27.9,34.5,111.91,0,,UNIQUE
lbci eg,openepg,egypt2,LBCI.eg,LBCI.eg,34,32.9,32.4,111.85,0,,UNIQUE
ldc eg,openepg,egypt2,LDC.eg,LDC.eg,34,32.9,32.4,111.85,0,,UNIQUE
الشروق الجزائرية eg,openepg,egypt1,الشروق الجزائرية.eg,الشروق الجزائرية.eg,30,27.9,33.3,111.3,0,,UNIQUE
يو تي في eg,openepg,egypt1,يو تي في.eg,يو تي في.eg,30,27.9,33.3,111.3,0,,UNIQUE
نسمة eg,openepg,egypt1,نسمة.eg,نسمة.eg,32,27.9,31.2,110.38,0,,UNIQUE
utv eg,openepg,egypt2,Utv.eg,Utv.eg,35,31.9,31.4,110.1,0,,UNIQUE
nessma eg,openepg,egypt2,Nessma.eg,Nessma.eg,38,31.9,28.9,109.45,0,,UNIQUE
الحياة eg,openepg,egypt1,الحياة.eg,الحياة.eg,24,28.9,33.3,108.44,0,,UNIQUE
mehwar eg,openepg,egypt2,Mehwar.eg,Mehwar.eg,24,31.4,37.5,108.44,0,,UNIQUE
alhayat eg,openepg,egypt2,Alhayat TV.eg,Alhayat TV.eg,26,31.9,34.6,107.33,0,,UNIQUE
النهار eg,openepg,egypt1,النهار.eg,النهار.eg,31,27.9,29.0,107.26,0,,UNIQUE
aloula eg,openepg,egypt2,Aloula.eg,Aloula.eg,27,31.9,33.3,106.59,0,,UNIQUE
egyptian eg,openepg,egypt2,Egyptian TV.eg,Egyptian TV.eg,27,31.9,33.3,106.59,0,,UNIQUE
echorouk eg,openepg,egypt2,Echorouk TV.eg,Echorouk TV.eg,34,31.4,29.4,106.53,0,,UNIQUE
المصرية eg,openepg,egypt1,المصرية.eg,المصرية.eg,25,27.9,32.0,106.36,0,,UNIQUE
قناة مصر الأولى eg,openepg,egypt1,قناة مصر الأولى.eg,قناة مصر الأولى.eg,25,27.9,32.0,106.36,0,,UNIQUE
sama dubai eg,openepg,egypt2,Sama Dubai.eg,Sama Dubai.eg,25,20.4,48.0,105.84,0,,UNIQUE
hikayat ba ed alfasl,epgshare,SA2,EN:.Hikayat.Ba'ed.Alfasl.sa,EN: Hikayat Ba'ed Alfasl,4,72.9,0.0,105.22,0,,UNIQUE
al hisn,epgshare,SA2,EN:.Al.Hisn.Channel.sa,EN: Al Hisn Channel,4,72.9,0.0,105.22,0,,UNIQUE
el podcasters,epgshare,SA2,EN:.El-Podcasters.Channel.sa,EN: El-Podcasters Channel,4,72.9,0.0,105.22,0,,UNIQUE
sikkat safar,epgshare,SA2,EN:.Sikkat.Safar.Channel.sa,EN: Sikkat Safar Channel,4,72.9,0.0,105.22,0,,UNIQUE
big time plus,epgshare,SA2,EN:.Big.Time.Plus.sa,EN: Big Time Plus,4,72.9,0.0,105.22,0,,UNIQUE
red bull,epgshare,SA2,EN:.Red.Bull.TV.sa,EN: Red Bull TV,4,72.9,0.0,105.22,0,,UNIQUE
majid almohandis,epgshare,SA2,EN:.Majid.Almohandis.sa,EN: Majid Almohandis,4,72.9,0.0,105.22,0,,UNIQUE
tarab,epgshare,SA2,EN:.Tarab.sa,EN: Tarab,4,72.9,0.0,105.22,0,,UNIQUE
mohammed abdu,epgshare,SA2,EN:.Mohammed.Abdu.sa,EN: Mohammed Abdu,4,72.9,0.0,105.22,0,,UNIQUE
abdul majeed abdullah,epgshare,SA2,EN:.Abdul.Majeed.Abdullah.sa,EN: Abdul Majeed Abdullah,4,72.9,0.0,105.22,0,,UNIQUE
big time,epgshare,SA2,EN:.BIG.TIME.sa,EN: BIG TIME,4,72.9,0.0,105.22,0,,UNIQUE
ssc extra,epgshare,SA2,EN:.SSC.Extra.HD.sa,EN: SSC Extra HD,4,72.9,0.0,105.22,0,,UNIQUE
ssc5,epgshare,SA2,EN:.SSC5.HD.sa,EN: SSC5 HD,4,72.9,0.0,105.22,0,,UNIQUE
ssc4,epgshare,SA2,EN:.SSC4.HD.sa,EN: SSC4 HD,4,72.9,0.0,105.22,0,,UNIQUE
ssc3,epgshare,SA2,EN:.SSC3.HD.sa,EN: SSC3 HD,4,72.9,0.0,105.22,0,,UNIQUE
ssc2,epgshare,SA2,EN:.SSC2.HD.sa,EN: SSC2 HD,4,72.9,0.0,105.22,0,,UNIQUE
ssc1,epgshare,SA2,EN:.SSC1.HD.sa,EN: SSC1 HD,4,72.9,0.0,105.22,0,,UNIQUE
wanasa,epgshare,SA2,EN:.Wanasa.sa,EN: Wanasa,4,72.9,0.0,105.22,0,,UNIQUE
wizzo esports world cup,epgshare,SA2,EN:.WIZZO.Esports.World.Cup.sa,EN: WIZZO Esports World Cup,4,72.9,0.0,105.22,0,,UNIQUE
ssc news,epgshare,SA2,EN:.SSC.News.sa,EN: SSC News,4,72.9,0.0,105.22,0,,UNIQUE
ssc extra 3,epgshare,SA2,EN:.SSC.Extra.3.HD.sa,EN: SSC Extra 3 HD,4,72.9,0.0,105.22,0,,UNIQUE
ssc extra 2,epgshare,SA2,EN:.SSC.Extra.2.HD.sa,EN: SSC Extra 2 HD,4,72.9,0.0,105.22,0,,UNIQUE
ssc extra 1,epgshare,SA2,EN:.SSC.Extra.1.HD.sa,EN: SSC Extra 1 HD,4,72.9,0.0,105.22,0,,UNIQUE
nile life eg,openepg,egypt2,Nile Life.eg,Nile Life.eg,25,32.9,32.0,105.11,0,,UNIQUE
bein sports xtra 07 bein com ar,epgshare,BEIN1,beIN_SPORTS_XTRA_07_bein.com_AR.bein,beIN_SPORTS_XTRA_07_bein.com_AR,49,48.9,0.0,104.31,0,,UNIQUE
bein sports xtra 07 bein com en,epgshare,BEIN1,beIN_SPORTS_XTRA_07_bein.com_EN.bein,beIN_SPORTS_XTRA_07_bein.com_EN,49,48.9,0.0,104.31,0,,UNIQUE
bein sports xtra digital 09 bein com ar,epgshare,BEIN1,beIN_SPORTS_XTRA_Digital_09_Bein.com_AR.bein,beIN_SPORTS_XTRA_Digital_09_Bein.com_AR,49,48.9,0.0,104.31,0,,UNIQUE
bein sports xtra digital 09 bein com en,epgshare,BEIN1,beIN_SPORTS_XTRA_Digital_09_Bein.com_EN.bein,beIN_SPORTS_XTRA_Digital_09_Bein.com_EN,49,48.9,0.0,104.31,0,,UNIQUE
sharjah eg,openepg,egypt2,Sharjah TV.eg,Sharjah TV.eg,43,31.9,20.9,104.15,0,,UNIQUE
نايل لايف eg,openepg,egypt1,نايل لايف.eg,نايل لايف.eg,22,27.9,31.8,104.05,0,,UNIQUE
al nahar eg,openepg,egypt2,Al Nahar TV.eg,Al Nahar TV.eg,34,31.9,26.5,104.01,0,,UNIQUE
alsumaria eg,openepg,egypt2,Alsumaria.eg,Alsumaria.eg,32,31.6,28.1,103.97,0,,UNIQUE
السعيدة eg,openepg,egypt1,السعيدة.eg,السعيدة.eg,31,27.9,25.8,103.74,0,,UNIQUE
fujairah eg,openepg,egypt2,Fujairah.eg,Fujairah.eg,23,19.9,47.8,103.55,0,,UNIQUE
إم بي سي أكشن eg,openepg,egypt1,إم بي سي أكشن.eg,إم بي سي أكشن.eg,22,30.9,27.3,103.14,0,,UNIQUE
صدى البلد eg,openepg,egypt1,صدى البلد.eg,صدى البلد.eg,24,27.9,29.2,102.58,0,,UNIQUE
sada el balad eg,openepg,egypt2,Sada El Balad.eg,Sada El Balad.eg,27,31.9,29.6,102.53,0,,UNIQUE
mbc action eg,openepg,egypt2,MBC Action.eg,MBC Action.eg,23,32.0,30.4,102.26,0,,UNIQUE
الشارقة eg,openepg,egypt1,الشارقة.eg,الشارقة.eg,39,28.7,17.9,101.73,0,,UNIQUE
bein sports xtra1 digital mono ar,epgshare,BEIN1,beIN_SPORTS_XTRA1_Digital_Mono_AR.bein,beIN_SPORTS_XTRA1_Digital_Mono_AR,45,48.9,0.0,101.52,0,,UNIQUE
bein sports xtra1 digital mono en,epgshare,BEIN1,beIN_SPORTS_XTRA1_Digital_Mono_EN.bein,beIN_SPORTS_XTRA1_Digital_Mono_EN,45,48.9,0.0,101.52,0,,UNIQUE
تن eg,openepg,egypt1,تن.eg,تن.eg,26,27.9,26.9,101.45,0,,UNIQUE
السومرية eg,openepg,egypt1,السومرية.eg,السومرية.eg,28,27.9,25.0,100.77,0,,UNIQUE
alsaeedah eg,openepg,egypt2,AlSaeedah.eg,AlSaeedah.eg,35,31.9,22.9,100.75,0,,UNIQUE
إم تي في eg,openepg,egypt1,إم تي في.eg,إم تي في.eg,25,21.4,32.0,97.59,0,,UNIQUE
أون إي eg,openepg,egypt1,أون إي.eg,أون إي.eg,16,20.4,37.5,95.99,0,,UNIQUE
العراقية eg,openepg,egypt1,العراقية.eg,العراقية.eg,27,20.9,29.6,95.67,0,,UNIQUE
bein sports xtra 04 bein com ar,epgshare,BEIN1,beIN_SPORTS_XTRA_04_bein.com_AR.bein,beIN_SPORTS_XTRA_04_bein.com_AR,35,48.9,0.0,94.52,0,,UNIQUE
bein sports xtra 04 bein com en,epgshare,BEIN1,beIN_SPORTS_XTRA_04_bein.com_EN.bein,beIN_SPORTS_XTRA_04_bein.com_EN,35,48.9,0.0,94.52,0,,UNIQUE
bein sports xtra2 digital mono ar,epgshare,BEIN1,beIN_SPORTS_XTRA2_Digital_Mono_AR.bein,beIN_SPORTS_XTRA2_Digital_Mono_AR,34,48.9,0.0,93.81,0,,UNIQUE
bein sports xtra2 digital mono en,epgshare,BEIN1,beIN_SPORTS_XTRA2_Digital_Mono_EN.bein,beIN_SPORTS_XTRA2_Digital_Mono_EN,34,48.9,0.0,93.81,0,,UNIQUE
bein sports xtra 05 bein com ar,epgshare,BEIN1,beIN_SPORTS_XTRA_05_bein.com_AR.bein,beIN_SPORTS_XTRA_05_bein.com_AR,34,48.9,0.0,93.81,0,,UNIQUE
bein sports xtra 05 bein com en,epgshare,BEIN1,beIN_SPORTS_XTRA_05_bein.com_EN.bein,beIN_SPORTS_XTRA_05_bein.com_EN,34,48.9,0.0,93.81,0,,UNIQUE
ten eg,openepg,egypt2,TeN TV.eg,TeN TV.eg,28,31.4,21.4,93.53,0,,UNIQUE
الجديد eg,openepg,egypt1,الجديد.eg,الجديد.eg,29,27.9,17.2,92.88,0,,UNIQUE
logos beinsportsxtra3 ar,epgshare,BEIN1,logos-_beINSPORTSXTRA3_AR.bein,logos-_beINSPORTSXTRA3_AR,32,48.9,0.0,92.41,0,,UNIQUE
logos beinsportsxtra3 en,epgshare,BEIN1,logos-_beINSPORTSXTRA3_EN.bein,logos-_beINSPORTSXTRA3_EN,32,48.9,0.0,92.41,0,,UNIQUE
bein sports3 digital mono ar,epgshare,BEIN1,beIN_SPORTS3_DIGITAL_Mono_AR.bein,beIN_SPORTS3_DIGITAL_Mono_AR,29,50.2,0.0,92.07,0,,UNIQUE
dubai racing,epgshare,AE1,Dubai.Racing.ae,Dubai Racing,27,50.9,0.0,91.62,0,,UNIQUE
bein sports fta digital mono ar,epgshare,BEIN1,bein_SPORTS_FTA_DIGITAL_Mono_AR.bein,bein_SPORTS_FTA_DIGITAL_Mono_AR,13,57.9,0.0,91.27,0,,UNIQUE
تلفزيون حضرموت eg,openepg,egypt1,تلفزيون حضرموت.eg,تلفزيون حضرموت.eg,35,20.9,20.0,90.72,0,,UNIQUE
bein sports4 digital mono ar,epgshare,BEIN1,beIN_SPORTS4_DIGITAL_Mono_AR.bein,beIN_SPORTS4_DIGITAL_Mono_AR,24,50.7,0.0,89.25,0,,UNIQUE
الوسط eg,openepg,egypt1,الوسط.eg,الوسط.eg,30,21.9,20.0,88.56,0,,UNIQUE
on e eg,openepg,egypt2,ON E.eg,ON E.eg,16,20.4,37.5,87.99,0,,UNIQUE
التلفزيون العربي 2 eg,openepg,egypt1,التلفزيون العربي 2.eg,التلفزيون العربي 2.eg,25,23.9,20.0,87.77,0,,UNIQUE
bein sports1 english digital mono ar,epgshare,BEIN1,beIN_SPORTS1_ENGLISH_Digital_Mono_AR.bein,beIN_SPORTS1_ENGLISH_Digital_Mono_AR,24,49.4,0.0,87.49,0,,UNIQUE
logos beinsports8 ar,epgshare,BEIN1,logos-_beINSPORTS8_AR.bein,logos-_beINSPORTS8_AR,16,51.9,0.0,85.27,0,,UNIQUE
al jadeed eg,openepg,egypt2,Al Jadeed TV.eg,Al Jadeed TV.eg,34,32.4,8.8,85.22,0,,UNIQUE
mtv eg,openepg,egypt2,MTV.eg,MTV.eg,25,21.4,28.0,85.19,0,,UNIQUE
الأردن eg,openepg,egypt1,الأردن.eg,الأردن.eg,27,21.0,18.5,83.6,0,,UNIQUE
iraqia eg,openepg,egypt2,Iraqia TV.eg,Iraqia TV.eg,27,20.9,25.9,83.6,0,,UNIQUE
bein sports2 english digital mono ar,epgshare,BEIN1,beIN_SPORTS2_ENGLISH_Digital_Mono_AR.bein,beIN_SPORTS2_ENGLISH_Digital_Mono_AR,19,48.9,0.0,83.31,0,,UNIQUE
bein sports2 english digital mono en,epgshare,BEIN1,beIN_SPORTS2_ENGLISH_Digital_Mono_EN.bein,beIN_SPORTS2_ENGLISH_Digital_Mono_EN,19,48.9,0.0,83.31,0,,UNIQUE
0003 tci colour blue uk2016 qa,openepg,qatar5,0003 TCI colour-Blue UK2016.qa,0003 TCI colour-Blue UK2016.qa,51,29.1,0.0,82.98,1,openepg:qatar4:0003 TCI colour-Blue UK2016.qa:81.75,WINNER_OF_DUPLICATES
أبو ظبي eg,openepg,egypt1,أبو ظبي.eg,أبو ظبي.eg,25,19.9,20.0,82.36,0,,UNIQUE
sada el balad 2 eg,openepg,egypt2,Sada El Balad 2.eg,Sada El Balad 2.eg,28,32.9,7.1,79.83,0,,UNIQUE
صدى البلد 2 eg,openepg,egypt1,صدى البلد 2.eg,صدى البلد 2.eg,24,27.9,8.3,79.59,0,,UNIQUE
bbcearth new 200x200 qa,openepg,qatar4,BBCEarth-new 200x200.qa,BBCEarth-new 200x200.qa,42,28.9,0.0,76.41,1,openepg:qatar5:BBCEarth-new 200x200.qa:74.29,WINNER_OF_DUPLICATES
food network logo 2018 1 qa,openepg,qatar5,food-network-logo-2018-1.qa,food-network-logo-2018-1.qa,40,29.4,0.0,75.69,1,openepg:qatar4:food-network-logo-2018-1.qa:74.05,WINNER_OF_DUPLICATES
alaraby 2 eg,openepg,egypt2,Alaraby TV 2.eg,Alaraby TV 2.eg,25,23.9,16.0,75.37,0,,UNIQUE
fatafeat 1 qa,openepg,qatar5,FATAFEAT-1.qa,FATAFEAT-1.qa,39,29.4,0.0,74.99,1,openepg:qatar4:FATAFEAT-1.qa:73.34,WINNER_OF_DUPLICATES
star world 2024 200x200 1 qa,openepg,qatar4,Star World 2024-200x200-1.qa,Star World 2024-200x200-1.qa,39,28.9,0.0,74.31,1,openepg:qatar5:Star World 2024-200x200-1.qa:74.02,WINNER_OF_DUPLICATES
bejunior 1 qa,openepg,qatar5,beJUNIOR-1.qa,beJUNIOR-1.qa,35,30.9,0.0,74.22,0,,UNIQUE
alrasheed eg,openepg,egypt2,Alrasheed.eg,Alrasheed.eg,33,31.9,0.0,74.16,0,,UNIQUE
bejunior qa,openepg,qatar4,beJUNIOR.qa,beJUNIOR.qa,38,29.2,0.0,74.02,0,,UNIQUE
bloomberg 1 qa,openepg,qatar5,Bloomberg-1.qa,Bloomberg-1.qa,37,29.7,0.0,74.0,1,openepg:qatar4:Bloomberg-1.qa:72.22,WINNER_OF_DUPLICATES
الرشيد eg,openepg,egypt1,الرشيد.eg,الرشيد.eg,29,27.9,0.0,73.97,0,,UNIQUE
gourmet digital qa,openepg,qatar5,GOURMET DIGITAL.qa,GOURMET DIGITAL.qa,38,29.0,0.0,73.75,1,openepg:qatar4:GOURMET DIGITAL.qa:72.65,WINNER_OF_DUPLICATES
hadhramaut eg,openepg,egypt2,Hadhramaut TV.eg,Hadhramaut TV.eg,35,20.9,11.4,73.25,0,,UNIQUE
wtv eg,openepg,egypt2,WTV.eg,WTV.eg,30,21.9,13.3,73.19,0,,UNIQUE
news digital qa,openepg,qatar2,NEWS DIGITAL.qa,NEWS DIGITAL.qa,38,27.9,0.0,72.27,1,openepg:qatar3:NEWS DIGITAL.qa:72.27,WINNER_OF_DUPLICATES
jordan eg,openepg,egypt2,Jordan TV.eg,Jordan TV.eg,27,21.0,14.8,71.53,0,,UNIQUE
aljazeera documentary 1 qa,openepg,qatar4,Aljazeera-Documentary-1.qa,Aljazeera-Documentary-1.qa,34,28.9,0.0,70.81,0,,UNIQUE
abu dhabi eg,openepg,egypt2,Abu Dhabi TV.eg,Abu Dhabi TV.eg,25,19.9,16.0,69.97,0,,UNIQUE
عَمان eg,openepg,egypt1,عَمان.eg,عَمان.eg,21,20.9,9.5,69.36,0,,UNIQUE
drama stacked nov 2024 200x200 qa,openepg,qatar5,Drama Stacked nov 2024 200x200.qa,Drama Stacked nov 2024 200x200.qa,28,29.9,0.0,67.97,1,openepg:qatar4:Drama Stacked nov 2024 200x200.qa:65.91,WINNER_OF_DUPLICATES
series1 digital qa,openepg,qatar5,SERIES1 DIGITAL.qa,SERIES1 DIGITAL.qa,28,29.9,0.0,67.97,1,openepg:qatar4:SERIES1 DIGITAL.qa:65.91,WINNER_OF_DUPLICATES
series2 digital qa,openepg,qatar5,SERIES2 DIGITAL.qa,SERIES2 DIGITAL.qa,28,29.9,0.0,67.97,1,openepg:qatar4:SERIES2 DIGITAL.qa:65.91,WINNER_OF_DUPLICATES
bein com 05 qa,openepg,qatar3,bein.com-05.qa,bein.com-05.qa,29,28.8,0.0,67.18,1,openepg:qatar2:bein.com-05.qa:62.46,WINNER_OF_DUPLICATES
bein com 08 qa,openepg,qatar2,bein.com-08.qa,bein.com-08.qa,29,28.8,0.0,67.18,1,openepg:qatar3:bein.com-08.qa:63.86,WINNER_OF_DUPLICATES
nat geo qa,openepg,qatar5,Nat geo hd.qa,Nat geo hd.qa,25,29.9,0.0,65.87,1,openepg:qatar4:Nat geo hd.qa:63.81,WINNER_OF_DUPLICATES
star movies 2024 200x200 1 qa,openepg,qatar4,Star Movies 2024-200x200-1.qa,Star Movies 2024-200x200-1.qa,25,29.9,0.0,65.87,1,openepg:qatar5:Star Movies 2024-200x200-1.qa:65.87,WINNER_OF_DUPLICATES
bein com 07 qa,openepg,qatar2,bein.com-07.qa,bein.com-07.qa,27,27.9,0.0,64.56,1,openepg:qatar3:bein.com-07.qa:63.86,WINNER_OF_DUPLICATES
beinsportsxtra3 qa,openepg,qatar3,beINSPORTSXTRA3.qa,beINSPORTSXTRA3.qa,27,27.9,0.0,64.56,1,openepg:qatar2:beINSPORTSXTRA3.qa:63.86,WINNER_OF_DUPLICATES
دجلة eg,openepg,egypt1,دجلة.eg,دجلة.eg,21,20.9,4.8,64.19,0,,UNIQUE
bein sports xtra 04 bein com qa,openepg,qatar2,beIN SPORTS XTRA 04 bein.com.qa,beIN SPORTS XTRA 04 bein.com.qa,26,27.9,0.0,63.86,0,,UNIQUE
bein sports xtra 05 bein com qa,openepg,qatar2,beIN SPORTS XTRA 05 bein.com.qa,beIN SPORTS XTRA 05 bein.com.qa,26,27.9,0.0,63.86,0,,UNIQUE
bein sports xtra1 digital qa,openepg,qatar2,beIN SPORTS XTRA1 Digital.qa,beIN SPORTS XTRA1 Digital.qa,26,27.9,0.0,63.86,1,openepg:qatar3:beIN SPORTS XTRA1 Digital.qa:62.46,WINNER_OF_DUPLICATES
bein sports xtra2 digital qa,openepg,qatar2,beIN SPORTS XTRA2 Digital.qa,beIN SPORTS XTRA2 Digital.qa,26,27.9,0.0,63.86,1,openepg:qatar3:beIN SPORTS XTRA2 Digital.qa:58.96,WINNER_OF_DUPLICATES
bein com 06 qa,openepg,qatar3,bein.com-06.qa,bein.com-06.qa,26,27.9,0.0,63.86,1,openepg:qatar2:bein.com-06.qa:58.96,WINNER_OF_DUPLICATES
afc 4 qa,openepg,qatar3,AFC 4.qa,AFC 4.qa,26,27.9,0.0,63.86,0,,UNIQUE
afc 5 qa,openepg,qatar3,AFC 5.qa,AFC 5.qa,26,27.9,0.0,63.86,0,,UNIQUE
bein sports5 digital qa,openepg,qatar2,beIN SPORTS5 DIGITAL.qa,beIN SPORTS5 DIGITAL.qa,25,27.8,0.0,63.03,1,openepg:qatar3:beIN SPORTS5 DIGITAL.qa:63.03,WINNER_OF_DUPLICATES
bein sports boxoffice bein com qa,openepg,qatar4,beIN SPORTS-boxoffice-bein.com.qa,beIN SPORTS-boxoffice-bein.com.qa,18,30.5,0.0,61.78,1,openepg:qatar5:beIN SPORTS-boxoffice-bein.com.qa:61.78,WINNER_OF_DUPLICATES
amman eg,openepg,egypt2,Amman.eg,Amman.eg,21,20.9,9.5,61.36,0,,UNIQUE
movies4 family digital qa,openepg,qatar4,MOVIES4 FAMILY DIGITAL.qa,MOVIES4 FAMILY DIGITAL.qa,18,30.0,0.0,61.1,1,openepg:qatar5:MOVIES4 FAMILY DIGITAL.qa:61.1,WINNER_OF_DUPLICATES
bein sports2 english digital qa,openepg,qatar2,beIN SPORTS2 ENGLISH Digital.qa,beIN SPORTS2 ENGLISH Digital.qa,19,29.4,0.0,60.99,1,openepg:qatar3:beIN SPORTS2 ENGLISH Digital.qa:60.99,WINNER_OF_DUPLICATES
movies2 action digital qa,openepg,qatar5,MOVIES2 ACTION DIGITAL.qa,MOVIES2 ACTION DIGITAL.qa,16,30.4,0.0,60.24,1,openepg:qatar4:MOVIES2 ACTION DIGITAL.qa:57.52,WINNER_OF_DUPLICATES
star action 2024 200x200 1 qa,openepg,qatar4,Star Action 2024-200x200-1.qa,Star Action 2024-200x200-1.qa,18,29.0,0.0,59.75,1,openepg:qatar5:Star Action 2024-200x200-1.qa:59.75,WINNER_OF_DUPLICATES
bein sports2 digital qa,openepg,qatar2,beIN SPORTS2 DIGITAL.qa,beIN SPORTS2 DIGITAL.qa,20,27.9,0.0,59.66,1,openepg:qatar3:beIN SPORTS2 DIGITAL.qa:59.66,WINNER_OF_DUPLICATES
movies1 premiere digital qa,openepg,qatar4,MOVIES1 PREMIERE DIGITAL.qa,MOVIES1 PREMIERE DIGITAL.qa,15,30.4,0.0,59.54,1,openepg:qatar5:MOVIES1 PREMIERE DIGITAL.qa:59.54,WINNER_OF_DUPLICATES
boxoffice1 digital qa,openepg,qatar5,BoxOffice1 DIGITAL.qa,BoxOffice1 DIGITAL.qa,14,30.9,0.0,59.52,1,openepg:qatar4:BoxOffice1 DIGITAL.qa:56.12,WINNER_OF_DUPLICATES
boxoffice2 digital qa,openepg,qatar5,BoxOffice2 DIGITAL.qa,BoxOffice2 DIGITAL.qa,14,30.9,0.0,59.52,1,openepg:qatar4:BoxOffice2 DIGITAL.qa:56.12,WINNER_OF_DUPLICATES
bein sports fta digital qa,openepg,qatar2,bein SPORTS FTA DIGITAL.qa,bein SPORTS FTA DIGITAL.qa,15,30.3,0.0,59.41,1,openepg:qatar3:bein SPORTS FTA DIGITAL.qa:59.41,WINNER_OF_DUPLICATES
bein sports1 digital qa,openepg,qatar2,beIN SPORTS1 DIGITAL.qa,beIN SPORTS1 DIGITAL.qa,19,27.9,0.0,58.96,1,openepg:qatar3:beIN SPORTS1 DIGITAL.qa:58.96,WINNER_OF_DUPLICATES
bein sports1 english digital qa,openepg,qatar2,beIN SPORTS1 ENGLISH Digital.qa,beIN SPORTS1 ENGLISH Digital.qa,19,27.9,0.0,58.96,1,openepg:qatar3:beIN SPORTS1 ENGLISH Digital.qa:58.96,WINNER_OF_DUPLICATES
beinsports9 qa,openepg,qatar2,beINSPORTS9.qa,beINSPORTS9.qa,18,28.4,0.0,58.94,1,openepg:qatar3:beINSPORTS9.qa:58.94,WINNER_OF_DUPLICATES
bein sports3 digital qa,openepg,qatar2,beIN SPORTS3 DIGITAL.qa,beIN SPORTS3 DIGITAL.qa,19,27.8,0.0,58.83,1,openepg:qatar3:beIN SPORTS3 DIGITAL.qa:58.83,WINNER_OF_DUPLICATES
movies3 drama digital qa,openepg,qatar4,MOVIES3 DRAMA DIGITAL.qa,MOVIES3 DRAMA DIGITAL.qa,16,29.2,0.0,58.62,1,openepg:qatar5:MOVIES3 DRAMA DIGITAL.qa:58.62,WINNER_OF_DUPLICATES
bein sports4 digital qa,openepg,qatar2,beIN SPORTS4 DIGITAL.qa,beIN SPORTS4 DIGITAL.qa,17,28.6,0.0,58.51,1,openepg:qatar3:beIN SPORTS4 DIGITAL.qa:58.51,WINNER_OF_DUPLICATES
bein sports2 french digital qa,openepg,qatar2,beIN SPORTS2 FRENCH Digital.qa,beIN SPORTS2 FRENCH Digital.qa,16,28.9,0.0,58.22,1,openepg:qatar3:beIN SPORTS2 FRENCH Digital.qa:58.22,WINNER_OF_DUPLICATES
2023 alkass 2 qa,openepg,qatar3,2023 Alkass 2.qa,2023 Alkass 2.qa,23,24.9,0.0,57.72,1,openepg:qatar2:2023 Alkass 2.qa:56.12,WINNER_OF_DUPLICATES
2023 alkass 7 qa,openepg,qatar2,2023 Alkass 7.qa,2023 Alkass 7.qa,23,24.9,0.0,57.72,1,openepg:qatar3:2023 Alkass 7.qa:55.62,WINNER_OF_DUPLICATES
bein sports7 digital qa,openepg,qatar2,beIN SPORTS7 DIGITAL.qa,beIN SPORTS7 DIGITAL.qa,17,28.0,0.0,57.7,1,openepg:qatar3:beIN SPORTS7 DIGITAL.qa:57.7,WINNER_OF_DUPLICATES
digital qa,openepg,qatar2,4k DIGITAL.qa,4k DIGITAL.qa,15,29.0,0.0,57.65,1,openepg:qatar3:4k DIGITAL.qa:57.65,WINNER_OF_DUPLICATES
2023 alkass 1 qa,openepg,qatar3,2023 Alkass 1.qa,2023 Alkass 1.qa,21,24.9,0.0,56.31,1,openepg:qatar2:2023 Alkass 1.qa:56.12,WINNER_OF_DUPLICATES
2023 alkass 5 qa,openepg,qatar2,2023 Alkass 5.qa,2023 Alkass 5.qa,21,24.9,0.0,56.31,1,openepg:qatar3:2023 Alkass 5.qa:55.62,WINNER_OF_DUPLICATES
2023 alkass 6 qa,openepg,qatar2,2023 Alkass 6.qa,2023 Alkass 6.qa,21,24.9,0.0,56.31,1,openepg:qatar3:2023 Alkass 6.qa:53.52,WINNER_OF_DUPLICATES
nba digital qa,openepg,qatar3,NBA DIGITAL.qa,NBA DIGITAL.qa,21,24.9,0.0,56.31,1,openepg:qatar2:NBA DIGITAL.qa:56.12,WINNER_OF_DUPLICATES
2023 alkass 3 qa,openepg,qatar2,2023 Alkass 3.qa,2023 Alkass 3.qa,13,28.9,0.0,56.12,1,openepg:qatar3:2023 Alkass 3.qa:55.62,WINNER_OF_DUPLICATES
2023 alkass 4 qa,openepg,qatar2,2023 Alkass 4.qa,2023 Alkass 4.qa,13,28.9,0.0,56.12,1,openepg:qatar3:2023 Alkass 4.qa:52.81,WINNER_OF_DUPLICATES
bein sports xtra 06 bein com qa,openepg,qatar2,beIN SPORTS XTRA 06 bein.com.qa,beIN SPORTS XTRA 06 bein.com.qa,13,28.9,0.0,56.12,0,,UNIQUE
afc 6 8 copy qa,openepg,qatar3,afc-6 8-copy.qa,afc-6 8-copy.qa,13,28.9,0.0,56.12,0,,UNIQUE
bein sports max1 digital qa,openepg,qatar3,beIN SPORTS MAX1 DIGITAL.qa,beIN SPORTS MAX1 DIGITAL.qa,13,28.9,0.0,56.12,0,,UNIQUE
bein sports max2 digital qa,openepg,qatar3,beIN SPORTS MAX2 DIGITAL.qa,beIN SPORTS MAX2 DIGITAL.qa,13,28.9,0.0,56.12,0,,UNIQUE
bein sports max3 digital qa,openepg,qatar3,beIN SPORTS MAX3 DIGITAL.qa,beIN SPORTS MAX3 DIGITAL.qa,13,28.9,0.0,56.12,0,,UNIQUE
bein sports max4 digital qa,openepg,qatar3,beIN SPORTS MAX4 DIGITAL.qa,beIN SPORTS MAX4 DIGITAL.qa,13,28.9,0.0,56.12,0,,UNIQUE
bein sports max5 digital qa,openepg,qatar3,beIN SPORTS MAX5 DIGITAL.qa,beIN SPORTS MAX5 DIGITAL.qa,13,28.9,0.0,56.12,0,,UNIQUE
2023 alkass 8 qa,openepg,qatar2,2023 Alkass 8.qa,2023 Alkass 8.qa,20,24.9,0.0,55.62,0,,UNIQUE
ماسة eg,openepg,egypt1,ماسة.eg,ماسة.eg,16,13.6,6.2,52.38,0,,UNIQUE
bein sports1 french digital qa,openepg,qatar2,beIN SPORTS1 FRENCH Digital.qa,beIN SPORTS1 FRENCH Digital.qa,14,24.9,0.0,51.41,1,openepg:qatar3:beIN SPORTS1 FRENCH Digital.qa:51.41,WINNER_OF_DUPLICATES
dijlah eg,openepg,egypt2,Dijlah TV.eg,Dijlah TV.eg,21,20.9,0.0,50.91,0,,UNIQUE
bein sports2 french digital mono en,epgshare,BEIN1,beIN_SPORTS2_FRENCH_Digital_Mono_EN.bein,beIN_SPORTS2_FRENCH_Digital_Mono_EN,17,24.9,0.0,49.52,0,,UNIQUE
bein sports1 french digital mono en,epgshare,BEIN1,beIN_SPORTS1_FRENCH_Digital_Mono_EN.bein,beIN_SPORTS1_FRENCH_Digital_Mono_EN,14,24.9,0.0,47.41,0,,UNIQUE
new bein sports max 05 ar,epgshare,BEIN1,NEW_beIN-SPORTS-MAX-05_AR.bein,NEW_beIN-SPORTS-MAX-05_AR,13,24.9,0.0,46.72,0,,UNIQUE
new bein sports max 06 ar,epgshare,BEIN1,NEW_beIN-SPORTS-MAX-06_AR.bein,NEW_beIN-SPORTS-MAX-06_AR,13,24.9,0.0,46.72,0,,UNIQUE
bein sports max1 digital mono ar,epgshare,BEIN1,beIN_SPORTS_MAX1_DIGITAL_Mono_AR.bein,beIN_SPORTS_MAX1_DIGITAL_Mono_AR,13,24.9,0.0,46.72,0,,UNIQUE
bein sports max1 digital mono en,epgshare,BEIN1,beIN_SPORTS_MAX1_DIGITAL_Mono_EN.bein,beIN_SPORTS_MAX1_DIGITAL_Mono_EN,13,24.9,0.0,46.72,0,,UNIQUE
bein sports max2 digital mono ar,epgshare,BEIN1,beIN_SPORTS_MAX2_DIGITAL_Mono_AR.bein,beIN_SPORTS_MAX2_DIGITAL_Mono_AR,13,24.9,0.0,46.72,0,,UNIQUE
bein sports max2 digital mono en,epgshare,BEIN1,beIN_SPORTS_MAX2_DIGITAL_Mono_EN.bein,beIN_SPORTS_MAX2_DIGITAL_Mono_EN,13,24.9,0.0,46.72,0,,UNIQUE
bein sports max3 digital mono ar,epgshare,BEIN1,beIN_SPORTS_MAX3_DIGITAL_Mono_AR.bein,beIN_SPORTS_MAX3_DIGITAL_Mono_AR,13,24.9,0.0,46.72,0,,UNIQUE
bein sports max3 digital mono en,epgshare,BEIN1,beIN_SPORTS_MAX3_DIGITAL_Mono_EN.bein,beIN_SPORTS_MAX3_DIGITAL_Mono_EN,13,24.9,0.0,46.72,0,,UNIQUE
bein sports max4 digital mono ar,epgshare,BEIN1,beIN_SPORTS_MAX4_DIGITAL_Mono_AR.bein,beIN_SPORTS_MAX4_DIGITAL_Mono_AR,13,24.9,0.0,46.72,0,,UNIQUE
bein sports max4 digital mono en,epgshare,BEIN1,beIN_SPORTS_MAX4_DIGITAL_Mono_EN.bein,beIN_SPORTS_MAX4_DIGITAL_Mono_EN,13,24.9,0.0,46.72,0,,UNIQUE
bein sports max5 digital mono en,epgshare,BEIN1,beIN_SPORTS_MAX5_DIGITAL_Mono_EN.bein,beIN_SPORTS_MAX5_DIGITAL_Mono_EN,13,24.9,0.0,46.72,0,,UNIQUE
bein sports max6 digital mono en,epgshare,BEIN1,beIN_SPORTS_MAX6_DIGITAL_Mono_EN.bein,beIN_SPORTS_MAX6_DIGITAL_Mono_EN,13,24.9,0.0,46.72,0,,UNIQUE
masah eg,openepg,egypt2,Masah.eg,Masah.eg,16,13.6,6.2,44.38,0,,UNIQUE
alkass 2 ar,epgshare,BEIN1,Alkass_2_AR.bein,Alkass_2_AR,2,0.9,0.0,6.62,0,,UNIQUE
alkass 2 en,epgshare,BEIN1,Alkass_2_EN.bein,Alkass_2_EN,2,0.9,0.0,6.62,0,,UNIQUE
alkass 4 ar,epgshare,BEIN1,Alkass_4_AR.bein,Alkass_4_AR,2,0.9,0.0,6.62,0,,UNIQUE
alkass 4 en,epgshare,BEIN1,Alkass_4_EN.bein,Alkass_4_EN,2,0.9,0.0,6.62,0,,UNIQUE
alkass 6 ar,epgshare,BEIN1,Alkass_6_AR.bein,Alkass_6_AR,2,0.9,0.0,6.62,0,,UNIQUE
alkass 6 en,epgshare,BEIN1,Alkass_6_EN.bein,Alkass_6_EN,2,0.9,0.0,6.62,0,,UNIQUE
alkass 7 ar,epgshare,BEIN1,Alkass_7_AR.bein,Alkass_7_AR,2,0.9,0.0,6.62,0,,UNIQUE
alkass 7 en,epgshare,BEIN1,Alkass_7_EN.bein,Alkass_7_EN,2,0.9,0.0,6.62,0,,UNIQUE
alkass 1 ar,epgshare,BEIN1,Alkass_1_AR.bein,Alkass_1_AR,1,0.9,0.0,5.92,0,,UNIQUE
alkass 1 en,epgshare,BEIN1,Alkass_1_EN.bein,Alkass_1_EN,1,0.9,0.0,5.92,0,,UNIQUE
alkass 3 ar,epgshare,BEIN1,Alkass_3_AR.bein,Alkass_3_AR,1,0.9,0.0,5.92,0,,UNIQUE
alkass 3 en,epgshare,BEIN1,Alkass_3_EN.bein,Alkass_3_EN,1,0.9,0.0,5.92,0,,UNIQUE
alkass 5 ar,epgshare,BEIN1,Alkass_5_AR.bein,Alkass_5_AR,1,0.9,0.0,5.92,0,,UNIQUE
alkass 5 en,epgshare,BEIN1,Alkass_5_EN.bein,Alkass_5_EN,1,0.9,0.0,5.92,0,,UNIQUE
alkass 8 ar,epgshare,BEIN1,Alkass_8_AR.bein,Alkass_8_AR,1,0.9,0.0,5.92,0,,UNIQUE
alkass 8 en,epgshare,BEIN1,Alkass_8_EN.bein,Alkass_8_EN,1,0.9,0.0,5.92,0,,UNIQUE
bein sports1 french digital mono ar,epgshare,BEIN1,beIN_SPORTS1_FRENCH_Digital_Mono_AR.bein,beIN_SPORTS1_FRENCH_Digital_Mono_AR,1,0.9,0.0,5.92,0,,UNIQUE
bein sports2 french digital mono ar,epgshare,BEIN1,beIN_SPORTS2_FRENCH_Digital_Mono_AR.bein,beIN_SPORTS2_FRENCH_Digital_Mono_AR,1,0.9,0.0,5.92,0,,UNIQUE
bein sports xtra 06 bein com ar,epgshare,BEIN1,beIN_SPORTS_XTRA_06_bein.com_AR.bein,beIN_SPORTS_XTRA_06_bein.com_AR,1,0.9,0.0,5.92,0,,UNIQUE
bein sports xtra 06 bein com en,epgshare,BEIN1,beIN_SPORTS_XTRA_06_bein.com_EN.bein,beIN_SPORTS_XTRA_06_bein.com_EN,1,0.9,0.0,5.92,0,,UNIQUE
bein sports xtra 08 bein com ar,epgshare,BEIN1,beIN_SPORTS_XTRA_08_Bein.com_AR.bein,beIN_SPORTS_XTRA_08_Bein.com_AR,1,0.9,0.0,5.92,0,,UNIQUE
bein sports xtra 08 bein com en,epgshare,BEIN1,beIN_SPORTS_XTRA_08_Bein.com_EN.bein,beIN_SPORTS_XTRA_08_Bein.com_EN,1,0.9,0.0,5.92,0,,UNIQUE
