status,country,provider,source,name,id,future_programmes,future_hours,desc_pct,winner,covered_by,reason,integration_status,url
BLACKLIST_ZERO,,epgshare,ALJAZEERA1,AlJazeera Arabic,AlJazeera.Arabic.net,0,0.0,0.0,,,ZERO_FUTURE_EPG,FALLBACK,https://epgshare01.online/epgshare01/epg_ripper_ALJAZEERA1.xml.gz
BLACKLIST_ZERO,,openepg,egypt1,أبو ظبي.eg,أبو ظبي.eg,25,19.9,20.0,,,ZERO_FUTURE_EPG,FALLBACK,https://www.open-epg.com/files/egypt1.xml
BLACKLIST_ZERO,,openepg,egypt1,أو إس إن كيدز.eg,أو إس إن كيدز.eg,0,0.0,0.0,,,ZERO_FUTURE_EPG,FALLBACK,https://www.open-epg.com/files/egypt1.xml
BLACKLIST_ZERO,,openepg,egypt1,إم بي سي 3.eg,إم بي سي 3.eg,0,0.0,0.0,,,ZERO_FUTURE_EPG,FALLBACK,https://www.open-epg.com/files/egypt1.xml
BLACKLIST_ZERO,,openepg,egypt1,إم بي سي 4.eg,إم بي سي 4.eg,0,0.0,0.0,,elcinema.xml.gz:MBC4.ae@SD,ZERO_FUTURE_EPG,FALLBACK,https://www.open-epg.com/files/egypt1.xml
BLACKLIST_ZERO,,openepg,egypt1,إم بي سي 5.eg,إم بي سي 5.eg,0,0.0,0.0,,elcinema.xml.gz:MBC5.ae@SD,ZERO_FUTURE_EPG,FALLBACK,https://www.open-epg.com/files/egypt1.xml
BLACKLIST_ZERO,,openepg,egypt1,إم بي سي العراق.eg,إم بي سي العراق.eg,0,0.0,0.0,,,ZERO_FUTURE_EPG,FALLBACK,https://www.open-epg.com/files/egypt1.xml
BLACKLIST_ZERO,,openepg,egypt1,إم بي سي بوليوود.eg,إم بي سي بوليوود.eg,0,0.0,0.0,,,ZERO_FUTURE_EPG,FALLBACK,https://www.open-epg.com/files/egypt1.xml
BLACKLIST_ZERO,,openepg,egypt1,إم بي سي دراما +.eg,إم بي سي دراما +.eg,0,0.0,0.0,,,ZERO_FUTURE_EPG,FALLBACK,https://www.open-epg.com/files/egypt1.xml
BLACKLIST_ZERO,,openepg,egypt1,إم بي سي دراما.eg,إم بي سي دراما.eg,0,0.0,0.0,,,ZERO_FUTURE_EPG,FALLBACK,https://www.open-epg.com/files/egypt1.xml
BLACKLIST_ZERO,,openepg,egypt1,إم بي سي مصر 2.eg,إم بي سي مصر 2.eg,0,0.0,0.0,,,ZERO_FUTURE_EPG,FALLBACK,https://www.open-epg.com/files/egypt1.xml
BLACKLIST_ZERO,,openepg,egypt1,إم بي سي مصر.eg,إم بي سي مصر.eg,0,0.0,0.0,,,ZERO_FUTURE_EPG,FALLBACK,https://www.open-epg.com/files/egypt1.xml
BLACKLIST_ZERO,,openepg,egypt1,إم بي سي.eg,إم بي سي.eg,0,0.0,0.0,,,ZERO_FUTURE_EPG,FALLBACK,https://www.open-epg.com/files/egypt1.xml
BLACKLIST_ZERO,,openepg,egypt1,إي تي سي.eg,إي تي سي.eg,0,0.0,0.0,,,ZERO_FUTURE_EPG,FALLBACK,https://www.open-epg.com/files/egypt1.xml
BLACKLIST_ZERO,,openepg,egypt1,إيه تي في.eg,إيه تي في.eg,0,0.0,0.0,,,ZERO_FUTURE_EPG,FALLBACK,https://www.open-epg.com/files/egypt1.xml
BLACKLIST_ZERO,,openepg,egypt1,البحرين.eg,البحرين.eg,0,0.0,0.0,,,ZERO_FUTURE_EPG,FALLBACK,https://www.open-epg.com/files/egypt1.xml
BLACKLIST_ZERO,,openepg,egypt1,الشمس.eg,الشمس.eg,0,0.0,0.0,,,ZERO_FUTURE_EPG,FALLBACK,https://www.open-epg.com/files/egypt1.xml
BLACKLIST_ZERO,,openepg,egypt1,الكويت.eg,الكويت.eg,0,0.0,0.0,,,ZERO_FUTURE_EPG,FALLBACK,https://www.open-epg.com/files/egypt1.xml
BLACKLIST_ZERO,,openepg,egypt1,المغربية الثانية.eg,المغربية الثانية.eg,0,0.0,0.0,,,ZERO_FUTURE_EPG,FALLBACK,https://www.open-epg.com/files/egypt1.xml
BLACKLIST_ZERO,,openepg,egypt1,المنار.eg,المنار.eg,0,0.0,0.0,,,ZERO_FUTURE_EPG,FALLBACK,https://www.open-epg.com/files/egypt1.xml
BLACKLIST_ZERO,,openepg,egypt1,الوطنية 1.eg,الوطنية 1.eg,0,0.0,0.0,,,ZERO_FUTURE_EPG,FALLBACK,https://www.open-epg.com/files/egypt1.xml
BLACKLIST_ZERO,,openepg,egypt1,الوطنية 2.eg,الوطنية 2.eg,0,0.0,0.0,,,ZERO_FUTURE_EPG,FALLBACK,https://www.open-epg.com/files/egypt1.xml
BLACKLIST_ZERO,,openepg,egypt1,دبي زمان.eg,دبي زمان.eg,0,0.0,0.0,,,ZERO_FUTURE_EPG,FALLBACK,https://www.open-epg.com/files/egypt1.xml
BLACKLIST_ZERO,,openepg,egypt1,دبي وان.eg,دبي وان.eg,0,0.0,0.0,,,ZERO_FUTURE_EPG,FALLBACK,https://www.open-epg.com/files/egypt1.xml
BLACKLIST_ZERO,,openepg,egypt1,دبي.eg,دبي.eg,0,0.0,0.0,,,ZERO_FUTURE_EPG,FALLBACK,https://www.open-epg.com/files/egypt1.xml
BLACKLIST_ZERO,,openepg,egypt1,ديسكفري.eg,ديسكفري.eg,0,0.0,0.0,,,ZERO_FUTURE_EPG,FALLBACK,https://www.open-epg.com/files/egypt1.xml
BLACKLIST_ZERO,,openepg,egypt1,روتانا أفلام بلاس.eg,روتانا أفلام بلاس.eg,0,0.0,0.0,,,ZERO_FUTURE_EPG,FALLBACK,https://www.open-epg.com/files/egypt1.xml
BLACKLIST_ZERO,,openepg,egypt1,روتانا+ أتش دي.eg,روتانا+ أتش دي.eg,0,0.0,0.0,,,ZERO_FUTURE_EPG,FALLBACK,https://www.open-epg.com/files/egypt1.xml
BLACKLIST_ZERO,,openepg,egypt1,ستار أكشن.eg,ستار أكشن.eg,0,0.0,0.0,,,ZERO_FUTURE_EPG,FALLBACK,https://www.open-epg.com/files/egypt1.xml
BLACKLIST_ZERO,,openepg,egypt1,ستار موفيز.eg,ستار موفيز.eg,0,0.0,0.0,,,ZERO_FUTURE_EPG,FALLBACK,https://www.open-epg.com/files/egypt1.xml
BLACKLIST_ZERO,,openepg,egypt1,ستار ورلد.eg,ستار ورلد.eg,0,0.0,0.0,,,ZERO_FUTURE_EPG,FALLBACK,https://www.open-epg.com/files/egypt1.xml
BLACKLIST_ZERO,,openepg,egypt1,سلام.eg,سلام.eg,0,0.0,0.0,,,ZERO_FUTURE_EPG,FALLBACK,https://www.open-epg.com/files/egypt1.xml
BLACKLIST_ZERO,,openepg,egypt1,سي بي سي سفرة.eg,سي بي سي سفرة.eg,0,0.0,0.0,,,ZERO_FUTURE_EPG,FALLBACK,https://www.open-epg.com/files/egypt1.xml
BLACKLIST_ZERO,,openepg,egypt1,قطر.eg,قطر.eg,0,0.0,0.0,,,ZERO_FUTURE_EPG,FALLBACK,https://www.open-epg.com/files/egypt1.xml
BLACKLIST_ZERO,,openepg,egypt1,ميكس.eg,ميكس.eg,0,0.0,0.0,,,ZERO_FUTURE_EPG,FALLBACK,https://www.open-epg.com/files/egypt1.xml
BLACKLIST_ZERO,,openepg,egypt1,ناشونال جيوجرافيك أبو ظبي.eg,ناشونال جيوجرافيك أبو ظبي.eg,0,0.0,0.0,,,ZERO_FUTURE_EPG,FALLBACK,https://www.open-epg.com/files/egypt1.xml
BLACKLIST_ZERO,,openepg,egypt1,ناشيونال جيوجرافيك.eg,ناشيونال جيوجرافيك.eg,0,0.0,0.0,,,ZERO_FUTURE_EPG,FALLBACK,https://www.open-epg.com/files/egypt1.xml
BLACKLIST_ZERO,,openepg,egypt1,وان موفيز.eg,وان موفيز.eg,0,0.0,0.0,,,ZERO_FUTURE_EPG,FALLBACK,https://www.open-epg.com/files/egypt1.xml
BLACKLIST_ZERO,,openepg,egypt2,2M TV.eg,2M TV.eg,0,0.0,0.0,,,ZERO_FUTURE_EPG,FALLBACK,https://www.open-epg.com/files/egypt2.xml
BLACKLIST_ZERO,,openepg,egypt2,Abu Dhabi TV.eg,Abu Dhabi TV.eg,25,19.9,16.0,,,ZERO_FUTURE_EPG,FALLBACK,https://www.open-epg.com/files/egypt2.xml
BLACKLIST_ZERO,,openepg,egypt2,Al Shams.eg,Al Shams.eg,0,0.0,0.0,,,ZERO_FUTURE_EPG,FALLBACK,https://www.open-epg.com/files/egypt2.xml
BLACKLIST_ZERO,,openepg,egypt2,Al-Manar.eg,Al-Manar.eg,0,0.0,0.0,,,ZERO_FUTURE_EPG,FALLBACK,https://www.open-epg.com/files/egypt2.xml
BLACKLIST_ZERO,,openepg,egypt2,AlSharqiya.eg,AlSharqiya.eg,38,31.9,36.8,,,ZERO_FUTURE_EPG,FALLBACK,https://www.open-epg.com/files/egypt2.xml
BLACKLIST_ZERO,,openepg,egypt2,atv.eg,atv.eg,0,0.0,0.0,,,ZERO_FUTURE_EPG,FALLBACK,https://www.open-epg.com/files/egypt2.xml
BLACKLIST_ZERO,,openepg,egypt2,Bahrain TV.eg,Bahrain TV.eg,0,0.0,0.0,,,ZERO_FUTURE_EPG,FALLBACK,https://www.open-epg.com/files/egypt2.xml
BLACKLIST_ZERO,,openepg,egypt2,beIN Series HD 2.eg,beIN Series HD 2.eg,38,31.4,97.4,,,ZERO_FUTURE_EPG,FALLBACK,https://www.open-epg.com/files/egypt2.xml
BLACKLIST_ZERO,,openepg,egypt2,CBC sofra.eg,CBC sofra.eg,0,0.0,0.0,,,ZERO_FUTURE_EPG,FALLBACK,https://www.open-epg.com/files/egypt2.xml
BLACKLIST_ZERO,,openepg,egypt2,Discovery.eg,Discovery.eg,0,0.0,0.0,,,ZERO_FUTURE_EPG,FALLBACK,https://www.open-epg.com/files/egypt2.xml
BLACKLIST_ZERO,,openepg,egypt2,Dubai One.eg,Dubai One.eg,0,0.0,0.0,,,ZERO_FUTURE_EPG,FALLBACK,https://www.open-epg.com/files/egypt2.xml
BLACKLIST_ZERO,,openepg,egypt2,Dubai TV.eg,Dubai TV.eg,0,0.0,0.0,,,ZERO_FUTURE_EPG,FALLBACK,https://www.open-epg.com/files/egypt2.xml
BLACKLIST_ZERO,,openepg,egypt2,Dubai Zaman.eg,Dubai Zaman.eg,0,0.0,0.0,,,ZERO_FUTURE_EPG,FALLBACK,https://www.open-epg.com/files/egypt2.xml
BLACKLIST_ZERO,,openepg,egypt2,ETC TV.eg,ETC TV.eg,0,0.0,0.0,,,ZERO_FUTURE_EPG,FALLBACK,https://www.open-epg.com/files/egypt2.xml
BLACKLIST_ZERO,,openepg,egypt2,iFILM TV.eg,iFILM TV.eg,29,31.9,82.8,,,ZERO_FUTURE_EPG,FALLBACK,https://www.open-epg.com/files/egypt2.xml
BLACKLIST_ZERO,,openepg,egypt2,Kuwait.eg,Kuwait.eg,0,0.0,0.0,,,ZERO_FUTURE_EPG,FALLBACK,https://www.open-epg.com/files/egypt2.xml
BLACKLIST_ZERO,,openepg,egypt2,MBC 3.eg,MBC 3.eg,0,0.0,0.0,,,ZERO_FUTURE_EPG,FALLBACK,https://www.open-epg.com/files/egypt2.xml
BLACKLIST_ZERO,,openepg,egypt2,MBC 4.eg,MBC 4.eg,0,0.0,0.0,,,ZERO_FUTURE_EPG,FALLBACK,https://www.open-epg.com/files/egypt2.xml
BLACKLIST_ZERO,,openepg,egypt2,MBC 5.eg,MBC 5.eg,0,0.0,0.0,,,ZERO_FUTURE_EPG,FALLBACK,https://www.open-epg.com/files/egypt2.xml
BLACKLIST_ZERO,,openepg,egypt2,MBC Bollywood.eg,MBC Bollywood.eg,0,0.0,0.0,,,ZERO_FUTURE_EPG,FALLBACK,https://www.open-epg.com/files/egypt2.xml
BLACKLIST_ZERO,,openepg,egypt2,MBC Drama +.eg,MBC Drama +.eg,0,0.0,0.0,,,ZERO_FUTURE_EPG,FALLBACK,https://www.open-epg.com/files/egypt2.xml
BLACKLIST_ZERO,,openepg,egypt2,MBC Drama.eg,MBC Drama.eg,0,0.0,0.0,,,ZERO_FUTURE_EPG,FALLBACK,https://www.open-epg.com/files/egypt2.xml
BLACKLIST_ZERO,,openepg,egypt2,MBC Egypt.eg,MBC Egypt.eg,0,0.0,0.0,,,ZERO_FUTURE_EPG,FALLBACK,https://www.open-epg.com/files/egypt2.xml
BLACKLIST_ZERO,,openepg,egypt2,MBC Iraq.eg,MBC Iraq.eg,0,0.0,0.0,,,ZERO_FUTURE_EPG,FALLBACK,https://www.open-epg.com/files/egypt2.xml
BLACKLIST_ZERO,,openepg,egypt2,MBC MASR 2.eg,MBC MASR 2.eg,0,0.0,0.0,,,ZERO_FUTURE_EPG,FALLBACK,https://www.open-epg.com/files/egypt2.xml
BLACKLIST_ZERO,,openepg,egypt2,MBC.eg,MBC.eg,0,0.0,0.0,,,ZERO_FUTURE_EPG,FALLBACK,https://www.open-epg.com/files/egypt2.xml
BLACKLIST_ZERO,,openepg,egypt2,Mix.eg,Mix.eg,0,0.0,0.0,,,ZERO_FUTURE_EPG,FALLBACK,https://www.open-epg.com/files/egypt2.xml
BLACKLIST_ZERO,,openepg,egypt2,National Geographic Abu Dhabi.eg,National Geographic Abu Dhabi.eg,0,0.0,0.0,,,ZERO_FUTURE_EPG,FALLBACK,https://www.open-epg.com/files/egypt2.xml
BLACKLIST_ZERO,,openepg,egypt2,National Geographic.eg,National Geographic.eg,0,0.0,0.0,,,ZERO_FUTURE_EPG,FALLBACK,https://www.open-epg.com/files/egypt2.xml
BLACKLIST_ZERO,,openepg,egypt2,Oman.eg,Oman.eg,61,31.9,34.4,,,ZERO_FUTURE_EPG,FALLBACK,https://www.open-epg.com/files/egypt2.xml
BLACKLIST_ZERO,,openepg,egypt2,One Movies.eg,One Movies.eg,0,0.0,0.0,,,ZERO_FUTURE_EPG,FALLBACK,https://www.open-epg.com/files/egypt2.xml
BLACKLIST_ZERO,,openepg,egypt2,OSN TV Kids.eg,OSN TV Kids.eg,0,0.0,0.0,,,ZERO_FUTURE_EPG,FALLBACK,https://www.open-epg.com/files/egypt2.xml
BLACKLIST_ZERO,,openepg,egypt2,Qatar.eg,Qatar.eg,0,0.0,0.0,,,ZERO_FUTURE_EPG,FALLBACK,https://www.open-epg.com/files/egypt2.xml
BLACKLIST_ZERO,,openepg,egypt2,Rotana Movies+.eg,Rotana Movies+.eg,0,0.0,0.0,,,ZERO_FUTURE_EPG,FALLBACK,https://www.open-epg.com/files/egypt2.xml
BLACKLIST_ZERO,,openepg,egypt2,Rotana+ HD.eg,Rotana+ HD.eg,0,0.0,0.0,,,ZERO_FUTURE_EPG,FALLBACK,https://www.open-epg.com/files/egypt2.xml
BLACKLIST_ZERO,,openepg,egypt2,Salam TV.eg,Salam TV.eg,0,0.0,0.0,,,ZERO_FUTURE_EPG,FALLBACK,https://www.open-epg.com/files/egypt2.xml
BLACKLIST_ZERO,,openepg,egypt2,Star Action.eg,Star Action.eg,0,0.0,0.0,,,ZERO_FUTURE_EPG,FALLBACK,https://www.open-epg.com/files/egypt2.xml
BLACKLIST_ZERO,,openepg,egypt2,Star Movies.eg,Star Movies.eg,0,0.0,0.0,,,ZERO_FUTURE_EPG,FALLBACK,https://www.open-epg.com/files/egypt2.xml
BLACKLIST_ZERO,,openepg,egypt2,Star World.eg,Star World.eg,0,0.0,0.0,,,ZERO_FUTURE_EPG,FALLBACK,https://www.open-epg.com/files/egypt2.xml
BLACKLIST_ZERO,,openepg,egypt2,Thikrayat Tv.eg,Thikrayat Tv.eg,29,20.9,62.1,,,ZERO_FUTURE_EPG,FALLBACK,https://www.open-epg.com/files/egypt2.xml
BLACKLIST_ZERO,,openepg,egypt2,Watania 2.eg,Watania 2.eg,0,0.0,0.0,,,ZERO_FUTURE_EPG,FALLBACK,https://www.open-epg.com/files/egypt2.xml
BLACKLIST_ZERO,,openepg,egypt2,Watania1.eg,Watania1.eg,0,0.0,0.0,,,ZERO_FUTURE_EPG,FALLBACK,https://www.open-epg.com/files/egypt2.xml
BLACKLIST_ZERO,,openepg,qatar1,beIN SPORTS 1 AFC.qa,beIN SPORTS 1 AFC.qa,0,0.0,0.0,,,ZERO_FUTURE_EPG,FALLBACK,https://www.open-epg.com/files/qatar1.xml
BLACKLIST_ZERO,,openepg,qatar1,beIN SPORTS 2 AFC.qa,beIN SPORTS 2 AFC.qa,0,0.0,0.0,,,ZERO_FUTURE_EPG,FALLBACK,https://www.open-epg.com/files/qatar1.xml
BLACKLIST_ZERO,,openepg,qatar1,beIN SPORTS 3 AFC.qa,beIN SPORTS 3 AFC.qa,0,0.0,0.0,,,ZERO_FUTURE_EPG,FALLBACK,https://www.open-epg.com/files/qatar1.xml
BLACKLIST_ZERO,,openepg,qatar1,beIN SPORTS 4 AFC.qa,beIN SPORTS 4 AFC.qa,0,0.0,0.0,,,ZERO_FUTURE_EPG,FALLBACK,https://www.open-epg.com/files/qatar1.xml
BLACKLIST_ZERO,,openepg,qatar1,beIN SPORTS 5 AFC.qa,beIN SPORTS 5 AFC.qa,0,0.0,0.0,,,ZERO_FUTURE_EPG,FALLBACK,https://www.open-epg.com/files/qatar1.xml
BLACKLIST_ZERO,,openepg,qatar1,beIN SPORTS 6 AFC.qa,beIN SPORTS 6 AFC.qa,0,0.0,0.0,,,ZERO_FUTURE_EPG,FALLBACK,https://www.open-epg.com/files/qatar1.xml
BLACKLIST_ZERO,,openepg,qatar1,beIN SPORTS AFC.qa,beIN SPORTS AFC.qa,0,0.0,0.0,,,ZERO_FUTURE_EPG,FALLBACK,https://www.open-epg.com/files/qatar1.xml
BLACKLIST_ZERO,,openepg,qatar1,beIN SPORTS FR 1.qa,beIN SPORTS FR 1.qa,0,0.0,0.0,,,ZERO_FUTURE_EPG,FALLBACK,https://www.open-epg.com/files/qatar1.xml
BLACKLIST_ZERO,,openepg,qatar1,beIN SPORTS FR 2.qa,beIN SPORTS FR 2.qa,0,0.0,0.0,,,ZERO_FUTURE_EPG,FALLBACK,https://www.open-epg.com/files/qatar1.xml
BLACKLIST_ZERO,,openepg,qatar1,beIN SPORTS NBA.qa,beIN SPORTS NBA.qa,0,0.0,0.0,,,ZERO_FUTURE_EPG,FALLBACK,https://www.open-epg.com/files/qatar1.xml
BLACKLIST_ZERO,,openepg,qatar3,2023 Alkass 8.qa,2023 Alkass 8.qa,0,0.0,0.0,,,ZERO_FUTURE_EPG,FALLBACK,https://www.open-epg.com/files/qatar3.xml
BLACKLIST_ZERO,,openepg,qatar5,cartoonito.qa,cartoonito.qa,0,0.0,0.0,,,ZERO_FUTURE_EPG,FALLBACK,https://www.open-epg.com/files/qatar5.xml
BLACKLIST_ZERO,,openepg,qatar5,CBeebies-1.qa,CBeebies-1.qa,0,0.0,0.0,,,ZERO_FUTURE_EPG,FALLBACK,https://www.open-epg.com/files/qatar5.xml
BLACKLIST_ZERO,,openepg,saudiarabia1,Al Rai.sa,Al Rai.sa,0,0.0,0.0,,,ZERO_FUTURE_EPG,FALLBACK,https://www.open-epg.com/files/saudiarabia1.xml
BLACKLIST_ZERO,,openepg,saudiarabia1,Al Thaqafeya.sa,Al Thaqafeya.sa,0,0.0,0.0,,,ZERO_FUTURE_EPG,FALLBACK,https://www.open-epg.com/files/saudiarabia1.xml
BLACKLIST_ZERO,,openepg,saudiarabia1,Bedaya.sa,Bedaya.sa,0,0.0,0.0,,,ZERO_FUTURE_EPG,FALLBACK,https://www.open-epg.com/files/saudiarabia1.xml
BLACKLIST_ZERO,,openepg,saudiarabia1,Bloomberg.sa,Bloomberg.sa,0,0.0,0.0,,,ZERO_FUTURE_EPG,FALLBACK,https://www.open-epg.com/files/saudiarabia1.xml
BLACKLIST_ZERO,,openepg,saudiarabia1,CNBC.sa,CNBC.sa,0,0.0,0.0,,,ZERO_FUTURE_EPG,FALLBACK,https://www.open-epg.com/files/saudiarabia1.xml
BLACKLIST_ZERO,,openepg,saudiarabia1,Punch TV.sa,Punch TV.sa,0,0.0,0.0,,,ZERO_FUTURE_EPG,FALLBACK,https://www.open-epg.com/files/saudiarabia1.xml
BLACKLIST_ZERO,,openepg,saudiarabia1,SSC News.sa,SSC News.sa,0,0.0,0.0,,,ZERO_FUTURE_EPG,FALLBACK,https://www.open-epg.com/files/saudiarabia1.xml
BLACKLIST_ZERO,,openepg,saudiarabia2,Al Rai.sa,Al Rai.sa,0,0.0,0.0,,,ZERO_FUTURE_EPG,FALLBACK,https://www.open-epg.com/files/saudiarabia2.xml
BLACKLIST_ZERO,,openepg,saudiarabia2,Al Thaqafeya.sa,Al Thaqafeya.sa,0,0.0,0.0,,,ZERO_FUTURE_EPG,FALLBACK,https://www.open-epg.com/files/saudiarabia2.xml
BLACKLIST_ZERO,,openepg,saudiarabia2,Bedaya.sa,Bedaya.sa,0,0.0,0.0,,,ZERO_FUTURE_EPG,FALLBACK,https://www.open-epg.com/files/saudiarabia2.xml
BLACKLIST_ZERO,,openepg,saudiarabia2,Bloomberg.sa,Bloomberg.sa,0,0.0,0.0,,,ZERO_FUTURE_EPG,FALLBACK,https://www.open-epg.com/files/saudiarabia2.xml
BLACKLIST_ZERO,,openepg,saudiarabia2,CNBC.sa,CNBC.sa,0,0.0,0.0,,,ZERO_FUTURE_EPG,FALLBACK,https://www.open-epg.com/files/saudiarabia2.xml
BLACKLIST_ZERO,,openepg,saudiarabia2,Punch TV.sa,Punch TV.sa,0,0.0,0.0,,,ZERO_FUTURE_EPG,FALLBACK,https://www.open-epg.com/files/saudiarabia2.xml
BLACKLIST_ZERO,,openepg,saudiarabia2,SSC News.sa,SSC News.sa,0,0.0,0.0,,,ZERO_FUTURE_EPG,FALLBACK,https://www.open-epg.com/files/saudiarabia2.xml
BLACKLIST_ZERO,,openepg,saudiarabia3,24 Channel.sa,24 Channel.sa,0,0.0,0.0,,,ZERO_FUTURE_EPG,FALLBACK,https://www.open-epg.com/files/saudiarabia3.xml
BLACKLIST_ZERO,,openepg,saudiarabia3,8 XM.sa,8 XM.sa,0,0.0,0.0,,,ZERO_FUTURE_EPG,FALLBACK,https://www.open-epg.com/files/saudiarabia3.xml
BLACKLIST_ZERO,,openepg,saudiarabia3,A Plus.sa,A Plus.sa,0,0.0,0.0,,,ZERO_FUTURE_EPG,FALLBACK,https://www.open-epg.com/files/saudiarabia3.xml
BLACKLIST_ZERO,,openepg,saudiarabia3,Aaj Entertainment.sa,Aaj Entertainment.sa,0,0.0,0.0,,,ZERO_FUTURE_EPG,FALLBACK,https://www.open-epg.com/files/saudiarabia3.xml
BLACKLIST_ZERO,,openepg,saudiarabia3,Aaj News.sa,Aaj News.sa,0,0.0,0.0,,,ZERO_FUTURE_EPG,FALLBACK,https://www.open-epg.com/files/saudiarabia3.xml
BLACKLIST_ZERO,,openepg,saudiarabia3,AAN TV.sa,AAN TV.sa,0,0.0,0.0,,,ZERO_FUTURE_EPG,FALLBACK,https://www.open-epg.com/files/saudiarabia3.xml
BLACKLIST_ZERO,,openepg,saudiarabia3,Abb Takk News.sa,Abb Takk News.sa,0,0.0,0.0,,,ZERO_FUTURE_EPG,FALLBACK,https://www.open-epg.com/files/saudiarabia3.xml
BLACKLIST_ZERO,,openepg,saudiarabia3,Abu Dhabi Sports 1 HD.sa,Abu Dhabi Sports 1 HD.sa,18,30.4,100.0,,,ZERO_FUTURE_EPG,FALLBACK,https://www.open-epg.com/files/saudiarabia3.xml
BLACKLIST_ZERO,,openepg,saudiarabia3,Abu Dhabi Sports 2 HD.sa,Abu Dhabi Sports 2 HD.sa,21,31.6,100.0,,,ZERO_FUTURE_EPG,FALLBACK,https://www.open-epg.com/files/saudiarabia3.xml
BLACKLIST_ZERO,,openepg,saudiarabia3,Abu Dhabi TV HD.sa,Abu Dhabi TV HD.sa,40,29.9,100.0,,,ZERO_FUTURE_EPG,FALLBACK,https://www.open-epg.com/files/saudiarabia3.xml
BLACKLIST_ZERO,,openepg,saudiarabia3,Al Hurra HD.sa,Al Hurra HD.sa,0,0.0,0.0,,,ZERO_FUTURE_EPG,FALLBACK,https://www.open-epg.com/files/saudiarabia3.xml
BLACKLIST_ZERO,,openepg,saudiarabia3,Al Resalah HD.sa,Al Resalah HD.sa,0,0.0,0.0,,,ZERO_FUTURE_EPG,FALLBACK,https://www.open-epg.com/files/saudiarabia3.xml
BLACKLIST_ZERO,,openepg,saudiarabia3,ART Aflam 2.sa,ART Aflam 2.sa,0,0.0,0.0,,,ZERO_FUTURE_EPG,FALLBACK,https://www.open-epg.com/files/saudiarabia3.xml
BLACKLIST_ZERO,,openepg,saudiarabia3,ART Aflam.sa,ART Aflam.sa,0,0.0,0.0,,,ZERO_FUTURE_EPG,FALLBACK,https://www.open-epg.com/files/saudiarabia3.xml
BLACKLIST_ZERO,,openepg,saudiarabia3,ART Cinema.sa,ART Cinema.sa,0,0.0,0.0,,,ZERO_FUTURE_EPG,FALLBACK,https://www.open-epg.com/files/saudiarabia3.xml
BLACKLIST_ZERO,,openepg,saudiarabia3,ART Hekayat 2.sa,ART Hekayat 2.sa,0,0.0,0.0,,,ZERO_FUTURE_EPG,FALLBACK,https://www.open-epg.com/files/saudiarabia3.xml
BLACKLIST_ZERO,,openepg,saudiarabia3,ART Hekayat.sa,ART Hekayat.sa,0,0.0,0.0,,,ZERO_FUTURE_EPG,FALLBACK,https://www.open-epg.com/files/saudiarabia3.xml
BLACKLIST_ZERO,,openepg,saudiarabia3,ARY Digital.sa,ARY Digital.sa,0,0.0,0.0,,,ZERO_FUTURE_EPG,FALLBACK,https://www.open-epg.com/files/saudiarabia3.xml
BLACKLIST_ZERO,,openepg,saudiarabia3,ARY News Live.sa,ARY News Live.sa,0,0.0,0.0,,,ZERO_FUTURE_EPG,FALLBACK,https://www.open-epg.com/files/saudiarabia3.xml
BLACKLIST_ZERO,,openepg,saudiarabia3,ARY Zindagae.sa,ARY Zindagae.sa,0,0.0,0.0,,,ZERO_FUTURE_EPG,FALLBACK,https://www.open-epg.com/files/saudiarabia3.xml
BLACKLIST_ZERO,,openepg,saudiarabia3,Bol Entertainment.sa,Bol Entertainment.sa,0,0.0,0.0,,,ZERO_FUTURE_EPG,FALLBACK,https://www.open-epg.com/files/saudiarabia3.xml
BLACKLIST_ZERO,,openepg,saudiarabia3,Bol News.sa,Bol News.sa,0,0.0,0.0,,,ZERO_FUTURE_EPG,FALLBACK,https://www.open-epg.com/files/saudiarabia3.xml
BLACKLIST_ZERO,,openepg,saudiarabia3,Boomerang HD.sa,Boomerang HD.sa,0,0.0,0.0,,,ZERO_FUTURE_EPG,FALLBACK,https://www.open-epg.com/files/saudiarabia3.xml
BLACKLIST_ZERO,,openepg,saudiarabia3,City 21.sa,City 21.sa,0,0.0,0.0,,,ZERO_FUTURE_EPG,FALLBACK,https://www.open-epg.com/files/saudiarabia3.xml
BLACKLIST_ZERO,,openepg,saudiarabia3,City 42.sa,City 42.sa,0,0.0,0.0,,,ZERO_FUTURE_EPG,FALLBACK,https://www.open-epg.com/files/saudiarabia3.xml
BLACKLIST_ZERO,,openepg,saudiarabia3,Dawn News.sa,Dawn News.sa,0,0.0,0.0,,,ZERO_FUTURE_EPG,FALLBACK,https://www.open-epg.com/files/saudiarabia3.xml
BLACKLIST_ZERO,,openepg,saudiarabia3,Discover Pakistan.sa,Discover Pakistan.sa,0,0.0,0.0,,,ZERO_FUTURE_EPG,FALLBACK,https://www.open-epg.com/files/saudiarabia3.xml
BLACKLIST_ZERO,,openepg,saudiarabia3,Dunya News.sa,Dunya News.sa,0,0.0,0.0,,,ZERO_FUTURE_EPG,FALLBACK,https://www.open-epg.com/files/saudiarabia3.xml
BLACKLIST_ZERO,,openepg,saudiarabia3,Express Entertainment.sa,Express Entertainment.sa,0,0.0,0.0,,,ZERO_FUTURE_EPG,FALLBACK,https://www.open-epg.com/files/saudiarabia3.xml
BLACKLIST_ZERO,,openepg,saudiarabia3,Express News.sa,Express News.sa,0,0.0,0.0,,,ZERO_FUTURE_EPG,FALLBACK,https://www.open-epg.com/files/saudiarabia3.xml
BLACKLIST_ZERO,,openepg,saudiarabia3,Film World.sa,Film World.sa,0,0.0,0.0,,,ZERO_FUTURE_EPG,FALLBACK,https://www.open-epg.com/files/saudiarabia3.xml
BLACKLIST_ZERO,,openepg,saudiarabia3,FILMAX.sa,FILMAX.sa,0,0.0,0.0,,,ZERO_FUTURE_EPG,FALLBACK,https://www.open-epg.com/files/saudiarabia3.xml
BLACKLIST_ZERO,,openepg,saudiarabia3,Geo Entertainment.sa,Geo Entertainment.sa,0,0.0,0.0,,,ZERO_FUTURE_EPG,FALLBACK,https://www.open-epg.com/files/saudiarabia3.xml
BLACKLIST_ZERO,,openepg,saudiarabia3,Geo Kahani.sa,Geo Kahani.sa,0,0.0,0.0,,,ZERO_FUTURE_EPG,FALLBACK,https://www.open-epg.com/files/saudiarabia3.xml
BLACKLIST_ZERO,,openepg,saudiarabia3,Geo News Live.sa,Geo News Live.sa,0,0.0,0.0,,,ZERO_FUTURE_EPG,FALLBACK,https://www.open-epg.com/files/saudiarabia3.xml
BLACKLIST_ZERO,,openepg,saudiarabia3,Geo Taiz.sa,Geo Taiz.sa,0,0.0,0.0,,,ZERO_FUTURE_EPG,FALLBACK,https://www.open-epg.com/files/saudiarabia3.xml
BLACKLIST_ZERO,,openepg,saudiarabia3,GNN.sa,GNN.sa,0,0.0,0.0,,,ZERO_FUTURE_EPG,FALLBACK,https://www.open-epg.com/files/saudiarabia3.xml
BLACKLIST_ZERO,,openepg,saudiarabia3,Hum News.sa,Hum News.sa,0,0.0,0.0,,,ZERO_FUTURE_EPG,FALLBACK,https://www.open-epg.com/files/saudiarabia3.xml
BLACKLIST_ZERO,,openepg,saudiarabia3,Hum Sitaray.sa,Hum Sitaray.sa,0,0.0,0.0,,,ZERO_FUTURE_EPG,FALLBACK,https://www.open-epg.com/files/saudiarabia3.xml
BLACKLIST_ZERO,,openepg,saudiarabia3,HUM TV.sa,HUM TV.sa,0,0.0,0.0,,,ZERO_FUTURE_EPG,FALLBACK,https://www.open-epg.com/files/saudiarabia3.xml
BLACKLIST_ZERO,,openepg,saudiarabia3,Iqraa.sa,Iqraa.sa,0,0.0,0.0,,,ZERO_FUTURE_EPG,FALLBACK,https://www.open-epg.com/files/saudiarabia3.xml
BLACKLIST_ZERO,,openepg,saudiarabia3,Kids Zone+.sa,Kids Zone+.sa,0,0.0,0.0,,,ZERO_FUTURE_EPG,FALLBACK,https://www.open-epg.com/files/saudiarabia3.xml
BLACKLIST_ZERO,,openepg,saudiarabia3,Lahore News HD.sa,Lahore News HD.sa,0,0.0,0.0,,,ZERO_FUTURE_EPG,FALLBACK,https://www.open-epg.com/files/saudiarabia3.xml
BLACKLIST_ZERO,,openepg,saudiarabia3,LTN Family.sa,LTN Family.sa,0,0.0,0.0,,,ZERO_FUTURE_EPG,FALLBACK,https://www.open-epg.com/files/saudiarabia3.xml
BLACKLIST_ZERO,,openepg,saudiarabia3,M Plus HD.sa,M Plus HD.sa,0,0.0,0.0,,,ZERO_FUTURE_EPG,FALLBACK,https://www.open-epg.com/files/saudiarabia3.xml
BLACKLIST_ZERO,,openepg,saudiarabia3,MBC Maser 2.sa,MBC Maser 2.sa,30,29.4,100.0,,,ZERO_FUTURE_EPG,FALLBACK,https://www.open-epg.com/files/saudiarabia3.xml
BLACKLIST_ZERO,,openepg,saudiarabia3,MBC Plus Drama HD.sa,MBC Plus Drama HD.sa,40,29.2,100.0,,,ZERO_FUTURE_EPG,FALLBACK,https://www.open-epg.com/files/saudiarabia3.xml
BLACKLIST_ZERO,,openepg,saudiarabia3,Minimax.sa,Minimax.sa,0,0.0,0.0,,,ZERO_FUTURE_EPG,FALLBACK,https://www.open-epg.com/files/saudiarabia3.xml
BLACKLIST_ZERO,,openepg,saudiarabia3,Neo TV.sa,Neo TV.sa,0,0.0,0.0,,,ZERO_FUTURE_EPG,FALLBACK,https://www.open-epg.com/files/saudiarabia3.xml
BLACKLIST_ZERO,,openepg,saudiarabia3,News One.sa,News One.sa,0,0.0,0.0,,,ZERO_FUTURE_EPG,FALLBACK,https://www.open-epg.com/files/saudiarabia3.xml
BLACKLIST_ZERO,,openepg,saudiarabia3,Paigham TV.sa,Paigham TV.sa,0,0.0,0.0,,,ZERO_FUTURE_EPG,FALLBACK,https://www.open-epg.com/files/saudiarabia3.xml
BLACKLIST_ZERO,,openepg,saudiarabia3,Planet Fun.sa,Planet Fun.sa,0,0.0,0.0,,,ZERO_FUTURE_EPG,FALLBACK,https://www.open-epg.com/files/saudiarabia3.xml
BLACKLIST_ZERO,,openepg,saudiarabia3,PTV Home Entertainment.sa,PTV Home Entertainment.sa,0,0.0,0.0,,,ZERO_FUTURE_EPG,FALLBACK,https://www.open-epg.com/files/saudiarabia3.xml
BLACKLIST_ZERO,,openepg,saudiarabia3,QTV.sa,QTV.sa,0,0.0,0.0,,,ZERO_FUTURE_EPG,FALLBACK,https://www.open-epg.com/files/saudiarabia3.xml
BLACKLIST_ZERO,,openepg,saudiarabia3,Rotana + HD.sa,Rotana + HD.sa,0,0.0,0.0,,,ZERO_FUTURE_EPG,FALLBACK,https://www.open-epg.com/files/saudiarabia3.xml
BLACKLIST_ZERO,,openepg,saudiarabia3,Rotana Cinema HD.sa,Rotana Cinema HD.sa,0,0.0,0.0,,,ZERO_FUTURE_EPG,FALLBACK,https://www.open-epg.com/files/saudiarabia3.xml
BLACKLIST_ZERO,,openepg,saudiarabia3,Rotana Classic HD.sa,Rotana Classic HD.sa,0,0.0,0.0,,,ZERO_FUTURE_EPG,FALLBACK,https://www.open-epg.com/files/saudiarabia3.xml
BLACKLIST_ZERO,,openepg,saudiarabia3,Rotana Clip.sa,Rotana Clip.sa,0,0.0,0.0,,,ZERO_FUTURE_EPG,FALLBACK,https://www.open-epg.com/files/saudiarabia3.xml
BLACKLIST_ZERO,,openepg,saudiarabia3,Rotana Comedy HD.sa,Rotana Comedy HD.sa,0,0.0,0.0,,,ZERO_FUTURE_EPG,FALLBACK,https://www.open-epg.com/files/saudiarabia3.xml
BLACKLIST_ZERO,,openepg,saudiarabia3,Rotana Drama.sa,Rotana Drama.sa,0,0.0,0.0,,,ZERO_FUTURE_EPG,FALLBACK,https://www.open-epg.com/files/saudiarabia3.xml
BLACKLIST_ZERO,,openepg,saudiarabia3,Rotana Khaleejiah HD.sa,Rotana Khaleejiah HD.sa,0,0.0,0.0,,,ZERO_FUTURE_EPG,FALLBACK,https://www.open-epg.com/files/saudiarabia3.xml
BLACKLIST_ZERO,,openepg,saudiarabia3,Rotana Mousica HD.sa,Rotana Mousica HD.sa,0,0.0,0.0,,,ZERO_FUTURE_EPG,FALLBACK,https://www.open-epg.com/files/saudiarabia3.xml
BLACKLIST_ZERO,,openepg,saudiarabia3,Urdu 1.sa,Urdu 1.sa,0,0.0,0.0,,,ZERO_FUTURE_EPG,FALLBACK,https://www.open-epg.com/files/saudiarabia3.xml
BLACKLIST_ZERO,,openepg,saudiarabia3,كيدز بوب آب.sa,كيدز بوب آب.sa,0,0.0,0.0,,,ZERO_FUTURE_EPG,FALLBACK,https://www.open-epg.com/files/saudiarabia3.xml
BLACKLIST_ZERO,,openepg,saudiarabia4,24 Channel.sa,24 Channel.sa,0,0.0,0.0,,,ZERO_FUTURE_EPG,FALLBACK,https://www.open-epg.com/files/saudiarabia4.xml
BLACKLIST_ZERO,,openepg,saudiarabia4,8 XM.sa,8 XM.sa,0,0.0,0.0,,,ZERO_FUTURE_EPG,FALLBACK,https://www.open-epg.com/files/saudiarabia4.xml
BLACKLIST_ZERO,,openepg,saudiarabia4,A Plus.sa,A Plus.sa,0,0.0,0.0,,,ZERO_FUTURE_EPG,FALLBACK,https://www.open-epg.com/files/saudiarabia4.xml
BLACKLIST_ZERO,,openepg,saudiarabia4,Aaj Entertainment.sa,Aaj Entertainment.sa,0,0.0,0.0,,,ZERO_FUTURE_EPG,FALLBACK,https://www.open-epg.com/files/saudiarabia4.xml
BLACKLIST_ZERO,,openepg,saudiarabia4,Aaj News.sa,Aaj News.sa,0,0.0,0.0,,,ZERO_FUTURE_EPG,FALLBACK,https://www.open-epg.com/files/saudiarabia4.xml
BLACKLIST_ZERO,,openepg,saudiarabia4,AAN TV.sa,AAN TV.sa,0,0.0,0.0,,,ZERO_FUTURE_EPG,FALLBACK,https://www.open-epg.com/files/saudiarabia4.xml
BLACKLIST_ZERO,,openepg,saudiarabia4,Abb Takk News.sa,Abb Takk News.sa,0,0.0,0.0,,,ZERO_FUTURE_EPG,FALLBACK,https://www.open-epg.com/files/saudiarabia4.xml
BLACKLIST_ZERO,,openepg,saudiarabia4,Abu Dhabi Sports 1 HD.sa,Abu Dhabi Sports 1 HD.sa,30,40.9,93.3,,,ZERO_FUTURE_EPG,FALLBACK,https://www.open-epg.com/files/saudiarabia4.xml
BLACKLIST_ZERO,,openepg,saudiarabia4,Abu Dhabi Sports 2 HD.sa,Abu Dhabi Sports 2 HD.sa,32,48.9,100.0,,,ZERO_FUTURE_EPG,FALLBACK,https://www.open-epg.com/files/saudiarabia4.xml
BLACKLIST_ZERO,,openepg,saudiarabia4,Abu Dhabi TV HD.sa,Abu Dhabi TV HD.sa,58,40.9,100.0,,,ZERO_FUTURE_EPG,FALLBACK,https://www.open-epg.com/files/saudiarabia4.xml
BLACKLIST_ZERO,,openepg,saudiarabia4,Al Hurra HD.sa,Al Hurra HD.sa,0,0.0,0.0,,,ZERO_FUTURE_EPG,FALLBACK,https://www.open-epg.com/files/saudiarabia4.xml
BLACKLIST_ZERO,,openepg,saudiarabia4,Al Resalah HD.sa,Al Resalah HD.sa,0,0.0,0.0,,,ZERO_FUTURE_EPG,FALLBACK,https://www.open-epg.com/files/saudiarabia4.xml
BLACKLIST_ZERO,,openepg,saudiarabia4,ART Aflam 2.sa,ART Aflam 2.sa,0,0.0,0.0,,,ZERO_FUTURE_EPG,FALLBACK,https://www.open-epg.com/files/saudiarabia4.xml
BLACKLIST_ZERO,,openepg,saudiarabia4,ART Aflam.sa,ART Aflam.sa,0,0.0,0.0,,,ZERO_FUTURE_EPG,FALLBACK,https://www.open-epg.com/files/saudiarabia4.xml
BLACKLIST_ZERO,,openepg,saudiarabia4,ART Cinema.sa,ART Cinema.sa,0,0.0,0.0,,,ZERO_FUTURE_EPG,FALLBACK,https://www.open-epg.com/files/saudiarabia4.xml
BLACKLIST_ZERO,,openepg,saudiarabia4,ART Hekayat 2.sa,ART Hekayat 2.sa,0,0.0,0.0,,,ZERO_FUTURE_EPG,FALLBACK,https://www.open-epg.com/files/saudiarabia4.xml
BLACKLIST_ZERO,,openepg,saudiarabia4,ART Hekayat.sa,ART Hekayat.sa,0,0.0,0.0,,,ZERO_FUTURE_EPG,FALLBACK,https://www.open-epg.com/files/saudiarabia4.xml
BLACKLIST_ZERO,,openepg,saudiarabia4,ARY Digital.sa,ARY Digital.sa,0,0.0,0.0,,,ZERO_FUTURE_EPG,FALLBACK,https://www.open-epg.com/files/saudiarabia4.xml
BLACKLIST_ZERO,,openepg,saudiarabia4,ARY News Live.sa,ARY News Live.sa,0,0.0,0.0,,,ZERO_FUTURE_EPG,FALLBACK,https://www.open-epg.com/files/saudiarabia4.xml
BLACKLIST_ZERO,,openepg,saudiarabia4,ARY Zindagae.sa,ARY Zindagae.sa,0,0.0,0.0,,,ZERO_FUTURE_EPG,FALLBACK,https://www.open-epg.com/files/saudiarabia4.xml
BLACKLIST_ZERO,,openepg,saudiarabia4,Bol Entertainment.sa,Bol Entertainment.sa,0,0.0,0.0,,,ZERO_FUTURE_EPG,FALLBACK,https://www.open-epg.com/files/saudiarabia4.xml
BLACKLIST_ZERO,,openepg,saudiarabia4,Bol News.sa,Bol News.sa,0,0.0,0.0,,,ZERO_FUTURE_EPG,FALLBACK,https://www.open-epg.com/files/saudiarabia4.xml
BLACKLIST_ZERO,,openepg,saudiarabia4,Boomerang HD.sa,Boomerang HD.sa,0,0.0,0.0,,,ZERO_FUTURE_EPG,FALLBACK,https://www.open-epg.com/files/saudiarabia4.xml
BLACKLIST_ZERO,,openepg,saudiarabia4,City 21.sa,City 21.sa,0,0.0,0.0,,,ZERO_FUTURE_EPG,FALLBACK,https://www.open-epg.com/files/saudiarabia4.xml
BLACKLIST_ZERO,,openepg,saudiarabia4,City 42.sa,City 42.sa,0,0.0,0.0,,,ZERO_FUTURE_EPG,FALLBACK,https://www.open-epg.com/files/saudiarabia4.xml
BLACKLIST_ZERO,,openepg,saudiarabia4,Dawn News.sa,Dawn News.sa,0,0.0,0.0,,,ZERO_FUTURE_EPG,FALLBACK,https://www.open-epg.com/files/saudiarabia4.xml
BLACKLIST_ZERO,,openepg,saudiarabia4,Discover Pakistan.sa,Discover Pakistan.sa,0,0.0,0.0,,,ZERO_FUTURE_EPG,FALLBACK,https://www.open-epg.com/files/saudiarabia4.xml
BLACKLIST_ZERO,,openepg,saudiarabia4,Dunya News.sa,Dunya News.sa,0,0.0,0.0,,,ZERO_FUTURE_EPG,FALLBACK,https://www.open-epg.com/files/saudiarabia4.xml
BLACKLIST_ZERO,,openepg,saudiarabia4,Express Entertainment.sa,Express Entertainment.sa,0,0.0,0.0,,,ZERO_FUTURE_EPG,FALLBACK,https://www.open-epg.com/files/saudiarabia4.xml
BLACKLIST_ZERO,,openepg,saudiarabia4,Express News.sa,Express News.sa,0,0.0,0.0,,,ZERO_FUTURE_EPG,FALLBACK,https://www.open-epg.com/files/saudiarabia4.xml
BLACKLIST_ZERO,,openepg,saudiarabia4,Film World.sa,Film World.sa,0,0.0,0.0,,,ZERO_FUTURE_EPG,FALLBACK,https://www.open-epg.com/files/saudiarabia4.xml
BLACKLIST_ZERO,,openepg,saudiarabia4,FILMAX.sa,FILMAX.sa,0,0.0,0.0,,,ZERO_FUTURE_EPG,FALLBACK,https://www.open-epg.com/files/saudiarabia4.xml
BLACKLIST_ZERO,,openepg,saudiarabia4,Geo Entertainment.sa,Geo Entertainment.sa,0,0.0,0.0,,,ZERO_FUTURE_EPG,FALLBACK,https://www.open-epg.com/files/saudiarabia4.xml
BLACKLIST_ZERO,,openepg,saudiarabia4,Geo Kahani.sa,Geo Kahani.sa,0,0.0,0.0,,,ZERO_FUTURE_EPG,FALLBACK,https://www.open-epg.com/files/saudiarabia4.xml
BLACKLIST_ZERO,,openepg,saudiarabia4,Geo News Live.sa,Geo News Live.sa,0,0.0,0.0,,,ZERO_FUTURE_EPG,FALLBACK,https://www.open-epg.com/files/saudiarabia4.xml
BLACKLIST_ZERO,,openepg,saudiarabia4,Geo Taiz.sa,Geo Taiz.sa,0,0.0,0.0,,,ZERO_FUTURE_EPG,FALLBACK,https://www.open-epg.com/files/saudiarabia4.xml
BLACKLIST_ZERO,,openepg,saudiarabia4,GNN.sa,GNN.sa,0,0.0,0.0,,,ZERO_FUTURE_EPG,FALLBACK,https://www.open-epg.com/files/saudiarabia4.xml
BLACKLIST_ZERO,,openepg,saudiarabia4,Hum News.sa,Hum News.sa,0,0.0,0.0,,,ZERO_FUTURE_EPG,FALLBACK,https://www.open-epg.com/files/saudiarabia4.xml
BLACKLIST_ZERO,,openepg,saudiarabia4,Hum Sitaray.sa,Hum Sitaray.sa,0,0.0,0.0,,,ZERO_FUTURE_EPG,FALLBACK,https://www.open-epg.com/files/saudiarabia4.xml
BLACKLIST_ZERO,,openepg,saudiarabia4,HUM TV.sa,HUM TV.sa,0,0.0,0.0,,,ZERO_FUTURE_EPG,FALLBACK,https://www.open-epg.com/files/saudiarabia4.xml
BLACKLIST_ZERO,,openepg,saudiarabia4,Iqraa.sa,Iqraa.sa,0,0.0,0.0,,,ZERO_FUTURE_EPG,FALLBACK,https://www.open-epg.com/files/saudiarabia4.xml
BLACKLIST_ZERO,,openepg,saudiarabia4,Kids Zone+.sa,Kids Zone+.sa,0,0.0,0.0,,,ZERO_FUTURE_EPG,FALLBACK,https://www.open-epg.com/files/saudiarabia4.xml
BLACKLIST_ZERO,,openepg,saudiarabia4,Lahore News HD.sa,Lahore News HD.sa,0,0.0,0.0,,,ZERO_FUTURE_EPG,FALLBACK,https://www.open-epg.com/files/saudiarabia4.xml
BLACKLIST_ZERO,,openepg,saudiarabia4,LTN Family.sa,LTN Family.sa,0,0.0,0.0,,,ZERO_FUTURE_EPG,FALLBACK,https://www.open-epg.com/files/saudiarabia4.xml
BLACKLIST_ZERO,,openepg,saudiarabia4,M Plus HD.sa,M Plus HD.sa,0,0.0,0.0,,,ZERO_FUTURE_EPG,FALLBACK,https://www.open-epg.com/files/saudiarabia4.xml
BLACKLIST_ZERO,,openepg,saudiarabia4,MBC Maser 2.sa,MBC Maser 2.sa,41,40.9,100.0,,,ZERO_FUTURE_EPG,FALLBACK,https://www.open-epg.com/files/saudiarabia4.xml
BLACKLIST_ZERO,,openepg,saudiarabia4,MBC Plus Drama HD.sa,MBC Plus Drama HD.sa,55,40.4,100.0,,,ZERO_FUTURE_EPG,FALLBACK,https://www.open-epg.com/files/saudiarabia4.xml
BLACKLIST_ZERO,,openepg,saudiarabia4,Minimax.sa,Minimax.sa,0,0.0,0.0,,,ZERO_FUTURE_EPG,FALLBACK,https://www.open-epg.com/files/saudiarabia4.xml
BLACKLIST_ZERO,,openepg,saudiarabia4,Neo TV.sa,Neo TV.sa,0,0.0,0.0,,,ZERO_FUTURE_EPG,FALLBACK,https://www.open-epg.com/files/saudiarabia4.xml
BLACKLIST_ZERO,,openepg,saudiarabia4,News One.sa,News One.sa,0,0.0,0.0,,,ZERO_FUTURE_EPG,FALLBACK,https://www.open-epg.com/files/saudiarabia4.xml
BLACKLIST_ZERO,,openepg,saudiarabia4,Paigham TV.sa,Paigham TV.sa,0,0.0,0.0,,,ZERO_FUTURE_EPG,FALLBACK,https://www.open-epg.com/files/saudiarabia4.xml
BLACKLIST_ZERO,,openepg,saudiarabia4,Planet Fun.sa,Planet Fun.sa,0,0.0,0.0,,,ZERO_FUTURE_EPG,FALLBACK,https://www.open-epg.com/files/saudiarabia4.xml
BLACKLIST_ZERO,,openepg,saudiarabia4,PTV Home Entertainment.sa,PTV Home Entertainment.sa,0,0.0,0.0,,,ZERO_FUTURE_EPG,FALLBACK,https://www.open-epg.com/files/saudiarabia4.xml
BLACKLIST_ZERO,,openepg,saudiarabia4,QTV.sa,QTV.sa,0,0.0,0.0,,,ZERO_FUTURE_EPG,FALLBACK,https://www.open-epg.com/files/saudiarabia4.xml
BLACKLIST_ZERO,,openepg,saudiarabia4,Rotana + HD.sa,Rotana + HD.sa,0,0.0,0.0,,,ZERO_FUTURE_EPG,FALLBACK,https://www.open-epg.com/files/saudiarabia4.xml
BLACKLIST_ZERO,,openepg,saudiarabia4,Rotana Cinema HD.sa,Rotana Cinema HD.sa,0,0.0,0.0,,,ZERO_FUTURE_EPG,FALLBACK,https://www.open-epg.com/files/saudiarabia4.xml
BLACKLIST_ZERO,,openepg,saudiarabia4,Rotana Classic HD.sa,Rotana Classic HD.sa,0,0.0,0.0,,,ZERO_FUTURE_EPG,FALLBACK,https://www.open-epg.com/files/saudiarabia4.xml
BLACKLIST_ZERO,,openepg,saudiarabia4,Rotana Clip.sa,Rotana Clip.sa,0,0.0,0.0,,,ZERO_FUTURE_EPG,FALLBACK,https://www.open-epg.com/files/saudiarabia4.xml
BLACKLIST_ZERO,,openepg,saudiarabia4,Rotana Comedy HD.sa,Rotana Comedy HD.sa,0,0.0,0.0,,,ZERO_FUTURE_EPG,FALLBACK,https://www.open-epg.com/files/saudiarabia4.xml
BLACKLIST_ZERO,,openepg,saudiarabia4,Rotana Drama.sa,Rotana Drama.sa,0,0.0,0.0,,,ZERO_FUTURE_EPG,FALLBACK,https://www.open-epg.com/files/saudiarabia4.xml
BLACKLIST_ZERO,,openepg,saudiarabia4,Rotana Khaleejiah HD.sa,Rotana Khaleejiah HD.sa,0,0.0,0.0,,,ZERO_FUTURE_EPG,FALLBACK,https://www.open-epg.com/files/saudiarabia4.xml
BLACKLIST_ZERO,,openepg,saudiarabia4,Rotana Mousica HD.sa,Rotana Mousica HD.sa,0,0.0,0.0,,,ZERO_FUTURE_EPG,FALLBACK,https://www.open-epg.com/files/saudiarabia4.xml
BLACKLIST_ZERO,,openepg,saudiarabia4,Urdu 1.sa,Urdu 1.sa,0,0.0,0.0,,,ZERO_FUTURE_EPG,FALLBACK,https://www.open-epg.com/files/saudiarabia4.xml
BLACKLIST_ZERO,,openepg,saudiarabia4,كيدز بوب آب.sa,كيدز بوب آب.sa,0,0.0,0.0,,,ZERO_FUTURE_EPG,FALLBACK,https://www.open-epg.com/files/saudiarabia4.xml
BLACKLIST_ZERO,,openepg,saudiarabia5,2M Monde.sa,2M Monde.sa,0,0.0,0.0,,,ZERO_FUTURE_EPG,FALLBACK,https://www.open-epg.com/files/saudiarabia5.xml
BLACKLIST_ZERO,,openepg,saudiarabia5,AD Sports 2 HD.sa,AD Sports 2 HD.sa,0,0.0,0.0,,,ZERO_FUTURE_EPG,FALLBACK,https://www.open-epg.com/files/saudiarabia5.xml
BLACKLIST_ZERO,,openepg,saudiarabia5,Ajman TV.sa,Ajman TV.sa,0,0.0,0.0,,,ZERO_FUTURE_EPG,FALLBACK,https://www.open-epg.com/files/saudiarabia5.xml
BLACKLIST_ZERO,,openepg,saudiarabia5,Al Adalah TV.sa,Al Adalah TV.sa,0,0.0,0.0,,,ZERO_FUTURE_EPG,FALLBACK,https://www.open-epg.com/files/saudiarabia5.xml
BLACKLIST_ZERO,,openepg,saudiarabia5,Al Akhbar.sa,Al Akhbar.sa,0,0.0,0.0,,,ZERO_FUTURE_EPG,FALLBACK,https://www.open-epg.com/files/saudiarabia5.xml
BLACKLIST_ZERO,,openepg,saudiarabia5,Al Anwar TV.sa,Al Anwar TV.sa,0,0.0,0.0,,,ZERO_FUTURE_EPG,FALLBACK,https://www.open-epg.com/files/saudiarabia5.xml
BLACKLIST_ZERO,,openepg,saudiarabia5,Al Aoula Inter.sa,Al Aoula Inter.sa,0,0.0,0.0,,,ZERO_FUTURE_EPG,FALLBACK,https://www.open-epg.com/files/saudiarabia5.xml
BLACKLIST_ZERO,,openepg,saudiarabia5,Al Araby 2.sa,Al Araby 2.sa,0,0.0,0.0,,,ZERO_FUTURE_EPG,FALLBACK,https://www.open-epg.com/files/saudiarabia5.xml
BLACKLIST_ZERO,,openepg,saudiarabia5,Al Awhad TV.sa,Al Awhad TV.sa,0,0.0,0.0,,,ZERO_FUTURE_EPG,FALLBACK,https://www.open-epg.com/files/saudiarabia5.xml
BLACKLIST_ZERO,,openepg,saudiarabia5,Al Dafrah HD.sa,Al Dafrah HD.sa,0,0.0,0.0,,,ZERO_FUTURE_EPG,FALLBACK,https://www.open-epg.com/files/saudiarabia5.xml
BLACKLIST_ZERO,,openepg,saudiarabia5,Al Ekhbaria HD.sa,Al Ekhbaria HD.sa,0,0.0,0.0,,,ZERO_FUTURE_EPG,FALLBACK,https://www.open-epg.com/files/saudiarabia5.xml
BLACKLIST_ZERO,,openepg,saudiarabia5,Al Emarat TV HD.sa,Al Emarat TV HD.sa,0,0.0,0.0,,,ZERO_FUTURE_EPG,FALLBACK,https://www.open-epg.com/files/saudiarabia5.xml
BLACKLIST_ZERO,,openepg,saudiarabia5,Al Fateh.sa,Al Fateh.sa,0,0.0,0.0,,,ZERO_FUTURE_EPG,FALLBACK,https://www.open-epg.com/files/saudiarabia5.xml
BLACKLIST_ZERO,,openepg,saudiarabia5,Al Ghad TV.sa,Al Ghad TV.sa,0,0.0,0.0,,,ZERO_FUTURE_EPG,FALLBACK,https://www.open-epg.com/files/saudiarabia5.xml
BLACKLIST_ZERO,,openepg,saudiarabia5,Al Hurra Iraq HD.sa,Al Hurra Iraq HD.sa,0,0.0,0.0,,,ZERO_FUTURE_EPG,FALLBACK,https://www.open-epg.com/files/saudiarabia5.xml
BLACKLIST_ZERO,,openepg,saudiarabia5,Al Iraqia (El Ekhbariya).sa,Al Iraqia (El Ekhbariya).sa,0,0.0,0.0,,,ZERO_FUTURE_EPG,FALLBACK,https://www.open-epg.com/files/saudiarabia5.xml
BLACKLIST_ZERO,,openepg,saudiarabia5,Al Kahera wa Al Nas.sa,Al Kahera wa Al Nas.sa,0,0.0,0.0,,,ZERO_FUTURE_EPG,FALLBACK,https://www.open-epg.com/files/saudiarabia5.xml
BLACKLIST_ZERO,,openepg,saudiarabia5,Al Maaly TV.sa,Al Maaly TV.sa,0,0.0,0.0,,,ZERO_FUTURE_EPG,FALLBACK,https://www.open-epg.com/files/saudiarabia5.xml
BLACKLIST_ZERO,,openepg,saudiarabia5,Al Mahdi.sa,Al Mahdi.sa,0,0.0,0.0,,,ZERO_FUTURE_EPG,FALLBACK,https://www.open-epg.com/files/saudiarabia5.xml
BLACKLIST_ZERO,,openepg,saudiarabia5,Al Majd TV.sa,Al Majd TV.sa,0,0.0,0.0,,,ZERO_FUTURE_EPG,FALLBACK,https://www.open-epg.com/files/saudiarabia5.xml
BLACKLIST_ZERO,,openepg,saudiarabia5,Al Mashhad.sa,Al Mashhad.sa,0,0.0,0.0,,,ZERO_FUTURE_EPG,FALLBACK,https://www.open-epg.com/files/saudiarabia5.xml
BLACKLIST_ZERO,,openepg,saudiarabia5,Al Mergab TV.sa,Al Mergab TV.sa,0,0.0,0.0,,,ZERO_FUTURE_EPG,FALLBACK,https://www.open-epg.com/files/saudiarabia5.xml
BLACKLIST_ZERO,,openepg,saudiarabia5,AL Nahar Drama.sa,AL Nahar Drama.sa,0,0.0,0.0,,,ZERO_FUTURE_EPG,FALLBACK,https://www.open-epg.com/files/saudiarabia5.xml
BLACKLIST_ZERO,,openepg,saudiarabia5,Al Nahar.sa,Al Nahar.sa,0,0.0,0.0,,,ZERO_FUTURE_EPG,FALLBACK,https://www.open-epg.com/files/saudiarabia5.xml
BLACKLIST_ZERO,,openepg,saudiarabia5,Al Nile.sa,Al Nile.sa,0,0.0,0.0,,,ZERO_FUTURE_EPG,FALLBACK,https://www.open-epg.com/files/saudiarabia5.xml
BLACKLIST_ZERO,,openepg,saudiarabia5,Al Oula HD.sa,Al Oula HD.sa,0,0.0,0.0,,,ZERO_FUTURE_EPG,FALLBACK,https://www.open-epg.com/files/saudiarabia5.xml
BLACKLIST_ZERO,,openepg,saudiarabia5,Al Quran Al Kareem TV HD.sa,Al Quran Al Kareem TV HD.sa,1,0.9,100.0,,,ZERO_FUTURE_EPG,FALLBACK,https://www.open-epg.com/files/saudiarabia5.xml
BLACKLIST_ZERO,,openepg,saudiarabia5,Al Rai.sa,Al Rai.sa,0,0.0,0.0,,,ZERO_FUTURE_EPG,FALLBACK,https://www.open-epg.com/files/saudiarabia5.xml
BLACKLIST_ZERO,,openepg,saudiarabia5,Al Resalah.sa,Al Resalah.sa,0,0.0,0.0,,,ZERO_FUTURE_EPG,FALLBACK,https://www.open-epg.com/files/saudiarabia5.xml
BLACKLIST_ZERO,,openepg,saudiarabia5,Al Saeeda.sa,Al Saeeda.sa,0,0.0,0.0,,,ZERO_FUTURE_EPG,FALLBACK,https://www.open-epg.com/files/saudiarabia5.xml
BLACKLIST_ZERO,,openepg,saudiarabia5,Al Saudiah Now.sa,Al Saudiah Now.sa,0,0.0,0.0,,,ZERO_FUTURE_EPG,FALLBACK,https://www.open-epg.com/files/saudiarabia5.xml
BLACKLIST_ZERO,,openepg,saudiarabia5,Al Sharqiya HD.sa,Al Sharqiya HD.sa,0,0.0,0.0,,,ZERO_FUTURE_EPG,FALLBACK,https://www.open-epg.com/files/saudiarabia5.xml
BLACKLIST_ZERO,,openepg,saudiarabia5,Al Sharqiya News.sa,Al Sharqiya News.sa,0,0.0,0.0,,,ZERO_FUTURE_EPG,FALLBACK,https://www.open-epg.com/files/saudiarabia5.xml
BLACKLIST_ZERO,,openepg,saudiarabia5,Al Sunnah Al Nabawiyah TV HD.sa,Al Sunnah Al Nabawiyah TV HD.sa,0,0.0,0.0,,,ZERO_FUTURE_EPG,FALLBACK,https://www.open-epg.com/files/saudiarabia5.xml
BLACKLIST_ZERO,,openepg,saudiarabia5,Al Watania 1.sa,Al Watania 1.sa,0,0.0,0.0,,,ZERO_FUTURE_EPG,FALLBACK,https://www.open-epg.com/files/saudiarabia5.xml
BLACKLIST_ZERO,,openepg,saudiarabia5,Al Wathaeqya.sa,Al Wathaeqya.sa,0,0.0,0.0,,,ZERO_FUTURE_EPG,FALLBACK,https://www.open-epg.com/files/saudiarabia5.xml
BLACKLIST_ZERO,,openepg,saudiarabia5,Al Wousta from Al Dhaid HD.sa,Al Wousta from Al Dhaid HD.sa,0,0.0,0.0,,,ZERO_FUTURE_EPG,FALLBACK,https://www.open-epg.com/files/saudiarabia5.xml
BLACKLIST_ZERO,,openepg,saudiarabia5,Alfa Khalija't Radio.sa,Alfa Khalija't Radio.sa,0,0.0,0.0,,,ZERO_FUTURE_EPG,FALLBACK,https://www.open-epg.com/files/saudiarabia5.xml
BLACKLIST_ZERO,,openepg,saudiarabia5,Alfa Monawaat Radio.sa,Alfa Monawaat Radio.sa,0,0.0,0.0,,,ZERO_FUTURE_EPG,FALLBACK,https://www.open-epg.com/files/saudiarabia5.xml
BLACKLIST_ZERO,,openepg,saudiarabia5,Alfa Tarabiyat Radio.sa,Alfa Tarabiyat Radio.sa,0,0.0,0.0,,,ZERO_FUTURE_EPG,FALLBACK,https://www.open-epg.com/files/saudiarabia5.xml
BLACKLIST_ZERO,,openepg,saudiarabia5,Alhayat Mosalsalat.sa,Alhayat Mosalsalat.sa,0,0.0,0.0,,,ZERO_FUTURE_EPG,FALLBACK,https://www.open-epg.com/files/saudiarabia5.xml
BLACKLIST_ZERO,,openepg,saudiarabia5,AlHayat.sa,AlHayat.sa,0,0.0,0.0,,,ZERO_FUTURE_EPG,FALLBACK,https://www.open-epg.com/files/saudiarabia5.xml
BLACKLIST_ZERO,,openepg,saudiarabia5,Aliman.sa,Aliman.sa,0,0.0,0.0,,,ZERO_FUTURE_EPG,FALLBACK,https://www.open-epg.com/files/saudiarabia5.xml
BLACKLIST_ZERO,,openepg,saudiarabia5,Almajd Holy Quran.sa,Almajd Holy Quran.sa,0,0.0,0.0,,,ZERO_FUTURE_EPG,FALLBACK,https://www.open-epg.com/files/saudiarabia5.xml
BLACKLIST_ZERO,,openepg,saudiarabia5,AlMamlaka TV.sa,AlMamlaka TV.sa,0,0.0,0.0,,,ZERO_FUTURE_EPG,FALLBACK,https://www.open-epg.com/files/saudiarabia5.xml
BLACKLIST_ZERO,,openepg,saudiarabia5,Altaghier.sa,Altaghier.sa,0,0.0,0.0,,,ZERO_FUTURE_EPG,FALLBACK,https://www.open-epg.com/files/saudiarabia5.xml
BLACKLIST_ZERO,,openepg,saudiarabia5,Althanya.sa,Althanya.sa,0,0.0,0.0,,,ZERO_FUTURE_EPG,FALLBACK,https://www.open-epg.com/files/saudiarabia5.xml
BLACKLIST_ZERO,,openepg,saudiarabia5,Amman TV.sa,Amman TV.sa,0,0.0,0.0,,,ZERO_FUTURE_EPG,FALLBACK,https://www.open-epg.com/files/saudiarabia5.xml
BLACKLIST_ZERO,,openepg,saudiarabia5,ANC.sa,ANC.sa,1,0.9,100.0,,,ZERO_FUTURE_EPG,FALLBACK,https://www.open-epg.com/files/saudiarabia5.xml
BLACKLIST_ZERO,,openepg,saudiarabia5,Arirang TV.sa,Arirang TV.sa,0,0.0,0.0,,,ZERO_FUTURE_EPG,FALLBACK,https://www.open-epg.com/files/saudiarabia5.xml
BLACKLIST_ZERO,,openepg,saudiarabia5,Asharq News.sa,Asharq News.sa,0,0.0,0.0,,,ZERO_FUTURE_EPG,FALLBACK,https://www.open-epg.com/files/saudiarabia5.xml
BLACKLIST_ZERO,,openepg,saudiarabia5,B4U Aflam.sa,B4U Aflam.sa,0,0.0,0.0,,,ZERO_FUTURE_EPG,FALLBACK,https://www.open-epg.com/files/saudiarabia5.xml
BLACKLIST_ZERO,,openepg,saudiarabia5,B4U Plus.sa,B4U Plus.sa,0,0.0,0.0,,,ZERO_FUTURE_EPG,FALLBACK,https://www.open-epg.com/files/saudiarabia5.xml
BLACKLIST_ZERO,,openepg,saudiarabia5,BBC Arabic.sa,BBC Arabic.sa,0,0.0,0.0,,,ZERO_FUTURE_EPG,FALLBACK,https://www.open-epg.com/files/saudiarabia5.xml
BLACKLIST_ZERO,,openepg,saudiarabia5,beIN SPORTS HD.sa,beIN SPORTS HD.sa,0,0.0,0.0,,,ZERO_FUTURE_EPG,FALLBACK,https://www.open-epg.com/files/saudiarabia5.xml
BLACKLIST_ZERO,,openepg,saudiarabia5,beIN SPORTS NEWS.sa,beIN SPORTS NEWS.sa,0,0.0,0.0,,,ZERO_FUTURE_EPG,FALLBACK,https://www.open-epg.com/files/saudiarabia5.xml
BLACKLIST_ZERO,,openepg,saudiarabia5,CBC Drama.sa,CBC Drama.sa,0,0.0,0.0,,,ZERO_FUTURE_EPG,FALLBACK,https://www.open-epg.com/files/saudiarabia5.xml
BLACKLIST_ZERO,,openepg,saudiarabia5,CBC Extra News.sa,CBC Extra News.sa,0,0.0,0.0,,,ZERO_FUTURE_EPG,FALLBACK,https://www.open-epg.com/files/saudiarabia5.xml
BLACKLIST_ZERO,,openepg,saudiarabia5,CBC Sofra.sa,CBC Sofra.sa,0,0.0,0.0,,,ZERO_FUTURE_EPG,FALLBACK,https://www.open-epg.com/files/saudiarabia5.xml
BLACKLIST_ZERO,,openepg,saudiarabia5,CBC.sa,CBC.sa,0,0.0,0.0,,,ZERO_FUTURE_EPG,FALLBACK,https://www.open-epg.com/files/saudiarabia5.xml
BLACKLIST_ZERO,,openepg,saudiarabia5,CGTN Arabic.sa,CGTN Arabic.sa,0,0.0,0.0,,,ZERO_FUTURE_EPG,FALLBACK,https://www.open-epg.com/files/saudiarabia5.xml
BLACKLIST_ZERO,,openepg,saudiarabia5,CGTN.sa,CGTN.sa,0,0.0,0.0,,,ZERO_FUTURE_EPG,FALLBACK,https://www.open-epg.com/files/saudiarabia5.xml
BLACKLIST_ZERO,,openepg,saudiarabia5,Cinema One Global.sa,Cinema One Global.sa,1,0.9,100.0,,,ZERO_FUTURE_EPG,FALLBACK,https://www.open-epg.com/files/saudiarabia5.xml
BLACKLIST_ZERO,,openepg,saudiarabia5,CineMo.sa,CineMo.sa,1,0.9,100.0,,,ZERO_FUTURE_EPG,FALLBACK,https://www.open-epg.com/files/saudiarabia5.xml
BLACKLIST_ZERO,,openepg,saudiarabia5,CNBC Arabia.sa,CNBC Arabia.sa,0,0.0,0.0,,,ZERO_FUTURE_EPG,FALLBACK,https://www.open-epg.com/files/saudiarabia5.xml
BLACKLIST_ZERO,,openepg,saudiarabia5,DMC Drama.sa,DMC Drama.sa,0,0.0,0.0,,,ZERO_FUTURE_EPG,FALLBACK,https://www.open-epg.com/files/saudiarabia5.xml
BLACKLIST_ZERO,,openepg,saudiarabia5,DMC HD.sa,DMC HD.sa,1,0.9,100.0,,,ZERO_FUTURE_EPG,FALLBACK,https://www.open-epg.com/files/saudiarabia5.xml
BLACKLIST_ZERO,,openepg,saudiarabia5,Dubai One HD.sa,Dubai One HD.sa,0,0.0,0.0,,,ZERO_FUTURE_EPG,FALLBACK,https://www.open-epg.com/files/saudiarabia5.xml
BLACKLIST_ZERO,,openepg,saudiarabia5,Dubai Racing 1 HD.sa,Dubai Racing 1 HD.sa,0,0.0,0.0,,,ZERO_FUTURE_EPG,FALLBACK,https://www.open-epg.com/files/saudiarabia5.xml
BLACKLIST_ZERO,,openepg,saudiarabia5,Dubai Racing 2 HD.sa,Dubai Racing 2 HD.sa,0,0.0,0.0,,,ZERO_FUTURE_EPG,FALLBACK,https://www.open-epg.com/files/saudiarabia5.xml
BLACKLIST_ZERO,,openepg,saudiarabia5,Dubai Sports 1 HD.sa,Dubai Sports 1 HD.sa,0,0.0,0.0,,,ZERO_FUTURE_EPG,FALLBACK,https://www.open-epg.com/files/saudiarabia5.xml
BLACKLIST_ZERO,,openepg,saudiarabia5,Dubai Sports 2 HD.sa,Dubai Sports 2 HD.sa,0,0.0,0.0,,,ZERO_FUTURE_EPG,FALLBACK,https://www.open-epg.com/files/saudiarabia5.xml
BLACKLIST_ZERO,,openepg,saudiarabia5,DZMM TeleRadyo.sa,DZMM TeleRadyo.sa,1,0.9,100.0,,,ZERO_FUTURE_EPG,FALLBACK,https://www.open-epg.com/files/saudiarabia5.xml
BLACKLIST_ZERO,,openepg,saudiarabia5,Egypt Channel 1.sa,Egypt Channel 1.sa,0,0.0,0.0,,,ZERO_FUTURE_EPG,FALLBACK,https://www.open-epg.com/files/saudiarabia5.xml
BLACKLIST_ZERO,,openepg,saudiarabia5,El Mehwar Channel.sa,El Mehwar Channel.sa,0,0.0,0.0,,,ZERO_FUTURE_EPG,FALLBACK,https://www.open-epg.com/files/saudiarabia5.xml
BLACKLIST_ZERO,,openepg,saudiarabia5,Ennahar TV.sa,Ennahar TV.sa,0,0.0,0.0,,,ZERO_FUTURE_EPG,FALLBACK,https://www.open-epg.com/files/saudiarabia5.xml
BLACKLIST_ZERO,,openepg,saudiarabia5,France 24 Arabic.sa,France 24 Arabic.sa,0,0.0,0.0,,,ZERO_FUTURE_EPG,FALLBACK,https://www.open-epg.com/files/saudiarabia5.xml
BLACKLIST_ZERO,,openepg,saudiarabia5,France 24 Eng.sa,France 24 Eng.sa,0,0.0,0.0,,,ZERO_FUTURE_EPG,FALLBACK,https://www.open-epg.com/files/saudiarabia5.xml
BLACKLIST_ZERO,,openepg,saudiarabia5,Free TV.sa,Free TV.sa,0,0.0,0.0,,,ZERO_FUTURE_EPG,FALLBACK,https://www.open-epg.com/files/saudiarabia5.xml
BLACKLIST_ZERO,,openepg,saudiarabia5,Fujairah TV HD.sa,Fujairah TV HD.sa,0,0.0,0.0,,,ZERO_FUTURE_EPG,FALLBACK,https://www.open-epg.com/files/saudiarabia5.xml
BLACKLIST_ZERO,,openepg,saudiarabia5,GMA Life TV.sa,GMA Life TV.sa,2,0.9,100.0,,,ZERO_FUTURE_EPG,FALLBACK,https://www.open-epg.com/files/saudiarabia5.xml
BLACKLIST_ZERO,,openepg,saudiarabia5,GMA News TV.sa,GMA News TV.sa,2,0.9,100.0,,,ZERO_FUTURE_EPG,FALLBACK,https://www.open-epg.com/files/saudiarabia5.xml
BLACKLIST_ZERO,,openepg,saudiarabia5,GMA Pinoy TV.sa,GMA Pinoy TV.sa,1,0.9,100.0,,,ZERO_FUTURE_EPG,FALLBACK,https://www.open-epg.com/files/saudiarabia5.xml
BLACKLIST_ZERO,,openepg,saudiarabia5,INews TV HD.sa,INews TV HD.sa,0,0.0,0.0,,,ZERO_FUTURE_EPG,FALLBACK,https://www.open-epg.com/files/saudiarabia5.xml
BLACKLIST_ZERO,,openepg,saudiarabia5,Iqraa.sa,Iqraa.sa,0,0.0,0.0,,,ZERO_FUTURE_EPG,FALLBACK,https://www.open-epg.com/files/saudiarabia5.xml
BLACKLIST_ZERO,,openepg,saudiarabia5,Iraqia Sport HD.sa,Iraqia Sport HD.sa,0,0.0,0.0,,,ZERO_FUTURE_EPG,FALLBACK,https://www.open-epg.com/files/saudiarabia5.xml
BLACKLIST_ZERO,,openepg,saudiarabia5,Jordan Sport HD.sa,Jordan Sport HD.sa,0,0.0,0.0,,,ZERO_FUTURE_EPG,FALLBACK,https://www.open-epg.com/files/saudiarabia5.xml
BLACKLIST_ZERO,,openepg,saudiarabia5,Jordan TV.sa,Jordan TV.sa,0,0.0,0.0,,,ZERO_FUTURE_EPG,FALLBACK,https://www.open-epg.com/files/saudiarabia5.xml
BLACKLIST_ZERO,,openepg,saudiarabia5,Kapatid TV5 International.sa,Kapatid TV5 International.sa,1,0.9,100.0,,,ZERO_FUTURE_EPG,FALLBACK,https://www.open-epg.com/files/saudiarabia5.xml
BLACKLIST_ZERO,,openepg,saudiarabia5,Karameesh.sa,Karameesh.sa,0,0.0,0.0,,,ZERO_FUTURE_EPG,FALLBACK,https://www.open-epg.com/files/saudiarabia5.xml
BLACKLIST_ZERO,,openepg,saudiarabia5,Karma TV.sa,Karma TV.sa,0,0.0,0.0,,,ZERO_FUTURE_EPG,FALLBACK,https://www.open-epg.com/files/saudiarabia5.xml
BLACKLIST_ZERO,,openepg,saudiarabia5,Khartoum TV.sa,Khartoum TV.sa,0,0.0,0.0,,,ZERO_FUTURE_EPG,FALLBACK,https://www.open-epg.com/files/saudiarabia5.xml
BLACKLIST_ZERO,,openepg,saudiarabia5,KSA Sports 2 HD.sa,KSA Sports 2 HD.sa,0,0.0,0.0,,,ZERO_FUTURE_EPG,FALLBACK,https://www.open-epg.com/files/saudiarabia5.xml
BLACKLIST_ZERO,,openepg,saudiarabia5,KSA Sports 3 HD.sa,KSA Sports 3 HD.sa,0,0.0,0.0,,,ZERO_FUTURE_EPG,FALLBACK,https://www.open-epg.com/files/saudiarabia5.xml
BLACKLIST_ZERO,,openepg,saudiarabia5,KTV Channel 2 HD.sa,KTV Channel 2 HD.sa,0,0.0,0.0,,,ZERO_FUTURE_EPG,FALLBACK,https://www.open-epg.com/files/saudiarabia5.xml
BLACKLIST_ZERO,,openepg,saudiarabia5,KTV Sport HD.sa,KTV Sport HD.sa,0,0.0,0.0,,,ZERO_FUTURE_EPG,FALLBACK,https://www.open-epg.com/files/saudiarabia5.xml
BLACKLIST_ZERO,,openepg,saudiarabia5,KTV Sports 2 HD.sa,KTV Sports 2 HD.sa,0,0.0,0.0,,,ZERO_FUTURE_EPG,FALLBACK,https://www.open-epg.com/files/saudiarabia5.xml
BLACKLIST_ZERO,,openepg,saudiarabia5,Kurdistan 24.sa,Kurdistan 24.sa,0,0.0,0.0,,,ZERO_FUTURE_EPG,FALLBACK,https://www.open-epg.com/files/saudiarabia5.xml
BLACKLIST_ZERO,,openepg,saudiarabia5,Kurdistan TV.sa,Kurdistan TV.sa,0,0.0,0.0,,,ZERO_FUTURE_EPG,FALLBACK,https://www.open-epg.com/files/saudiarabia5.xml
BLACKLIST_ZERO,,openepg,saudiarabia5,KurdMax.sa,KurdMax.sa,0,0.0,0.0,,,ZERO_FUTURE_EPG,FALLBACK,https://www.open-epg.com/files/saudiarabia5.xml
BLACKLIST_ZERO,,openepg,saudiarabia5,Libya Al Mustaqbal HD.sa,Libya Al Mustaqbal HD.sa,0,0.0,0.0,,,ZERO_FUTURE_EPG,FALLBACK,https://www.open-epg.com/files/saudiarabia5.xml
BLACKLIST_ZERO,,openepg,saudiarabia5,Majid Kids TV.sa,Majid Kids TV.sa,0,0.0,0.0,,,ZERO_FUTURE_EPG,FALLBACK,https://www.open-epg.com/files/saudiarabia5.xml
BLACKLIST_ZERO,,openepg,saudiarabia5,Marina TV.sa,Marina TV.sa,0,0.0,0.0,,,ZERO_FUTURE_EPG,FALLBACK,https://www.open-epg.com/files/saudiarabia5.xml
BLACKLIST_ZERO,,openepg,saudiarabia5,Mazzika.sa,Mazzika.sa,0,0.0,0.0,,,ZERO_FUTURE_EPG,FALLBACK,https://www.open-epg.com/files/saudiarabia5.xml
BLACKLIST_ZERO,,openepg,saudiarabia5,MBC 2.sa,MBC 2.sa,0,0.0,0.0,,,ZERO_FUTURE_EPG,FALLBACK,https://www.open-epg.com/files/saudiarabia5.xml
BLACKLIST_ZERO,,openepg,saudiarabia5,MBC 4.sa,MBC 4.sa,0,0.0,0.0,,,ZERO_FUTURE_EPG,FALLBACK,https://www.open-epg.com/files/saudiarabia5.xml
BLACKLIST_ZERO,,openepg,saudiarabia5,MBC Action.sa,MBC Action.sa,0,0.0,0.0,,,ZERO_FUTURE_EPG,FALLBACK,https://www.open-epg.com/files/saudiarabia5.xml
BLACKLIST_ZERO,,openepg,saudiarabia5,MBC Bollywood.sa,MBC Bollywood.sa,0,0.0,0.0,,,ZERO_FUTURE_EPG,FALLBACK,https://www.open-epg.com/files/saudiarabia5.xml
BLACKLIST_ZERO,,openepg,saudiarabia5,MBC Iraq.sa,MBC Iraq.sa,2,0.9,100.0,,,ZERO_FUTURE_EPG,FALLBACK,https://www.open-epg.com/files/saudiarabia5.xml
BLACKLIST_ZERO,,openepg,saudiarabia5,MBC Masr.sa,MBC Masr.sa,1,0.9,100.0,,,ZERO_FUTURE_EPG,FALLBACK,https://www.open-epg.com/files/saudiarabia5.xml
BLACKLIST_ZERO,,openepg,saudiarabia5,MBC Masr2.sa,MBC Masr2.sa,2,0.9,100.0,,,ZERO_FUTURE_EPG,FALLBACK,https://www.open-epg.com/files/saudiarabia5.xml
BLACKLIST_ZERO,,openepg,saudiarabia5,Mix One.sa,Mix One.sa,0,0.0,0.0,,,ZERO_FUTURE_EPG,FALLBACK,https://www.open-epg.com/files/saudiarabia5.xml
BLACKLIST_ZERO,,openepg,saudiarabia5,MOR Global Radio.sa,MOR Global Radio.sa,1,0.9,100.0,,,ZERO_FUTURE_EPG,FALLBACK,https://www.open-epg.com/files/saudiarabia5.xml
BLACKLIST_ZERO,,openepg,saudiarabia5,Musawa.sa,Musawa.sa,0,0.0,0.0,,,ZERO_FUTURE_EPG,FALLBACK,https://www.open-epg.com/files/saudiarabia5.xml
BLACKLIST_ZERO,,openepg,saudiarabia5,Myx.sa,Myx.sa,1,0.9,100.0,,,ZERO_FUTURE_EPG,FALLBACK,https://www.open-epg.com/files/saudiarabia5.xml
BLACKLIST_ZERO,,openepg,saudiarabia5,Nat Geo AD HD.sa,Nat Geo AD HD.sa,0,0.0,0.0,,,ZERO_FUTURE_EPG,FALLBACK,https://www.open-epg.com/files/saudiarabia5.xml
BLACKLIST_ZERO,,openepg,saudiarabia5,NHK World Japan.sa,NHK World Japan.sa,0,0.0,0.0,,,ZERO_FUTURE_EPG,FALLBACK,https://www.open-epg.com/files/saudiarabia5.xml
BLACKLIST_ZERO,,openepg,saudiarabia5,Nile Cinema.sa,Nile Cinema.sa,0,0.0,0.0,,,ZERO_FUTURE_EPG,FALLBACK,https://www.open-epg.com/files/saudiarabia5.xml
BLACKLIST_ZERO,,openepg,saudiarabia5,Nile Comedy.sa,Nile Comedy.sa,0,0.0,0.0,,,ZERO_FUTURE_EPG,FALLBACK,https://www.open-epg.com/files/saudiarabia5.xml
BLACKLIST_ZERO,,openepg,saudiarabia5,Nile Culture.sa,Nile Culture.sa,0,0.0,0.0,,,ZERO_FUTURE_EPG,FALLBACK,https://www.open-epg.com/files/saudiarabia5.xml
BLACKLIST_ZERO,,openepg,saudiarabia5,Nile Drama.sa,Nile Drama.sa,0,0.0,0.0,,,ZERO_FUTURE_EPG,FALLBACK,https://www.open-epg.com/files/saudiarabia5.xml
BLACKLIST_ZERO,,openepg,saudiarabia5,Nile Live.sa,Nile Live.sa,0,0.0,0.0,,,ZERO_FUTURE_EPG,FALLBACK,https://www.open-epg.com/files/saudiarabia5.xml
BLACKLIST_ZERO,,openepg,saudiarabia5,Nile Sport.sa,Nile Sport.sa,0,0.0,0.0,,,ZERO_FUTURE_EPG,FALLBACK,https://www.open-epg.com/files/saudiarabia5.xml
BLACKLIST_ZERO,,openepg,saudiarabia5,Nile TV International.sa,Nile TV International.sa,0,0.0,0.0,,,ZERO_FUTURE_EPG,FALLBACK,https://www.open-epg.com/files/saudiarabia5.xml
BLACKLIST_ZERO,,openepg,saudiarabia5,Noor Dubai.sa,Noor Dubai.sa,0,0.0,0.0,,,ZERO_FUTURE_EPG,FALLBACK,https://www.open-epg.com/files/saudiarabia5.xml
BLACKLIST_ZERO,,openepg,saudiarabia5,NourSat.sa,NourSat.sa,0,0.0,0.0,,,ZERO_FUTURE_EPG,FALLBACK,https://www.open-epg.com/files/saudiarabia5.xml
BLACKLIST_ZERO,,openepg,saudiarabia5,Oman TV Culture HD.sa,Oman TV Culture HD.sa,0,0.0,0.0,,,ZERO_FUTURE_EPG,FALLBACK,https://www.open-epg.com/files/saudiarabia5.xml
BLACKLIST_ZERO,,openepg,saudiarabia5,Oman TV Mubashir.sa,Oman TV Mubashir.sa,2,0.9,100.0,,,ZERO_FUTURE_EPG,FALLBACK,https://www.open-epg.com/files/saudiarabia5.xml
BLACKLIST_ZERO,,openepg,saudiarabia5,Oman TV Sport.sa,Oman TV Sport.sa,1,0.9,100.0,,,ZERO_FUTURE_EPG,FALLBACK,https://www.open-epg.com/files/saudiarabia5.xml
BLACKLIST_ZERO,,openepg,saudiarabia5,ON Drama.sa,ON Drama.sa,0,0.0,0.0,,,ZERO_FUTURE_EPG,FALLBACK,https://www.open-epg.com/files/saudiarabia5.xml
BLACKLIST_ZERO,,openepg,saudiarabia5,ON E HD.sa,ON E HD.sa,0,0.0,0.0,,,ZERO_FUTURE_EPG,FALLBACK,https://www.open-epg.com/files/saudiarabia5.xml
BLACKLIST_ZERO,,openepg,saudiarabia5,ON Sport 2.sa,ON Sport 2.sa,0,0.0,0.0,,,ZERO_FUTURE_EPG,FALLBACK,https://www.open-epg.com/files/saudiarabia5.xml
BLACKLIST_ZERO,,openepg,saudiarabia5,ON Sport HD.sa,ON Sport HD.sa,0,0.0,0.0,,,ZERO_FUTURE_EPG,FALLBACK,https://www.open-epg.com/files/saudiarabia5.xml
BLACKLIST_ZERO,,openepg,saudiarabia5,OSNtv.sa,OSNtv.sa,0,0.0,0.0,,,ZERO_FUTURE_EPG,FALLBACK,https://www.open-epg.com/files/saudiarabia5.xml
BLACKLIST_ZERO,,openepg,saudiarabia5,Palestinian Channel.sa,Palestinian Channel.sa,0,0.0,0.0,,,ZERO_FUTURE_EPG,FALLBACK,https://www.open-epg.com/files/saudiarabia5.xml
BLACKLIST_ZERO,,openepg,saudiarabia5,Panorama Drama.sa,Panorama Drama.sa,0,0.0,0.0,,,ZERO_FUTURE_EPG,FALLBACK,https://www.open-epg.com/files/saudiarabia5.xml
BLACKLIST_ZERO,,openepg,saudiarabia5,Payam TV.sa,Payam TV.sa,0,0.0,0.0,,,ZERO_FUTURE_EPG,FALLBACK,https://www.open-epg.com/files/saudiarabia5.xml
BLACKLIST_ZERO,,openepg,saudiarabia5,Rotana Cinema.sa,Rotana Cinema.sa,0,0.0,0.0,,,ZERO_FUTURE_EPG,FALLBACK,https://www.open-epg.com/files/saudiarabia5.xml
BLACKLIST_ZERO,,openepg,saudiarabia5,Rotana Classic.sa,Rotana Classic.sa,0,0.0,0.0,,,ZERO_FUTURE_EPG,FALLBACK,https://www.open-epg.com/files/saudiarabia5.xml
BLACKLIST_ZERO,,openepg,saudiarabia5,Rotana Clip.sa,Rotana Clip.sa,0,0.0,0.0,,,ZERO_FUTURE_EPG,FALLBACK,https://www.open-epg.com/files/saudiarabia5.xml
BLACKLIST_ZERO,,openepg,saudiarabia5,Rotana Drama.sa,Rotana Drama.sa,0,0.0,0.0,,,ZERO_FUTURE_EPG,FALLBACK,https://www.open-epg.com/files/saudiarabia5.xml
BLACKLIST_ZERO,,openepg,saudiarabia5,Rotana Khalijia.sa,Rotana Khalijia.sa,0,0.0,0.0,,,ZERO_FUTURE_EPG,FALLBACK,https://www.open-epg.com/files/saudiarabia5.xml
BLACKLIST_ZERO,,openepg,saudiarabia5,Rotana Music.sa,Rotana Music.sa,0,0.0,0.0,,,ZERO_FUTURE_EPG,FALLBACK,https://www.open-epg.com/files/saudiarabia5.xml
BLACKLIST_ZERO,,openepg,saudiarabia5,Rudaw TV.sa,Rudaw TV.sa,0,0.0,0.0,,,ZERO_FUTURE_EPG,FALLBACK,https://www.open-epg.com/files/saudiarabia5.xml
BLACKLIST_ZERO,,openepg,saudiarabia5,Sada Al Balad.sa,Sada Al Balad.sa,0,0.0,0.0,,,ZERO_FUTURE_EPG,FALLBACK,https://www.open-epg.com/files/saudiarabia5.xml
BLACKLIST_ZERO,,openepg,saudiarabia5,Sama Dubai HD.sa,Sama Dubai HD.sa,0,0.0,0.0,,,ZERO_FUTURE_EPG,FALLBACK,https://www.open-epg.com/files/saudiarabia5.xml
BLACKLIST_ZERO,,openepg,saudiarabia5,Sat 7 Kids.sa,Sat 7 Kids.sa,0,0.0,0.0,,,ZERO_FUTURE_EPG,FALLBACK,https://www.open-epg.com/files/saudiarabia5.xml
BLACKLIST_ZERO,,openepg,saudiarabia5,Sat 7.sa,Sat 7.sa,0,0.0,0.0,,,ZERO_FUTURE_EPG,FALLBACK,https://www.open-epg.com/files/saudiarabia5.xml
BLACKLIST_ZERO,,openepg,saudiarabia5,SBC HD.sa,SBC HD.sa,0,0.0,0.0,,,ZERO_FUTURE_EPG,FALLBACK,https://www.open-epg.com/files/saudiarabia5.xml
BLACKLIST_ZERO,,openepg,saudiarabia5,Shams.sa,Shams.sa,0,0.0,0.0,,,ZERO_FUTURE_EPG,FALLBACK,https://www.open-epg.com/files/saudiarabia5.xml
BLACKLIST_ZERO,,openepg,saudiarabia5,Sharjah Quran.sa,Sharjah Quran.sa,0,0.0,0.0,,,ZERO_FUTURE_EPG,FALLBACK,https://www.open-epg.com/files/saudiarabia5.xml
BLACKLIST_ZERO,,openepg,saudiarabia5,Sharjah Radio.sa,Sharjah Radio.sa,0,0.0,0.0,,,ZERO_FUTURE_EPG,FALLBACK,https://www.open-epg.com/files/saudiarabia5.xml
BLACKLIST_ZERO,,openepg,saudiarabia5,Sharjah Sport HD.sa,Sharjah Sport HD.sa,0,0.0,0.0,,,ZERO_FUTURE_EPG,FALLBACK,https://www.open-epg.com/files/saudiarabia5.xml
BLACKLIST_ZERO,,openepg,saudiarabia5,Sharjah TV HD.sa,Sharjah TV HD.sa,0,0.0,0.0,,,ZERO_FUTURE_EPG,FALLBACK,https://www.open-epg.com/files/saudiarabia5.xml
BLACKLIST_ZERO,,openepg,saudiarabia5,Sharqiya from Kalba HD.sa,Sharqiya from Kalba HD.sa,0,0.0,0.0,,,ZERO_FUTURE_EPG,FALLBACK,https://www.open-epg.com/files/saudiarabia5.xml
BLACKLIST_ZERO,,openepg,saudiarabia5,Sky News Arabia.sa,Sky News Arabia.sa,0,0.0,0.0,,,ZERO_FUTURE_EPG,FALLBACK,https://www.open-epg.com/files/saudiarabia5.xml
BLACKLIST_ZERO,,openepg,saudiarabia5,Spacetoon Arabic.sa,Spacetoon Arabic.sa,0,0.0,0.0,,,ZERO_FUTURE_EPG,FALLBACK,https://www.open-epg.com/files/saudiarabia5.xml
BLACKLIST_ZERO,,openepg,saudiarabia5,Syria Drama.sa,Syria Drama.sa,0,0.0,0.0,,,ZERO_FUTURE_EPG,FALLBACK,https://www.open-epg.com/files/saudiarabia5.xml
BLACKLIST_ZERO,,openepg,saudiarabia5,Syria News.sa,Syria News.sa,0,0.0,0.0,,,ZERO_FUTURE_EPG,FALLBACK,https://www.open-epg.com/files/saudiarabia5.xml
BLACKLIST_ZERO,,openepg,saudiarabia5,Syria TV.sa,Syria TV.sa,0,0.0,0.0,,,ZERO_FUTURE_EPG,FALLBACK,https://www.open-epg.com/files/saudiarabia5.xml
BLACKLIST_ZERO,,openepg,saudiarabia5,Taha.sa,Taha.sa,0,0.0,0.0,,,ZERO_FUTURE_EPG,FALLBACK,https://www.open-epg.com/files/saudiarabia5.xml
BLACKLIST_ZERO,,openepg,saudiarabia5,TeN.sa,TeN.sa,0,0.0,0.0,,,ZERO_FUTURE_EPG,FALLBACK,https://www.open-epg.com/files/saudiarabia5.xml
BLACKLIST_ZERO,,openepg,saudiarabia5,TFC HD.sa,TFC HD.sa,1,0.9,100.0,,,ZERO_FUTURE_EPG,FALLBACK,https://www.open-epg.com/files/saudiarabia5.xml
BLACKLIST_ZERO,,openepg,saudiarabia5,Thekrayat HD.sa,Thekrayat HD.sa,0,0.0,0.0,,,ZERO_FUTURE_EPG,FALLBACK,https://www.open-epg.com/files/saudiarabia5.xml
BLACKLIST_ZERO,,openepg,saudiarabia5,Tunisia Al Wataniya 2.sa,Tunisia Al Wataniya 2.sa,0,0.0,0.0,,,ZERO_FUTURE_EPG,FALLBACK,https://www.open-epg.com/files/saudiarabia5.xml
BLACKLIST_ZERO,,openepg,saudiarabia5,TV 5 Monde Maghreb.sa,TV 5 Monde Maghreb.sa,0,0.0,0.0,,,ZERO_FUTURE_EPG,FALLBACK,https://www.open-epg.com/files/saudiarabia5.xml
BLACKLIST_ZERO,,openepg,saudiarabia5,TVRI World.sa,TVRI World.sa,0,0.0,0.0,,,ZERO_FUTURE_EPG,FALLBACK,https://www.open-epg.com/files/saudiarabia5.xml
BLACKLIST_ZERO,,openepg,saudiarabia5,YAS Sports HD.sa,YAS Sports HD.sa,0,0.0,0.0,,,ZERO_FUTURE_EPG,FALLBACK,https://www.open-epg.com/files/saudiarabia5.xml
BLACKLIST_ZERO,,openepg,saudiarabia5,Yemen TV.sa,Yemen TV.sa,0,0.0,0.0,,,ZERO_FUTURE_EPG,FALLBACK,https://www.open-epg.com/files/saudiarabia5.xml
BLACKLIST_ZERO,,openepg,saudiarabia5,Zagros TV.sa,Zagros TV.sa,0,0.0,0.0,,,ZERO_FUTURE_EPG,FALLBACK,https://www.open-epg.com/files/saudiarabia5.xml
BLACKLIST_ZERO,,openepg,saudiarabia5,Zee Aflam.sa,Zee Aflam.sa,0,0.0,0.0,,,ZERO_FUTURE_EPG,FALLBACK,https://www.open-epg.com/files/saudiarabia5.xml
BLACKLIST_ZERO,,openepg,saudiarabia5,Zee Alwan.sa,Zee Alwan.sa,0,0.0,0.0,,,ZERO_FUTURE_EPG,FALLBACK,https://www.open-epg.com/files/saudiarabia5.xml
BLACKLIST_ZERO,,openepg,uae6,Big Time Plus.ae,Big Time Plus.ae,0,0.0,0.0,,,ZERO_FUTURE_EPG,FALLBACK,https://www.open-epg.com/files/uae6.xml
BLACKLIST_ZERO,,openepg,uae6,BIG TIME.ae,BIG TIME.ae,0,0.0,0.0,,,ZERO_FUTURE_EPG,FALLBACK,https://www.open-epg.com/files/uae6.xml
BLACKLIST_ZERO,,openepg,uae6,Panorama FM.ae,Panorama FM.ae,0,0.0,0.0,,,ZERO_FUTURE_EPG,FALLBACK,https://www.open-epg.com/files/uae6.xml
BLACKLIST_ZERO,,openepg,uae6,Red Bull TV.ae,Red Bull TV.ae,0,0.0,0.0,,,ZERO_FUTURE_EPG,FALLBACK,https://www.open-epg.com/files/uae6.xml
BLACKLIST_ZERO,,openepg,uae6,SBC.ae,SBC.ae,0,0.0,0.0,,,ZERO_FUTURE_EPG,FALLBACK,https://www.open-epg.com/files/uae6.xml
BLACKLIST_ZERO,,openepg,uae6,SSC Extra 1 HD.ae,SSC Extra 1 HD.ae,0,0.0,0.0,,,ZERO_FUTURE_EPG,FALLBACK,https://www.open-epg.com/files/uae6.xml
BLACKLIST_ZERO,,openepg,uae6,SSC Extra 2 HD.ae,SSC Extra 2 HD.ae,0,0.0,0.0,,,ZERO_FUTURE_EPG,FALLBACK,https://www.open-epg.com/files/uae6.xml
BLACKLIST_ZERO,,openepg,uae6,SSC Extra 3 HD.ae,SSC Extra 3 HD.ae,0,0.0,0.0,,,ZERO_FUTURE_EPG,FALLBACK,https://www.open-epg.com/files/uae6.xml
BLACKLIST_ZERO,,openepg,uae6,SSC News.ae,SSC News.ae,0,0.0,0.0,,,ZERO_FUTURE_EPG,FALLBACK,https://www.open-epg.com/files/uae6.xml
BLACKLIST_ZERO,,openepg,uae6,SSC1 HD.ae,SSC1 HD.ae,0,0.0,0.0,,,ZERO_FUTURE_EPG,FALLBACK,https://www.open-epg.com/files/uae6.xml
BLACKLIST_ZERO,,openepg,uae6,SSC2 HD.ae,SSC2 HD.ae,0,0.0,0.0,,,ZERO_FUTURE_EPG,FALLBACK,https://www.open-epg.com/files/uae6.xml
BLACKLIST_ZERO,,openepg,uae6,SSC3 HD.ae,SSC3 HD.ae,0,0.0,0.0,,,ZERO_FUTURE_EPG,FALLBACK,https://www.open-epg.com/files/uae6.xml
BLACKLIST_ZERO,,openepg,uae6,SSC4 HD.ae,SSC4 HD.ae,0,0.0,0.0,,,ZERO_FUTURE_EPG,FALLBACK,https://www.open-epg.com/files/uae6.xml
BLACKLIST_ZERO,,openepg,uae6,SSC5 HD.ae,SSC5 HD.ae,0,0.0,0.0,,,ZERO_FUTURE_EPG,FALLBACK,https://www.open-epg.com/files/uae6.xml
BLACKLIST_ZERO,,openepg,uae6,Top Chef Channel.ae,Top Chef Channel.ae,0,0.0,0.0,,,ZERO_FUTURE_EPG,FALLBACK,https://www.open-epg.com/files/uae6.xml
BLACKLIST_ZERO,,openepg,uae6,إذاعة خزامى.ae,إذاعة خزامى.ae,0,0.0,0.0,,,ZERO_FUTURE_EPG,FALLBACK,https://www.open-epg.com/files/uae6.xml
BLACKLIST_ZERO,,openepg,uae6,الإخبارية.ae,الإخبارية.ae,0,0.0,0.0,,,ZERO_FUTURE_EPG,FALLBACK,https://www.open-epg.com/files/uae6.xml
BLACKLIST_ZERO,,openepg,uae6,الثقافية.ae,الثقافية.ae,0,0.0,0.0,,,ZERO_FUTURE_EPG,FALLBACK,https://www.open-epg.com/files/uae6.xml
BLACKLIST_ZERO,,openepg,uae6,السعودية الآن.ae,السعودية الآن.ae,0,0.0,0.0,,,ZERO_FUTURE_EPG,FALLBACK,https://www.open-epg.com/files/uae6.xml
BLACKLIST_ZERO,,openepg,uae6,السعودية.ae,السعودية.ae,0,0.0,0.0,,,ZERO_FUTURE_EPG,FALLBACK,https://www.open-epg.com/files/uae6.xml
BLACKLIST_ZERO,,openepg,uae6,السنة النبوية.ae,السنة النبوية.ae,0,0.0,0.0,,,ZERO_FUTURE_EPG,FALLBACK,https://www.open-epg.com/files/uae6.xml
BLACKLIST_ZERO,,openepg,uae6,الصدمة.ae,الصدمة.ae,0,0.0,0.0,,,ZERO_FUTURE_EPG,FALLBACK,https://www.open-epg.com/files/uae6.xml
BLACKLIST_ZERO,,openepg,uae6,القرآن الكريم.ae,القرآن الكريم.ae,0,0.0,0.0,,,ZERO_FUTURE_EPG,FALLBACK,https://www.open-epg.com/files/uae6.xml
BLACKLIST_ZERO,,openepg,uae6,بداية.ae,بداية.ae,0,0.0,0.0,,,ZERO_FUTURE_EPG,FALLBACK,https://www.open-epg.com/files/uae6.xml
BLACKLIST_ZERO,,openepg,uae6,ذكريات.ae,ذكريات.ae,0,0.0,0.0,,,ZERO_FUTURE_EPG,FALLBACK,https://www.open-epg.com/files/uae6.xml
BLACKLIST_ZERO,,openepg,uae6,رامز.ae,رامز.ae,0,0.0,0.0,,,ZERO_FUTURE_EPG,FALLBACK,https://www.open-epg.com/files/uae6.xml
BLACKLIST_ZERO,,openepg,uae6,طرب.ae,طرب.ae,0,0.0,0.0,,,ZERO_FUTURE_EPG,FALLBACK,https://www.open-epg.com/files/uae6.xml
BLACKLIST_ZERO,,openepg,uae6,عبدالمجيد عبدالله.ae,عبدالمجيد عبدالله.ae,0,0.0,0.0,,,ZERO_FUTURE_EPG,FALLBACK,https://www.open-epg.com/files/uae6.xml
BLACKLIST_ZERO,,openepg,uae6,قناة ستوديو.ae,قناة ستوديو.ae,0,0.0,0.0,,,ZERO_FUTURE_EPG,FALLBACK,https://www.open-epg.com/files/uae6.xml
BLACKLIST_ZERO,,openepg,uae6,قناة سكة سفر.ae,قناة سكة سفر.ae,0,0.0,0.0,,,ZERO_FUTURE_EPG,FALLBACK,https://www.open-epg.com/files/uae6.xml
BLACKLIST_ZERO,,openepg,uae6,قناة سيلفي.ae,قناة سيلفي.ae,0,0.0,0.0,,,ZERO_FUTURE_EPG,FALLBACK,https://www.open-epg.com/files/uae6.xml
BLACKLIST_ZERO,,openepg,uae6,قناة سين.ae,قناة سين.ae,0,0.0,0.0,,,ZERO_FUTURE_EPG,FALLBACK,https://www.open-epg.com/files/uae6.xml
BLACKLIST_ZERO,,openepg,uae6,ماجد المهندس.ae,ماجد المهندس.ae,0,0.0,0.0,,,ZERO_FUTURE_EPG,FALLBACK,https://www.open-epg.com/files/uae6.xml
BLACKLIST_ZERO,,openepg,uae6,محمد عبده.ae,محمد عبده.ae,0,0.0,0.0,,,ZERO_FUTURE_EPG,FALLBACK,https://www.open-epg.com/files/uae6.xml
BLACKLIST_ZERO,,openepg,uae6,من الجو.ae,من الجو.ae,0,0.0,0.0,,,ZERO_FUTURE_EPG,FALLBACK,https://www.open-epg.com/files/uae6.xml
BLACKLIST_ZERO,,openepg,uae6,وناسه.ae,وناسه.ae,0,0.0,0.0,,,ZERO_FUTURE_EPG,FALLBACK,https://www.open-epg.com/files/uae6.xml
COMPARE_ONLY,MENA,official,artonline,ART Aflam 1,official.art.aflam1,0,0.0,0.0,,,Discovery source awaiting validation,COMPARE_ONLY,https://www.artonline.tv/guide
COMPARE_ONLY,MENA,official,artonline,ART Aflam 2,official.art.aflam2,0,0.0,0.0,,,Discovery source awaiting validation,COMPARE_ONLY,https://www.artonline.tv/guide
COMPARE_ONLY,MENA,official,artonline,ART Cinema,official.art.cinema,0,0.0,0.0,,,Discovery source awaiting validation,COMPARE_ONLY,https://www.artonline.tv/guide
COMPARE_ONLY,MENA,official,artonline,ART Hekayat,official.art.hekayat,0,0.0,0.0,,,Discovery source awaiting validation,COMPARE_ONLY,https://www.artonline.tv/guide
COMPARE_ONLY,MENA,official,artonline,ART Hekayat 2,official.art.hekayat2,0,0.0,0.0,,,Discovery source awaiting validation,COMPARE_ONLY,https://www.artonline.tv/guide
COMPARE_ONLY,Egypt,official,maspero,Maspero Channel 1 / القناة الأولى,maspero.egypt.channel1,0,0.0,0.0,,,Discovery source awaiting validation,COMPARE_ONLY,https://www.maspero.eg/stream/2
COMPARE_ONLY,Egypt,official,maspero,Maspero Channel 2 / القناة الثانية,maspero.egypt.channel2,0,0.0,0.0,,,Discovery source awaiting validation,COMPARE_ONLY,https://www.maspero.eg/stream/3
COMPARE_ONLY,Palestine,official,pbc,Musawa / مساواة,official.palestine.musawa,0,0.0,0.0,,,Discovery source awaiting validation,COMPARE_ONLY,https://www.pbc.ps/musawa/
COMPARE_ONLY,Palestine,official,pbc,Palestine Mubasher / فلسطين مباشر,official.palestine.mubasher,0,0.0,0.0,,,Discovery source awaiting validation,COMPARE_ONLY,https://www.pbc.ps/palestinemubasherchannel/
COMPARE_ONLY,Palestine,official,pbc,Palestine TV,official.palestine.tv,0,0.0,0.0,,,Discovery source awaiting validation,COMPARE_ONLY,https://www.pbc.ps/live/
COMPARE_ONLY,MENA,official,rotana,Al Resalah,official.rotana.resalah,0,0.0,0.0,,,Discovery source awaiting validation,COMPARE_ONLY,https://www.rotana.net/tv/channels
COMPARE_ONLY,MENA,official,rotana,LBC,official.rotana.lbc,94,111.8,0.0,,,Discovery source awaiting validation,COMPARE_ONLY,https://www.rotana.net/tv/channels
COMPARE_ONLY,MENA,official,rotana,Rotana Cinema Egypt,official.rotana.cinema.egypt,57,108.8,0.0,,,Discovery source awaiting validation,COMPARE_ONLY,https://www.rotana.net/tv/channels
COMPARE_ONLY,MENA,official,rotana,Rotana Cinema KSA,official.rotana.cinema.ksa,56,107.8,0.0,,,Discovery source awaiting validation,COMPARE_ONLY,https://www.rotana.net/tv/channels
COMPARE_ONLY,MENA,official,rotana,Rotana Classic,official.rotana.classic,79,112.3,0.0,,,Discovery source awaiting validation,COMPARE_ONLY,https://www.rotana.net/tv/channels
COMPARE_ONLY,MENA,official,rotana,Rotana Clip,official.rotana.clip,0,0.0,0.0,,,Discovery source awaiting validation,COMPARE_ONLY,https://www.rotana.net/tv/channels
COMPARE_ONLY,MENA,official,rotana,Rotana Comedy,official.rotana.comedy,57,133.8,0.0,,,Discovery source awaiting validation,COMPARE_ONLY,https://www.rotana.net/tv/channels
COMPARE_ONLY,MENA,official,rotana,Rotana Drama,official.rotana.drama,110,110.8,0.0,,,Discovery source awaiting validation,COMPARE_ONLY,https://www.rotana.net/tv/channels
COMPARE_ONLY,MENA,official,rotana,Rotana Khalijia,official.rotana.khalijia,113,110.3,0.0,,,Discovery source awaiting validation,COMPARE_ONLY,https://www.rotana.net/tv/channels
COMPARE_ONLY,MENA,official,rotana,Rotana Music,official.rotana.music,0,0.0,0.0,,,Discovery source awaiting validation,COMPARE_ONLY,https://www.rotana.net/tv/channels
COMPARE_ONLY,Yemen,official,yementv,Yemen TV / قناة اليمن,official.yemen.tv,0,0.0,0.0,,,Discovery source awaiting validation,COMPARE_ONLY,https://yementv.tv/live
COMPARE_ONLY,MENA,shahid,public-livestream-discovery,Al Arabiya,shahid.livechannel.387286,0,0.0,0.0,,,Discovery source awaiting validation,COMPARE_ONLY,https://shahid.mbc.net/en/livestream/al-arabiya/livechannel-387286
COMPARE_ONLY,MENA,shahid,public-livestream-discovery,Boq’at Daw’ Channel,shahid.livechannel.49924010545146,0,0.0,0.0,,,Discovery source awaiting validation,COMPARE_ONLY,https://shahid.mbc.net/en/livestream/boq’at-daw’-channel/livechannel-49924010545146
COMPARE_ONLY,MENA,shahid,public-livestream-discovery,MBC Drama,shahid.livechannel.816781,0,0.0,0.0,,,Discovery source awaiting validation,COMPARE_ONLY,https://shahid.mbc.net/en/livestream/mbc-drama/livechannel-816781
COMPARE_ONLY,MENA,shahid,public-livestream-discovery,MBC Masr,shahid.livechannel.816776,0,0.0,0.0,,,Discovery source awaiting validation,COMPARE_ONLY,https://shahid.mbc.net/en/livestream/mbc-masr/livechannel-816776
COMPARE_ONLY,MENA,shahid,public-livestream-discovery,MBC1,shahid.livechannel.816764,0,0.0,0.0,,,Discovery source awaiting validation,COMPARE_ONLY,https://shahid.mbc.net/en/livestream/MBC1/livechannel-816764
DIRECT_COVERED,,openepg,egypt1,آي فيلم.eg,آي فيلم.eg,25,27.9,100.0,,elcinema.xml.gz:iFilmArabic.ir@SD,Already covered by healthy direct feed,FALLBACK,https://www.open-epg.com/files/egypt1.xml
DIRECT_COVERED,,openepg,egypt1,أون إي.eg,أون إي.eg,16,20.4,37.5,,elcinema.xml.gz:OnE.eg@SD,Already covered by healthy direct feed,FALLBACK,https://www.open-epg.com/files/egypt1.xml
DIRECT_COVERED,,openepg,egypt1,أون دراما.eg,أون دراما.eg,21,20.9,100.0,,elcinema.xml.gz:OnDrama.eg@SD,Already covered by healthy direct feed,FALLBACK,https://www.open-epg.com/files/egypt1.xml
DIRECT_COVERED,,openepg,egypt1,إل بي سي آي.eg,إل بي سي آي.eg,29,27.9,34.5,,elcinema.xml.gz:LBCInternational.lb@SD,Already covered by healthy direct feed,FALLBACK,https://www.open-epg.com/files/egypt1.xml
DIRECT_COVERED,,openepg,egypt1,إل بي سي.eg,إل بي سي.eg,23,27.9,73.9,,elcinema.xml.gz:LBC.sa@SD,Already covered by healthy direct feed,FALLBACK,https://www.open-epg.com/files/egypt1.xml
DIRECT_COVERED,,openepg,egypt1,إم تي في.eg,إم تي في.eg,25,21.4,32.0,,elcinema.xml.gz:MTV.lb@SD,Already covered by healthy direct feed,FALLBACK,https://www.open-epg.com/files/egypt1.xml
DIRECT_COVERED,,openepg,egypt1,ال تي في.eg,ال تي في.eg,28,27.9,78.6,,elcinema.xml.gz:LanaTV.lb@SD,Already covered by healthy direct feed,FALLBACK,https://www.open-epg.com/files/egypt1.xml
DIRECT_COVERED,,openepg,egypt1,الثانية.eg,الثانية.eg,21,20.9,61.9,,elcinema.xml.gz:Althania.sy@SD,Already covered by healthy direct feed,FALLBACK,https://www.open-epg.com/files/egypt1.xml
DIRECT_COVERED,,openepg,egypt1,الجديد.eg,الجديد.eg,29,27.9,17.2,,elcinema.xml.gz:AlJadeed.lb@SD,Already covered by healthy direct feed,FALLBACK,https://www.open-epg.com/files/egypt1.xml
DIRECT_COVERED,,openepg,egypt1,الحياة.eg,الحياة.eg,24,28.9,33.3,,elcinema.xml.gz:AlhayatTV.eg@SD,Already covered by healthy direct feed,FALLBACK,https://www.open-epg.com/files/egypt1.xml
DIRECT_COVERED,,openepg,egypt1,الرشيد.eg,الرشيد.eg,29,27.9,0.0,,elcinema.xml.gz:AlRasheedTV.iq@SD,Already covered by healthy direct feed,FALLBACK,https://www.open-epg.com/files/egypt1.xml
DIRECT_COVERED,,openepg,egypt1,السعودية.eg,السعودية.eg,38,27.9,52.6,,elcinema.xml.gz:AlSaudiya.sa@SD,Already covered by healthy direct feed,FALLBACK,https://www.open-epg.com/files/egypt1.xml
DIRECT_COVERED,,openepg,egypt1,السعيدة.eg,السعيدة.eg,31,27.9,25.8,,elcinema.xml.gz:AlSaeedah.eg@SD,Already covered by healthy direct feed,FALLBACK,https://www.open-epg.com/files/egypt1.xml
DIRECT_COVERED,,openepg,egypt1,السومرية.eg,السومرية.eg,28,27.9,25.0,,elcinema.xml.gz:Alsumaria.iq@SD,Already covered by healthy direct feed,FALLBACK,https://www.open-epg.com/files/egypt1.xml
DIRECT_COVERED,,openepg,egypt1,الشارقة.eg,الشارقة.eg,39,28.7,17.9,,elcinema.xml.gz:SharjahTV.ae@SD,Already covered by healthy direct feed,FALLBACK,https://www.open-epg.com/files/egypt1.xml
DIRECT_COVERED,,openepg,egypt1,الشرقية.eg,الشرقية.eg,34,27.9,35.3,,elcinema.xml.gz:AlSharqiyaMinKabla.ae@SD,Already covered by healthy direct feed,FALLBACK,https://www.open-epg.com/files/egypt1.xml
DIRECT_COVERED,,openepg,egypt1,الشروق الجزائرية.eg,الشروق الجزائرية.eg,30,27.9,33.3,,elcinema.xml.gz:EchoroukTV.dz@SD,Already covered by healthy direct feed,FALLBACK,https://www.open-epg.com/files/egypt1.xml
DIRECT_COVERED,,openepg,egypt1,الظفرة.eg,الظفرة.eg,30,27.9,73.3,,elcinema.xml.gz:AlDafrahTV.ae@SD,Already covered by healthy direct feed,FALLBACK,https://www.open-epg.com/files/egypt1.xml
DIRECT_COVERED,,openepg,egypt1,العراقية.eg,العراقية.eg,27,20.9,29.6,,elcinema.xml.gz:AlIraqia.iq@SD,Already covered by healthy direct feed,FALLBACK,https://www.open-epg.com/files/egypt1.xml
DIRECT_COVERED,,openepg,egypt1,القاهرة والناس 2.eg,القاهرة والناس 2.eg,26,27.9,57.7,,elcinema.xml.gz:AlKaheraWalNas2.eg@SD,Already covered by healthy direct feed,FALLBACK,https://www.open-epg.com/files/egypt1.xml
DIRECT_COVERED,,openepg,egypt1,القاهرة والناس.eg,القاهرة والناس.eg,24,28.9,50.0,,elcinema.xml.gz:AlKaheraWalNas.eg@SD,Already covered by healthy direct feed,FALLBACK,https://www.open-epg.com/files/egypt1.xml
DIRECT_COVERED,,openepg,egypt1,المحور.eg,المحور.eg,22,28.9,40.9,,elcinema.xml.gz:ElMehwarChannel.eg@SD,Already covered by healthy direct feed,FALLBACK,https://www.open-epg.com/files/egypt1.xml
DIRECT_COVERED,,openepg,egypt1,المصرية.eg,المصرية.eg,25,27.9,32.0,,elcinema.xml.gz:AlMasriyah.eg@SD,Already covered by healthy direct feed,FALLBACK,https://www.open-epg.com/files/egypt1.xml
DIRECT_COVERED,,openepg,egypt1,النهار دراما.eg,النهار دراما.eg,21,20.9,100.0,,elcinema.xml.gz:AlNaharDrama.eg@SD,Already covered by healthy direct feed,FALLBACK,https://www.open-epg.com/files/egypt1.xml
DIRECT_COVERED,,openepg,egypt1,النهار.eg,النهار.eg,31,27.9,29.0,,elcinema.xml.gz:AlNahar.eg@SD,Already covered by healthy direct feed,FALLBACK,https://www.open-epg.com/files/egypt1.xml
DIRECT_COVERED,,openepg,egypt1,تلفزيون حضرموت.eg,تلفزيون حضرموت.eg,35,20.9,20.0,,elcinema.xml.gz:HadhramautTV.ye@SD,Already covered by healthy direct feed,FALLBACK,https://www.open-epg.com/files/egypt1.xml
DIRECT_COVERED,,openepg,egypt1,تن.eg,تن.eg,26,27.9,26.9,,elcinema.xml.gz:TeN.eg@SD,Already covered by healthy direct feed,FALLBACK,https://www.open-epg.com/files/egypt1.xml
DIRECT_COVERED,,openepg,egypt1,دجلة.eg,دجلة.eg,21,20.9,4.8,,elcinema.xml.gz:DijlahTV.iq@SD,Already covered by healthy direct feed,FALLBACK,https://www.open-epg.com/files/egypt1.xml
DIRECT_COVERED,,openepg,egypt1,دي إم سي دراما.eg,دي إم سي دراما.eg,20,20.9,95.0,,elcinema.xml.gz:DMCDrama.eg@SD,Already covered by healthy direct feed,FALLBACK,https://www.open-epg.com/files/egypt1.xml
DIRECT_COVERED,,openepg,egypt1,دي إم سي.eg,دي إم سي.eg,21,27.9,42.9,,elcinema.xml.gz:DMC.eg@SD,Already covered by healthy direct feed,FALLBACK,https://www.open-epg.com/files/egypt1.xml
DIRECT_COVERED,,openepg,egypt1,ذكريات.eg,ذكريات.eg,29,20.9,65.5,,elcinema.xml.gz:ThikrayatTV.sa@SD,Already covered by healthy direct feed,FALLBACK,https://www.open-epg.com/files/egypt1.xml
DIRECT_COVERED,,openepg,egypt1,سي بي سي دراما.eg,سي بي سي دراما.eg,21,20.9,100.0,,elcinema.xml.gz:CBCDrama.eg@SD,Already covered by healthy direct feed,FALLBACK,https://www.open-epg.com/files/egypt1.xml
DIRECT_COVERED,,openepg,egypt1,سيما.eg,سيما.eg,14,27.9,100.0,,elcinema.xml.gz:Cima.eg@SD,Already covered by healthy direct feed,FALLBACK,https://www.open-epg.com/files/egypt1.xml
DIRECT_COVERED,,openepg,egypt1,صدى البلد 2.eg,صدى البلد 2.eg,24,27.9,8.3,,elcinema.xml.gz:SadaElbalad2.eg@SD,Already covered by healthy direct feed,FALLBACK,https://www.open-epg.com/files/egypt1.xml
DIRECT_COVERED,,openepg,egypt1,صدى البلد دراما.eg,صدى البلد دراما.eg,28,27.9,100.0,,elcinema.xml.gz:SadaElbaladDrama.eg@SD,Already covered by healthy direct feed,FALLBACK,https://www.open-epg.com/files/egypt1.xml
DIRECT_COVERED,,openepg,egypt1,صدى البلد.eg,صدى البلد.eg,24,27.9,29.2,,elcinema.xml.gz:SadaElbalad.eg@SD,Already covered by healthy direct feed,FALLBACK,https://www.open-epg.com/files/egypt1.xml
DIRECT_COVERED,,openepg,egypt1,عمان.eg,عمان.eg,54,28.4,44.4,,elcinema.xml.gz:OmanTV.om@SD,Already covered by healthy direct feed,FALLBACK,https://www.open-epg.com/files/egypt1.xml
DIRECT_COVERED,,openepg,egypt1,عَمان.eg,عَمان.eg,21,20.9,9.5,,elcinema.xml.gz:AmmanTV.jo@SD,Already covered by healthy direct feed,FALLBACK,https://www.open-epg.com/files/egypt1.xml
DIRECT_COVERED,,openepg,egypt1,ماسبيرو زمان.eg,ماسبيرو زمان.eg,38,28.2,55.3,,elcinema.xml.gz:MasperoZaman.eg@SD,Already covered by healthy direct feed,FALLBACK,https://www.open-epg.com/files/egypt1.xml
DIRECT_COVERED,,openepg,egypt1,ميكس بالعربي.eg,ميكس بالعربي.eg,27,27.9,88.9,,elcinema.xml.gz:MixBelAraby.eg@SD,Already covered by healthy direct feed,FALLBACK,https://www.open-epg.com/files/egypt1.xml
DIRECT_COVERED,,openepg,egypt1,نايل دراما.eg,نايل دراما.eg,28,27.9,100.0,,elcinema.xml.gz:NileDrama.eg@SD,Already covered by healthy direct feed,FALLBACK,https://www.open-epg.com/files/egypt1.xml
DIRECT_COVERED,,openepg,egypt1,نايل لايف.eg,نايل لايف.eg,22,27.9,31.8,,elcinema.xml.gz:NileLife.eg@SD,Already covered by healthy direct feed,FALLBACK,https://www.open-epg.com/files/egypt1.xml
DIRECT_COVERED,,openepg,egypt1,نسمة.eg,نسمة.eg,32,27.9,31.2,,elcinema.xml.gz:NessmaElJadida.tn@SD,Already covered by healthy direct feed,FALLBACK,https://www.open-epg.com/files/egypt1.xml
DIRECT_COVERED,,openepg,egypt1,يو تي في.eg,يو تي في.eg,30,27.9,33.3,,elcinema.xml.gz:UTV.iq@SD,Already covered by healthy direct feed,FALLBACK,https://www.open-epg.com/files/egypt1.xml
DIRECT_COVERED,,openepg,egypt2,Alaraby TV 2.eg,Alaraby TV 2.eg,25,23.9,16.0,,osn.xml.gz:AlArabyTV2.qa@SD,Already covered by healthy direct feed,FALLBACK,https://www.open-epg.com/files/egypt2.xml
DIRECT_COVERED,,openepg,egypt2,AlSaeedah.eg,AlSaeedah.eg,35,31.9,22.9,,elcinema.xml.gz:AlSaeedah.eg@SD,Already covered by healthy direct feed,FALLBACK,https://www.open-epg.com/files/egypt2.xml
DIRECT_COVERED,,openepg,egypt2,Cima.eg,Cima.eg,16,31.9,100.0,,elcinema.xml.gz:Cima.eg@SD,Already covered by healthy direct feed,FALLBACK,https://www.open-epg.com/files/egypt2.xml
DIRECT_COVERED,,openepg,egypt2,Maspero Zaman.eg,Maspero Zaman.eg,42,31.9,50.0,,elcinema.xml.gz:MasperoZaman.eg@SD,Already covered by healthy direct feed,FALLBACK,https://www.open-epg.com/files/egypt2.xml
DIRECT_COVERED,,openepg,egypt2,Mix Bel Araby.eg,Mix Bel Araby.eg,31,31.9,74.2,,elcinema.xml.gz:MixBelAraby.eg@SD,Already covered by healthy direct feed,FALLBACK,https://www.open-epg.com/files/egypt2.xml
DIRECT_COVERED,,openepg,qatar4,beJUNIOR.qa,beJUNIOR.qa,38,29.2,0.0,,bein.xml.gz:BeJunior.qa@SD,Already covered by healthy direct feed,FALLBACK,https://www.open-epg.com/files/qatar4.xml
DIRECT_COVERED,,openepg,qatar4,Cartoon-Network-Arabic-1.qa,Cartoon-Network-Arabic-1.qa,113,28.9,0.0,,osn.xml.gz:CartoonNetworkMENA.uk@SD,Already covered by healthy direct feed,FALLBACK,https://www.open-epg.com/files/qatar4.xml
DIRECT_COVERED,,openepg,saudiarabia1,Al Hayat.sa,Al Hayat.sa,30,29.9,100.0,,elcinema.xml.gz:AlhayatTV.eg@SD,Already covered by healthy direct feed,FALLBACK,https://www.open-epg.com/files/saudiarabia1.xml
DIRECT_COVERED,,openepg,saudiarabia1,Al Kahera Walnas 2.sa,Al Kahera Walnas 2.sa,30,29.9,100.0,,elcinema.xml.gz:AlKaheraWalNas2.eg@SD,Already covered by healthy direct feed,FALLBACK,https://www.open-epg.com/files/saudiarabia1.xml
DIRECT_COVERED,,openepg,saudiarabia1,Al Kahera Walnas.sa,Al Kahera Walnas.sa,30,29.9,100.0,,elcinema.xml.gz:AlKaheraWalNas.eg@SD,Already covered by healthy direct feed,FALLBACK,https://www.open-epg.com/files/saudiarabia1.xml
DIRECT_COVERED,,openepg,saudiarabia1,Animal Planet HD.sa,Animal Planet HD.sa,38,29.8,100.0,,osn.xml.gz:AnimalPlanetEurope.uk@SD,Already covered by healthy direct feed,FALLBACK,https://www.open-epg.com/files/saudiarabia1.xml
DIRECT_COVERED,,openepg,saudiarabia1,Bahrain TV.sa,Bahrain TV.sa,30,29.9,100.0,,osn.xml.gz:BahrainTV.bh@SD,Already covered by healthy direct feed,FALLBACK,https://www.open-epg.com/files/saudiarabia1.xml
DIRECT_COVERED,,openepg,saudiarabia1,CBC.sa,CBC.sa,30,29.9,100.0,,elcinema.xml.gz:CBC.eg@SD,Already covered by healthy direct feed,FALLBACK,https://www.open-epg.com/files/saudiarabia1.xml
DIRECT_COVERED,,openepg,saudiarabia1,CN Arabic.sa,CN Arabic.sa,50,29.4,100.0,,osn.xml.gz:CartoonNetworkMENA.uk@SD,Already covered by healthy direct feed,FALLBACK,https://www.open-epg.com/files/saudiarabia1.xml
DIRECT_COVERED,,openepg,saudiarabia1,CNN.sa,CNN.sa,46,29.9,100.0,,osn.xml.gz:CNNInternational.us@MENA,Already covered by healthy direct feed,FALLBACK,https://www.open-epg.com/files/saudiarabia1.xml
DIRECT_COVERED,,openepg,saudiarabia1,Discovery HD.sa,Discovery HD.sa,37,29.5,100.0,,osn.xml.gz:DiscoveryChannelMiddleEastAfrica.us@SD,Already covered by healthy direct feed,FALLBACK,https://www.open-epg.com/files/saudiarabia1.xml
DIRECT_COVERED,,openepg,saudiarabia1,Fatafeat.sa,Fatafeat.sa,38,29.7,100.0,,osn.xml.gz:Fatafeat.ae@SD,Already covered by healthy direct feed,FALLBACK,https://www.open-epg.com/files/saudiarabia1.xml
DIRECT_COVERED,,openepg,saudiarabia1,Fujairah TV.sa,Fujairah TV.sa,30,29.9,100.0,,elcinema.xml.gz:FujairahTV.ae@SD,Already covered by healthy direct feed,FALLBACK,https://www.open-epg.com/files/saudiarabia1.xml
DIRECT_COVERED,,openepg,saudiarabia1,Jordan TV.sa,Jordan TV.sa,30,29.9,100.0,,elcinema.xml.gz:JordanTV.jo@SD,Already covered by healthy direct feed,FALLBACK,https://www.open-epg.com/files/saudiarabia1.xml
DIRECT_COVERED,,openepg,saudiarabia1,LBC.sa,LBC.sa,25,30.9,100.0,,elcinema.xml.gz:LBC.sa@SD,Already covered by healthy direct feed,FALLBACK,https://www.open-epg.com/files/saudiarabia1.xml
DIRECT_COVERED,,openepg,saudiarabia1,One TV.sa,One TV.sa,30,29.9,100.0,,elcinema.xml.gz:OnE.eg@SD,Already covered by healthy direct feed,FALLBACK,https://www.open-epg.com/files/saudiarabia1.xml
DIRECT_COVERED,,openepg,saudiarabia1,Roya.sa,Roya.sa,30,29.9,100.0,,elcinema.xml.gz:RoyaTV.jo@SD,Already covered by healthy direct feed,FALLBACK,https://www.open-epg.com/files/saudiarabia1.xml
DIRECT_COVERED,,openepg,saudiarabia1,RT Arabic.sa,RT Arabic.sa,58,29.4,100.0,,osn.xml.gz:RTArabic.ru@SD;osn.xml.gz:RT.ru@SD,Already covered by healthy direct feed,FALLBACK,https://www.open-epg.com/files/saudiarabia1.xml
DIRECT_COVERED,,openepg,saudiarabia1,Saudi Sports 1.sa,Saudi Sports 1.sa,30,29.9,100.0,,osn.xml.gz:KSASports1.sa@SD,Already covered by healthy direct feed,FALLBACK,https://www.open-epg.com/files/saudiarabia1.xml
DIRECT_COVERED,,openepg,saudiarabia1,SBC.sa,SBC.sa,34,29.9,100.0,,elcinema.xml.gz:SBC.sa@SD,Already covered by healthy direct feed,FALLBACK,https://www.open-epg.com/files/saudiarabia1.xml
DIRECT_COVERED,,openepg,saudiarabia1,Sky News Arabia HD.sa,Sky News Arabia HD.sa,30,29.9,100.0,,osn.xml.gz:SkyNewsArabia.ae@SD,Already covered by healthy direct feed,FALLBACK,https://www.open-epg.com/files/saudiarabia1.xml
DIRECT_COVERED,,openepg,saudiarabia1,TLC HD.sa,TLC HD.sa,39,29.5,100.0,,osn.xml.gz:TLCArabia.us@SD,Already covered by healthy direct feed,FALLBACK,https://www.open-epg.com/files/saudiarabia1.xml
DIRECT_COVERED,,openepg,saudiarabia1,Zee Alwan.sa,Zee Alwan.sa,30,29.9,100.0,,elcinema.xml.gz:ZeeAlwan.ae@SD,Already covered by healthy direct feed,FALLBACK,https://www.open-epg.com/files/saudiarabia1.xml
DIRECT_COVERED,,openepg,saudiarabia3,Cartoon Network HD.sa,Cartoon Network HD.sa,32,29.7,100.0,,osn.xml.gz:CartoonNetworkMENA.uk@SD,Already covered by healthy direct feed,FALLBACK,https://www.open-epg.com/files/saudiarabia3.xml
DIRECT_COVERED,,openepg,saudiarabia3,MBC 3 HD.sa,MBC 3 HD.sa,114,29.0,100.0,,elcinema.xml.gz:MBC3.ae@SD,Already covered by healthy direct feed,FALLBACK,https://www.open-epg.com/files/saudiarabia3.xml
DIRECT_COVERED,,openepg,saudiarabia5,Al Araby TV.sa,Al Araby TV.sa,1,0.9,100.0,,osn.xml.gz:AlArabyTV.qa@SD,Already covered by healthy direct feed,FALLBACK,https://www.open-epg.com/files/saudiarabia5.xml
DIRECT_COVERED,,openepg,saudiarabia5,BBC World.sa,BBC World.sa,47,48.9,100.0,,osn.xml.gz:BBCArabic.uk@SD,Already covered by healthy direct feed,FALLBACK,https://www.open-epg.com/files/saudiarabia5.xml
DIRECT_COVERED,,openepg,saudiarabia5,Bloomberg Originals.sa,Bloomberg Originals.sa,2,0.9,100.0,,osn.xml.gz:BloombergOriginals.us@SD,Already covered by healthy direct feed,FALLBACK,https://www.open-epg.com/files/saudiarabia5.xml
DIRECT_COVERED,,openepg,saudiarabia5,Bloomberg.sa,Bloomberg.sa,1,144.9,100.0,,osn.xml.gz:BloombergTV.us@MiddleEast,Already covered by healthy direct feed,FALLBACK,https://www.open-epg.com/files/saudiarabia5.xml
DIRECT_COVERED,,openepg,saudiarabia5,C And I.sa,C And I.sa,1,0.9,100.0,,osn.xml.gz:CrimePlusInvestigation.us@SD,Already covered by healthy direct feed,FALLBACK,https://www.open-epg.com/files/saudiarabia5.xml
DIRECT_COVERED,,openepg,saudiarabia5,CN Arabia.sa,CN Arabia.sa,47,48.9,100.0,,osn.xml.gz:CartoonNetworkArabic.ae@SD,Already covered by healthy direct feed,FALLBACK,https://www.open-epg.com/files/saudiarabia5.xml
DIRECT_COVERED,,openepg,saudiarabia5,Discovery IDX HD.sa,Discovery IDX HD.sa,1,0.9,100.0,,osn.xml.gz:InvestigationDiscovery.uk@SD,Already covered by healthy direct feed,FALLBACK,https://www.open-epg.com/files/saudiarabia5.xml
DIRECT_COVERED,,openepg,saudiarabia5,Gametoon.sa,Gametoon.sa,44,30.9,100.0,,osn.xml.gz:Gametoon.nl@SD,Already covered by healthy direct feed,FALLBACK,https://www.open-epg.com/files/saudiarabia5.xml
DIRECT_COVERED,,openepg,saudiarabia5,Ginx.sa,Ginx.sa,35,29.4,100.0,,osn.xml.gz:GINXTV.uk@SD,Already covered by healthy direct feed,FALLBACK,https://www.open-epg.com/files/saudiarabia5.xml
DIRECT_COVERED,,openepg,saudiarabia5,H2 HD.sa,H2 HD.sa,2,0.9,100.0,,osn.xml.gz:History2MiddleEast.us@SD,Already covered by healthy direct feed,FALLBACK,https://www.open-epg.com/files/saudiarabia5.xml
DIRECT_COVERED,,openepg,saudiarabia5,History HD.sa,History HD.sa,2,0.9,100.0,,osn.xml.gz:HistoryMiddleEast.us@SD,Already covered by healthy direct feed,FALLBACK,https://www.open-epg.com/files/saudiarabia5.xml
DIRECT_COVERED,,openepg,saudiarabia5,MCM TOP.sa,MCM TOP.sa,30,29.9,100.0,,osn.xml.gz:MCMTop.fr@SD,Already covered by healthy direct feed,FALLBACK,https://www.open-epg.com/files/saudiarabia5.xml
DIRECT_COVERED,,openepg,saudiarabia5,Moonbug Kids.sa,Moonbug Kids.sa,52,48.9,100.0,,osn.xml.gz:MoonbugKids.uk@SD,Already covered by healthy direct feed,FALLBACK,https://www.open-epg.com/files/saudiarabia5.xml
DIRECT_COVERED,,openepg,saudiarabia5,MOTORVISION.sa,MOTORVISION.sa,53,29.4,100.0,,osn.xml.gz:MotorvisionPlus.de@SD,Already covered by healthy direct feed,FALLBACK,https://www.open-epg.com/files/saudiarabia5.xml
DIRECT_COVERED,,openepg,saudiarabia5,Nick Jr HD.sa,Nick Jr HD.sa,83,48.9,100.0,,osn.xml.gz:NickJrArabia.ae@SD,Already covered by healthy direct feed,FALLBACK,https://www.open-epg.com/files/saudiarabia5.xml
DIRECT_COVERED,,openepg,saudiarabia5,Nickelodeon HD.sa,Nickelodeon HD.sa,68,48.9,100.0,,osn.xml.gz:NickelodeonArabia.ae@SD,Already covered by healthy direct feed,FALLBACK,https://www.open-epg.com/files/saudiarabia5.xml
DIRECT_COVERED,,openepg,saudiarabia5,NickToons HD.sa,NickToons HD.sa,75,48.9,100.0,,osn.xml.gz:NicktoonsArabia.ae@SD,Already covered by healthy direct feed,FALLBACK,https://www.open-epg.com/files/saudiarabia5.xml
DIRECT_COVERED,,openepg,saudiarabia5,OSNtv Comedy.sa,OSNtv Comedy.sa,67,29.7,100.0,,osn.xml.gz:OSNComedy.ae@SD,Already covered by healthy direct feed,FALLBACK,https://www.open-epg.com/files/saudiarabia5.xml
DIRECT_COVERED,,openepg,saudiarabia5,OSNtv Kids.sa,OSNtv Kids.sa,80,48.9,100.0,,osn.xml.gz:OSNKids.ae@SD,Already covered by healthy direct feed,FALLBACK,https://www.open-epg.com/files/saudiarabia5.xml
DIRECT_COVERED,,openepg,saudiarabia5,OSNtv Mezze.sa,OSNtv Mezze.sa,30,29.7,100.0,,osn.xml.gz:OSNMezze.ae@SD,Already covered by healthy direct feed,FALLBACK,https://www.open-epg.com/files/saudiarabia5.xml
DIRECT_COVERED,,openepg,saudiarabia5,OSNtv Movies Action.sa,OSNtv Movies Action.sa,17,29.4,100.0,,osn.xml.gz:OSNMoviesAction.ae@SD,Already covered by healthy direct feed,FALLBACK,https://www.open-epg.com/files/saudiarabia5.xml
DIRECT_COVERED,,openepg,saudiarabia5,OSNtv Movies Hollywood.sa,OSNtv Movies Hollywood.sa,18,30.3,100.0,,osn.xml.gz:OSNMoviesHollywood.ae@SD,Already covered by healthy direct feed,FALLBACK,https://www.open-epg.com/files/saudiarabia5.xml
DIRECT_COVERED,,openepg,saudiarabia5,OSNtv Movies Premiere.sa,OSNtv Movies Premiere.sa,18,29.2,100.0,,osn.xml.gz:OSNMoviesPremiere.ae@SD,Already covered by healthy direct feed,FALLBACK,https://www.open-epg.com/files/saudiarabia5.xml
DIRECT_COVERED,,openepg,saudiarabia5,OSNtv Showcase.sa,OSNtv Showcase.sa,38,29.5,100.0,,osn.xml.gz:OSNShowcase.ae@SD,Already covered by healthy direct feed,FALLBACK,https://www.open-epg.com/files/saudiarabia5.xml
DIRECT_COVERED,,openepg,saudiarabia5,OSNtv Yahala Aflam.sa,OSNtv Yahala Aflam.sa,21,30.8,100.0,,osn.xml.gz:OSNYahalaAflam.ae@SD,Already covered by healthy direct feed,FALLBACK,https://www.open-epg.com/files/saudiarabia5.xml
DIRECT_COVERED,,openepg,saudiarabia5,OSNtv Yahala Bil Arabi.sa,OSNtv Yahala Bil Arabi.sa,35,29.2,100.0,,osn.xml.gz:OSNYahalaBilArabi.ae@SD,Already covered by healthy direct feed,FALLBACK,https://www.open-epg.com/files/saudiarabia5.xml
DIRECT_COVERED,,openepg,saudiarabia5,OSNtv Yahala.sa,OSNtv Yahala.sa,38,29.8,100.0,,osn.xml.gz:OSNYahala.ae@SD,Already covered by healthy direct feed,FALLBACK,https://www.open-epg.com/files/saudiarabia5.xml
DIRECT_COVERED,,openepg,saudiarabia5,RFM TV.sa,RFM TV.sa,30,29.9,100.0,,osn.xml.gz:RFMTV.fr@SD,Already covered by healthy direct feed,FALLBACK,https://www.open-epg.com/files/saudiarabia5.xml
DIRECT_COVERED,,openepg,uae6,MBC2.ae,MBC2.ae,24,35.9,100.0,,elcinema.xml.gz:MBC2.ae@SD,Already covered by healthy direct feed,FALLBACK,https://www.open-epg.com/files/uae6.xml
DIRECT_COVERED,,openepg,uae6,الحدث.ae,الحدث.ae,59,35.9,100.0,,osn.xml.gz:AlHadath.sa@SD,Already covered by healthy direct feed,FALLBACK,https://www.open-epg.com/files/uae6.xml
DIRECT_COVERED,,openepg,uae6,العربية.ae,العربية.ae,59,35.9,100.0,,osn.xml.gz:AlarabiyaPortrait.ae@SD,Already covered by healthy direct feed,FALLBACK,https://www.open-epg.com/files/uae6.xml
DUPLICATE,,openepg,qatar2,2023 Alkass 1.qa,2023 Alkass 1.qa,13,28.9,0.0,,,Alternative/duplicate candidate,FALLBACK,https://www.open-epg.com/files/qatar2.xml
DUPLICATE,,openepg,qatar2,2023 Alkass 2.qa,2023 Alkass 2.qa,13,28.9,0.0,,,Alternative/duplicate candidate,FALLBACK,https://www.open-epg.com/files/qatar2.xml
DUPLICATE,,openepg,qatar2,2023 Alkass 4.qa,2023 Alkass 4.qa,13,28.9,0.0,,,Alternative/duplicate candidate,FALLBACK,https://www.open-epg.com/files/qatar2.xml
DUPLICATE,,openepg,qatar2,bein.com-06.qa,bein.com-06.qa,19,27.9,0.0,,,Alternative/duplicate candidate,FALLBACK,https://www.open-epg.com/files/qatar2.xml
DUPLICATE,,openepg,qatar2,bein.com-08.qa,bein.com-08.qa,29,28.8,0.0,,,Alternative/duplicate candidate,FALLBACK,https://www.open-epg.com/files/qatar2.xml
DUPLICATE,,openepg,qatar2,beINSPORTSXTRA3.qa,beINSPORTSXTRA3.qa,26,27.9,0.0,,,Alternative/duplicate candidate,FALLBACK,https://www.open-epg.com/files/qatar2.xml
DUPLICATE,,openepg,qatar2,NBA DIGITAL.qa,NBA DIGITAL.qa,13,28.9,0.0,,,Alternative/duplicate candidate,FALLBACK,https://www.open-epg.com/files/qatar2.xml
DUPLICATE,,openepg,qatar3,2023 Alkass 3.qa,2023 Alkass 3.qa,20,24.9,0.0,,,Alternative/duplicate candidate,FALLBACK,https://www.open-epg.com/files/qatar3.xml
DUPLICATE,,openepg,qatar3,2023 Alkass 5.qa,2023 Alkass 5.qa,20,24.9,0.0,,,Alternative/duplicate candidate,FALLBACK,https://www.open-epg.com/files/qatar3.xml
DUPLICATE,,openepg,qatar3,2023 Alkass 6.qa,2023 Alkass 6.qa,17,24.9,0.0,,,Alternative/duplicate candidate,FALLBACK,https://www.open-epg.com/files/qatar3.xml
DUPLICATE,,openepg,qatar3,2023 Alkass 7.qa,2023 Alkass 7.qa,20,24.9,0.0,,,Alternative/duplicate candidate,FALLBACK,https://www.open-epg.com/files/qatar3.xml
DUPLICATE,,openepg,qatar3,4k DIGITAL.qa,4k DIGITAL.qa,15,29.0,0.0,,,Alternative/duplicate candidate,FALLBACK,https://www.open-epg.com/files/qatar3.xml
DUPLICATE,,openepg,qatar3,bein SPORTS FTA DIGITAL.qa,bein SPORTS FTA DIGITAL.qa,15,30.3,0.0,,,Alternative/duplicate candidate,FALLBACK,https://www.open-epg.com/files/qatar3.xml
DUPLICATE,,openepg,qatar3,beIN SPORTS XTRA1 Digital.qa,beIN SPORTS XTRA1 Digital.qa,24,27.9,0.0,,,Alternative/duplicate candidate,FALLBACK,https://www.open-epg.com/files/qatar3.xml
DUPLICATE,,openepg,qatar3,beIN SPORTS XTRA2 Digital.qa,beIN SPORTS XTRA2 Digital.qa,19,27.9,0.0,,,Alternative/duplicate candidate,FALLBACK,https://www.open-epg.com/files/qatar3.xml
DUPLICATE,,openepg,qatar3,beIN SPORTS1 DIGITAL.qa,beIN SPORTS1 DIGITAL.qa,19,27.9,0.0,,,Alternative/duplicate candidate,FALLBACK,https://www.open-epg.com/files/qatar3.xml
DUPLICATE,,openepg,qatar3,beIN SPORTS1 ENGLISH Digital.qa,beIN SPORTS1 ENGLISH Digital.qa,19,27.9,0.0,,,Alternative/duplicate candidate,FALLBACK,https://www.open-epg.com/files/qatar3.xml
DUPLICATE,,openepg,qatar3,beIN SPORTS1 FRENCH Digital.qa,beIN SPORTS1 FRENCH Digital.qa,14,24.9,0.0,,,Alternative/duplicate candidate,FALLBACK,https://www.open-epg.com/files/qatar3.xml
DUPLICATE,,openepg,qatar3,beIN SPORTS2 DIGITAL.qa,beIN SPORTS2 DIGITAL.qa,20,27.9,0.0,,,Alternative/duplicate candidate,FALLBACK,https://www.open-epg.com/files/qatar3.xml
DUPLICATE,,openepg,qatar3,beIN SPORTS2 ENGLISH Digital.qa,beIN SPORTS2 ENGLISH Digital.qa,19,29.4,0.0,,,Alternative/duplicate candidate,FALLBACK,https://www.open-epg.com/files/qatar3.xml
DUPLICATE,,openepg,qatar3,beIN SPORTS2 FRENCH Digital.qa,beIN SPORTS2 FRENCH Digital.qa,16,28.9,0.0,,,Alternative/duplicate candidate,FALLBACK,https://www.open-epg.com/files/qatar3.xml
DUPLICATE,,openepg,qatar3,beIN SPORTS3 DIGITAL.qa,beIN SPORTS3 DIGITAL.qa,19,27.8,0.0,,,Alternative/duplicate candidate,FALLBACK,https://www.open-epg.com/files/qatar3.xml
DUPLICATE,,openepg,qatar3,beIN SPORTS4 DIGITAL.qa,beIN SPORTS4 DIGITAL.qa,17,28.6,0.0,,,Alternative/duplicate candidate,FALLBACK,https://www.open-epg.com/files/qatar3.xml
DUPLICATE,,openepg,qatar3,beIN SPORTS5 DIGITAL.qa,beIN SPORTS5 DIGITAL.qa,25,27.8,0.0,,,Alternative/duplicate candidate,FALLBACK,https://www.open-epg.com/files/qatar3.xml
DUPLICATE,,openepg,qatar3,beIN SPORTS7 DIGITAL.qa,beIN SPORTS7 DIGITAL.qa,17,28.0,0.0,,,Alternative/duplicate candidate,FALLBACK,https://www.open-epg.com/files/qatar3.xml
DUPLICATE,,openepg,qatar3,bein.com-05.qa,bein.com-05.qa,29,28.8,0.0,,,Alternative/duplicate candidate,FALLBACK,https://www.open-epg.com/files/qatar3.xml
DUPLICATE,,openepg,qatar3,bein.com-07.qa,bein.com-07.qa,26,27.9,0.0,,,Alternative/duplicate candidate,FALLBACK,https://www.open-epg.com/files/qatar3.xml
DUPLICATE,,openepg,qatar3,beINSPORTS8.qa,beINSPORTS8.qa,16,77.2,0.0,,,Alternative/duplicate candidate,FALLBACK,https://www.open-epg.com/files/qatar3.xml
DUPLICATE,,openepg,qatar3,beINSPORTS9.qa,beINSPORTS9.qa,18,28.4,0.0,,,Alternative/duplicate candidate,FALLBACK,https://www.open-epg.com/files/qatar3.xml
DUPLICATE,,openepg,qatar3,NEWS DIGITAL.qa,NEWS DIGITAL.qa,38,27.9,0.0,,,Alternative/duplicate candidate,FALLBACK,https://www.open-epg.com/files/qatar3.xml
DUPLICATE,,openepg,qatar4,0003 TCI colour-Blue UK2016.qa,0003 TCI colour-Blue UK2016.qa,50,28.7,0.0,,,Alternative/duplicate candidate,FALLBACK,https://www.open-epg.com/files/qatar4.xml
DUPLICATE,,openepg,qatar4,0004 CNN International logo.svg.qa,0004 CNN International logo.svg.qa,60,28.9,0.0,,,Alternative/duplicate candidate,FALLBACK,https://www.open-epg.com/files/qatar4.xml
DUPLICATE,,openepg,qatar4,Baby-TV-2.qa,Baby-TV-2.qa,24,28.9,0.0,,,Alternative/duplicate candidate,FALLBACK,https://www.open-epg.com/files/qatar4.xml
DUPLICATE,,openepg,qatar4,beIN SPORTS-boxoffice-bein.com.qa,beIN SPORTS-boxoffice-bein.com.qa,18,30.5,0.0,,,Alternative/duplicate candidate,FALLBACK,https://www.open-epg.com/files/qatar4.xml
DUPLICATE,,openepg,qatar4,Bloomberg-1.qa,Bloomberg-1.qa,36,28.9,0.0,,,Alternative/duplicate candidate,FALLBACK,https://www.open-epg.com/files/qatar4.xml
DUPLICATE,,openepg,qatar4,BoxOffice1 DIGITAL.qa,BoxOffice1 DIGITAL.qa,13,28.9,0.0,,,Alternative/duplicate candidate,FALLBACK,https://www.open-epg.com/files/qatar4.xml
DUPLICATE,,openepg,qatar4,BoxOffice2 DIGITAL.qa,BoxOffice2 DIGITAL.qa,13,28.9,0.0,,,Alternative/duplicate candidate,FALLBACK,https://www.open-epg.com/files/qatar4.xml
DUPLICATE,,openepg,qatar4,Drama Stacked nov 2024 200x200.qa,Drama Stacked nov 2024 200x200.qa,27,28.9,0.0,,,Alternative/duplicate candidate,FALLBACK,https://www.open-epg.com/files/qatar4.xml
DUPLICATE,,openepg,qatar4,Euro-News.qa,Euro-News.qa,53,28.7,0.0,,,Alternative/duplicate candidate,FALLBACK,https://www.open-epg.com/files/qatar4.xml
DUPLICATE,,openepg,qatar4,FATAFEAT-1.qa,FATAFEAT-1.qa,38,28.7,0.0,,,Alternative/duplicate candidate,FALLBACK,https://www.open-epg.com/files/qatar4.xml
DUPLICATE,,openepg,qatar4,food-network-logo-2018-1.qa,food-network-logo-2018-1.qa,39,28.7,0.0,,,Alternative/duplicate candidate,FALLBACK,https://www.open-epg.com/files/qatar4.xml
DUPLICATE,,openepg,qatar4,GOURMET DIGITAL.qa,GOURMET DIGITAL.qa,37,28.7,0.0,,,Alternative/duplicate candidate,FALLBACK,https://www.open-epg.com/files/qatar4.xml
DUPLICATE,,openepg,qatar4,MOVIES4 FAMILY DIGITAL.qa,MOVIES4 FAMILY DIGITAL.qa,18,30.0,0.0,,,Alternative/duplicate candidate,FALLBACK,https://www.open-epg.com/files/qatar4.xml
DUPLICATE,,openepg,qatar4,SERIES1 DIGITAL.qa,SERIES1 DIGITAL.qa,27,28.9,0.0,,,Alternative/duplicate candidate,FALLBACK,https://www.open-epg.com/files/qatar4.xml
DUPLICATE,,openepg,qatar4,SERIES2 DIGITAL.qa,SERIES2 DIGITAL.qa,27,28.9,0.0,,,Alternative/duplicate candidate,FALLBACK,https://www.open-epg.com/files/qatar4.xml
DUPLICATE,,openepg,qatar4,Star World 2024-200x200-1.qa,Star World 2024-200x200-1.qa,39,28.9,0.0,,,Alternative/duplicate candidate,FALLBACK,https://www.open-epg.com/files/qatar4.xml
DUPLICATE,,openepg,qatar4,UPDATEz-NGW Full Logo 20182.qa,UPDATEz-NGW Full Logo 20182.qa,33,28.9,0.0,,,Alternative/duplicate candidate,FALLBACK,https://www.open-epg.com/files/qatar4.xml
DUPLICATE,,openepg,qatar5,0001 AWG CN Brand Logo 1color Black 4C.qa,0001 AWG CN Brand Logo 1color Black 4C.qa,107,29.2,0.0,,,Alternative/duplicate candidate,FALLBACK,https://www.open-epg.com/files/qatar5.xml
DUPLICATE,,openepg,qatar5,Bara3em-1.qa,Bara3em-1.qa,74,29.3,0.0,,,Alternative/duplicate candidate,FALLBACK,https://www.open-epg.com/files/qatar5.xml
DUPLICATE,,openepg,qatar5,BBCEarth-new 200x200.qa,BBCEarth-new 200x200.qa,38,29.4,0.0,,,Alternative/duplicate candidate,FALLBACK,https://www.open-epg.com/files/qatar5.xml
DUPLICATE,,openepg,qatar5,HGTV.qa,HGTV.qa,40,29.9,0.0,,,Alternative/duplicate candidate,FALLBACK,https://www.open-epg.com/files/qatar5.xml
DUPLICATE,,openepg,qatar5,Jeem-HD-1-01.qa,Jeem-HD-1-01.qa,17,29.9,0.0,,,Alternative/duplicate candidate,FALLBACK,https://www.open-epg.com/files/qatar5.xml
DUPLICATE,,openepg,qatar5,MOVIES1 PREMIERE DIGITAL.qa,MOVIES1 PREMIERE DIGITAL.qa,15,30.4,0.0,,,Alternative/duplicate candidate,FALLBACK,https://www.open-epg.com/files/qatar5.xml
DUPLICATE,,openepg,qatar5,MOVIES2 ACTION DIGITAL.qa,MOVIES2 ACTION DIGITAL.qa,16,30.4,0.0,,,Alternative/duplicate candidate,FALLBACK,https://www.open-epg.com/files/qatar5.xml
DUPLICATE,,openepg,qatar5,MOVIES3 DRAMA DIGITAL.qa,MOVIES3 DRAMA DIGITAL.qa,16,29.2,0.0,,,Alternative/duplicate candidate,FALLBACK,https://www.open-epg.com/files/qatar5.xml
DUPLICATE,,openepg,qatar5,Nat geo hd.qa,Nat geo hd.qa,25,29.9,0.0,,,Alternative/duplicate candidate,FALLBACK,https://www.open-epg.com/files/qatar5.xml
DUPLICATE,,openepg,qatar5,Star Action 2024-200x200-1.qa,Star Action 2024-200x200-1.qa,18,29.0,0.0,,,Alternative/duplicate candidate,FALLBACK,https://www.open-epg.com/files/qatar5.xml
DUPLICATE,,openepg,qatar5,Star Movies 2024-200x200-1.qa,Star Movies 2024-200x200-1.qa,25,29.9,0.0,,,Alternative/duplicate candidate,FALLBACK,https://www.open-epg.com/files/qatar5.xml
DUPLICATE,,openepg,saudiarabia1,Abu Dhabi.sa,Abu Dhabi.sa,40,29.9,100.0,,,Alternative/duplicate candidate,FALLBACK,https://www.open-epg.com/files/saudiarabia1.xml
DUPLICATE,,openepg,saudiarabia1,Al Arabiya HD.sa,Al Arabiya HD.sa,50,29.9,100.0,,,Alternative/duplicate candidate,FALLBACK,https://www.open-epg.com/files/saudiarabia1.xml
DUPLICATE,,openepg,saudiarabia1,Al Hadath.sa,Al Hadath.sa,50,29.4,100.0,,,Alternative/duplicate candidate,FALLBACK,https://www.open-epg.com/files/saudiarabia1.xml
DUPLICATE,,openepg,saudiarabia1,Blippi And Friends.sa,Blippi And Friends.sa,65,29.5,100.0,,,Alternative/duplicate candidate,FALLBACK,https://www.open-epg.com/files/saudiarabia1.xml
DUPLICATE,,openepg,saudiarabia1,MBC Drama HD.sa,MBC Drama HD.sa,30,29.9,100.0,,,Alternative/duplicate candidate,FALLBACK,https://www.open-epg.com/files/saudiarabia1.xml
DUPLICATE,,openepg,saudiarabia1,Oman TV.sa,Oman TV.sa,30,29.9,100.0,,,Alternative/duplicate candidate,FALLBACK,https://www.open-epg.com/files/saudiarabia1.xml
DUPLICATE,,openepg,saudiarabia2,Abu Dhabi.sa,Abu Dhabi.sa,58,40.9,100.0,,,Alternative/duplicate candidate,FALLBACK,https://www.open-epg.com/files/saudiarabia2.xml
DUPLICATE,,openepg,saudiarabia2,AD Sports 1.sa,AD Sports 1.sa,37,40.9,100.0,,,Alternative/duplicate candidate,FALLBACK,https://www.open-epg.com/files/saudiarabia2.xml
DUPLICATE,,openepg,saudiarabia2,AD Sports 2.sa,AD Sports 2.sa,37,40.9,100.0,,,Alternative/duplicate candidate,FALLBACK,https://www.open-epg.com/files/saudiarabia2.xml
DUPLICATE,,openepg,saudiarabia2,AD Sports Premium 1.sa,AD Sports Premium 1.sa,40,40.9,100.0,,,Alternative/duplicate candidate,FALLBACK,https://www.open-epg.com/files/saudiarabia2.xml
DUPLICATE,,openepg,saudiarabia2,AD Sports Premium 2.sa,AD Sports Premium 2.sa,35,40.9,100.0,,,Alternative/duplicate candidate,FALLBACK,https://www.open-epg.com/files/saudiarabia2.xml
DUPLICATE,,openepg,saudiarabia2,Aghani Aghani.sa,Aghani Aghani.sa,41,40.9,100.0,,,Alternative/duplicate candidate,FALLBACK,https://www.open-epg.com/files/saudiarabia2.xml
DUPLICATE,,openepg,saudiarabia2,Al Arabiya Business.sa,Al Arabiya Business.sa,40,40.9,100.0,,,Alternative/duplicate candidate,FALLBACK,https://www.open-epg.com/files/saudiarabia2.xml
DUPLICATE,,openepg,saudiarabia2,Al Arabiya HD.sa,Al Arabiya HD.sa,67,40.9,100.0,,,Alternative/duplicate candidate,FALLBACK,https://www.open-epg.com/files/saudiarabia2.xml
DUPLICATE,,openepg,saudiarabia2,Al Dafrah.sa,Al Dafrah.sa,49,40.4,100.0,,,Alternative/duplicate candidate,FALLBACK,https://www.open-epg.com/files/saudiarabia2.xml
DUPLICATE,,openepg,saudiarabia2,Al Ekhbariya.sa,Al Ekhbariya.sa,41,40.9,100.0,,,Alternative/duplicate candidate,FALLBACK,https://www.open-epg.com/files/saudiarabia2.xml
DUPLICATE,,openepg,saudiarabia2,Al Emarat.sa,Al Emarat.sa,48,40.9,100.0,,,Alternative/duplicate candidate,FALLBACK,https://www.open-epg.com/files/saudiarabia2.xml
DUPLICATE,,openepg,saudiarabia2,Al Hadath.sa,Al Hadath.sa,65,40.9,100.0,,,Alternative/duplicate candidate,FALLBACK,https://www.open-epg.com/files/saudiarabia2.xml
DUPLICATE,,openepg,saudiarabia2,Al Hayat.sa,Al Hayat.sa,41,40.9,100.0,,,Alternative/duplicate candidate,FALLBACK,https://www.open-epg.com/files/saudiarabia2.xml
DUPLICATE,,openepg,saudiarabia2,Al Kahera Walnas 2.sa,Al Kahera Walnas 2.sa,41,40.9,100.0,,,Alternative/duplicate candidate,FALLBACK,https://www.open-epg.com/files/saudiarabia2.xml
DUPLICATE,,openepg,saudiarabia2,Al Kahera Walnas.sa,Al Kahera Walnas.sa,41,40.9,100.0,,,Alternative/duplicate candidate,FALLBACK,https://www.open-epg.com/files/saudiarabia2.xml
DUPLICATE,,openepg,saudiarabia2,Al Mamlaka TV.sa,Al Mamlaka TV.sa,76,40.9,100.0,,,Alternative/duplicate candidate,FALLBACK,https://www.open-epg.com/files/saudiarabia2.xml
DUPLICATE,,openepg,saudiarabia2,Al Masriya.sa,Al Masriya.sa,41,40.9,100.0,,,Alternative/duplicate candidate,FALLBACK,https://www.open-epg.com/files/saudiarabia2.xml
DUPLICATE,,openepg,saudiarabia2,Al Nahar Drama.sa,Al Nahar Drama.sa,31,40.9,100.0,,,Alternative/duplicate candidate,FALLBACK,https://www.open-epg.com/files/saudiarabia2.xml
DUPLICATE,,openepg,saudiarabia2,Al Nahar.sa,Al Nahar.sa,52,40.4,100.0,,,Alternative/duplicate candidate,FALLBACK,https://www.open-epg.com/files/saudiarabia2.xml
DUPLICATE,,openepg,saudiarabia2,Al Resalah.sa,Al Resalah.sa,103,40.1,100.0,,,Alternative/duplicate candidate,FALLBACK,https://www.open-epg.com/files/saudiarabia2.xml
DUPLICATE,,openepg,saudiarabia2,Amman TV.sa,Amman TV.sa,41,40.9,100.0,,,Alternative/duplicate candidate,FALLBACK,https://www.open-epg.com/files/saudiarabia2.xml
DUPLICATE,,openepg,saudiarabia2,Animal Planet HD.sa,Animal Planet HD.sa,50,40.9,100.0,,,Alternative/duplicate candidate,FALLBACK,https://www.open-epg.com/files/saudiarabia2.xml
DUPLICATE,,openepg,saudiarabia2,Asharq Discovery.sa,Asharq Discovery.sa,11,40.9,100.0,,,Alternative/duplicate candidate,FALLBACK,https://www.open-epg.com/files/saudiarabia2.xml
DUPLICATE,,openepg,saudiarabia2,Asharq Documentary.sa,Asharq Documentary.sa,11,40.9,100.0,,,Alternative/duplicate candidate,FALLBACK,https://www.open-epg.com/files/saudiarabia2.xml
DUPLICATE,,openepg,saudiarabia2,Asharq.sa,Asharq.sa,11,40.9,100.0,,,Alternative/duplicate candidate,FALLBACK,https://www.open-epg.com/files/saudiarabia2.xml
DUPLICATE,,openepg,saudiarabia2,Bahrain Sports TV.sa,Bahrain Sports TV.sa,41,40.9,100.0,,,Alternative/duplicate candidate,FALLBACK,https://www.open-epg.com/files/saudiarabia2.xml
DUPLICATE,,openepg,saudiarabia2,Bahrain TV.sa,Bahrain TV.sa,41,40.9,100.0,,,Alternative/duplicate candidate,FALLBACK,https://www.open-epg.com/files/saudiarabia2.xml
DUPLICATE,,openepg,saudiarabia2,BBC Arabic.sa,BBC Arabic.sa,41,40.9,100.0,,,Alternative/duplicate candidate,FALLBACK,https://www.open-epg.com/files/saudiarabia2.xml
DUPLICATE,,openepg,saudiarabia2,BBC World News.sa,BBC World News.sa,88,40.4,100.0,,,Alternative/duplicate candidate,FALLBACK,https://www.open-epg.com/files/saudiarabia2.xml
DUPLICATE,,openepg,saudiarabia2,Bigg.sa,Bigg.sa,41,40.9,100.0,,,Alternative/duplicate candidate,FALLBACK,https://www.open-epg.com/files/saudiarabia2.xml
DUPLICATE,,openepg,saudiarabia2,Blippi And Friends.sa,Blippi And Friends.sa,90,40.4,100.0,,,Alternative/duplicate candidate,FALLBACK,https://www.open-epg.com/files/saudiarabia2.xml
DUPLICATE,,openepg,saudiarabia2,Cartoonito.sa,Cartoonito.sa,214,40.3,100.0,,,Alternative/duplicate candidate,FALLBACK,https://www.open-epg.com/files/saudiarabia2.xml
DUPLICATE,,openepg,saudiarabia2,CBC Drama.sa,CBC Drama.sa,41,40.9,100.0,,,Alternative/duplicate candidate,FALLBACK,https://www.open-epg.com/files/saudiarabia2.xml
DUPLICATE,,openepg,saudiarabia2,CBC Extra News.sa,CBC Extra News.sa,41,40.9,100.0,,,Alternative/duplicate candidate,FALLBACK,https://www.open-epg.com/files/saudiarabia2.xml
DUPLICATE,,openepg,saudiarabia2,CBC Sofra.sa,CBC Sofra.sa,41,40.9,100.0,,,Alternative/duplicate candidate,FALLBACK,https://www.open-epg.com/files/saudiarabia2.xml
DUPLICATE,,openepg,saudiarabia2,CBC.sa,CBC.sa,41,40.9,100.0,,,Alternative/duplicate candidate,FALLBACK,https://www.open-epg.com/files/saudiarabia2.xml
DUPLICATE,,openepg,saudiarabia2,CN Arabic.sa,CN Arabic.sa,72,40.4,100.0,,,Alternative/duplicate candidate,FALLBACK,https://www.open-epg.com/files/saudiarabia2.xml
DUPLICATE,,openepg,saudiarabia2,CN English.sa,CN English.sa,53,40.3,100.0,,,Alternative/duplicate candidate,FALLBACK,https://www.open-epg.com/files/saudiarabia2.xml
DUPLICATE,,openepg,saudiarabia2,CNBC Arabia.sa,CNBC Arabia.sa,63,40.4,100.0,,,Alternative/duplicate candidate,FALLBACK,https://www.open-epg.com/files/saudiarabia2.xml
DUPLICATE,,openepg,saudiarabia2,CNN.sa,CNN.sa,61,40.9,100.0,,,Alternative/duplicate candidate,FALLBACK,https://www.open-epg.com/files/saudiarabia2.xml
DUPLICATE,,openepg,saudiarabia2,Discovery Family HD.sa,Discovery Family HD.sa,54,40.5,100.0,,,Alternative/duplicate candidate,FALLBACK,https://www.open-epg.com/files/saudiarabia2.xml
DUPLICATE,,openepg,saudiarabia2,Discovery HD.sa,Discovery HD.sa,51,40.4,100.0,,,Alternative/duplicate candidate,FALLBACK,https://www.open-epg.com/files/saudiarabia2.xml
DUPLICATE,,openepg,saudiarabia2,Discovery ID.sa,Discovery ID.sa,43,40.9,100.0,,,Alternative/duplicate candidate,FALLBACK,https://www.open-epg.com/files/saudiarabia2.xml
DUPLICATE,,openepg,saudiarabia2,Disney Channel.sa,Disney Channel.sa,106,40.3,100.0,,,Alternative/duplicate candidate,FALLBACK,https://www.open-epg.com/files/saudiarabia2.xml
DUPLICATE,,openepg,saudiarabia2,Disney Junior.sa,Disney Junior.sa,169,40.3,100.0,,,Alternative/duplicate candidate,FALLBACK,https://www.open-epg.com/files/saudiarabia2.xml
DUPLICATE,,openepg,saudiarabia2,Dubai One.sa,Dubai One.sa,29,40.4,100.0,,,Alternative/duplicate candidate,FALLBACK,https://www.open-epg.com/files/saudiarabia2.xml
DUPLICATE,,openepg,saudiarabia2,Dubai Sports 2.sa,Dubai Sports 2.sa,37,40.9,100.0,,,Alternative/duplicate candidate,FALLBACK,https://www.open-epg.com/files/saudiarabia2.xml
DUPLICATE,,openepg,saudiarabia2,Dubai Sports HD.sa,Dubai Sports HD.sa,35,40.9,100.0,,,Alternative/duplicate candidate,FALLBACK,https://www.open-epg.com/files/saudiarabia2.xml
DUPLICATE,,openepg,saudiarabia2,Dubai.sa,Dubai.sa,20,41.9,100.0,,,Alternative/duplicate candidate,FALLBACK,https://www.open-epg.com/files/saudiarabia2.xml
DUPLICATE,,openepg,saudiarabia2,Fatafeat.sa,Fatafeat.sa,52,40.9,100.0,,,Alternative/duplicate candidate,FALLBACK,https://www.open-epg.com/files/saudiarabia2.xml
DUPLICATE,,openepg,saudiarabia2,Food Network.sa,Food Network.sa,60,40.9,100.0,,,Alternative/duplicate candidate,FALLBACK,https://www.open-epg.com/files/saudiarabia2.xml
DUPLICATE,,openepg,saudiarabia2,France 24.sa,France 24.sa,182,40.1,100.0,,,Alternative/duplicate candidate,FALLBACK,https://www.open-epg.com/files/saudiarabia2.xml
DUPLICATE,,openepg,saudiarabia2,Fujairah TV.sa,Fujairah TV.sa,41,40.9,100.0,,,Alternative/duplicate candidate,FALLBACK,https://www.open-epg.com/files/saudiarabia2.xml
DUPLICATE,,openepg,saudiarabia2,HGTV.sa,HGTV.sa,75,40.0,100.0,,,Alternative/duplicate candidate,FALLBACK,https://www.open-epg.com/files/saudiarabia2.xml
DUPLICATE,,openepg,saudiarabia2,Jordan TV.sa,Jordan TV.sa,41,40.9,100.0,,,Alternative/duplicate candidate,FALLBACK,https://www.open-epg.com/files/saudiarabia2.xml
DUPLICATE,,openepg,saudiarabia2,KidZone Max.sa,KidZone Max.sa,41,40.9,100.0,,,Alternative/duplicate candidate,FALLBACK,https://www.open-epg.com/files/saudiarabia2.xml
DUPLICATE,,openepg,saudiarabia2,KSA Now.sa,KSA Now.sa,41,40.9,100.0,,,Alternative/duplicate candidate,FALLBACK,https://www.open-epg.com/files/saudiarabia2.xml
DUPLICATE,,openepg,saudiarabia2,LBC.sa,LBC.sa,34,40.9,100.0,,,Alternative/duplicate candidate,FALLBACK,https://www.open-epg.com/files/saudiarabia2.xml
DUPLICATE,,openepg,saudiarabia2,LTV.sa,LTV.sa,41,40.9,100.0,,,Alternative/duplicate candidate,FALLBACK,https://www.open-epg.com/files/saudiarabia2.xml
DUPLICATE,,openepg,saudiarabia2,Majid.sa,Majid.sa,192,40.2,100.0,,,Alternative/duplicate candidate,FALLBACK,https://www.open-epg.com/files/saudiarabia2.xml
DUPLICATE,,openepg,saudiarabia2,MBC 1 HD.sa,MBC 1 HD.sa,48,40.8,100.0,,,Alternative/duplicate candidate,FALLBACK,https://www.open-epg.com/files/saudiarabia2.xml
DUPLICATE,,openepg,saudiarabia2,MBC 2 HD.sa,MBC 2 HD.sa,27,40.4,100.0,,,Alternative/duplicate candidate,FALLBACK,https://www.open-epg.com/files/saudiarabia2.xml
DUPLICATE,,openepg,saudiarabia2,MBC 3.sa,MBC 3.sa,160,40.2,100.0,,,Alternative/duplicate candidate,FALLBACK,https://www.open-epg.com/files/saudiarabia2.xml
DUPLICATE,,openepg,saudiarabia2,MBC 4 HD.sa,MBC 4 HD.sa,61,40.9,100.0,,,Alternative/duplicate candidate,FALLBACK,https://www.open-epg.com/files/saudiarabia2.xml
DUPLICATE,,openepg,saudiarabia2,MBC Action HD.sa,MBC Action HD.sa,55,40.9,100.0,,,Alternative/duplicate candidate,FALLBACK,https://www.open-epg.com/files/saudiarabia2.xml
DUPLICATE,,openepg,saudiarabia2,MBC Bollywood.sa,MBC Bollywood.sa,41,40.9,100.0,,,Alternative/duplicate candidate,FALLBACK,https://www.open-epg.com/files/saudiarabia2.xml
DUPLICATE,,openepg,saudiarabia2,MBC Drama HD.sa,MBC Drama HD.sa,41,40.9,100.0,,,Alternative/duplicate candidate,FALLBACK,https://www.open-epg.com/files/saudiarabia2.xml
DUPLICATE,,openepg,saudiarabia2,MBC MASR 2.sa,MBC MASR 2.sa,40,40.9,100.0,,,Alternative/duplicate candidate,FALLBACK,https://www.open-epg.com/files/saudiarabia2.xml
DUPLICATE,,openepg,saudiarabia2,MBC MASR.sa,MBC MASR.sa,33,40.4,100.0,,,Alternative/duplicate candidate,FALLBACK,https://www.open-epg.com/files/saudiarabia2.xml
DUPLICATE,,openepg,saudiarabia2,MBC Max HD.sa,MBC Max HD.sa,26,41.4,100.0,,,Alternative/duplicate candidate,FALLBACK,https://www.open-epg.com/files/saudiarabia2.xml
DUPLICATE,,openepg,saudiarabia2,MBC VARIETY.sa,MBC VARIETY.sa,57,40.3,100.0,,,Alternative/duplicate candidate,FALLBACK,https://www.open-epg.com/files/saudiarabia2.xml
DUPLICATE,,openepg,saudiarabia2,MBC+ Drama HD.sa,MBC+ Drama HD.sa,55,40.4,100.0,,,Alternative/duplicate candidate,FALLBACK,https://www.open-epg.com/files/saudiarabia2.xml
DUPLICATE,,openepg,saudiarabia2,Nat. Geo. AD.sa,Nat. Geo. AD.sa,52,40.2,100.0,,,Alternative/duplicate candidate,FALLBACK,https://www.open-epg.com/files/saudiarabia2.xml
DUPLICATE,,openepg,saudiarabia2,Nat. Geo. Wild HD.sa,Nat. Geo. Wild HD.sa,55,40.2,100.0,,,Alternative/duplicate candidate,FALLBACK,https://www.open-epg.com/files/saudiarabia2.xml
DUPLICATE,,openepg,saudiarabia2,Nat. Geographic.sa,Nat. Geographic.sa,55,40.4,100.0,,,Alternative/duplicate candidate,FALLBACK,https://www.open-epg.com/files/saudiarabia2.xml
DUPLICATE,,openepg,saudiarabia2,Oman Al Thakafeyah.sa,Oman Al Thakafeyah.sa,41,40.9,100.0,,,Alternative/duplicate candidate,FALLBACK,https://www.open-epg.com/files/saudiarabia2.xml
DUPLICATE,,openepg,saudiarabia2,Oman Mubasher.sa,Oman Mubasher.sa,41,40.9,100.0,,,Alternative/duplicate candidate,FALLBACK,https://www.open-epg.com/files/saudiarabia2.xml
DUPLICATE,,openepg,saudiarabia2,Oman Sport.sa,Oman Sport.sa,41,40.9,100.0,,,Alternative/duplicate candidate,FALLBACK,https://www.open-epg.com/files/saudiarabia2.xml
DUPLICATE,,openepg,saudiarabia2,Oman TV.sa,Oman TV.sa,41,40.9,100.0,,,Alternative/duplicate candidate,FALLBACK,https://www.open-epg.com/files/saudiarabia2.xml
DUPLICATE,,openepg,saudiarabia2,One TV.sa,One TV.sa,41,40.9,100.0,,,Alternative/duplicate candidate,FALLBACK,https://www.open-epg.com/files/saudiarabia2.xml
DUPLICATE,,openepg,saudiarabia2,Riyadh Season.sa,Riyadh Season.sa,41,40.9,100.0,,,Alternative/duplicate candidate,FALLBACK,https://www.open-epg.com/files/saudiarabia2.xml
DUPLICATE,,openepg,saudiarabia2,Rotana + HD.sa,Rotana + HD.sa,40,41.4,100.0,,,Alternative/duplicate candidate,FALLBACK,https://www.open-epg.com/files/saudiarabia2.xml
DUPLICATE,,openepg,saudiarabia2,Rotana Aflam +.sa,Rotana Aflam +.sa,26,40.4,100.0,,,Alternative/duplicate candidate,FALLBACK,https://www.open-epg.com/files/saudiarabia2.xml
DUPLICATE,,openepg,saudiarabia2,Rotana Cinema + US.sa,Rotana Cinema + US.sa,24,40.4,100.0,,,Alternative/duplicate candidate,FALLBACK,https://www.open-epg.com/files/saudiarabia2.xml
DUPLICATE,,openepg,saudiarabia2,Rotana Cinema HD.sa,Rotana Cinema HD.sa,21,40.9,100.0,,,Alternative/duplicate candidate,FALLBACK,https://www.open-epg.com/files/saudiarabia2.xml
DUPLICATE,,openepg,saudiarabia2,Rotana Cinema Masr.sa,Rotana Cinema Masr.sa,21,40.9,100.0,,,Alternative/duplicate candidate,FALLBACK,https://www.open-epg.com/files/saudiarabia2.xml
DUPLICATE,,openepg,saudiarabia2,Rotana Classic HD.sa,Rotana Classic HD.sa,30,41.9,100.0,,,Alternative/duplicate candidate,FALLBACK,https://www.open-epg.com/files/saudiarabia2.xml
DUPLICATE,,openepg,saudiarabia2,Rotana Clip.sa,Rotana Clip.sa,41,40.9,100.0,,,Alternative/duplicate candidate,FALLBACK,https://www.open-epg.com/files/saudiarabia2.xml
DUPLICATE,,openepg,saudiarabia2,Rotana Comedy.sa,Rotana Comedy.sa,21,41.9,100.0,,,Alternative/duplicate candidate,FALLBACK,https://www.open-epg.com/files/saudiarabia2.xml
DUPLICATE,,openepg,saudiarabia2,Rotana Drama HD.sa,Rotana Drama HD.sa,41,40.9,100.0,,,Alternative/duplicate candidate,FALLBACK,https://www.open-epg.com/files/saudiarabia2.xml
DUPLICATE,,openepg,saudiarabia2,Rotana Khalijia HD.sa,Rotana Khalijia HD.sa,36,40.9,100.0,,,Alternative/duplicate candidate,FALLBACK,https://www.open-epg.com/files/saudiarabia2.xml
DUPLICATE,,openepg,saudiarabia2,Rotana Kids.sa,Rotana Kids.sa,124,40.4,100.0,,,Alternative/duplicate candidate,FALLBACK,https://www.open-epg.com/files/saudiarabia2.xml
DUPLICATE,,openepg,saudiarabia2,Rotana M+ HD.sa,Rotana M+ HD.sa,41,40.9,100.0,,,Alternative/duplicate candidate,FALLBACK,https://www.open-epg.com/files/saudiarabia2.xml
DUPLICATE,,openepg,saudiarabia2,Rotana Music HD.sa,Rotana Music HD.sa,41,40.9,100.0,,,Alternative/duplicate candidate,FALLBACK,https://www.open-epg.com/files/saudiarabia2.xml
DUPLICATE,,openepg,saudiarabia2,Roya.sa,Roya.sa,41,40.9,100.0,,,Alternative/duplicate candidate,FALLBACK,https://www.open-epg.com/files/saudiarabia2.xml
DUPLICATE,,openepg,saudiarabia2,RT Arabic.sa,RT Arabic.sa,80,40.5,100.0,,,Alternative/duplicate candidate,FALLBACK,https://www.open-epg.com/files/saudiarabia2.xml
DUPLICATE,,openepg,saudiarabia2,RT Documentary.sa,RT Documentary.sa,157,40.1,100.0,,,Alternative/duplicate candidate,FALLBACK,https://www.open-epg.com/files/saudiarabia2.xml
DUPLICATE,,openepg,saudiarabia2,RT News.sa,RT News.sa,81,40.4,100.0,,,Alternative/duplicate candidate,FALLBACK,https://www.open-epg.com/files/saudiarabia2.xml
DUPLICATE,,openepg,saudiarabia2,Sama Dubai.sa,Sama Dubai.sa,63,40.4,100.0,,,Alternative/duplicate candidate,FALLBACK,https://www.open-epg.com/files/saudiarabia2.xml
DUPLICATE,,openepg,saudiarabia2,Saudi 1.sa,Saudi 1.sa,57,40.4,100.0,,,Alternative/duplicate candidate,FALLBACK,https://www.open-epg.com/files/saudiarabia2.xml
DUPLICATE,,openepg,saudiarabia2,Saudi Quran.sa,Saudi Quran.sa,41,40.9,100.0,,,Alternative/duplicate candidate,FALLBACK,https://www.open-epg.com/files/saudiarabia2.xml
DUPLICATE,,openepg,saudiarabia2,Saudi Sports 1.sa,Saudi Sports 1.sa,39,40.9,100.0,,,Alternative/duplicate candidate,FALLBACK,https://www.open-epg.com/files/saudiarabia2.xml
DUPLICATE,,openepg,saudiarabia2,Saudi Sports 2.sa,Saudi Sports 2.sa,41,40.9,100.0,,,Alternative/duplicate candidate,FALLBACK,https://www.open-epg.com/files/saudiarabia2.xml
DUPLICATE,,openepg,saudiarabia2,Saudi Sports 3.sa,Saudi Sports 3.sa,41,40.9,100.0,,,Alternative/duplicate candidate,FALLBACK,https://www.open-epg.com/files/saudiarabia2.xml
DUPLICATE,,openepg,saudiarabia2,Saudi Sunnah.sa,Saudi Sunnah.sa,41,40.9,100.0,,,Alternative/duplicate candidate,FALLBACK,https://www.open-epg.com/files/saudiarabia2.xml
DUPLICATE,,openepg,saudiarabia2,SBC.sa,SBC.sa,45,40.9,100.0,,,Alternative/duplicate candidate,FALLBACK,https://www.open-epg.com/files/saudiarabia2.xml
DUPLICATE,,openepg,saudiarabia2,Sharjah Quran.sa,Sharjah Quran.sa,41,40.9,100.0,,,Alternative/duplicate candidate,FALLBACK,https://www.open-epg.com/files/saudiarabia2.xml
DUPLICATE,,openepg,saudiarabia2,Sharjah Sports.sa,Sharjah Sports.sa,41,40.9,100.0,,,Alternative/duplicate candidate,FALLBACK,https://www.open-epg.com/files/saudiarabia2.xml
DUPLICATE,,openepg,saudiarabia2,Sharjah TV.sa,Sharjah TV.sa,41,40.9,100.0,,,Alternative/duplicate candidate,FALLBACK,https://www.open-epg.com/files/saudiarabia2.xml
DUPLICATE,,openepg,saudiarabia2,Sharqiya from Kalba.sa,Sharqiya from Kalba.sa,41,40.9,100.0,,,Alternative/duplicate candidate,FALLBACK,https://www.open-epg.com/files/saudiarabia2.xml
DUPLICATE,,openepg,saudiarabia2,Sky News Arabia HD.sa,Sky News Arabia HD.sa,41,40.9,100.0,,,Alternative/duplicate candidate,FALLBACK,https://www.open-epg.com/files/saudiarabia2.xml
DUPLICATE,,openepg,saudiarabia2,SmartZone.sa,SmartZone.sa,41,40.9,100.0,,,Alternative/duplicate candidate,FALLBACK,https://www.open-epg.com/files/saudiarabia2.xml
DUPLICATE,,openepg,saudiarabia2,Space Toon.sa,Space Toon.sa,88,40.7,100.0,,,Alternative/duplicate candidate,FALLBACK,https://www.open-epg.com/files/saudiarabia2.xml
DUPLICATE,,openepg,saudiarabia2,Sport 24.sa,Sport 24.sa,41,40.9,100.0,,,Alternative/duplicate candidate,FALLBACK,https://www.open-epg.com/files/saudiarabia2.xml
DUPLICATE,,openepg,saudiarabia2,Star Action.sa,Star Action.sa,28,41.3,100.0,,,Alternative/duplicate candidate,FALLBACK,https://www.open-epg.com/files/saudiarabia2.xml
DUPLICATE,,openepg,saudiarabia2,Star Movies HD.sa,Star Movies HD.sa,23,41.9,100.0,,,Alternative/duplicate candidate,FALLBACK,https://www.open-epg.com/files/saudiarabia2.xml
DUPLICATE,,openepg,saudiarabia2,Star World HD.sa,Star World HD.sa,46,40.9,100.0,,,Alternative/duplicate candidate,FALLBACK,https://www.open-epg.com/files/saudiarabia2.xml
DUPLICATE,,openepg,saudiarabia2,STARZPLAY Sports.sa,STARZPLAY Sports.sa,37,40.9,100.0,,,Alternative/duplicate candidate,FALLBACK,https://www.open-epg.com/files/saudiarabia2.xml
DUPLICATE,,openepg,saudiarabia2,stc tv cinema.sa,stc tv cinema.sa,25,41.0,100.0,,,Alternative/duplicate candidate,FALLBACK,https://www.open-epg.com/files/saudiarabia2.xml
DUPLICATE,,openepg,saudiarabia2,stc tv drama.sa,stc tv drama.sa,55,40.7,100.0,,,Alternative/duplicate candidate,FALLBACK,https://www.open-epg.com/files/saudiarabia2.xml
DUPLICATE,,openepg,saudiarabia2,stc tv family.sa,stc tv family.sa,69,40.1,100.0,,,Alternative/duplicate candidate,FALLBACK,https://www.open-epg.com/files/saudiarabia2.xml
DUPLICATE,,openepg,saudiarabia2,stc tv sports 1 HD.sa,stc tv sports 1 HD.sa,22,40.5,100.0,,,Alternative/duplicate candidate,FALLBACK,https://www.open-epg.com/files/saudiarabia2.xml
DUPLICATE,,openepg,saudiarabia2,stc tv sports HD.sa,stc tv sports HD.sa,22,40.4,100.0,,,Alternative/duplicate candidate,FALLBACK,https://www.open-epg.com/files/saudiarabia2.xml
DUPLICATE,,openepg,saudiarabia2,TCM.sa,TCM.sa,21,41.2,100.0,,,Alternative/duplicate candidate,FALLBACK,https://www.open-epg.com/files/saudiarabia2.xml
DUPLICATE,,openepg,saudiarabia2,Ten.sa,Ten.sa,41,40.9,100.0,,,Alternative/duplicate candidate,FALLBACK,https://www.open-epg.com/files/saudiarabia2.xml
DUPLICATE,,openepg,saudiarabia2,TLC HD.sa,TLC HD.sa,53,40.8,100.0,,,Alternative/duplicate candidate,FALLBACK,https://www.open-epg.com/files/saudiarabia2.xml
DUPLICATE,,openepg,saudiarabia2,Travel.sa,Travel.sa,41,40.9,100.0,,,Alternative/duplicate candidate,FALLBACK,https://www.open-epg.com/files/saudiarabia2.xml
DUPLICATE,,openepg,saudiarabia2,Wanasah.sa,Wanasah.sa,41,40.9,100.0,,,Alternative/duplicate candidate,FALLBACK,https://www.open-epg.com/files/saudiarabia2.xml
DUPLICATE,,openepg,saudiarabia2,Wousta from Al Dhaid.sa,Wousta from Al Dhaid.sa,41,40.9,100.0,,,Alternative/duplicate candidate,FALLBACK,https://www.open-epg.com/files/saudiarabia2.xml
DUPLICATE,,openepg,saudiarabia2,Zee Aflam.sa,Zee Aflam.sa,20,40.9,100.0,,,Alternative/duplicate candidate,FALLBACK,https://www.open-epg.com/files/saudiarabia2.xml
DUPLICATE,,openepg,saudiarabia2,Zee Alwan.sa,Zee Alwan.sa,41,40.9,100.0,,,Alternative/duplicate candidate,FALLBACK,https://www.open-epg.com/files/saudiarabia2.xml
DUPLICATE,,openepg,saudiarabia2,Zekrayat.sa,Zekrayat.sa,49,40.4,100.0,,,Alternative/duplicate candidate,FALLBACK,https://www.open-epg.com/files/saudiarabia2.xml
DUPLICATE,,openepg,saudiarabia3,Al Nahar Drama.sa,Al Nahar Drama.sa,23,29.9,100.0,,,Alternative/duplicate candidate,FALLBACK,https://www.open-epg.com/files/saudiarabia3.xml
DUPLICATE,,openepg,saudiarabia3,Al Nahar TV.sa,Al Nahar TV.sa,37,29.4,100.0,,,Alternative/duplicate candidate,FALLBACK,https://www.open-epg.com/files/saudiarabia3.xml
DUPLICATE,,openepg,saudiarabia3,BBC Arabic.sa,BBC Arabic.sa,49,29.4,100.0,,,Alternative/duplicate candidate,FALLBACK,https://www.open-epg.com/files/saudiarabia3.xml
DUPLICATE,,openepg,saudiarabia3,MBC 1 HD.sa,MBC 1 HD.sa,34,29.9,100.0,,,Alternative/duplicate candidate,FALLBACK,https://www.open-epg.com/files/saudiarabia3.xml
DUPLICATE,,openepg,saudiarabia3,MBC 2 HD.sa,MBC 2 HD.sa,21,30.9,100.0,,,Alternative/duplicate candidate,FALLBACK,https://www.open-epg.com/files/saudiarabia3.xml
DUPLICATE,,openepg,saudiarabia3,MBC 4 HD.sa,MBC 4 HD.sa,44,29.1,100.0,,,Alternative/duplicate candidate,FALLBACK,https://www.open-epg.com/files/saudiarabia3.xml
DUPLICATE,,openepg,saudiarabia3,MBC Action HD.sa,MBC Action HD.sa,41,29.4,100.0,,,Alternative/duplicate candidate,FALLBACK,https://www.open-epg.com/files/saudiarabia3.xml
DUPLICATE,,openepg,saudiarabia3,MBC Bollywood.sa,MBC Bollywood.sa,30,30.9,100.0,,,Alternative/duplicate candidate,FALLBACK,https://www.open-epg.com/files/saudiarabia3.xml
DUPLICATE,,openepg,saudiarabia3,MBC Drama HD.sa,MBC Drama HD.sa,30,29.9,100.0,,,Alternative/duplicate candidate,FALLBACK,https://www.open-epg.com/files/saudiarabia3.xml
DUPLICATE,,openepg,saudiarabia3,MBC Max HD.sa,MBC Max HD.sa,21,30.9,100.0,,,Alternative/duplicate candidate,FALLBACK,https://www.open-epg.com/files/saudiarabia3.xml
DUPLICATE,,openepg,saudiarabia4,Al Nahar Drama.sa,Al Nahar Drama.sa,31,40.9,100.0,,,Alternative/duplicate candidate,FALLBACK,https://www.open-epg.com/files/saudiarabia4.xml
DUPLICATE,,openepg,saudiarabia4,Al Nahar TV.sa,Al Nahar TV.sa,54,40.4,100.0,,,Alternative/duplicate candidate,FALLBACK,https://www.open-epg.com/files/saudiarabia4.xml
DUPLICATE,,openepg,saudiarabia4,BBC Arabic.sa,BBC Arabic.sa,69,40.4,100.0,,,Alternative/duplicate candidate,FALLBACK,https://www.open-epg.com/files/saudiarabia4.xml
DUPLICATE,,openepg,saudiarabia4,Cartoon Network Arabic.sa,Cartoon Network Arabic.sa,72,40.4,100.0,,,Alternative/duplicate candidate,FALLBACK,https://www.open-epg.com/files/saudiarabia4.xml
DUPLICATE,,openepg,saudiarabia4,Cartoon Network HD.sa,Cartoon Network HD.sa,53,40.3,100.0,,,Alternative/duplicate candidate,FALLBACK,https://www.open-epg.com/files/saudiarabia4.xml
DUPLICATE,,openepg,saudiarabia4,MBC 1 HD.sa,MBC 1 HD.sa,48,40.8,100.0,,,Alternative/duplicate candidate,FALLBACK,https://www.open-epg.com/files/saudiarabia4.xml
DUPLICATE,,openepg,saudiarabia4,MBC 2 HD.sa,MBC 2 HD.sa,27,40.4,100.0,,,Alternative/duplicate candidate,FALLBACK,https://www.open-epg.com/files/saudiarabia4.xml
DUPLICATE,,openepg,saudiarabia4,MBC 3 HD.sa,MBC 3 HD.sa,159,40.2,96.2,,,Alternative/duplicate candidate,FALLBACK,https://www.open-epg.com/files/saudiarabia4.xml
DUPLICATE,,openepg,saudiarabia4,MBC 4 HD.sa,MBC 4 HD.sa,62,40.9,100.0,,,Alternative/duplicate candidate,FALLBACK,https://www.open-epg.com/files/saudiarabia4.xml
DUPLICATE,,openepg,saudiarabia4,MBC Action HD.sa,MBC Action HD.sa,58,40.9,98.3,,,Alternative/duplicate candidate,FALLBACK,https://www.open-epg.com/files/saudiarabia4.xml
DUPLICATE,,openepg,saudiarabia4,MBC Bollywood.sa,MBC Bollywood.sa,41,40.9,100.0,,,Alternative/duplicate candidate,FALLBACK,https://www.open-epg.com/files/saudiarabia4.xml
DUPLICATE,,openepg,saudiarabia4,MBC Drama HD.sa,MBC Drama HD.sa,41,40.9,100.0,,,Alternative/duplicate candidate,FALLBACK,https://www.open-epg.com/files/saudiarabia4.xml
DUPLICATE,,openepg,saudiarabia4,MBC Iraq HD.sa,MBC Iraq HD.sa,49,40.9,100.0,,,Alternative/duplicate candidate,FALLBACK,https://www.open-epg.com/files/saudiarabia4.xml
DUPLICATE,,openepg,saudiarabia4,MBC Maser.sa,MBC Maser.sa,46,40.8,100.0,,,Alternative/duplicate candidate,FALLBACK,https://www.open-epg.com/files/saudiarabia4.xml
DUPLICATE,,openepg,saudiarabia4,MBC Max HD.sa,MBC Max HD.sa,26,41.4,100.0,,,Alternative/duplicate candidate,FALLBACK,https://www.open-epg.com/files/saudiarabia4.xml
DUPLICATE,,openepg,saudiarabia4,MBC Plus eLife HD.sa,MBC Plus eLife HD.sa,38,40.9,100.0,,,Alternative/duplicate candidate,FALLBACK,https://www.open-epg.com/files/saudiarabia4.xml
DUPLICATE,,openepg,saudiarabia4,MBC Plus Variety HD.sa,MBC Plus Variety HD.sa,57,40.3,100.0,,,Alternative/duplicate candidate,FALLBACK,https://www.open-epg.com/files/saudiarabia4.xml
DUPLICATE,,openepg,saudiarabia5,AD Sports 1 HD.sa,AD Sports 1 HD.sa,1,0.9,100.0,,,Alternative/duplicate candidate,FALLBACK,https://www.open-epg.com/files/saudiarabia5.xml
DUPLICATE,,openepg,saudiarabia5,Animal Planet HD.sa,Animal Planet HD.sa,3,0.9,100.0,,,Alternative/duplicate candidate,FALLBACK,https://www.open-epg.com/files/saudiarabia5.xml
DUPLICATE,,openepg,saudiarabia5,Discovery Channel HD.sa,Discovery Channel HD.sa,3,0.9,100.0,,,Alternative/duplicate candidate,FALLBACK,https://www.open-epg.com/files/saudiarabia5.xml
DUPLICATE,,openepg,saudiarabia5,Dubai TV HD.sa,Dubai TV HD.sa,35,29.4,100.0,,,Alternative/duplicate candidate,FALLBACK,https://www.open-epg.com/files/saudiarabia5.xml
DUPLICATE,,openepg,saudiarabia5,MBC 1.sa,MBC 1.sa,35,29.9,100.0,,,Alternative/duplicate candidate,FALLBACK,https://www.open-epg.com/files/saudiarabia5.xml
DUPLICATE,,openepg,saudiarabia5,MBC 3.sa,MBC 3.sa,98,48.9,100.0,,,Alternative/duplicate candidate,FALLBACK,https://www.open-epg.com/files/saudiarabia5.xml
DUPLICATE,,openepg,saudiarabia5,MBC Drama.sa,MBC Drama.sa,30,29.9,100.0,,,Alternative/duplicate candidate,FALLBACK,https://www.open-epg.com/files/saudiarabia5.xml
DUPLICATE_WINNER,,epgshare,ALJAZEERA1,AlJazeera English,AlJazeera.English.net,113,72.9,100.0,YES,,Winner of duplicate group,FALLBACK,https://epgshare01.online/epgshare01/epg_ripper_ALJAZEERA1.xml.gz
DUPLICATE_WINNER,,openepg,egypt1,أو إس إن شو كايس.eg,أو إس إن شو كايس.eg,26,21.4,100.0,YES,,Winner of duplicate group,FALLBACK,https://www.open-epg.com/files/egypt1.xml
DUPLICATE_WINNER,,openepg,egypt1,أو إس إن فاميلي موفيز.eg,أو إس إن فاميلي موفيز.eg,15,28.2,100.0,YES,,Winner of duplicate group,FALLBACK,https://www.open-epg.com/files/egypt1.xml
DUPLICATE_WINNER,,openepg,egypt1,أو إس إن كرايم.eg,أو إس إن كرايم.eg,33,28.1,100.0,YES,,Winner of duplicate group,FALLBACK,https://www.open-epg.com/files/egypt1.xml
DUPLICATE_WINNER,,openepg,egypt1,أو إس إن كوميدي.eg,أو إس إن كوميدي.eg,63,28.1,100.0,YES,,Winner of duplicate group,FALLBACK,https://www.open-epg.com/files/egypt1.xml
DUPLICATE_WINNER,,openepg,egypt1,أو إس إن موفيز أكشن.eg,أو إس إن موفيز أكشن.eg,15,29.4,100.0,YES,,Winner of duplicate group,FALLBACK,https://www.open-epg.com/files/egypt1.xml
DUPLICATE_WINNER,,openepg,egypt1,أو إس إن موفيز بريميير.eg,أو إس إن موفيز بريميير.eg,18,29.3,100.0,YES,,Winner of duplicate group,FALLBACK,https://www.open-epg.com/files/egypt1.xml
DUPLICATE_WINNER,,openepg,egypt1,أو إس إن موفيز كوميدي.eg,أو إس إن موفيز كوميدي.eg,13,20.9,100.0,YES,,Winner of duplicate group,FALLBACK,https://www.open-epg.com/files/egypt1.xml
DUPLICATE_WINNER,,openepg,egypt1,أو إس إن موفيز هوليوود.eg,أو إس إن موفيز هوليوود.eg,17,28.3,100.0,YES,,Winner of duplicate group,FALLBACK,https://www.open-epg.com/files/egypt1.xml
DUPLICATE_WINNER,,openepg,egypt1,أو إس إن وان.eg,أو إس إن وان.eg,36,28.3,88.9,YES,,Winner of duplicate group,FALLBACK,https://www.open-epg.com/files/egypt1.xml
DUPLICATE_WINNER,,openepg,egypt1,أو إس إن ياهلا أفلام.eg,أو إس إن ياهلا أفلام.eg,18,28.8,100.0,YES,,Winner of duplicate group,FALLBACK,https://www.open-epg.com/files/egypt1.xml
DUPLICATE_WINNER,,openepg,egypt1,أو إس إن ياهلا بالعربي.eg,أو إس إن ياهلا بالعربي.eg,34,28.4,100.0,YES,,Winner of duplicate group,FALLBACK,https://www.open-epg.com/files/egypt1.xml
DUPLICATE_WINNER,,openepg,egypt1,أو إس إن ياهلا.eg,أو إس إن ياهلا.eg,36,28.2,100.0,YES,,Winner of duplicate group,FALLBACK,https://www.open-epg.com/files/egypt1.xml
DUPLICATE_WINNER,,openepg,egypt1,أو إٍس إن ناو.eg,أو إٍس إن ناو.eg,42,28.2,100.0,YES,,Winner of duplicate group,FALLBACK,https://www.open-epg.com/files/egypt1.xml
DUPLICATE_WINNER,,openepg,egypt1,إس بي سي.eg,إس بي سي.eg,29,27.9,58.6,YES,,Winner of duplicate group,FALLBACK,https://www.open-epg.com/files/egypt1.xml
DUPLICATE_WINNER,,openepg,egypt1,إم بي سي 2.eg,إم بي سي 2.eg,9,19.4,100.0,YES,,Winner of duplicate group,FALLBACK,https://www.open-epg.com/files/egypt1.xml
DUPLICATE_WINNER,,openepg,egypt1,إم بي سي أكشن.eg,إم بي سي أكشن.eg,22,30.9,27.3,YES,,Winner of duplicate group,FALLBACK,https://www.open-epg.com/files/egypt1.xml
DUPLICATE_WINNER,,openepg,egypt1,إم بي سي ماكس.eg,إم بي سي ماكس.eg,9,19.9,100.0,YES,,Winner of duplicate group,FALLBACK,https://www.open-epg.com/files/egypt1.xml
DUPLICATE_WINNER,,openepg,egypt1,إم بي سي مصر دراما.eg,إم بي سي مصر دراما.eg,35,28.1,100.0,YES,,Winner of duplicate group,FALLBACK,https://www.open-epg.com/files/egypt1.xml
DUPLICATE_WINNER,,openepg,egypt1,ال دي سي.eg,ال دي سي.eg,29,27.9,34.5,YES,,Winner of duplicate group,FALLBACK,https://www.open-epg.com/files/egypt1.xml
DUPLICATE_WINNER,,openepg,egypt1,الأردن.eg,الأردن.eg,27,21.0,18.5,YES,,Winner of duplicate group,FALLBACK,https://www.open-epg.com/files/egypt1.xml
DUPLICATE_WINNER,,openepg,egypt1,الأولى المغربية.eg,الأولى المغربية.eg,42,27.9,42.9,YES,,Winner of duplicate group,FALLBACK,https://www.open-epg.com/files/egypt1.xml
DUPLICATE_WINNER,,openepg,egypt1,التلفزيون العربي 2.eg,التلفزيون العربي 2.eg,25,23.9,20.0,YES,,Winner of duplicate group,FALLBACK,https://www.open-epg.com/files/egypt1.xml
DUPLICATE_WINNER,,openepg,egypt1,الفجيرة.eg,الفجيرة.eg,23,19.9,52.2,YES,,Winner of duplicate group,FALLBACK,https://www.open-epg.com/files/egypt1.xml
DUPLICATE_WINNER,,openepg,egypt1,الوسط.eg,الوسط.eg,30,21.9,20.0,YES,,Winner of duplicate group,FALLBACK,https://www.open-epg.com/files/egypt1.xml
DUPLICATE_WINNER,,openepg,egypt1,اﻹمارات.eg,اﻹمارات.eg,32,27.9,62.5,YES,,Winner of duplicate group,FALLBACK,https://www.open-epg.com/files/egypt1.xml
DUPLICATE_WINNER,,openepg,egypt1,بي إن دراما.eg,بي إن دراما.eg,28,27.9,100.0,YES,,Winner of duplicate group,FALLBACK,https://www.open-epg.com/files/egypt1.xml
DUPLICATE_WINNER,,openepg,egypt1,بي إن سيريس إتش دي 2.eg,بي إن سيريس إتش دي 2.eg,34,27.9,100.0,YES,,Winner of duplicate group,FALLBACK,https://www.open-epg.com/files/egypt1.xml
DUPLICATE_WINNER,,openepg,egypt1,بي إن سيريس.eg,بي إن سيريس.eg,26,27.9,100.0,YES,,Winner of duplicate group,FALLBACK,https://www.open-epg.com/files/egypt1.xml
DUPLICATE_WINNER,,openepg,egypt1,بي إن موفيز أكشن.eg,بي إن موفيز أكشن.eg,12,21.7,100.0,YES,,Winner of duplicate group,FALLBACK,https://www.open-epg.com/files/egypt1.xml
DUPLICATE_WINNER,,openepg,egypt1,بي إن موفيز بريمير.eg,بي إن موفيز بريمير.eg,12,20.9,100.0,YES,,Winner of duplicate group,FALLBACK,https://www.open-epg.com/files/egypt1.xml
DUPLICATE_WINNER,,openepg,egypt1,بي إن موفيز دراما.eg,بي إن موفيز دراما.eg,11,21.2,90.9,YES,,Winner of duplicate group,FALLBACK,https://www.open-epg.com/files/egypt1.xml
DUPLICATE_WINNER,,openepg,egypt1,بي إن موفيز فاميلي.eg,بي إن موفيز فاميلي.eg,14,20.7,100.0,YES,,Winner of duplicate group,FALLBACK,https://www.open-epg.com/files/egypt1.xml
DUPLICATE_WINNER,,openepg,egypt1,رؤيا.eg,رؤيا.eg,21,27.9,71.4,YES,,Winner of duplicate group,FALLBACK,https://www.open-epg.com/files/egypt1.xml
DUPLICATE_WINNER,,openepg,egypt1,روتانا خليجية.eg,روتانا خليجية.eg,25,27.9,68.0,YES,,Winner of duplicate group,FALLBACK,https://www.open-epg.com/files/egypt1.xml
DUPLICATE_WINNER,,openepg,egypt1,روتانا دراما.eg,روتانا دراما.eg,28,27.9,100.0,YES,,Winner of duplicate group,FALLBACK,https://www.open-epg.com/files/egypt1.xml
DUPLICATE_WINNER,,openepg,egypt1,روتانا سينما مصر.eg,روتانا سينما مصر.eg,15,28.9,100.0,YES,,Winner of duplicate group,FALLBACK,https://www.open-epg.com/files/egypt1.xml
DUPLICATE_WINNER,,openepg,egypt1,روتانا سينما.eg,روتانا سينما.eg,14,27.9,100.0,YES,,Winner of duplicate group,FALLBACK,https://www.open-epg.com/files/egypt1.xml
DUPLICATE_WINNER,,openepg,egypt1,روتانا كلاسيك.eg,روتانا كلاسيك.eg,21,27.9,52.4,YES,,Winner of duplicate group,FALLBACK,https://www.open-epg.com/files/egypt1.xml
DUPLICATE_WINNER,,openepg,egypt1,روتانا كوميدي.eg,روتانا كوميدي.eg,14,27.9,100.0,YES,,Winner of duplicate group,FALLBACK,https://www.open-epg.com/files/egypt1.xml
DUPLICATE_WINNER,,openepg,egypt1,زي ألوان.eg,زي ألوان.eg,28,27.9,100.0,YES,,Winner of duplicate group,FALLBACK,https://www.open-epg.com/files/egypt1.xml
DUPLICATE_WINNER,,openepg,egypt1,سما دبي.eg,سما دبي.eg,25,20.4,48.0,YES,,Winner of duplicate group,FALLBACK,https://www.open-epg.com/files/egypt1.xml
DUPLICATE_WINNER,,openepg,egypt1,سي بي سي.eg,سي بي سي.eg,16,20.4,62.5,YES,,Winner of duplicate group,FALLBACK,https://www.open-epg.com/files/egypt1.xml
DUPLICATE_WINNER,,openepg,egypt1,قناة مصر الأولى.eg,قناة مصر الأولى.eg,25,27.9,32.0,YES,,Winner of duplicate group,FALLBACK,https://www.open-epg.com/files/egypt1.xml
DUPLICATE_WINNER,,openepg,egypt1,ماسة.eg,ماسة.eg,16,13.6,6.2,YES,,Winner of duplicate group,FALLBACK,https://www.open-epg.com/files/egypt1.xml
DUPLICATE_WINNER,,openepg,egypt1,ميكس وان.eg,ميكس وان.eg,26,27.9,84.6,YES,,Winner of duplicate group,FALLBACK,https://www.open-epg.com/files/egypt1.xml
DUPLICATE_WINNER,,openepg,egypt1,نتورك بالعربية.eg,نتورك بالعربية.eg,22,21.9,100.0,YES,,Winner of duplicate group,FALLBACK,https://www.open-epg.com/files/egypt1.xml
DUPLICATE_WINNER,,openepg,egypt1,وان دراما.eg,وان دراما.eg,29,28.4,100.0,YES,,Winner of duplicate group,FALLBACK,https://www.open-epg.com/files/egypt1.xml
DUPLICATE_WINNER,,openepg,egypt2,Al Aoula Morocco.eg,Al Aoula Morocco.eg,48,32.1,25.0,YES,,Winner of duplicate group,FALLBACK,https://www.open-epg.com/files/egypt2.xml
DUPLICATE_WINNER,,openepg,egypt2,Al Dafrah.eg,Al Dafrah.eg,34,31.9,73.5,YES,,Winner of duplicate group,FALLBACK,https://www.open-epg.com/files/egypt2.xml
DUPLICATE_WINNER,,openepg,egypt2,Al Jadeed TV.eg,Al Jadeed TV.eg,34,32.4,8.8,YES,,Winner of duplicate group,FALLBACK,https://www.open-epg.com/files/egypt2.xml
DUPLICATE_WINNER,,openepg,egypt2,Al Kahera Wal Nas TV 2.eg,Al Kahera Wal Nas TV 2.eg,29,32.9,55.2,YES,,Winner of duplicate group,FALLBACK,https://www.open-epg.com/files/egypt2.xml
DUPLICATE_WINNER,,openepg,egypt2,Al Kahera Wal Nas TV.eg,Al Kahera Wal Nas TV.eg,26,31.9,50.0,YES,,Winner of duplicate group,FALLBACK,https://www.open-epg.com/files/egypt2.xml
DUPLICATE_WINNER,,openepg,egypt2,Al Nahar Drama.eg,Al Nahar Drama.eg,21,20.9,100.0,YES,,Winner of duplicate group,FALLBACK,https://www.open-epg.com/files/egypt2.xml
DUPLICATE_WINNER,,openepg,egypt2,Al Nahar TV.eg,Al Nahar TV.eg,34,31.9,26.5,YES,,Winner of duplicate group,FALLBACK,https://www.open-epg.com/files/egypt2.xml
DUPLICATE_WINNER,,openepg,egypt2,Alhayat TV.eg,Alhayat TV.eg,26,31.9,34.6,YES,,Winner of duplicate group,FALLBACK,https://www.open-epg.com/files/egypt2.xml
DUPLICATE_WINNER,,openepg,egypt2,Aloula.eg,Aloula.eg,27,31.9,33.3,YES,,Winner of duplicate group,FALLBACK,https://www.open-epg.com/files/egypt2.xml
DUPLICATE_WINNER,,openepg,egypt2,Alrasheed.eg,Alrasheed.eg,33,31.9,0.0,YES,,Winner of duplicate group,FALLBACK,https://www.open-epg.com/files/egypt2.xml
DUPLICATE_WINNER,,openepg,egypt2,Alsumaria.eg,Alsumaria.eg,32,31.6,28.1,YES,,Winner of duplicate group,FALLBACK,https://www.open-epg.com/files/egypt2.xml
DUPLICATE_WINNER,,openepg,egypt2,Althania.eg,Althania.eg,21,20.9,61.9,YES,,Winner of duplicate group,FALLBACK,https://www.open-epg.com/files/egypt2.xml
DUPLICATE_WINNER,,openepg,egypt2,Amman.eg,Amman.eg,21,20.9,9.5,YES,,Winner of duplicate group,FALLBACK,https://www.open-epg.com/files/egypt2.xml
DUPLICATE_WINNER,,openepg,egypt2,beIN Drama.eg,beIN Drama.eg,32,31.9,100.0,YES,,Winner of duplicate group,FALLBACK,https://www.open-epg.com/files/egypt2.xml
DUPLICATE_WINNER,,openepg,egypt2,BEIN MOVIES ACTION.eg,BEIN MOVIES ACTION.eg,12,21.7,100.0,YES,,Winner of duplicate group,FALLBACK,https://www.open-epg.com/files/egypt2.xml
DUPLICATE_WINNER,,openepg,egypt2,BEIN MOVIES DRAMA.eg,BEIN MOVIES DRAMA.eg,11,21.2,90.9,YES,,Winner of duplicate group,FALLBACK,https://www.open-epg.com/files/egypt2.xml
DUPLICATE_WINNER,,openepg,egypt2,BEIN MOVIES FAMILY.eg,BEIN MOVIES FAMILY.eg,14,20.7,85.7,YES,,Winner of duplicate group,FALLBACK,https://www.open-epg.com/files/egypt2.xml
DUPLICATE_WINNER,,openepg,egypt2,BEIN MOVIES PREMIERE.eg,BEIN MOVIES PREMIERE.eg,12,20.9,100.0,YES,,Winner of duplicate group,FALLBACK,https://www.open-epg.com/files/egypt2.xml
DUPLICATE_WINNER,,openepg,egypt2,BeIn Series HD 1.eg,BeIn Series HD 1.eg,30,31.9,86.7,YES,,Winner of duplicate group,FALLBACK,https://www.open-epg.com/files/egypt2.xml
DUPLICATE_WINNER,,openepg,egypt2,CBC Drama.eg,CBC Drama.eg,21,20.9,100.0,YES,,Winner of duplicate group,FALLBACK,https://www.open-epg.com/files/egypt2.xml
DUPLICATE_WINNER,,openepg,egypt2,CBC.eg,CBC.eg,16,20.4,62.5,YES,,Winner of duplicate group,FALLBACK,https://www.open-epg.com/files/egypt2.xml
DUPLICATE_WINNER,,openepg,egypt2,Dijlah TV.eg,Dijlah TV.eg,21,20.9,0.0,YES,,Winner of duplicate group,FALLBACK,https://www.open-epg.com/files/egypt2.xml
DUPLICATE_WINNER,,openepg,egypt2,DMC DRAMA.eg,DMC DRAMA.eg,20,20.9,95.0,YES,,Winner of duplicate group,FALLBACK,https://www.open-epg.com/files/egypt2.xml
DUPLICATE_WINNER,,openepg,egypt2,DMC.eg,DMC.eg,21,31.6,57.1,YES,,Winner of duplicate group,FALLBACK,https://www.open-epg.com/files/egypt2.xml
DUPLICATE_WINNER,,openepg,egypt2,Echorouk TV.eg,Echorouk TV.eg,34,31.4,29.4,YES,,Winner of duplicate group,FALLBACK,https://www.open-epg.com/files/egypt2.xml
DUPLICATE_WINNER,,openepg,egypt2,Egyptian TV.eg,Egyptian TV.eg,27,31.9,33.3,YES,,Winner of duplicate group,FALLBACK,https://www.open-epg.com/files/egypt2.xml
DUPLICATE_WINNER,,openepg,egypt2,Emirates.eg,Emirates.eg,37,31.9,62.2,YES,,Winner of duplicate group,FALLBACK,https://www.open-epg.com/files/egypt2.xml
DUPLICATE_WINNER,,openepg,egypt2,Fujairah.eg,Fujairah.eg,23,19.9,47.8,YES,,Winner of duplicate group,FALLBACK,https://www.open-epg.com/files/egypt2.xml
DUPLICATE_WINNER,,openepg,egypt2,Hadhramaut TV.eg,Hadhramaut TV.eg,35,20.9,11.4,YES,,Winner of duplicate group,FALLBACK,https://www.open-epg.com/files/egypt2.xml
DUPLICATE_WINNER,,openepg,egypt2,Iraqia TV.eg,Iraqia TV.eg,27,20.9,25.9,YES,,Winner of duplicate group,FALLBACK,https://www.open-epg.com/files/egypt2.xml
DUPLICATE_WINNER,,openepg,egypt2,Jordan TV.eg,Jordan TV.eg,27,21.0,14.8,YES,,Winner of duplicate group,FALLBACK,https://www.open-epg.com/files/egypt2.xml
DUPLICATE_WINNER,,openepg,egypt2,LBC.eg,LBC.eg,26,31.9,76.9,YES,,Winner of duplicate group,FALLBACK,https://www.open-epg.com/files/egypt2.xml
DUPLICATE_WINNER,,openepg,egypt2,LBCI.eg,LBCI.eg,34,32.9,32.4,YES,,Winner of duplicate group,FALLBACK,https://www.open-epg.com/files/egypt2.xml
DUPLICATE_WINNER,,openepg,egypt2,LDC.eg,LDC.eg,34,32.9,32.4,YES,,Winner of duplicate group,FALLBACK,https://www.open-epg.com/files/egypt2.xml
DUPLICATE_WINNER,,openepg,egypt2,LTV.eg,LTV.eg,32,31.9,81.2,YES,,Winner of duplicate group,FALLBACK,https://www.open-epg.com/files/egypt2.xml
DUPLICATE_WINNER,,openepg,egypt2,Masah.eg,Masah.eg,16,13.6,6.2,YES,,Winner of duplicate group,FALLBACK,https://www.open-epg.com/files/egypt2.xml
DUPLICATE_WINNER,,openepg,egypt2,MBC 2.eg,MBC 2.eg,9,19.4,100.0,YES,,Winner of duplicate group,FALLBACK,https://www.open-epg.com/files/egypt2.xml
DUPLICATE_WINNER,,openepg,egypt2,MBC Action.eg,MBC Action.eg,23,32.0,30.4,YES,,Winner of duplicate group,FALLBACK,https://www.open-epg.com/files/egypt2.xml
DUPLICATE_WINNER,,openepg,egypt2,MBC Masr Drama.eg,MBC Masr Drama.eg,39,31.5,100.0,YES,,Winner of duplicate group,FALLBACK,https://www.open-epg.com/files/egypt2.xml
DUPLICATE_WINNER,,openepg,egypt2,MBC MAX.eg,MBC MAX.eg,9,19.9,100.0,YES,,Winner of duplicate group,FALLBACK,https://www.open-epg.com/files/egypt2.xml
DUPLICATE_WINNER,,openepg,egypt2,Mehwar.eg,Mehwar.eg,24,31.4,37.5,YES,,Winner of duplicate group,FALLBACK,https://www.open-epg.com/files/egypt2.xml
DUPLICATE_WINNER,,openepg,egypt2,Mix ONE.eg,Mix ONE.eg,30,31.9,83.3,YES,,Winner of duplicate group,FALLBACK,https://www.open-epg.com/files/egypt2.xml
DUPLICATE_WINNER,,openepg,egypt2,MTV.eg,MTV.eg,25,21.4,28.0,YES,,Winner of duplicate group,FALLBACK,https://www.open-epg.com/files/egypt2.xml
DUPLICATE_WINNER,,openepg,egypt2,Nessma.eg,Nessma.eg,38,31.9,28.9,YES,,Winner of duplicate group,FALLBACK,https://www.open-epg.com/files/egypt2.xml
DUPLICATE_WINNER,,openepg,egypt2,Network Arabic.eg,Network Arabic.eg,22,21.9,100.0,YES,,Winner of duplicate group,FALLBACK,https://www.open-epg.com/files/egypt2.xml
DUPLICATE_WINNER,,openepg,egypt2,Nile Drama.eg,Nile Drama.eg,32,31.9,100.0,YES,,Winner of duplicate group,FALLBACK,https://www.open-epg.com/files/egypt2.xml
DUPLICATE_WINNER,,openepg,egypt2,Nile Life.eg,Nile Life.eg,25,32.9,32.0,YES,,Winner of duplicate group,FALLBACK,https://www.open-epg.com/files/egypt2.xml
DUPLICATE_WINNER,,openepg,egypt2,ON Drama.eg,ON Drama.eg,21,20.9,100.0,YES,,Winner of duplicate group,FALLBACK,https://www.open-epg.com/files/egypt2.xml
DUPLICATE_WINNER,,openepg,egypt2,ON E.eg,ON E.eg,16,20.4,37.5,YES,,Winner of duplicate group,FALLBACK,https://www.open-epg.com/files/egypt2.xml
DUPLICATE_WINNER,,openepg,egypt2,One Drama.eg,One Drama.eg,32,31.4,100.0,YES,,Winner of duplicate group,FALLBACK,https://www.open-epg.com/files/egypt2.xml
DUPLICATE_WINNER,,openepg,egypt2,OSN TV Comedy.eg,OSN TV Comedy.eg,71,31.4,100.0,YES,,Winner of duplicate group,FALLBACK,https://www.open-epg.com/files/egypt2.xml
DUPLICATE_WINNER,,openepg,egypt2,OSN TV Crime.eg,OSN TV Crime.eg,37,31.3,100.0,YES,,Winner of duplicate group,FALLBACK,https://www.open-epg.com/files/egypt2.xml
DUPLICATE_WINNER,,openepg,egypt2,OSN TV Movies Action.eg,OSN TV Movies Action.eg,17,32.8,100.0,YES,,Winner of duplicate group,FALLBACK,https://www.open-epg.com/files/egypt2.xml
DUPLICATE_WINNER,,openepg,egypt2,OSN TV Movies Comedy.eg,OSN TV Movies Comedy.eg,13,20.9,100.0,YES,,Winner of duplicate group,FALLBACK,https://www.open-epg.com/files/egypt2.xml
DUPLICATE_WINNER,,openepg,egypt2,OSN TV Movies Family.eg,OSN TV Movies Family.eg,17,32.6,100.0,YES,,Winner of duplicate group,FALLBACK,https://www.open-epg.com/files/egypt2.xml
DUPLICATE_WINNER,,openepg,egypt2,OSN TV Movies Hollywood.eg,OSN TV Movies Hollywood.eg,19,32.6,100.0,YES,,Winner of duplicate group,FALLBACK,https://www.open-epg.com/files/egypt2.xml
DUPLICATE_WINNER,,openepg,egypt2,OSN TV Movies Premiere.eg,OSN TV Movies Premiere.eg,19,31.6,100.0,YES,,Winner of duplicate group,FALLBACK,https://www.open-epg.com/files/egypt2.xml
DUPLICATE_WINNER,,openepg,egypt2,OSN TV Now.eg,OSN TV Now.eg,47,31.4,100.0,YES,,Winner of duplicate group,FALLBACK,https://www.open-epg.com/files/egypt2.xml
DUPLICATE_WINNER,,openepg,egypt2,OSN TV One.eg,OSN TV One.eg,40,31.7,75.0,YES,,Winner of duplicate group,FALLBACK,https://www.open-epg.com/files/egypt2.xml
DUPLICATE_WINNER,,openepg,egypt2,OSN TV Showcase.eg,OSN TV Showcase.eg,26,21.4,100.0,YES,,Winner of duplicate group,FALLBACK,https://www.open-epg.com/files/egypt2.xml
DUPLICATE_WINNER,,openepg,egypt2,OSN TV Yahala Bil Arabi.eg,OSN TV Yahala Bil Arabi.eg,38,31.8,94.7,YES,,Winner of duplicate group,FALLBACK,https://www.open-epg.com/files/egypt2.xml
DUPLICATE_WINNER,,openepg,egypt2,Osn Ya Hala Aflam.eg,Osn Ya Hala Aflam.eg,20,32.6,100.0,YES,,Winner of duplicate group,FALLBACK,https://www.open-epg.com/files/egypt2.xml
DUPLICATE_WINNER,,openepg,egypt2,OSN Ya Hala.eg,OSN Ya Hala.eg,40,31.3,100.0,YES,,Winner of duplicate group,FALLBACK,https://www.open-epg.com/files/egypt2.xml
DUPLICATE_WINNER,,openepg,egypt2,Rotana Cinema Masr.eg,Rotana Cinema Masr.eg,17,32.9,100.0,YES,,Winner of duplicate group,FALLBACK,https://www.open-epg.com/files/egypt2.xml
DUPLICATE_WINNER,,openepg,egypt2,Rotana Cinema.eg,Rotana Cinema.eg,16,31.9,100.0,YES,,Winner of duplicate group,FALLBACK,https://www.open-epg.com/files/egypt2.xml
DUPLICATE_WINNER,,openepg,egypt2,Rotana Classic.eg,Rotana Classic.eg,25,32.9,52.0,YES,,Winner of duplicate group,FALLBACK,https://www.open-epg.com/files/egypt2.xml
DUPLICATE_WINNER,,openepg,egypt2,Rotana Comedy.eg,Rotana Comedy.eg,16,31.9,100.0,YES,,Winner of duplicate group,FALLBACK,https://www.open-epg.com/files/egypt2.xml
DUPLICATE_WINNER,,openepg,egypt2,Rotana Drama.eg,Rotana Drama.eg,32,31.9,100.0,YES,,Winner of duplicate group,FALLBACK,https://www.open-epg.com/files/egypt2.xml
DUPLICATE_WINNER,,openepg,egypt2,Rotana Khalejia.eg,Rotana Khalejia.eg,28,31.9,67.9,YES,,Winner of duplicate group,FALLBACK,https://www.open-epg.com/files/egypt2.xml
DUPLICATE_WINNER,,openepg,egypt2,Roya.eg,Roya.eg,24,32.9,66.7,YES,,Winner of duplicate group,FALLBACK,https://www.open-epg.com/files/egypt2.xml
DUPLICATE_WINNER,,openepg,egypt2,Sada El Balad 2.eg,Sada El Balad 2.eg,28,32.9,7.1,YES,,Winner of duplicate group,FALLBACK,https://www.open-epg.com/files/egypt2.xml
DUPLICATE_WINNER,,openepg,egypt2,Sada El Balad Drama.eg,Sada El Balad Drama.eg,32,31.9,100.0,YES,,Winner of duplicate group,FALLBACK,https://www.open-epg.com/files/egypt2.xml
DUPLICATE_WINNER,,openepg,egypt2,Sada El Balad.eg,Sada El Balad.eg,27,31.9,29.6,YES,,Winner of duplicate group,FALLBACK,https://www.open-epg.com/files/egypt2.xml
DUPLICATE_WINNER,,openepg,egypt2,Sama Dubai.eg,Sama Dubai.eg,25,20.4,48.0,YES,,Winner of duplicate group,FALLBACK,https://www.open-epg.com/files/egypt2.xml
DUPLICATE_WINNER,,openepg,egypt2,Saudiya TV.eg,Saudiya TV.eg,44,31.9,54.5,YES,,Winner of duplicate group,FALLBACK,https://www.open-epg.com/files/egypt2.xml
DUPLICATE_WINNER,,openepg,egypt2,SBC.eg,SBC.eg,33,31.9,57.6,YES,,Winner of duplicate group,FALLBACK,https://www.open-epg.com/files/egypt2.xml
DUPLICATE_WINNER,,openepg,egypt2,Sharjah TV.eg,Sharjah TV.eg,43,31.9,20.9,YES,,Winner of duplicate group,FALLBACK,https://www.open-epg.com/files/egypt2.xml
DUPLICATE_WINNER,,openepg,egypt2,TeN TV.eg,TeN TV.eg,28,31.4,21.4,YES,,Winner of duplicate group,FALLBACK,https://www.open-epg.com/files/egypt2.xml
DUPLICATE_WINNER,,openepg,egypt2,Utv.eg,Utv.eg,35,31.9,31.4,YES,,Winner of duplicate group,FALLBACK,https://www.open-epg.com/files/egypt2.xml
DUPLICATE_WINNER,,openepg,egypt2,WTV.eg,WTV.eg,30,21.9,13.3,YES,,Winner of duplicate group,FALLBACK,https://www.open-epg.com/files/egypt2.xml
DUPLICATE_WINNER,,openepg,egypt2,Zee alwan.eg,Zee alwan.eg,32,31.9,100.0,YES,,Winner of duplicate group,FALLBACK,https://www.open-epg.com/files/egypt2.xml
DUPLICATE_WINNER,,openepg,qatar1,beIN 4K.qa,beIN 4K.qa,16,28.5,100.0,YES,,Winner of duplicate group,FALLBACK,https://www.open-epg.com/files/qatar1.xml
DUPLICATE_WINNER,,openepg,qatar1,beIN SPORTS 1.qa,beIN SPORTS 1.qa,24,28.2,100.0,YES,,Winner of duplicate group,FALLBACK,https://www.open-epg.com/files/qatar1.xml
DUPLICATE_WINNER,,openepg,qatar1,beIN SPORTS 2.qa,beIN SPORTS 2.qa,14,28.2,100.0,YES,,Winner of duplicate group,FALLBACK,https://www.open-epg.com/files/qatar1.xml
DUPLICATE_WINNER,,openepg,qatar1,beIN SPORTS 3.qa,beIN SPORTS 3.qa,13,29.2,100.0,YES,,Winner of duplicate group,FALLBACK,https://www.open-epg.com/files/qatar1.xml
DUPLICATE_WINNER,,openepg,qatar1,beIN SPORTS 4.qa,beIN SPORTS 4.qa,14,30.2,100.0,YES,,Winner of duplicate group,FALLBACK,https://www.open-epg.com/files/qatar1.xml
DUPLICATE_WINNER,,openepg,qatar1,beIN SPORTS 5.qa,beIN SPORTS 5.qa,14,31.4,100.0,YES,,Winner of duplicate group,FALLBACK,https://www.open-epg.com/files/qatar1.xml
DUPLICATE_WINNER,,openepg,qatar1,beIN SPORTS 6.qa,beIN SPORTS 6.qa,9,30.9,100.0,YES,,Winner of duplicate group,FALLBACK,https://www.open-epg.com/files/qatar1.xml
DUPLICATE_WINNER,,openepg,qatar1,beIN SPORTS 7.qa,beIN SPORTS 7.qa,14,28.2,100.0,YES,,Winner of duplicate group,FALLBACK,https://www.open-epg.com/files/qatar1.xml
DUPLICATE_WINNER,,openepg,qatar1,beIN SPORTS 8.qa,beIN SPORTS 8.qa,13,28.9,84.6,YES,,Winner of duplicate group,FALLBACK,https://www.open-epg.com/files/qatar1.xml
DUPLICATE_WINNER,,openepg,qatar1,beIN SPORTS 9.qa,beIN SPORTS 9.qa,15,28.9,53.3,YES,,Winner of duplicate group,FALLBACK,https://www.open-epg.com/files/qatar1.xml
DUPLICATE_WINNER,,openepg,qatar1,beIN SPORTS EN 1.qa,beIN SPORTS EN 1.qa,17,29.4,100.0,YES,,Winner of duplicate group,FALLBACK,https://www.open-epg.com/files/qatar1.xml
DUPLICATE_WINNER,,openepg,qatar1,beIN SPORTS EN 2.qa,beIN SPORTS EN 2.qa,11,28.4,72.7,YES,,Winner of duplicate group,FALLBACK,https://www.open-epg.com/files/qatar1.xml
DUPLICATE_WINNER,,openepg,qatar1,beIN SPORTS MAX 1.qa,beIN SPORTS MAX 1.qa,15,29.9,100.0,YES,,Winner of duplicate group,FALLBACK,https://www.open-epg.com/files/qatar1.xml
DUPLICATE_WINNER,,openepg,qatar1,beIN SPORTS MAX 2.qa,beIN SPORTS MAX 2.qa,15,29.9,100.0,YES,,Winner of duplicate group,FALLBACK,https://www.open-epg.com/files/qatar1.xml
DUPLICATE_WINNER,,openepg,qatar1,beIN SPORTS MAX 3.qa,beIN SPORTS MAX 3.qa,15,29.9,100.0,YES,,Winner of duplicate group,FALLBACK,https://www.open-epg.com/files/qatar1.xml
DUPLICATE_WINNER,,openepg,qatar1,beIN SPORTS MAX 4.qa,beIN SPORTS MAX 4.qa,15,29.9,100.0,YES,,Winner of duplicate group,FALLBACK,https://www.open-epg.com/files/qatar1.xml
DUPLICATE_WINNER,,openepg,qatar1,beIN SPORTS MAX 5.qa,beIN SPORTS MAX 5.qa,15,29.9,100.0,YES,,Winner of duplicate group,FALLBACK,https://www.open-epg.com/files/qatar1.xml
DUPLICATE_WINNER,,openepg,qatar1,beIN SPORTS MAX 6.qa,beIN SPORTS MAX 6.qa,15,29.9,100.0,YES,,Winner of duplicate group,FALLBACK,https://www.open-epg.com/files/qatar1.xml
DUPLICATE_WINNER,,openepg,qatar1,beIN SPORTS NEWS.qa,beIN SPORTS NEWS.qa,41,28.9,75.6,YES,,Winner of duplicate group,FALLBACK,https://www.open-epg.com/files/qatar1.xml
DUPLICATE_WINNER,,openepg,qatar1,beIN SPORTS XTRA 1.qa,beIN SPORTS XTRA 1.qa,28,28.9,100.0,YES,,Winner of duplicate group,FALLBACK,https://www.open-epg.com/files/qatar1.xml
DUPLICATE_WINNER,,openepg,qatar1,beIN SPORTS XTRA 2.qa,beIN SPORTS XTRA 2.qa,22,30.8,86.4,YES,,Winner of duplicate group,FALLBACK,https://www.open-epg.com/files/qatar1.xml
DUPLICATE_WINNER,,openepg,qatar1,beIN SPORTS XTRA 3.qa,beIN SPORTS XTRA 3.qa,26,30.8,100.0,YES,,Winner of duplicate group,FALLBACK,https://www.open-epg.com/files/qatar1.xml
DUPLICATE_WINNER,,openepg,qatar1,beIN SPORTS XTRA 4.qa,beIN SPORTS XTRA 4.qa,21,30.9,100.0,YES,,Winner of duplicate group,FALLBACK,https://www.open-epg.com/files/qatar1.xml
DUPLICATE_WINNER,,openepg,qatar1,beIN SPORTS XTRA 5.qa,beIN SPORTS XTRA 5.qa,20,30.4,100.0,YES,,Winner of duplicate group,FALLBACK,https://www.open-epg.com/files/qatar1.xml
DUPLICATE_WINNER,,openepg,qatar1,beIN SPORTS XTRA 6.qa,beIN SPORTS XTRA 6.qa,18,45.9,100.0,YES,,Winner of duplicate group,FALLBACK,https://www.open-epg.com/files/qatar1.xml
DUPLICATE_WINNER,,openepg,qatar1,beIN SPORTS XTRA 7.qa,beIN SPORTS XTRA 7.qa,25,28.9,100.0,YES,,Winner of duplicate group,FALLBACK,https://www.open-epg.com/files/qatar1.xml
DUPLICATE_WINNER,,openepg,qatar1,beIN SPORTS XTRA 8.qa,beIN SPORTS XTRA 8.qa,23,45.9,100.0,YES,,Winner of duplicate group,FALLBACK,https://www.open-epg.com/files/qatar1.xml
DUPLICATE_WINNER,,openepg,qatar1,beIN SPORTS XTRA 9.qa,beIN SPORTS XTRA 9.qa,29,28.9,100.0,YES,,Winner of duplicate group,FALLBACK,https://www.open-epg.com/files/qatar1.xml
DUPLICATE_WINNER,,openepg,qatar1,beIN SPORTS.qa,beIN SPORTS.qa,8,30.9,100.0,YES,,Winner of duplicate group,FALLBACK,https://www.open-epg.com/files/qatar1.xml
DUPLICATE_WINNER,,openepg,qatar2,2023 Alkass 3.qa,2023 Alkass 3.qa,13,28.9,0.0,YES,,Winner of duplicate group,FALLBACK,https://www.open-epg.com/files/qatar2.xml
DUPLICATE_WINNER,,openepg,qatar2,2023 Alkass 5.qa,2023 Alkass 5.qa,21,24.9,0.0,YES,,Winner of duplicate group,FALLBACK,https://www.open-epg.com/files/qatar2.xml
DUPLICATE_WINNER,,openepg,qatar2,2023 Alkass 6.qa,2023 Alkass 6.qa,21,24.9,0.0,YES,,Winner of duplicate group,FALLBACK,https://www.open-epg.com/files/qatar2.xml
DUPLICATE_WINNER,,openepg,qatar2,2023 Alkass 7.qa,2023 Alkass 7.qa,23,24.9,0.0,YES,,Winner of duplicate group,FALLBACK,https://www.open-epg.com/files/qatar2.xml
DUPLICATE_WINNER,,openepg,qatar2,2023 Alkass 8.qa,2023 Alkass 8.qa,20,24.9,0.0,YES,,Winner of duplicate group,FALLBACK,https://www.open-epg.com/files/qatar2.xml
DUPLICATE_WINNER,,openepg,qatar2,4k DIGITAL.qa,4k DIGITAL.qa,15,29.0,0.0,YES,,Winner of duplicate group,FALLBACK,https://www.open-epg.com/files/qatar2.xml
DUPLICATE_WINNER,,openepg,qatar2,bein SPORTS FTA DIGITAL.qa,bein SPORTS FTA DIGITAL.qa,15,30.3,0.0,YES,,Winner of duplicate group,FALLBACK,https://www.open-epg.com/files/qatar2.xml
DUPLICATE_WINNER,,openepg,qatar2,beIN SPORTS XTRA 04 bein.com.qa,beIN SPORTS XTRA 04 bein.com.qa,26,27.9,0.0,YES,,Winner of duplicate group,FALLBACK,https://www.open-epg.com/files/qatar2.xml
DUPLICATE_WINNER,,openepg,qatar2,beIN SPORTS XTRA 05 bein.com.qa,beIN SPORTS XTRA 05 bein.com.qa,26,27.9,0.0,YES,,Winner of duplicate group,FALLBACK,https://www.open-epg.com/files/qatar2.xml
DUPLICATE_WINNER,,openepg,qatar2,beIN SPORTS XTRA 06 bein.com.qa,beIN SPORTS XTRA 06 bein.com.qa,13,28.9,0.0,YES,,Winner of duplicate group,FALLBACK,https://www.open-epg.com/files/qatar2.xml
DUPLICATE_WINNER,,openepg,qatar2,beIN SPORTS XTRA1 Digital.qa,beIN SPORTS XTRA1 Digital.qa,26,27.9,0.0,YES,,Winner of duplicate group,FALLBACK,https://www.open-epg.com/files/qatar2.xml
DUPLICATE_WINNER,,openepg,qatar2,beIN SPORTS XTRA2 Digital.qa,beIN SPORTS XTRA2 Digital.qa,26,27.9,0.0,YES,,Winner of duplicate group,FALLBACK,https://www.open-epg.com/files/qatar2.xml
DUPLICATE_WINNER,,openepg,qatar2,beIN SPORTS1 DIGITAL.qa,beIN SPORTS1 DIGITAL.qa,19,27.9,0.0,YES,,Winner of duplicate group,FALLBACK,https://www.open-epg.com/files/qatar2.xml
DUPLICATE_WINNER,,openepg,qatar2,beIN SPORTS1 ENGLISH Digital.qa,beIN SPORTS1 ENGLISH Digital.qa,19,27.9,0.0,YES,,Winner of duplicate group,FALLBACK,https://www.open-epg.com/files/qatar2.xml
DUPLICATE_WINNER,,openepg,qatar2,beIN SPORTS1 FRENCH Digital.qa,beIN SPORTS1 FRENCH Digital.qa,14,24.9,0.0,YES,,Winner of duplicate group,FALLBACK,https://www.open-epg.com/files/qatar2.xml
DUPLICATE_WINNER,,openepg,qatar2,beIN SPORTS2 DIGITAL.qa,beIN SPORTS2 DIGITAL.qa,20,27.9,0.0,YES,,Winner of duplicate group,FALLBACK,https://www.open-epg.com/files/qatar2.xml
DUPLICATE_WINNER,,openepg,qatar2,beIN SPORTS2 ENGLISH Digital.qa,beIN SPORTS2 ENGLISH Digital.qa,19,29.4,0.0,YES,,Winner of duplicate group,FALLBACK,https://www.open-epg.com/files/qatar2.xml
DUPLICATE_WINNER,,openepg,qatar2,beIN SPORTS2 FRENCH Digital.qa,beIN SPORTS2 FRENCH Digital.qa,16,28.9,0.0,YES,,Winner of duplicate group,FALLBACK,https://www.open-epg.com/files/qatar2.xml
DUPLICATE_WINNER,,openepg,qatar2,beIN SPORTS3 DIGITAL.qa,beIN SPORTS3 DIGITAL.qa,19,27.8,0.0,YES,,Winner of duplicate group,FALLBACK,https://www.open-epg.com/files/qatar2.xml
DUPLICATE_WINNER,,openepg,qatar2,beIN SPORTS4 DIGITAL.qa,beIN SPORTS4 DIGITAL.qa,17,28.6,0.0,YES,,Winner of duplicate group,FALLBACK,https://www.open-epg.com/files/qatar2.xml
DUPLICATE_WINNER,,openepg,qatar2,beIN SPORTS5 DIGITAL.qa,beIN SPORTS5 DIGITAL.qa,25,27.8,0.0,YES,,Winner of duplicate group,FALLBACK,https://www.open-epg.com/files/qatar2.xml
DUPLICATE_WINNER,,openepg,qatar2,beIN SPORTS6 DIGITAL -d-1.qa,beIN SPORTS6 DIGITAL -d-1.qa,9,76.4,0.0,YES,,Winner of duplicate group,FALLBACK,https://www.open-epg.com/files/qatar2.xml
DUPLICATE_WINNER,,openepg,qatar2,beIN SPORTS7 DIGITAL.qa,beIN SPORTS7 DIGITAL.qa,17,28.0,0.0,YES,,Winner of duplicate group,FALLBACK,https://www.open-epg.com/files/qatar2.xml
DUPLICATE_WINNER,,openepg,qatar2,bein.com-05.qa,bein.com-05.qa,24,27.9,0.0,YES,,Winner of duplicate group,FALLBACK,https://www.open-epg.com/files/qatar2.xml
DUPLICATE_WINNER,,openepg,qatar2,bein.com-07.qa,bein.com-07.qa,27,27.9,0.0,YES,,Winner of duplicate group,FALLBACK,https://www.open-epg.com/files/qatar2.xml
DUPLICATE_WINNER,,openepg,qatar2,beINSPORTS8.qa,beINSPORTS8.qa,16,77.2,0.0,YES,,Winner of duplicate group,FALLBACK,https://www.open-epg.com/files/qatar2.xml
DUPLICATE_WINNER,,openepg,qatar2,beINSPORTS9.qa,beINSPORTS9.qa,18,28.4,0.0,YES,,Winner of duplicate group,FALLBACK,https://www.open-epg.com/files/qatar2.xml
DUPLICATE_WINNER,,openepg,qatar2,NEWS DIGITAL.qa,NEWS DIGITAL.qa,38,27.9,0.0,YES,,Winner of duplicate group,FALLBACK,https://www.open-epg.com/files/qatar2.xml
DUPLICATE_WINNER,,openepg,qatar3,2023 Alkass 1.qa,2023 Alkass 1.qa,21,24.9,0.0,YES,,Winner of duplicate group,FALLBACK,https://www.open-epg.com/files/qatar3.xml
DUPLICATE_WINNER,,openepg,qatar3,2023 Alkass 2.qa,2023 Alkass 2.qa,23,24.9,0.0,YES,,Winner of duplicate group,FALLBACK,https://www.open-epg.com/files/qatar3.xml
DUPLICATE_WINNER,,openepg,qatar3,2023 Alkass 4.qa,2023 Alkass 4.qa,16,24.9,0.0,YES,,Winner of duplicate group,FALLBACK,https://www.open-epg.com/files/qatar3.xml
DUPLICATE_WINNER,,openepg,qatar3,AFC 4.qa,AFC 4.qa,26,27.9,0.0,YES,,Winner of duplicate group,FALLBACK,https://www.open-epg.com/files/qatar3.xml
DUPLICATE_WINNER,,openepg,qatar3,AFC 5.qa,AFC 5.qa,26,27.9,0.0,YES,,Winner of duplicate group,FALLBACK,https://www.open-epg.com/files/qatar3.xml
DUPLICATE_WINNER,,openepg,qatar3,afc-6 8-copy.qa,afc-6 8-copy.qa,13,28.9,0.0,YES,,Winner of duplicate group,FALLBACK,https://www.open-epg.com/files/qatar3.xml
DUPLICATE_WINNER,,openepg,qatar3,beIN SPORTS MAX1 DIGITAL.qa,beIN SPORTS MAX1 DIGITAL.qa,13,28.9,0.0,YES,,Winner of duplicate group,FALLBACK,https://www.open-epg.com/files/qatar3.xml
DUPLICATE_WINNER,,openepg,qatar3,beIN SPORTS MAX2 DIGITAL.qa,beIN SPORTS MAX2 DIGITAL.qa,13,28.9,0.0,YES,,Winner of duplicate group,FALLBACK,https://www.open-epg.com/files/qatar3.xml
DUPLICATE_WINNER,,openepg,qatar3,beIN SPORTS MAX3 DIGITAL.qa,beIN SPORTS MAX3 DIGITAL.qa,13,28.9,0.0,YES,,Winner of duplicate group,FALLBACK,https://www.open-epg.com/files/qatar3.xml
DUPLICATE_WINNER,,openepg,qatar3,beIN SPORTS MAX4 DIGITAL.qa,beIN SPORTS MAX4 DIGITAL.qa,13,28.9,0.0,YES,,Winner of duplicate group,FALLBACK,https://www.open-epg.com/files/qatar3.xml
DUPLICATE_WINNER,,openepg,qatar3,beIN SPORTS MAX5 DIGITAL.qa,beIN SPORTS MAX5 DIGITAL.qa,13,28.9,0.0,YES,,Winner of duplicate group,FALLBACK,https://www.open-epg.com/files/qatar3.xml
DUPLICATE_WINNER,,openepg,qatar3,beIN SPORTS66 DIGITAL -01.qa,beIN SPORTS66 DIGITAL -01.qa,9,76.4,0.0,YES,,Winner of duplicate group,FALLBACK,https://www.open-epg.com/files/qatar3.xml
DUPLICATE_WINNER,,openepg,qatar3,bein.com-06.qa,bein.com-06.qa,26,27.9,0.0,YES,,Winner of duplicate group,FALLBACK,https://www.open-epg.com/files/qatar3.xml
DUPLICATE_WINNER,,openepg,qatar3,bein.com-08.qa,bein.com-08.qa,26,27.9,0.0,YES,,Winner of duplicate group,FALLBACK,https://www.open-epg.com/files/qatar3.xml
DUPLICATE_WINNER,,openepg,qatar3,beINSPORTSXTRA3.qa,beINSPORTSXTRA3.qa,27,27.9,0.0,YES,,Winner of duplicate group,FALLBACK,https://www.open-epg.com/files/qatar3.xml
DUPLICATE_WINNER,,openepg,qatar3,NBA DIGITAL.qa,NBA DIGITAL.qa,21,24.9,0.0,YES,,Winner of duplicate group,FALLBACK,https://www.open-epg.com/files/qatar3.xml
DUPLICATE_WINNER,,openepg,qatar4,0001 AWG CN Brand Logo 1color Black 4C.qa,0001 AWG CN Brand Logo 1color Black 4C.qa,126,28.6,0.0,YES,,Winner of duplicate group,FALLBACK,https://www.open-epg.com/files/qatar4.xml
DUPLICATE_WINNER,,openepg,qatar4,Aljazeera-Documentary-1.qa,Aljazeera-Documentary-1.qa,34,28.9,0.0,YES,,Winner of duplicate group,FALLBACK,https://www.open-epg.com/files/qatar4.xml
DUPLICATE_WINNER,,openepg,qatar4,Bara3em-1.qa,Bara3em-1.qa,114,28.7,0.0,YES,,Winner of duplicate group,FALLBACK,https://www.open-epg.com/files/qatar4.xml
DUPLICATE_WINNER,,openepg,qatar4,BBCEarth-new 200x200.qa,BBCEarth-new 200x200.qa,42,28.9,0.0,YES,,Winner of duplicate group,FALLBACK,https://www.open-epg.com/files/qatar4.xml
DUPLICATE_WINNER,,openepg,qatar4,cartoonito.qa,cartoonito.qa,112,28.9,0.0,YES,,Winner of duplicate group,FALLBACK,https://www.open-epg.com/files/qatar4.xml
DUPLICATE_WINNER,,openepg,qatar4,CBeebies-1.qa,CBeebies-1.qa,98,28.8,0.0,YES,,Winner of duplicate group,FALLBACK,https://www.open-epg.com/files/qatar4.xml
DUPLICATE_WINNER,,openepg,qatar4,HGTV.qa,HGTV.qa,149,28.7,0.0,YES,,Winner of duplicate group,FALLBACK,https://www.open-epg.com/files/qatar4.xml
DUPLICATE_WINNER,,openepg,qatar4,Jeem-HD-1-01.qa,Jeem-HD-1-01.qa,112,28.9,0.0,YES,,Winner of duplicate group,FALLBACK,https://www.open-epg.com/files/qatar4.xml
DUPLICATE_WINNER,,openepg,qatar4,MOVIES1 PREMIERE DIGITAL.qa,MOVIES1 PREMIERE DIGITAL.qa,15,30.4,0.0,YES,,Winner of duplicate group,FALLBACK,https://www.open-epg.com/files/qatar4.xml
DUPLICATE_WINNER,,openepg,qatar4,MOVIES2 ACTION DIGITAL.qa,MOVIES2 ACTION DIGITAL.qa,15,28.9,0.0,YES,,Winner of duplicate group,FALLBACK,https://www.open-epg.com/files/qatar4.xml
DUPLICATE_WINNER,,openepg,qatar4,MOVIES3 DRAMA DIGITAL.qa,MOVIES3 DRAMA DIGITAL.qa,16,29.2,0.0,YES,,Winner of duplicate group,FALLBACK,https://www.open-epg.com/files/qatar4.xml
DUPLICATE_WINNER,,openepg,qatar4,Nat geo hd.qa,Nat geo hd.qa,24,28.9,0.0,YES,,Winner of duplicate group,FALLBACK,https://www.open-epg.com/files/qatar4.xml
DUPLICATE_WINNER,,openepg,qatar4,Star Action 2024-200x200-1.qa,Star Action 2024-200x200-1.qa,18,29.0,0.0,YES,,Winner of duplicate group,FALLBACK,https://www.open-epg.com/files/qatar4.xml
DUPLICATE_WINNER,,openepg,qatar4,Star Movies 2024-200x200-1.qa,Star Movies 2024-200x200-1.qa,25,29.9,0.0,YES,,Winner of duplicate group,FALLBACK,https://www.open-epg.com/files/qatar4.xml
DUPLICATE_WINNER,,openepg,qatar5,0003 TCI colour-Blue UK2016.qa,0003 TCI colour-Blue UK2016.qa,51,29.1,0.0,YES,,Winner of duplicate group,FALLBACK,https://www.open-epg.com/files/qatar5.xml
DUPLICATE_WINNER,,openepg,qatar5,0004 CNN International logo.svg.qa,0004 CNN International logo.svg.qa,152,29.0,0.0,YES,,Winner of duplicate group,FALLBACK,https://www.open-epg.com/files/qatar5.xml
DUPLICATE_WINNER,,openepg,qatar5,Baby-TV-2.qa,Baby-TV-2.qa,154,29.1,0.0,YES,,Winner of duplicate group,FALLBACK,https://www.open-epg.com/files/qatar5.xml
DUPLICATE_WINNER,,openepg,qatar5,beIN SPORTS-boxoffice-bein.com.qa,beIN SPORTS-boxoffice-bein.com.qa,18,30.5,0.0,YES,,Winner of duplicate group,FALLBACK,https://www.open-epg.com/files/qatar5.xml
DUPLICATE_WINNER,,openepg,qatar5,beJUNIOR-1.qa,beJUNIOR-1.qa,35,30.9,0.0,YES,,Winner of duplicate group,FALLBACK,https://www.open-epg.com/files/qatar5.xml
DUPLICATE_WINNER,,openepg,qatar5,Bloomberg-1.qa,Bloomberg-1.qa,37,29.7,0.0,YES,,Winner of duplicate group,FALLBACK,https://www.open-epg.com/files/qatar5.xml
DUPLICATE_WINNER,,openepg,qatar5,BoxOffice1 DIGITAL.qa,BoxOffice1 DIGITAL.qa,14,30.9,0.0,YES,,Winner of duplicate group,FALLBACK,https://www.open-epg.com/files/qatar5.xml
DUPLICATE_WINNER,,openepg,qatar5,BoxOffice2 DIGITAL.qa,BoxOffice2 DIGITAL.qa,14,30.9,0.0,YES,,Winner of duplicate group,FALLBACK,https://www.open-epg.com/files/qatar5.xml
DUPLICATE_WINNER,,openepg,qatar5,Cartoon-Network-Arabic-1.qa,Cartoon-Network-Arabic-1.qa,377,29.0,0.0,YES,,Winner of duplicate group,FALLBACK,https://www.open-epg.com/files/qatar5.xml
DUPLICATE_WINNER,,openepg,qatar5,Discovery-logo-1.qa,Discovery-logo-1.qa,114,29.9,0.0,YES,,Winner of duplicate group,FALLBACK,https://www.open-epg.com/files/qatar5.xml
DUPLICATE_WINNER,,openepg,qatar5,Drama Stacked nov 2024 200x200.qa,Drama Stacked nov 2024 200x200.qa,28,29.9,0.0,YES,,Winner of duplicate group,FALLBACK,https://www.open-epg.com/files/qatar5.xml
DUPLICATE_WINNER,,openepg,qatar5,Euro-News.qa,Euro-News.qa,128,29.0,0.0,YES,,Winner of duplicate group,FALLBACK,https://www.open-epg.com/files/qatar5.xml
DUPLICATE_WINNER,,openepg,qatar5,FATAFEAT-1.qa,FATAFEAT-1.qa,39,29.4,0.0,YES,,Winner of duplicate group,FALLBACK,https://www.open-epg.com/files/qatar5.xml
DUPLICATE_WINNER,,openepg,qatar5,food-network-logo-2018-1.qa,food-network-logo-2018-1.qa,40,29.4,0.0,YES,,Winner of duplicate group,FALLBACK,https://www.open-epg.com/files/qatar5.xml
DUPLICATE_WINNER,,openepg,qatar5,GOURMET DIGITAL.qa,GOURMET DIGITAL.qa,38,29.0,0.0,YES,,Winner of duplicate group,FALLBACK,https://www.open-epg.com/files/qatar5.xml
DUPLICATE_WINNER,,openepg,qatar5,MOVIES4 FAMILY DIGITAL.qa,MOVIES4 FAMILY DIGITAL.qa,18,30.0,0.0,YES,,Winner of duplicate group,FALLBACK,https://www.open-epg.com/files/qatar5.xml
DUPLICATE_WINNER,,openepg,qatar5,SERIES1 DIGITAL.qa,SERIES1 DIGITAL.qa,28,29.9,0.0,YES,,Winner of duplicate group,FALLBACK,https://www.open-epg.com/files/qatar5.xml
DUPLICATE_WINNER,,openepg,qatar5,SERIES2 DIGITAL.qa,SERIES2 DIGITAL.qa,28,29.9,0.0,YES,,Winner of duplicate group,FALLBACK,https://www.open-epg.com/files/qatar5.xml
DUPLICATE_WINNER,,openepg,qatar5,Star World 2024-200x200-1.qa,Star World 2024-200x200-1.qa,38,29.2,0.0,YES,,Winner of duplicate group,FALLBACK,https://www.open-epg.com/files/qatar5.xml
DUPLICATE_WINNER,,openepg,qatar5,UPDATEz-NGW Full Logo 20182.qa,UPDATEz-NGW Full Logo 20182.qa,113,29.2,0.0,YES,,Winner of duplicate group,FALLBACK,https://www.open-epg.com/files/qatar5.xml
DUPLICATE_WINNER,,openepg,saudiarabia1,AD Sports 1.sa,AD Sports 1.sa,26,29.9,100.0,YES,,Winner of duplicate group,FALLBACK,https://www.open-epg.com/files/saudiarabia1.xml
DUPLICATE_WINNER,,openepg,saudiarabia1,AD Sports 2.sa,AD Sports 2.sa,26,29.9,100.0,YES,,Winner of duplicate group,FALLBACK,https://www.open-epg.com/files/saudiarabia1.xml
DUPLICATE_WINNER,,openepg,saudiarabia1,AD Sports Premium 1.sa,AD Sports Premium 1.sa,29,29.9,100.0,YES,,Winner of duplicate group,FALLBACK,https://www.open-epg.com/files/saudiarabia1.xml
DUPLICATE_WINNER,,openepg,saudiarabia1,AD Sports Premium 2.sa,AD Sports Premium 2.sa,24,29.9,100.0,YES,,Winner of duplicate group,FALLBACK,https://www.open-epg.com/files/saudiarabia1.xml
DUPLICATE_WINNER,,openepg,saudiarabia1,Aghani Aghani.sa,Aghani Aghani.sa,30,29.9,100.0,YES,,Winner of duplicate group,FALLBACK,https://www.open-epg.com/files/saudiarabia1.xml
DUPLICATE_WINNER,,openepg,saudiarabia1,Al Arabiya Business.sa,Al Arabiya Business.sa,29,29.9,100.0,YES,,Winner of duplicate group,FALLBACK,https://www.open-epg.com/files/saudiarabia1.xml
DUPLICATE_WINNER,,openepg,saudiarabia1,Al Dafrah.sa,Al Dafrah.sa,35,29.9,100.0,YES,,Winner of duplicate group,FALLBACK,https://www.open-epg.com/files/saudiarabia1.xml
DUPLICATE_WINNER,,openepg,saudiarabia1,Al Ekhbariya.sa,Al Ekhbariya.sa,30,29.9,100.0,YES,,Winner of duplicate group,FALLBACK,https://www.open-epg.com/files/saudiarabia1.xml
DUPLICATE_WINNER,,openepg,saudiarabia1,Al Emarat.sa,Al Emarat.sa,34,29.4,100.0,YES,,Winner of duplicate group,FALLBACK,https://www.open-epg.com/files/saudiarabia1.xml
DUPLICATE_WINNER,,openepg,saudiarabia1,Al Mamlaka TV.sa,Al Mamlaka TV.sa,55,29.9,100.0,YES,,Winner of duplicate group,FALLBACK,https://www.open-epg.com/files/saudiarabia1.xml
DUPLICATE_WINNER,,openepg,saudiarabia1,Al Masriya.sa,Al Masriya.sa,30,29.9,100.0,YES,,Winner of duplicate group,FALLBACK,https://www.open-epg.com/files/saudiarabia1.xml
DUPLICATE_WINNER,,openepg,saudiarabia1,Al Nahar Drama.sa,Al Nahar Drama.sa,23,29.9,100.0,YES,,Winner of duplicate group,FALLBACK,https://www.open-epg.com/files/saudiarabia1.xml
DUPLICATE_WINNER,,openepg,saudiarabia1,Al Nahar.sa,Al Nahar.sa,36,29.4,100.0,YES,,Winner of duplicate group,FALLBACK,https://www.open-epg.com/files/saudiarabia1.xml
DUPLICATE_WINNER,,openepg,saudiarabia1,Al Resalah.sa,Al Resalah.sa,74,29.8,100.0,YES,,Winner of duplicate group,FALLBACK,https://www.open-epg.com/files/saudiarabia1.xml
DUPLICATE_WINNER,,openepg,saudiarabia1,Amman TV.sa,Amman TV.sa,30,29.9,100.0,YES,,Winner of duplicate group,FALLBACK,https://www.open-epg.com/files/saudiarabia1.xml
DUPLICATE_WINNER,,openepg,saudiarabia1,Asharq Discovery.sa,Asharq Discovery.sa,9,32.9,100.0,YES,,Winner of duplicate group,FALLBACK,https://www.open-epg.com/files/saudiarabia1.xml
DUPLICATE_WINNER,,openepg,saudiarabia1,Asharq Documentary.sa,Asharq Documentary.sa,9,32.9,100.0,YES,,Winner of duplicate group,FALLBACK,https://www.open-epg.com/files/saudiarabia1.xml
DUPLICATE_WINNER,,openepg,saudiarabia1,Asharq.sa,Asharq.sa,9,32.9,100.0,YES,,Winner of duplicate group,FALLBACK,https://www.open-epg.com/files/saudiarabia1.xml
DUPLICATE_WINNER,,openepg,saudiarabia1,Bahrain Sports TV.sa,Bahrain Sports TV.sa,30,29.9,100.0,YES,,Winner of duplicate group,FALLBACK,https://www.open-epg.com/files/saudiarabia1.xml
DUPLICATE_WINNER,,openepg,saudiarabia1,BBC Arabic.sa,BBC Arabic.sa,30,29.9,100.0,YES,,Winner of duplicate group,FALLBACK,https://www.open-epg.com/files/saudiarabia1.xml
DUPLICATE_WINNER,,openepg,saudiarabia1,BBC World News.sa,BBC World News.sa,59,29.4,100.0,YES,,Winner of duplicate group,FALLBACK,https://www.open-epg.com/files/saudiarabia1.xml
DUPLICATE_WINNER,,openepg,saudiarabia1,Bigg.sa,Bigg.sa,30,29.9,100.0,YES,,Winner of duplicate group,FALLBACK,https://www.open-epg.com/files/saudiarabia1.xml
DUPLICATE_WINNER,,openepg,saudiarabia1,Cartoonito.sa,Cartoonito.sa,158,29.2,100.0,YES,,Winner of duplicate group,FALLBACK,https://www.open-epg.com/files/saudiarabia1.xml
DUPLICATE_WINNER,,openepg,saudiarabia1,CBC Drama.sa,CBC Drama.sa,30,29.9,100.0,YES,,Winner of duplicate group,FALLBACK,https://www.open-epg.com/files/saudiarabia1.xml
DUPLICATE_WINNER,,openepg,saudiarabia1,CBC Extra News.sa,CBC Extra News.sa,30,29.9,100.0,YES,,Winner of duplicate group,FALLBACK,https://www.open-epg.com/files/saudiarabia1.xml
DUPLICATE_WINNER,,openepg,saudiarabia1,CBC Sofra.sa,CBC Sofra.sa,30,29.9,100.0,YES,,Winner of duplicate group,FALLBACK,https://www.open-epg.com/files/saudiarabia1.xml
DUPLICATE_WINNER,,openepg,saudiarabia1,CN English.sa,CN English.sa,32,29.8,100.0,YES,,Winner of duplicate group,FALLBACK,https://www.open-epg.com/files/saudiarabia1.xml
DUPLICATE_WINNER,,openepg,saudiarabia1,CNBC Arabia.sa,CNBC Arabia.sa,51,29.4,100.0,YES,,Winner of duplicate group,FALLBACK,https://www.open-epg.com/files/saudiarabia1.xml
DUPLICATE_WINNER,,openepg,saudiarabia1,Discovery Family HD.sa,Discovery Family HD.sa,40,29.3,100.0,YES,,Winner of duplicate group,FALLBACK,https://www.open-epg.com/files/saudiarabia1.xml
DUPLICATE_WINNER,,openepg,saudiarabia1,Discovery ID.sa,Discovery ID.sa,30,29.4,100.0,YES,,Winner of duplicate group,FALLBACK,https://www.open-epg.com/files/saudiarabia1.xml
DUPLICATE_WINNER,,openepg,saudiarabia1,Disney Channel.sa,Disney Channel.sa,77,29.1,100.0,YES,,Winner of duplicate group,FALLBACK,https://www.open-epg.com/files/saudiarabia1.xml
DUPLICATE_WINNER,,openepg,saudiarabia1,Disney Junior.sa,Disney Junior.sa,121,29.2,100.0,YES,,Winner of duplicate group,FALLBACK,https://www.open-epg.com/files/saudiarabia1.xml
DUPLICATE_WINNER,,openepg,saudiarabia1,Dubai One.sa,Dubai One.sa,23,29.9,100.0,YES,,Winner of duplicate group,FALLBACK,https://www.open-epg.com/files/saudiarabia1.xml
DUPLICATE_WINNER,,openepg,saudiarabia1,Dubai Sports 2.sa,Dubai Sports 2.sa,25,29.4,100.0,YES,,Winner of duplicate group,FALLBACK,https://www.open-epg.com/files/saudiarabia1.xml
DUPLICATE_WINNER,,openepg,saudiarabia1,Dubai Sports HD.sa,Dubai Sports HD.sa,24,29.9,100.0,YES,,Winner of duplicate group,FALLBACK,https://www.open-epg.com/files/saudiarabia1.xml
DUPLICATE_WINNER,,openepg,saudiarabia1,Dubai.sa,Dubai.sa,14,30.3,100.0,YES,,Winner of duplicate group,FALLBACK,https://www.open-epg.com/files/saudiarabia1.xml
DUPLICATE_WINNER,,openepg,saudiarabia1,Food Network.sa,Food Network.sa,46,29.4,100.0,YES,,Winner of duplicate group,FALLBACK,https://www.open-epg.com/files/saudiarabia1.xml
DUPLICATE_WINNER,,openepg,saudiarabia1,France 24.sa,France 24.sa,120,29.2,100.0,YES,,Winner of duplicate group,FALLBACK,https://www.open-epg.com/files/saudiarabia1.xml
DUPLICATE_WINNER,,openepg,saudiarabia1,HGTV.sa,HGTV.sa,60,29.5,100.0,YES,,Winner of duplicate group,FALLBACK,https://www.open-epg.com/files/saudiarabia1.xml
DUPLICATE_WINNER,,openepg,saudiarabia1,KidZone Max.sa,KidZone Max.sa,30,29.9,100.0,YES,,Winner of duplicate group,FALLBACK,https://www.open-epg.com/files/saudiarabia1.xml
DUPLICATE_WINNER,,openepg,saudiarabia1,KSA Now.sa,KSA Now.sa,30,29.9,100.0,YES,,Winner of duplicate group,FALLBACK,https://www.open-epg.com/files/saudiarabia1.xml
DUPLICATE_WINNER,,openepg,saudiarabia1,LTV.sa,LTV.sa,30,29.9,100.0,YES,,Winner of duplicate group,FALLBACK,https://www.open-epg.com/files/saudiarabia1.xml
DUPLICATE_WINNER,,openepg,saudiarabia1,Majid.sa,Majid.sa,139,29.1,100.0,YES,,Winner of duplicate group,FALLBACK,https://www.open-epg.com/files/saudiarabia1.xml
DUPLICATE_WINNER,,openepg,saudiarabia1,MBC 1 HD.sa,MBC 1 HD.sa,34,29.9,100.0,YES,,Winner of duplicate group,FALLBACK,https://www.open-epg.com/files/saudiarabia1.xml
DUPLICATE_WINNER,,openepg,saudiarabia1,MBC 2 HD.sa,MBC 2 HD.sa,21,30.9,100.0,YES,,Winner of duplicate group,FALLBACK,https://www.open-epg.com/files/saudiarabia1.xml
DUPLICATE_WINNER,,openepg,saudiarabia1,MBC 3.sa,MBC 3.sa,116,29.2,100.0,YES,,Winner of duplicate group,FALLBACK,https://www.open-epg.com/files/saudiarabia1.xml
DUPLICATE_WINNER,,openepg,saudiarabia1,MBC 4 HD.sa,MBC 4 HD.sa,43,29.1,100.0,YES,,Winner of duplicate group,FALLBACK,https://www.open-epg.com/files/saudiarabia1.xml
DUPLICATE_WINNER,,openepg,saudiarabia1,MBC Action HD.sa,MBC Action HD.sa,38,29.4,100.0,YES,,Winner of duplicate group,FALLBACK,https://www.open-epg.com/files/saudiarabia1.xml
DUPLICATE_WINNER,,openepg,saudiarabia1,MBC Bollywood.sa,MBC Bollywood.sa,30,30.9,100.0,YES,,Winner of duplicate group,FALLBACK,https://www.open-epg.com/files/saudiarabia1.xml
DUPLICATE_WINNER,,openepg,saudiarabia1,MBC MASR 2.sa,MBC MASR 2.sa,30,29.4,100.0,YES,,Winner of duplicate group,FALLBACK,https://www.open-epg.com/files/saudiarabia1.xml
DUPLICATE_WINNER,,openepg,saudiarabia1,MBC MASR.sa,MBC MASR.sa,24,29.3,100.0,YES,,Winner of duplicate group,FALLBACK,https://www.open-epg.com/files/saudiarabia1.xml
DUPLICATE_WINNER,,openepg,saudiarabia1,MBC Max HD.sa,MBC Max HD.sa,21,30.9,100.0,YES,,Winner of duplicate group,FALLBACK,https://www.open-epg.com/files/saudiarabia1.xml
DUPLICATE_WINNER,,openepg,saudiarabia1,MBC VARIETY.sa,MBC VARIETY.sa,42,30.5,100.0,YES,,Winner of duplicate group,FALLBACK,https://www.open-epg.com/files/saudiarabia1.xml
DUPLICATE_WINNER,,openepg,saudiarabia1,MBC+ Drama HD.sa,MBC+ Drama HD.sa,40,29.2,100.0,YES,,Winner of duplicate group,FALLBACK,https://www.open-epg.com/files/saudiarabia1.xml
DUPLICATE_WINNER,,openepg,saudiarabia1,Nat. Geo. AD.sa,Nat. Geo. AD.sa,38,29.9,100.0,YES,,Winner of duplicate group,FALLBACK,https://www.open-epg.com/files/saudiarabia1.xml
DUPLICATE_WINNER,,openepg,saudiarabia1,Nat. Geo. Wild HD.sa,Nat. Geo. Wild HD.sa,41,29.7,100.0,YES,,Winner of duplicate group,FALLBACK,https://www.open-epg.com/files/saudiarabia1.xml
DUPLICATE_WINNER,,openepg,saudiarabia1,Nat. Geographic.sa,Nat. Geographic.sa,40,29.2,100.0,YES,,Winner of duplicate group,FALLBACK,https://www.open-epg.com/files/saudiarabia1.xml
DUPLICATE_WINNER,,openepg,saudiarabia1,Oman Al Thakafeyah.sa,Oman Al Thakafeyah.sa,30,29.9,100.0,YES,,Winner of duplicate group,FALLBACK,https://www.open-epg.com/files/saudiarabia1.xml
DUPLICATE_WINNER,,openepg,saudiarabia1,Oman Mubasher.sa,Oman Mubasher.sa,30,29.9,100.0,YES,,Winner of duplicate group,FALLBACK,https://www.open-epg.com/files/saudiarabia1.xml
DUPLICATE_WINNER,,openepg,saudiarabia1,Oman Sport.sa,Oman Sport.sa,30,29.9,100.0,YES,,Winner of duplicate group,FALLBACK,https://www.open-epg.com/files/saudiarabia1.xml
DUPLICATE_WINNER,,openepg,saudiarabia1,Riyadh Season.sa,Riyadh Season.sa,30,29.9,100.0,YES,,Winner of duplicate group,FALLBACK,https://www.open-epg.com/files/saudiarabia1.xml
DUPLICATE_WINNER,,openepg,saudiarabia1,Rotana + HD.sa,Rotana + HD.sa,28,29.7,100.0,YES,,Winner of duplicate group,FALLBACK,https://www.open-epg.com/files/saudiarabia1.xml
DUPLICATE_WINNER,,openepg,saudiarabia1,Rotana Aflam +.sa,Rotana Aflam +.sa,19,29.9,100.0,YES,,Winner of duplicate group,FALLBACK,https://www.open-epg.com/files/saudiarabia1.xml
DUPLICATE_WINNER,,openepg,saudiarabia1,Rotana Cinema + US.sa,Rotana Cinema + US.sa,18,30.4,100.0,YES,,Winner of duplicate group,FALLBACK,https://www.open-epg.com/files/saudiarabia1.xml
DUPLICATE_WINNER,,openepg,saudiarabia1,Rotana Cinema HD.sa,Rotana Cinema HD.sa,15,29.9,100.0,YES,,Winner of duplicate group,FALLBACK,https://www.open-epg.com/files/saudiarabia1.xml
DUPLICATE_WINNER,,openepg,saudiarabia1,Rotana Cinema Masr.sa,Rotana Cinema Masr.sa,16,30.9,100.0,YES,,Winner of duplicate group,FALLBACK,https://www.open-epg.com/files/saudiarabia1.xml
DUPLICATE_WINNER,,openepg,saudiarabia1,Rotana Classic HD.sa,Rotana Classic HD.sa,22,29.9,100.0,YES,,Winner of duplicate group,FALLBACK,https://www.open-epg.com/files/saudiarabia1.xml
DUPLICATE_WINNER,,openepg,saudiarabia1,Rotana Clip.sa,Rotana Clip.sa,30,29.9,100.0,YES,,Winner of duplicate group,FALLBACK,https://www.open-epg.com/files/saudiarabia1.xml
DUPLICATE_WINNER,,openepg,saudiarabia1,Rotana Comedy.sa,Rotana Comedy.sa,15,29.9,100.0,YES,,Winner of duplicate group,FALLBACK,https://www.open-epg.com/files/saudiarabia1.xml
DUPLICATE_WINNER,,openepg,saudiarabia1,Rotana Drama HD.sa,Rotana Drama HD.sa,30,29.9,100.0,YES,,Winner of duplicate group,FALLBACK,https://www.open-epg.com/files/saudiarabia1.xml
DUPLICATE_WINNER,,openepg,saudiarabia1,Rotana Khalijia HD.sa,Rotana Khalijia HD.sa,26,29.9,100.0,YES,,Winner of duplicate group,FALLBACK,https://www.open-epg.com/files/saudiarabia1.xml
DUPLICATE_WINNER,,openepg,saudiarabia1,Rotana Kids.sa,Rotana Kids.sa,86,29.2,100.0,YES,,Winner of duplicate group,FALLBACK,https://www.open-epg.com/files/saudiarabia1.xml
DUPLICATE_WINNER,,openepg,saudiarabia1,Rotana M+ HD.sa,Rotana M+ HD.sa,30,29.9,100.0,YES,,Winner of duplicate group,FALLBACK,https://www.open-epg.com/files/saudiarabia1.xml
DUPLICATE_WINNER,,openepg,saudiarabia1,Rotana Music HD.sa,Rotana Music HD.sa,30,29.9,100.0,YES,,Winner of duplicate group,FALLBACK,https://www.open-epg.com/files/saudiarabia1.xml
DUPLICATE_WINNER,,openepg,saudiarabia1,RT Documentary.sa,RT Documentary.sa,116,29.1,100.0,YES,,Winner of duplicate group,FALLBACK,https://www.open-epg.com/files/saudiarabia1.xml
DUPLICATE_WINNER,,openepg,saudiarabia1,RT News.sa,RT News.sa,59,29.4,100.0,YES,,Winner of duplicate group,FALLBACK,https://www.open-epg.com/files/saudiarabia1.xml
DUPLICATE_WINNER,,openepg,saudiarabia1,Sama Dubai.sa,Sama Dubai.sa,48,29.9,100.0,YES,,Winner of duplicate group,FALLBACK,https://www.open-epg.com/files/saudiarabia1.xml
DUPLICATE_WINNER,,openepg,saudiarabia1,Saudi 1.sa,Saudi 1.sa,43,29.1,100.0,YES,,Winner of duplicate group,FALLBACK,https://www.open-epg.com/files/saudiarabia1.xml
DUPLICATE_WINNER,,openepg,saudiarabia1,Saudi Quran.sa,Saudi Quran.sa,30,29.9,100.0,YES,,Winner of duplicate group,FALLBACK,https://www.open-epg.com/files/saudiarabia1.xml
DUPLICATE_WINNER,,openepg,saudiarabia1,Saudi Sports 2.sa,Saudi Sports 2.sa,30,29.9,100.0,YES,,Winner of duplicate group,FALLBACK,https://www.open-epg.com/files/saudiarabia1.xml
DUPLICATE_WINNER,,openepg,saudiarabia1,Saudi Sports 3.sa,Saudi Sports 3.sa,30,29.9,100.0,YES,,Winner of duplicate group,FALLBACK,https://www.open-epg.com/files/saudiarabia1.xml
DUPLICATE_WINNER,,openepg,saudiarabia1,Saudi Sunnah.sa,Saudi Sunnah.sa,30,29.9,100.0,YES,,Winner of duplicate group,FALLBACK,https://www.open-epg.com/files/saudiarabia1.xml
DUPLICATE_WINNER,,openepg,saudiarabia1,Sharjah Quran.sa,Sharjah Quran.sa,30,29.9,100.0,YES,,Winner of duplicate group,FALLBACK,https://www.open-epg.com/files/saudiarabia1.xml
DUPLICATE_WINNER,,openepg,saudiarabia1,Sharjah Sports.sa,Sharjah Sports.sa,30,29.9,100.0,YES,,Winner of duplicate group,FALLBACK,https://www.open-epg.com/files/saudiarabia1.xml
DUPLICATE_WINNER,,openepg,saudiarabia1,Sharjah TV.sa,Sharjah TV.sa,30,29.9,100.0,YES,,Winner of duplicate group,FALLBACK,https://www.open-epg.com/files/saudiarabia1.xml
DUPLICATE_WINNER,,openepg,saudiarabia1,Sharqiya from Kalba.sa,Sharqiya from Kalba.sa,30,29.9,100.0,YES,,Winner of duplicate group,FALLBACK,https://www.open-epg.com/files/saudiarabia1.xml
DUPLICATE_WINNER,,openepg,saudiarabia1,SmartZone.sa,SmartZone.sa,30,29.9,100.0,YES,,Winner of duplicate group,FALLBACK,https://www.open-epg.com/files/saudiarabia1.xml
DUPLICATE_WINNER,,openepg,saudiarabia1,Space Toon.sa,Space Toon.sa,63,29.2,100.0,YES,,Winner of duplicate group,FALLBACK,https://www.open-epg.com/files/saudiarabia1.xml
DUPLICATE_WINNER,,openepg,saudiarabia1,Sport 24.sa,Sport 24.sa,30,29.9,100.0,YES,,Winner of duplicate group,FALLBACK,https://www.open-epg.com/files/saudiarabia1.xml
DUPLICATE_WINNER,,openepg,saudiarabia1,Star Action.sa,Star Action.sa,21,29.1,100.0,YES,,Winner of duplicate group,FALLBACK,https://www.open-epg.com/files/saudiarabia1.xml
DUPLICATE_WINNER,,openepg,saudiarabia1,Star Movies HD.sa,Star Movies HD.sa,16,29.1,100.0,YES,,Winner of duplicate group,FALLBACK,https://www.open-epg.com/files/saudiarabia1.xml
DUPLICATE_WINNER,,openepg,saudiarabia1,Star World HD.sa,Star World HD.sa,33,29.1,100.0,YES,,Winner of duplicate group,FALLBACK,https://www.open-epg.com/files/saudiarabia1.xml
DUPLICATE_WINNER,,openepg,saudiarabia1,STARZPLAY Sports.sa,STARZPLAY Sports.sa,26,29.9,100.0,YES,,Winner of duplicate group,FALLBACK,https://www.open-epg.com/files/saudiarabia1.xml
DUPLICATE_WINNER,,openepg,saudiarabia1,stc tv cinema.sa,stc tv cinema.sa,19,30.9,100.0,YES,,Winner of duplicate group,FALLBACK,https://www.open-epg.com/files/saudiarabia1.xml
DUPLICATE_WINNER,,openepg,saudiarabia1,stc tv drama.sa,stc tv drama.sa,40,29.4,100.0,YES,,Winner of duplicate group,FALLBACK,https://www.open-epg.com/files/saudiarabia1.xml
DUPLICATE_WINNER,,openepg,saudiarabia1,stc tv family.sa,stc tv family.sa,50,29.4,100.0,YES,,Winner of duplicate group,FALLBACK,https://www.open-epg.com/files/saudiarabia1.xml
DUPLICATE_WINNER,,openepg,saudiarabia1,stc tv sports 1 HD.sa,stc tv sports 1 HD.sa,16,29.3,100.0,YES,,Winner of duplicate group,FALLBACK,https://www.open-epg.com/files/saudiarabia1.xml
DUPLICATE_WINNER,,openepg,saudiarabia1,stc tv sports HD.sa,stc tv sports HD.sa,16,29.3,100.0,YES,,Winner of duplicate group,FALLBACK,https://www.open-epg.com/files/saudiarabia1.xml
DUPLICATE_WINNER,,openepg,saudiarabia1,TCM.sa,TCM.sa,16,30.5,100.0,YES,,Winner of duplicate group,FALLBACK,https://www.open-epg.com/files/saudiarabia1.xml
DUPLICATE_WINNER,,openepg,saudiarabia1,Ten.sa,Ten.sa,30,29.9,100.0,YES,,Winner of duplicate group,FALLBACK,https://www.open-epg.com/files/saudiarabia1.xml
DUPLICATE_WINNER,,openepg,saudiarabia1,Travel.sa,Travel.sa,30,29.9,100.0,YES,,Winner of duplicate group,FALLBACK,https://www.open-epg.com/files/saudiarabia1.xml
DUPLICATE_WINNER,,openepg,saudiarabia1,Wanasah.sa,Wanasah.sa,30,29.9,100.0,YES,,Winner of duplicate group,FALLBACK,https://www.open-epg.com/files/saudiarabia1.xml
DUPLICATE_WINNER,,openepg,saudiarabia1,Wousta from Al Dhaid.sa,Wousta from Al Dhaid.sa,30,29.9,100.0,YES,,Winner of duplicate group,FALLBACK,https://www.open-epg.com/files/saudiarabia1.xml
DUPLICATE_WINNER,,openepg,saudiarabia1,Zee Aflam.sa,Zee Aflam.sa,16,31.9,100.0,YES,,Winner of duplicate group,FALLBACK,https://www.open-epg.com/files/saudiarabia1.xml
DUPLICATE_WINNER,,openepg,saudiarabia1,Zekrayat.sa,Zekrayat.sa,35,29.4,100.0,YES,,Winner of duplicate group,FALLBACK,https://www.open-epg.com/files/saudiarabia1.xml
DUPLICATE_WINNER,,openepg,saudiarabia3,Cartoon Network Arabic.sa,Cartoon Network Arabic.sa,50,29.4,100.0,YES,,Winner of duplicate group,FALLBACK,https://www.open-epg.com/files/saudiarabia3.xml
DUPLICATE_WINNER,,openepg,saudiarabia3,MBC Iraq HD.sa,MBC Iraq HD.sa,36,29.9,100.0,YES,,Winner of duplicate group,FALLBACK,https://www.open-epg.com/files/saudiarabia3.xml
DUPLICATE_WINNER,,openepg,saudiarabia3,MBC Maser.sa,MBC Maser.sa,35,29.5,100.0,YES,,Winner of duplicate group,FALLBACK,https://www.open-epg.com/files/saudiarabia3.xml
DUPLICATE_WINNER,,openepg,saudiarabia3,MBC Plus eLife HD.sa,MBC Plus eLife HD.sa,29,29.1,100.0,YES,,Winner of duplicate group,FALLBACK,https://www.open-epg.com/files/saudiarabia3.xml
DUPLICATE_WINNER,,openepg,saudiarabia3,MBC Plus Variety HD.sa,MBC Plus Variety HD.sa,42,30.5,100.0,YES,,Winner of duplicate group,FALLBACK,https://www.open-epg.com/files/saudiarabia3.xml
DUPLICATE_WINNER,,openepg,saudiarabia5,Abu Dhabi TV HD.sa,Abu Dhabi TV HD.sa,42,29.9,100.0,YES,,Winner of duplicate group,FALLBACK,https://www.open-epg.com/files/saudiarabia5.xml
DUPLICATE_WINNER,,openepg,saudiarabia5,Al Arabiya.sa,Al Arabiya.sa,1,144.9,100.0,YES,,Winner of duplicate group,FALLBACK,https://www.open-epg.com/files/saudiarabia5.xml
DUPLICATE_WINNER,,openepg,saudiarabia5,Al Hadath.sa,Al Hadath.sa,2,144.9,100.0,YES,,Winner of duplicate group,FALLBACK,https://www.open-epg.com/files/saudiarabia5.xml
DUPLICATE_WINNER,,openepg,saudiarabia5,Al Kass One.sa,Al Kass One.sa,1,0.9,100.0,YES,,Winner of duplicate group,FALLBACK,https://www.open-epg.com/files/saudiarabia5.xml
DUPLICATE_WINNER,,openepg,saudiarabia5,Alfa Al Safwa.sa,Alfa Al Safwa.sa,55,29.4,100.0,YES,,Winner of duplicate group,FALLBACK,https://www.open-epg.com/files/saudiarabia5.xml
DUPLICATE_WINNER,,openepg,saudiarabia5,Alfa Al Yawm HD.sa,Alfa Al Yawm HD.sa,40,30.9,100.0,YES,,Winner of duplicate group,FALLBACK,https://www.open-epg.com/files/saudiarabia5.xml
DUPLICATE_WINNER,,openepg,saudiarabia5,Alfa Cinema 1.sa,Alfa Cinema 1.sa,18,29.9,100.0,YES,,Winner of duplicate group,FALLBACK,https://www.open-epg.com/files/saudiarabia5.xml
DUPLICATE_WINNER,,openepg,saudiarabia5,Alfa Cinema 2.sa,Alfa Cinema 2.sa,16,31.3,100.0,YES,,Winner of duplicate group,FALLBACK,https://www.open-epg.com/files/saudiarabia5.xml
DUPLICATE_WINNER,,openepg,saudiarabia5,Alfa Fann.sa,Alfa Fann.sa,193,29.3,100.0,YES,,Winner of duplicate group,FALLBACK,https://www.open-epg.com/files/saudiarabia5.xml
DUPLICATE_WINNER,,openepg,saudiarabia5,Alfa Music HD.sa,Alfa Music HD.sa,413,29.2,100.0,YES,,Winner of duplicate group,FALLBACK,https://www.open-epg.com/files/saudiarabia5.xml
DUPLICATE_WINNER,,openepg,saudiarabia5,Alfa Series +2 HD.sa,Alfa Series +2 HD.sa,32,29.4,100.0,YES,,Winner of duplicate group,FALLBACK,https://www.open-epg.com/files/saudiarabia5.xml
DUPLICATE_WINNER,,openepg,saudiarabia5,Alfa Series HD.sa,Alfa Series HD.sa,32,29.4,100.0,YES,,Winner of duplicate group,FALLBACK,https://www.open-epg.com/files/saudiarabia5.xml
DUPLICATE_WINNER,,openepg,saudiarabia5,Bahrain TV.sa,Bahrain TV.sa,72,29.8,100.0,YES,,Winner of duplicate group,FALLBACK,https://www.open-epg.com/files/saudiarabia5.xml
DUPLICATE_WINNER,,openepg,saudiarabia5,Blippi and Friends.sa,Blippi and Friends.sa,56,48.9,100.0,YES,,Winner of duplicate group,FALLBACK,https://www.open-epg.com/files/saudiarabia5.xml
DUPLICATE_WINNER,,openepg,saudiarabia5,Cartoon Network HD.sa,Cartoon Network HD.sa,124,48.9,100.0,YES,,Winner of duplicate group,FALLBACK,https://www.open-epg.com/files/saudiarabia5.xml
DUPLICATE_WINNER,,openepg,saudiarabia5,CNN HD.sa,CNN HD.sa,38,48.9,100.0,YES,,Winner of duplicate group,FALLBACK,https://www.open-epg.com/files/saudiarabia5.xml
DUPLICATE_WINNER,,openepg,saudiarabia5,eClutch Access.sa,eClutch Access.sa,30,29.9,100.0,YES,,Winner of duplicate group,FALLBACK,https://www.open-epg.com/files/saudiarabia5.xml
DUPLICATE_WINNER,,openepg,saudiarabia5,eClutch Arabic.sa,eClutch Arabic.sa,30,29.9,100.0,YES,,Winner of duplicate group,FALLBACK,https://www.open-epg.com/files/saudiarabia5.xml
DUPLICATE_WINNER,,openepg,saudiarabia5,eClutch LIVE 2.sa,eClutch LIVE 2.sa,30,29.9,100.0,YES,,Winner of duplicate group,FALLBACK,https://www.open-epg.com/files/saudiarabia5.xml
DUPLICATE_WINNER,,openepg,saudiarabia5,eClutch LIVE.sa,eClutch LIVE.sa,30,29.9,100.0,YES,,Winner of duplicate group,FALLBACK,https://www.open-epg.com/files/saudiarabia5.xml
DUPLICATE_WINNER,,openepg,saudiarabia5,Esport 24.sa,Esport 24.sa,8,38.1,100.0,YES,,Winner of duplicate group,FALLBACK,https://www.open-epg.com/files/saudiarabia5.xml
DUPLICATE_WINNER,,openepg,saudiarabia5,Fatafeat.sa,Fatafeat.sa,40,29.7,100.0,YES,,Winner of duplicate group,FALLBACK,https://www.open-epg.com/files/saudiarabia5.xml
DUPLICATE_WINNER,,openepg,saudiarabia5,KSA Sports 1 HD.sa,KSA Sports 1 HD.sa,1,0.9,100.0,YES,,Winner of duplicate group,FALLBACK,https://www.open-epg.com/files/saudiarabia5.xml
DUPLICATE_WINNER,,openepg,saudiarabia5,KTV Channel 1 HD.sa,KTV Channel 1 HD.sa,78,29.2,100.0,YES,,Winner of duplicate group,FALLBACK,https://www.open-epg.com/files/saudiarabia5.xml
DUPLICATE_WINNER,,openepg,saudiarabia5,Oman TV.sa,Oman TV.sa,57,29.5,100.0,YES,,Winner of duplicate group,FALLBACK,https://www.open-epg.com/files/saudiarabia5.xml
DUPLICATE_WINNER,,openepg,saudiarabia5,OSNtv Crime.sa,OSNtv Crime.sa,36,29.7,100.0,YES,,Winner of duplicate group,FALLBACK,https://www.open-epg.com/files/saudiarabia5.xml
DUPLICATE_WINNER,,openepg,saudiarabia5,OSNtv Documentary.sa,OSNtv Documentary.sa,1,0.9,100.0,YES,,Winner of duplicate group,FALLBACK,https://www.open-epg.com/files/saudiarabia5.xml
DUPLICATE_WINNER,,openepg,saudiarabia5,OSNtv iQIYI.sa,OSNtv iQIYI.sa,36,29.9,100.0,YES,,Winner of duplicate group,FALLBACK,https://www.open-epg.com/files/saudiarabia5.xml
DUPLICATE_WINNER,,openepg,saudiarabia5,OSNtv Movies Comedy.sa,OSNtv Movies Comedy.sa,20,29.4,100.0,YES,,Winner of duplicate group,FALLBACK,https://www.open-epg.com/files/saudiarabia5.xml
DUPLICATE_WINNER,,openepg,saudiarabia5,OSNtv Movies Family.sa,OSNtv Movies Family.sa,17,30.7,100.0,YES,,Winner of duplicate group,FALLBACK,https://www.open-epg.com/files/saudiarabia5.xml
DUPLICATE_WINNER,,openepg,saudiarabia5,OSNtv Movies Horror.sa,OSNtv Movies Horror.sa,18,30.0,100.0,YES,,Winner of duplicate group,FALLBACK,https://www.open-epg.com/files/saudiarabia5.xml
DUPLICATE_WINNER,,openepg,saudiarabia5,OSNtv Now.sa,OSNtv Now.sa,46,29.5,100.0,YES,,Winner of duplicate group,FALLBACK,https://www.open-epg.com/files/saudiarabia5.xml
DUPLICATE_WINNER,,openepg,saudiarabia5,OSNtv One.sa,OSNtv One.sa,37,29.7,100.0,YES,,Winner of duplicate group,FALLBACK,https://www.open-epg.com/files/saudiarabia5.xml
DUPLICATE_WINNER,,openepg,saudiarabia5,OSNtv Pop Up.sa,OSNtv Pop Up.sa,30,29.9,100.0,YES,,Winner of duplicate group,FALLBACK,https://www.open-epg.com/files/saudiarabia5.xml
DUPLICATE_WINNER,,openepg,saudiarabia5,OSNtv Showcase Classics.sa,OSNtv Showcase Classics.sa,45,29.5,100.0,YES,,Winner of duplicate group,FALLBACK,https://www.open-epg.com/files/saudiarabia5.xml
DUPLICATE_WINNER,,openepg,saudiarabia5,Padel TV.sa,Padel TV.sa,40,29.3,100.0,YES,,Winner of duplicate group,FALLBACK,https://www.open-epg.com/files/saudiarabia5.xml
DUPLICATE_WINNER,,openepg,saudiarabia5,Roya TV HD.sa,Roya TV HD.sa,27,29.9,100.0,YES,,Winner of duplicate group,FALLBACK,https://www.open-epg.com/files/saudiarabia5.xml
DUPLICATE_WINNER,,openepg,saudiarabia5,RT Arabic.sa,RT Arabic.sa,3,144.9,100.0,YES,,Winner of duplicate group,FALLBACK,https://www.open-epg.com/files/saudiarabia5.xml
DUPLICATE_WINNER,,openepg,saudiarabia5,RT English.sa,RT English.sa,2,144.9,100.0,YES,,Winner of duplicate group,FALLBACK,https://www.open-epg.com/files/saudiarabia5.xml
DUPLICATE_WINNER,,openepg,saudiarabia5,Sky News Arabia HD.sa,Sky News Arabia HD.sa,41,48.9,100.0,YES,,Winner of duplicate group,FALLBACK,https://www.open-epg.com/files/saudiarabia5.xml
DUPLICATE_WINNER,,openepg,saudiarabia5,STV1 HD.sa,STV1 HD.sa,45,29.9,100.0,YES,,Winner of duplicate group,FALLBACK,https://www.open-epg.com/files/saudiarabia5.xml
DUPLICATE_WINNER,,openepg,saudiarabia5,TLC HD.sa,TLC HD.sa,41,29.4,100.0,YES,,Winner of duplicate group,FALLBACK,https://www.open-epg.com/files/saudiarabia5.xml
DUPLICATE_WINNER,,openepg,uae6,MBC Action.ae,MBC Action.ae,50,35.9,100.0,YES,,Winner of duplicate group,FALLBACK,https://www.open-epg.com/files/uae6.xml
DUPLICATE_WINNER,,openepg,uae6,MBC MAX.ae,MBC MAX.ae,24,37.0,100.0,YES,,Winner of duplicate group,FALLBACK,https://www.open-epg.com/files/uae6.xml
DUPLICATE_WINNER,,openepg,uae6,MBC Persia.ae,MBC Persia.ae,49,36.4,95.9,YES,,Winner of duplicate group,FALLBACK,https://www.open-epg.com/files/uae6.xml
DUPLICATE_WINNER,,openepg,uae6,MBC3.ae,MBC3.ae,141,35.9,98.6,YES,,Winner of duplicate group,FALLBACK,https://www.open-epg.com/files/uae6.xml
DUPLICATE_WINNER,,openepg,uae6,MBC4.ae,MBC4.ae,53,35.7,100.0,YES,,Winner of duplicate group,FALLBACK,https://www.open-epg.com/files/uae6.xml
DUPLICATE_WINNER,,openepg,uae6,MBC5.ae,MBC5.ae,41,35.8,100.0,YES,,Winner of duplicate group,FALLBACK,https://www.open-epg.com/files/uae6.xml
DUPLICATE_WINNER,,openepg,uae6,Movies Action.ae,Movies Action.ae,19,34.4,100.0,YES,,Winner of duplicate group,FALLBACK,https://www.open-epg.com/files/uae6.xml
DUPLICATE_WINNER,,openepg,uae6,أفلام.ae,أفلام.ae,21,34.9,100.0,YES,,Winner of duplicate group,FALLBACK,https://www.open-epg.com/files/uae6.xml
DUPLICATE_WINNER,,openepg,uae6,الشرق.ae,الشرق.ae,48,35.9,100.0,YES,,Winner of duplicate group,FALLBACK,https://www.open-epg.com/files/uae6.xml
DUPLICATE_WINNER,,openepg,uae6,العربية Business.ae,العربية Business.ae,17,35.9,100.0,YES,,Winner of duplicate group,FALLBACK,https://www.open-epg.com/files/uae6.xml
DUPLICATE_WINNER,,openepg,uae6,رابح صقر.ae,رابح صقر.ae,355,35.6,0.0,YES,,Winner of duplicate group,FALLBACK,https://www.open-epg.com/files/uae6.xml
DUPLICATE_WINNER,,openepg,uae6,فيروز.ae,فيروز.ae,560,35.5,0.0,YES,,Winner of duplicate group,FALLBACK,https://www.open-epg.com/files/uae6.xml
DUPLICATE_WINNER,,openepg,uae6,قناة العاصوف.ae,قناة العاصوف.ae,49,36.0,100.0,YES,,Winner of duplicate group,FALLBACK,https://www.open-epg.com/files/uae6.xml
DUPLICATE_WINNER,,openepg,uae6,قناة الكبير أوي.ae,قناة الكبير أوي.ae,71,35.6,100.0,YES,,Winner of duplicate group,FALLBACK,https://www.open-epg.com/files/uae6.xml
DUPLICATE_WINNER,,openepg,uae6,قناة اللعبة.ae,قناة اللعبة.ae,59,36.1,100.0,YES,,Winner of duplicate group,FALLBACK,https://www.open-epg.com/files/uae6.xml
DUPLICATE_WINNER,,openepg,uae6,قناة باب الحارة.ae,قناة باب الحارة.ae,45,36.0,100.0,YES,,Winner of duplicate group,FALLBACK,https://www.open-epg.com/files/uae6.xml
DUPLICATE_WINNER,,openepg,uae6,قناة طاش.ae,قناة طاش.ae,68,35.8,100.0,YES,,Winner of duplicate group,FALLBACK,https://www.open-epg.com/files/uae6.xml
DUPLICATE_WINNER,,openepg,uae6,قناة مرايا.ae,قناة مرايا.ae,43,35.5,100.0,YES,,Winner of duplicate group,FALLBACK,https://www.open-epg.com/files/uae6.xml
DUPLICATE_WINNER,,openepg,uae6,قناة مسرح مصر.ae,قناة مسرح مصر.ae,27,36.1,100.0,YES,,Winner of duplicate group,FALLBACK,https://www.open-epg.com/files/uae6.xml
DUPLICATE_WINNER,,openepg,uae6,مصر دراما.ae,مصر دراما.ae,7,6.0,100.0,YES,,Winner of duplicate group,FALLBACK,https://www.open-epg.com/files/uae6.xml
DUPLICATE_WINNER,,openepg,uae6,ناصر القصبي.ae,ناصر القصبي.ae,61,35.8,100.0,YES,,Winner of duplicate group,FALLBACK,https://www.open-epg.com/files/uae6.xml
INVALID_SOURCE,,epgshare,EG1,2M TV,2M.TV.eg,0,0.0,0.0,,,"ZERO_ACTIVE_CHANNELS 238 channels, 0 active",FALLBACK,https://epgshare01.online/epgshare01/epg_ripper_EG1.xml.gz
INVALID_SOURCE,,epgshare,EG1,Abu Dhabi TV,Abu.Dhabi.TV.eg,0,0.0,0.0,,,"ZERO_ACTIVE_CHANNELS 238 channels, 0 active",FALLBACK,https://epgshare01.online/epgshare01/epg_ripper_EG1.xml.gz
INVALID_SOURCE,,epgshare,EG1,Al Aoula Morocco,Al.Aoula.Morocco.eg,0,0.0,0.0,,,"ZERO_ACTIVE_CHANNELS 238 channels, 0 active",FALLBACK,https://epgshare01.online/epgshare01/epg_ripper_EG1.xml.gz
INVALID_SOURCE,,epgshare,EG1,Al Dafrah,Al.Dafrah.eg,0,0.0,0.0,,,"ZERO_ACTIVE_CHANNELS 238 channels, 0 active",FALLBACK,https://epgshare01.online/epgshare01/epg_ripper_EG1.xml.gz
INVALID_SOURCE,,epgshare,EG1,Al Jadeed TV,Al.Jadeed.TV.eg,0,0.0,0.0,,,"ZERO_ACTIVE_CHANNELS 238 channels, 0 active",FALLBACK,https://epgshare01.online/epgshare01/epg_ripper_EG1.xml.gz
INVALID_SOURCE,,epgshare,EG1,Al Kahera Wal Nas TV,Al.Kahera.Wal.Nas.TV.eg,0,0.0,0.0,,,"ZERO_ACTIVE_CHANNELS 238 channels, 0 active",FALLBACK,https://epgshare01.online/epgshare01/epg_ripper_EG1.xml.gz
INVALID_SOURCE,,epgshare,EG1,Al Kahera Wal Nas TV 2,Al.Kahera.Wal.Nas.TV.2.eg,0,0.0,0.0,,,"ZERO_ACTIVE_CHANNELS 238 channels, 0 active",FALLBACK,https://epgshare01.online/epgshare01/epg_ripper_EG1.xml.gz
INVALID_SOURCE,,epgshare,EG1,Al Nahar Drama,Al.Nahar.Drama.eg,0,0.0,0.0,,,"ZERO_ACTIVE_CHANNELS 238 channels, 0 active",FALLBACK,https://epgshare01.online/epgshare01/epg_ripper_EG1.xml.gz
INVALID_SOURCE,,epgshare,EG1,Al Nahar TV,Al.Nahar.TV.eg,0,0.0,0.0,,,"ZERO_ACTIVE_CHANNELS 238 channels, 0 active",FALLBACK,https://epgshare01.online/epgshare01/epg_ripper_EG1.xml.gz
INVALID_SOURCE,,epgshare,EG1,Al Shams,Al.Shams.eg,0,0.0,0.0,,,"ZERO_ACTIVE_CHANNELS 238 channels, 0 active",FALLBACK,https://epgshare01.online/epgshare01/epg_ripper_EG1.xml.gz
INVALID_SOURCE,,epgshare,EG1,Alaraby TV 2,Alaraby.TV.2.eg,0,0.0,0.0,,,"ZERO_ACTIVE_CHANNELS 238 channels, 0 active",FALLBACK,https://epgshare01.online/epgshare01/epg_ripper_EG1.xml.gz
INVALID_SOURCE,,epgshare,EG1,Alhayat Drama,Alhayat.Drama.eg,0,0.0,0.0,,,"ZERO_ACTIVE_CHANNELS 238 channels, 0 active",FALLBACK,https://epgshare01.online/epgshare01/epg_ripper_EG1.xml.gz
INVALID_SOURCE,,epgshare,EG1,Alhayat TV,Alhayat.TV.eg,0,0.0,0.0,,,"ZERO_ACTIVE_CHANNELS 238 channels, 0 active",FALLBACK,https://epgshare01.online/epgshare01/epg_ripper_EG1.xml.gz
INVALID_SOURCE,,epgshare,EG1,Almahriah TV,Almahriah.TV.eg,0,0.0,0.0,,,"ZERO_ACTIVE_CHANNELS 238 channels, 0 active",FALLBACK,https://epgshare01.online/epgshare01/epg_ripper_EG1.xml.gz
INVALID_SOURCE,,epgshare,EG1,Aloula,Aloula.eg,0,0.0,0.0,,,"ZERO_ACTIVE_CHANNELS 238 channels, 0 active",FALLBACK,https://epgshare01.online/epgshare01/epg_ripper_EG1.xml.gz
INVALID_SOURCE,,epgshare,EG1,Alrasheed,Alrasheed.eg,0,0.0,0.0,,,"ZERO_ACTIVE_CHANNELS 238 channels, 0 active",FALLBACK,https://epgshare01.online/epgshare01/epg_ripper_EG1.xml.gz
INVALID_SOURCE,,epgshare,EG1,AlSaeedah,AlSaeedah.eg,0,0.0,0.0,,,"ZERO_ACTIVE_CHANNELS 238 channels, 0 active",FALLBACK,https://epgshare01.online/epgshare01/epg_ripper_EG1.xml.gz
INVALID_SOURCE,,epgshare,EG1,AlSharqiya,AlSharqiya.eg,0,0.0,0.0,,,"ZERO_ACTIVE_CHANNELS 238 channels, 0 active",FALLBACK,https://epgshare01.online/epgshare01/epg_ripper_EG1.xml.gz
INVALID_SOURCE,,epgshare,EG1,Alsumaria,Alsumaria.eg,0,0.0,0.0,,,"ZERO_ACTIVE_CHANNELS 238 channels, 0 active",FALLBACK,https://epgshare01.online/epgshare01/epg_ripper_EG1.xml.gz
INVALID_SOURCE,,epgshare,EG1,ART Aflam 1,ART.Aflam.1.eg,0,0.0,0.0,,,"ZERO_ACTIVE_CHANNELS 238 channels, 0 active",FALLBACK,https://epgshare01.online/epgshare01/epg_ripper_EG1.xml.gz
INVALID_SOURCE,,epgshare,EG1,ART Aflam 2,ART.Aflam.2.eg,0,0.0,0.0,,,"ZERO_ACTIVE_CHANNELS 238 channels, 0 active",FALLBACK,https://epgshare01.online/epgshare01/epg_ripper_EG1.xml.gz
INVALID_SOURCE,,epgshare,EG1,ART Cinema,ART.Cinema.eg,0,0.0,0.0,,,"ZERO_ACTIVE_CHANNELS 238 channels, 0 active",FALLBACK,https://epgshare01.online/epgshare01/epg_ripper_EG1.xml.gz
INVALID_SOURCE,,epgshare,EG1,ART Hekayat,ART.Hekayat.eg,0,0.0,0.0,,,"ZERO_ACTIVE_CHANNELS 238 channels, 0 active",FALLBACK,https://epgshare01.online/epgshare01/epg_ripper_EG1.xml.gz
INVALID_SOURCE,,epgshare,EG1,ART Hekayat 2,ART.Hekayat.2.eg,0,0.0,0.0,,,"ZERO_ACTIVE_CHANNELS 238 channels, 0 active",FALLBACK,https://epgshare01.online/epgshare01/epg_ripper_EG1.xml.gz
INVALID_SOURCE,,epgshare,EG1,atv,atv.eg,0,0.0,0.0,,,"ZERO_ACTIVE_CHANNELS 238 channels, 0 active",FALLBACK,https://epgshare01.online/epgshare01/epg_ripper_EG1.xml.gz
INVALID_SOURCE,,epgshare,EG1,Bahrain TV,Bahrain.TV.eg,0,0.0,0.0,,,"ZERO_ACTIVE_CHANNELS 238 channels, 0 active",FALLBACK,https://epgshare01.online/epgshare01/epg_ripper_EG1.xml.gz
INVALID_SOURCE,,epgshare,EG1,beIN Drama,beIN.Drama.eg,0,0.0,0.0,,,"ZERO_ACTIVE_CHANNELS 238 channels, 0 active",FALLBACK,https://epgshare01.online/epgshare01/epg_ripper_EG1.xml.gz
INVALID_SOURCE,,epgshare,EG1,BEIN MOVIES ACTION,BEIN.MOVIES.ACTION.eg,0,0.0,0.0,,,"ZERO_ACTIVE_CHANNELS 238 channels, 0 active",FALLBACK,https://epgshare01.online/epgshare01/epg_ripper_EG1.xml.gz
INVALID_SOURCE,,epgshare,EG1,BEIN MOVIES DRAMA,BEIN.MOVIES.DRAMA.eg,0,0.0,0.0,,,"ZERO_ACTIVE_CHANNELS 238 channels, 0 active",FALLBACK,https://epgshare01.online/epgshare01/epg_ripper_EG1.xml.gz
INVALID_SOURCE,,epgshare,EG1,BEIN MOVIES FAMILY,BEIN.MOVIES.FAMILY.eg,0,0.0,0.0,,,"ZERO_ACTIVE_CHANNELS 238 channels, 0 active",FALLBACK,https://epgshare01.online/epgshare01/epg_ripper_EG1.xml.gz
INVALID_SOURCE,,epgshare,EG1,BEIN MOVIES PREMIERE,BEIN.MOVIES.PREMIERE.eg,0,0.0,0.0,,,"ZERO_ACTIVE_CHANNELS 238 channels, 0 active",FALLBACK,https://epgshare01.online/epgshare01/epg_ripper_EG1.xml.gz
INVALID_SOURCE,,epgshare,EG1,BeIn Series HD 1,BeIn.Series.HD.1.eg,0,0.0,0.0,,,"ZERO_ACTIVE_CHANNELS 238 channels, 0 active",FALLBACK,https://epgshare01.online/epgshare01/epg_ripper_EG1.xml.gz
INVALID_SOURCE,,epgshare,EG1,beIN Series HD 2,beIN.Series.HD.2.eg,0,0.0,0.0,,,"ZERO_ACTIVE_CHANNELS 238 channels, 0 active",FALLBACK,https://epgshare01.online/epgshare01/epg_ripper_EG1.xml.gz
INVALID_SOURCE,,epgshare,EG1,CBC,CBC.eg,0,0.0,0.0,,,"ZERO_ACTIVE_CHANNELS 238 channels, 0 active",FALLBACK,https://epgshare01.online/epgshare01/epg_ripper_EG1.xml.gz
INVALID_SOURCE,,epgshare,EG1,CBC Drama,CBC.Drama.eg,0,0.0,0.0,,,"ZERO_ACTIVE_CHANNELS 238 channels, 0 active",FALLBACK,https://epgshare01.online/epgshare01/epg_ripper_EG1.xml.gz
INVALID_SOURCE,,epgshare,EG1,Cima,Cima.eg,0,0.0,0.0,,,"ZERO_ACTIVE_CHANNELS 238 channels, 0 active",FALLBACK,https://epgshare01.online/epgshare01/epg_ripper_EG1.xml.gz
INVALID_SOURCE,,epgshare,EG1,Dijlah TV,Dijlah.TV.eg,0,0.0,0.0,,,"ZERO_ACTIVE_CHANNELS 238 channels, 0 active",FALLBACK,https://epgshare01.online/epgshare01/epg_ripper_EG1.xml.gz
INVALID_SOURCE,,epgshare,EG1,DMC,DMC.eg,0,0.0,0.0,,,"ZERO_ACTIVE_CHANNELS 238 channels, 0 active",FALLBACK,https://epgshare01.online/epgshare01/epg_ripper_EG1.xml.gz
INVALID_SOURCE,,epgshare,EG1,DMC DRAMA,DMC.DRAMA.eg,0,0.0,0.0,,,"ZERO_ACTIVE_CHANNELS 238 channels, 0 active",FALLBACK,https://epgshare01.online/epgshare01/epg_ripper_EG1.xml.gz
INVALID_SOURCE,,epgshare,EG1,Dubai One,Dubai.One.eg,0,0.0,0.0,,,"ZERO_ACTIVE_CHANNELS 238 channels, 0 active",FALLBACK,https://epgshare01.online/epgshare01/epg_ripper_EG1.xml.gz
INVALID_SOURCE,,epgshare,EG1,Dubai TV,Dubai.TV.eg,0,0.0,0.0,,,"ZERO_ACTIVE_CHANNELS 238 channels, 0 active",FALLBACK,https://epgshare01.online/epgshare01/epg_ripper_EG1.xml.gz
INVALID_SOURCE,,epgshare,EG1,Dubai Zaman,Dubai.Zaman.eg,0,0.0,0.0,,,"ZERO_ACTIVE_CHANNELS 238 channels, 0 active",FALLBACK,https://epgshare01.online/epgshare01/epg_ripper_EG1.xml.gz
INVALID_SOURCE,,epgshare,EG1,Echorouk TV,Echorouk.TV.eg,0,0.0,0.0,,,"ZERO_ACTIVE_CHANNELS 238 channels, 0 active",FALLBACK,https://epgshare01.online/epgshare01/epg_ripper_EG1.xml.gz
INVALID_SOURCE,,epgshare,EG1,Egyptian TV,Egyptian.TV.eg,0,0.0,0.0,,,"ZERO_ACTIVE_CHANNELS 238 channels, 0 active",FALLBACK,https://epgshare01.online/epgshare01/epg_ripper_EG1.xml.gz
INVALID_SOURCE,,epgshare,EG1,Emirates,Emirates.eg,0,0.0,0.0,,,"ZERO_ACTIVE_CHANNELS 238 channels, 0 active",FALLBACK,https://epgshare01.online/epgshare01/epg_ripper_EG1.xml.gz
INVALID_SOURCE,,epgshare,EG1,ESC,ESC.eg,0,0.0,0.0,,,"ZERO_ACTIVE_CHANNELS 238 channels, 0 active",FALLBACK,https://epgshare01.online/epgshare01/epg_ripper_EG1.xml.gz
INVALID_SOURCE,,epgshare,EG1,ETC TV,ETC.TV.eg,0,0.0,0.0,,,"ZERO_ACTIVE_CHANNELS 238 channels, 0 active",FALLBACK,https://epgshare01.online/epgshare01/epg_ripper_EG1.xml.gz
INVALID_SOURCE,,epgshare,EG1,Fox,Fox.eg,0,0.0,0.0,,,"ZERO_ACTIVE_CHANNELS 238 channels, 0 active",FALLBACK,https://epgshare01.online/epgshare01/epg_ripper_EG1.xml.gz
INVALID_SOURCE,,epgshare,EG1,FOX ACTION MOVIES,FOX.ACTION.MOVIES.eg,0,0.0,0.0,,,"ZERO_ACTIVE_CHANNELS 238 channels, 0 active",FALLBACK,https://epgshare01.online/epgshare01/epg_ripper_EG1.xml.gz
INVALID_SOURCE,,epgshare,EG1,Fox Movies,Fox.Movies.eg,0,0.0,0.0,,,"ZERO_ACTIVE_CHANNELS 238 channels, 0 active",FALLBACK,https://epgshare01.online/epgshare01/epg_ripper_EG1.xml.gz
INVALID_SOURCE,,epgshare,EG1,Hadhramaut TV,Hadhramaut.TV.eg,0,0.0,0.0,,,"ZERO_ACTIVE_CHANNELS 238 channels, 0 active",FALLBACK,https://epgshare01.online/epgshare01/epg_ripper_EG1.xml.gz
INVALID_SOURCE,,epgshare,EG1,iFILM TV,iFILM.TV.eg,0,0.0,0.0,,,"ZERO_ACTIVE_CHANNELS 238 channels, 0 active",FALLBACK,https://epgshare01.online/epgshare01/epg_ripper_EG1.xml.gz
INVALID_SOURCE,,epgshare,EG1,Iraqia TV,Iraqia.TV.eg,0,0.0,0.0,,,"ZERO_ACTIVE_CHANNELS 238 channels, 0 active",FALLBACK,https://epgshare01.online/epgshare01/epg_ripper_EG1.xml.gz
INVALID_SOURCE,,epgshare,EG1,Jordan TV,Jordan.TV.eg,0,0.0,0.0,,,"ZERO_ACTIVE_CHANNELS 238 channels, 0 active",FALLBACK,https://epgshare01.online/epgshare01/epg_ripper_EG1.xml.gz
INVALID_SOURCE,,epgshare,EG1,Kuwait,Kuwait.eg,0,0.0,0.0,,,"ZERO_ACTIVE_CHANNELS 238 channels, 0 active",FALLBACK,https://epgshare01.online/epgshare01/epg_ripper_EG1.xml.gz
INVALID_SOURCE,,epgshare,EG1,Kuwait Drama,Kuwait.Drama.eg,0,0.0,0.0,,,"ZERO_ACTIVE_CHANNELS 238 channels, 0 active",FALLBACK,https://epgshare01.online/epgshare01/epg_ripper_EG1.xml.gz
INVALID_SOURCE,,epgshare,EG1,LBC,LBC.eg,0,0.0,0.0,,,"ZERO_ACTIVE_CHANNELS 238 channels, 0 active",FALLBACK,https://epgshare01.online/epgshare01/epg_ripper_EG1.xml.gz
INVALID_SOURCE,,epgshare,EG1,LBCI,LBCI.eg,0,0.0,0.0,,,"ZERO_ACTIVE_CHANNELS 238 channels, 0 active",FALLBACK,https://epgshare01.online/epgshare01/epg_ripper_EG1.xml.gz
INVALID_SOURCE,,epgshare,EG1,LDC,LDC.eg,0,0.0,0.0,,,"ZERO_ACTIVE_CHANNELS 238 channels, 0 active",FALLBACK,https://epgshare01.online/epgshare01/epg_ripper_EG1.xml.gz
INVALID_SOURCE,,epgshare,EG1,LTV,LTV.eg,0,0.0,0.0,,,"ZERO_ACTIVE_CHANNELS 238 channels, 0 active",FALLBACK,https://epgshare01.online/epgshare01/epg_ripper_EG1.xml.gz
INVALID_SOURCE,,epgshare,EG1,Maspero Zaman,Maspero.Zaman.eg,0,0.0,0.0,,,"ZERO_ACTIVE_CHANNELS 238 channels, 0 active",FALLBACK,https://epgshare01.online/epgshare01/epg_ripper_EG1.xml.gz
INVALID_SOURCE,,epgshare,EG1,MBC,MBC.eg,0,0.0,0.0,,,"ZERO_ACTIVE_CHANNELS 238 channels, 0 active",FALLBACK,https://epgshare01.online/epgshare01/epg_ripper_EG1.xml.gz
INVALID_SOURCE,,epgshare,EG1,MBC 2,MBC.2.eg,0,0.0,0.0,,,"ZERO_ACTIVE_CHANNELS 238 channels, 0 active",FALLBACK,https://epgshare01.online/epgshare01/epg_ripper_EG1.xml.gz
INVALID_SOURCE,,epgshare,EG1,MBC 4,MBC.4.eg,0,0.0,0.0,,,"ZERO_ACTIVE_CHANNELS 238 channels, 0 active",FALLBACK,https://epgshare01.online/epgshare01/epg_ripper_EG1.xml.gz
INVALID_SOURCE,,epgshare,EG1,MBC 5,MBC.5.eg,0,0.0,0.0,,,"ZERO_ACTIVE_CHANNELS 238 channels, 0 active",FALLBACK,https://epgshare01.online/epgshare01/epg_ripper_EG1.xml.gz
INVALID_SOURCE,,epgshare,EG1,MBC Action,MBC.Action.eg,0,0.0,0.0,,,"ZERO_ACTIVE_CHANNELS 238 channels, 0 active",FALLBACK,https://epgshare01.online/epgshare01/epg_ripper_EG1.xml.gz
INVALID_SOURCE,,epgshare,EG1,MBC Bollywood,MBC.Bollywood.eg,0,0.0,0.0,,,"ZERO_ACTIVE_CHANNELS 238 channels, 0 active",FALLBACK,https://epgshare01.online/epgshare01/epg_ripper_EG1.xml.gz
INVALID_SOURCE,,epgshare,EG1,MBC Drama,MBC.Drama.eg,0,0.0,0.0,,,"ZERO_ACTIVE_CHANNELS 238 channels, 0 active",FALLBACK,https://epgshare01.online/epgshare01/epg_ripper_EG1.xml.gz
INVALID_SOURCE,,epgshare,EG1,MBC Drama +,MBC.Drama.+.eg,0,0.0,0.0,,,"ZERO_ACTIVE_CHANNELS 238 channels, 0 active",FALLBACK,https://epgshare01.online/epgshare01/epg_ripper_EG1.xml.gz
INVALID_SOURCE,,epgshare,EG1,MBC Egypt,MBC.Egypt.eg,0,0.0,0.0,,,"ZERO_ACTIVE_CHANNELS 238 channels, 0 active",FALLBACK,https://epgshare01.online/epgshare01/epg_ripper_EG1.xml.gz
INVALID_SOURCE,,epgshare,EG1,MBC Iraq,MBC.Iraq.eg,0,0.0,0.0,,,"ZERO_ACTIVE_CHANNELS 238 channels, 0 active",FALLBACK,https://epgshare01.online/epgshare01/epg_ripper_EG1.xml.gz
INVALID_SOURCE,,epgshare,EG1,MBC MASR 2,MBC.MASR.2.eg,0,0.0,0.0,,,"ZERO_ACTIVE_CHANNELS 238 channels, 0 active",FALLBACK,https://epgshare01.online/epgshare01/epg_ripper_EG1.xml.gz
INVALID_SOURCE,,epgshare,EG1,MBC MAX,MBC.MAX.eg,0,0.0,0.0,,,"ZERO_ACTIVE_CHANNELS 238 channels, 0 active",FALLBACK,https://epgshare01.online/epgshare01/epg_ripper_EG1.xml.gz
INVALID_SOURCE,,epgshare,EG1,Mehwar,Mehwar.eg,0,0.0,0.0,,,"ZERO_ACTIVE_CHANNELS 238 channels, 0 active",FALLBACK,https://epgshare01.online/epgshare01/epg_ripper_EG1.xml.gz
INVALID_SOURCE,,epgshare,EG1,Mix,Mix.eg,0,0.0,0.0,,,"ZERO_ACTIVE_CHANNELS 238 channels, 0 active",FALLBACK,https://epgshare01.online/epgshare01/epg_ripper_EG1.xml.gz
INVALID_SOURCE,,epgshare,EG1,Mix Bel Araby,Mix.Bel.Araby.eg,0,0.0,0.0,,,"ZERO_ACTIVE_CHANNELS 238 channels, 0 active",FALLBACK,https://epgshare01.online/epgshare01/epg_ripper_EG1.xml.gz
INVALID_SOURCE,,epgshare,EG1,Mix ONE,Mix.ONE.eg,0,0.0,0.0,,,"ZERO_ACTIVE_CHANNELS 238 channels, 0 active",FALLBACK,https://epgshare01.online/epgshare01/epg_ripper_EG1.xml.gz
INVALID_SOURCE,,epgshare,EG1,MTV,MTV.eg,0,0.0,0.0,,,"ZERO_ACTIVE_CHANNELS 238 channels, 0 active",FALLBACK,https://epgshare01.online/epgshare01/epg_ripper_EG1.xml.gz
INVALID_SOURCE,,epgshare,EG1,Musawa,Musawa.eg,0,0.0,0.0,,,"ZERO_ACTIVE_CHANNELS 238 channels, 0 active",FALLBACK,https://epgshare01.online/epgshare01/epg_ripper_EG1.xml.gz
INVALID_SOURCE,,epgshare,EG1,National Geographic Abu Dhabi,National.Geographic.Abu.Dhabi.eg,0,0.0,0.0,,,"ZERO_ACTIVE_CHANNELS 238 channels, 0 active",FALLBACK,https://epgshare01.online/epgshare01/epg_ripper_EG1.xml.gz
INVALID_SOURCE,,epgshare,EG1,Nessma,Nessma.eg,0,0.0,0.0,,,"ZERO_ACTIVE_CHANNELS 238 channels, 0 active",FALLBACK,https://epgshare01.online/epgshare01/epg_ripper_EG1.xml.gz
INVALID_SOURCE,,epgshare,EG1,Network Arabic,Network.Arabic.eg,0,0.0,0.0,,,"ZERO_ACTIVE_CHANNELS 238 channels, 0 active",FALLBACK,https://epgshare01.online/epgshare01/epg_ripper_EG1.xml.gz
INVALID_SOURCE,,epgshare,EG1,Nile Comedy,Nile.Comedy.eg,0,0.0,0.0,,,"ZERO_ACTIVE_CHANNELS 238 channels, 0 active",FALLBACK,https://epgshare01.online/epgshare01/epg_ripper_EG1.xml.gz
INVALID_SOURCE,,epgshare,EG1,Nile Drama,Nile.Drama.eg,0,0.0,0.0,,,"ZERO_ACTIVE_CHANNELS 238 channels, 0 active",FALLBACK,https://epgshare01.online/epgshare01/epg_ripper_EG1.xml.gz
INVALID_SOURCE,,epgshare,EG1,Nile Life,Nile.Life.eg,0,0.0,0.0,,,"ZERO_ACTIVE_CHANNELS 238 channels, 0 active",FALLBACK,https://epgshare01.online/epgshare01/epg_ripper_EG1.xml.gz
INVALID_SOURCE,,epgshare,EG1,Oman,Oman.eg,0,0.0,0.0,,,"ZERO_ACTIVE_CHANNELS 238 channels, 0 active",FALLBACK,https://epgshare01.online/epgshare01/epg_ripper_EG1.xml.gz
INVALID_SOURCE,,epgshare,EG1,ON Drama,ON.Drama.eg,0,0.0,0.0,,,"ZERO_ACTIVE_CHANNELS 238 channels, 0 active",FALLBACK,https://epgshare01.online/epgshare01/epg_ripper_EG1.xml.gz
INVALID_SOURCE,,epgshare,EG1,ON E,ON.E.eg,0,0.0,0.0,,,"ZERO_ACTIVE_CHANNELS 238 channels, 0 active",FALLBACK,https://epgshare01.online/epgshare01/epg_ripper_EG1.xml.gz
INVALID_SOURCE,,epgshare,EG1,Qatar,Qatar.eg,0,0.0,0.0,,,"ZERO_ACTIVE_CHANNELS 238 channels, 0 active",FALLBACK,https://epgshare01.online/epgshare01/epg_ripper_EG1.xml.gz
INVALID_SOURCE,,epgshare,EG1,Qurain,Qurain.eg,0,0.0,0.0,,,"ZERO_ACTIVE_CHANNELS 238 channels, 0 active",FALLBACK,https://epgshare01.online/epgshare01/epg_ripper_EG1.xml.gz
INVALID_SOURCE,,epgshare,EG1,Rotana Cinema,Rotana.Cinema.eg,0,0.0,0.0,,,"ZERO_ACTIVE_CHANNELS 238 channels, 0 active",FALLBACK,https://epgshare01.online/epgshare01/epg_ripper_EG1.xml.gz
INVALID_SOURCE,,epgshare,EG1,Rotana Cinema Masr,Rotana.Cinema.Masr.eg,0,0.0,0.0,,,"ZERO_ACTIVE_CHANNELS 238 channels, 0 active",FALLBACK,https://epgshare01.online/epgshare01/epg_ripper_EG1.xml.gz
INVALID_SOURCE,,epgshare,EG1,Rotana Classic,Rotana.Classic.eg,0,0.0,0.0,,,"ZERO_ACTIVE_CHANNELS 238 channels, 0 active",FALLBACK,https://epgshare01.online/epgshare01/epg_ripper_EG1.xml.gz
INVALID_SOURCE,,epgshare,EG1,Rotana Comedy,Rotana.Comedy.eg,0,0.0,0.0,,,"ZERO_ACTIVE_CHANNELS 238 channels, 0 active",FALLBACK,https://epgshare01.online/epgshare01/epg_ripper_EG1.xml.gz
INVALID_SOURCE,,epgshare,EG1,Rotana Drama,Rotana.Drama.eg,0,0.0,0.0,,,"ZERO_ACTIVE_CHANNELS 238 channels, 0 active",FALLBACK,https://epgshare01.online/epgshare01/epg_ripper_EG1.xml.gz
INVALID_SOURCE,,epgshare,EG1,Rotana Khalejia,Rotana.Khalejia.eg,0,0.0,0.0,,,"ZERO_ACTIVE_CHANNELS 238 channels, 0 active",FALLBACK,https://epgshare01.online/epgshare01/epg_ripper_EG1.xml.gz
INVALID_SOURCE,,epgshare,EG1,Rotana Kids,Rotana.Kids.eg,0,0.0,0.0,,,"ZERO_ACTIVE_CHANNELS 238 channels, 0 active",FALLBACK,https://epgshare01.online/epgshare01/epg_ripper_EG1.xml.gz
INVALID_SOURCE,,epgshare,EG1,Rotana Movies+,Rotana.Movies+.eg,0,0.0,0.0,,,"ZERO_ACTIVE_CHANNELS 238 channels, 0 active",FALLBACK,https://epgshare01.online/epgshare01/epg_ripper_EG1.xml.gz
INVALID_SOURCE,,epgshare,EG1,Rotana+ HD,Rotana+.HD.eg,0,0.0,0.0,,,"ZERO_ACTIVE_CHANNELS 238 channels, 0 active",FALLBACK,https://epgshare01.online/epgshare01/epg_ripper_EG1.xml.gz
INVALID_SOURCE,,epgshare,EG1,Roya,Roya.eg,0,0.0,0.0,,,"ZERO_ACTIVE_CHANNELS 238 channels, 0 active",FALLBACK,https://epgshare01.online/epgshare01/epg_ripper_EG1.xml.gz
INVALID_SOURCE,,epgshare,EG1,Sada El Balad,Sada.El.Balad.eg,0,0.0,0.0,,,"ZERO_ACTIVE_CHANNELS 238 channels, 0 active",FALLBACK,https://epgshare01.online/epgshare01/epg_ripper_EG1.xml.gz
INVALID_SOURCE,,epgshare,EG1,Sada El Balad 2,Sada.El.Balad.2.eg,0,0.0,0.0,,,"ZERO_ACTIVE_CHANNELS 238 channels, 0 active",FALLBACK,https://epgshare01.online/epgshare01/epg_ripper_EG1.xml.gz
INVALID_SOURCE,,epgshare,EG1,Sada El Balad Drama,Sada.El.Balad.Drama.eg,0,0.0,0.0,,,"ZERO_ACTIVE_CHANNELS 238 channels, 0 active",FALLBACK,https://epgshare01.online/epgshare01/epg_ripper_EG1.xml.gz
INVALID_SOURCE,,epgshare,EG1,Salam TV,Salam.TV.eg,0,0.0,0.0,,,"ZERO_ACTIVE_CHANNELS 238 channels, 0 active",FALLBACK,https://epgshare01.online/epgshare01/epg_ripper_EG1.xml.gz
INVALID_SOURCE,,epgshare,EG1,Sama Dubai,Sama.Dubai.eg,0,0.0,0.0,,,"ZERO_ACTIVE_CHANNELS 238 channels, 0 active",FALLBACK,https://epgshare01.online/epgshare01/epg_ripper_EG1.xml.gz
INVALID_SOURCE,,epgshare,EG1,Sama TV,Sama.TV.eg,0,0.0,0.0,,,"ZERO_ACTIVE_CHANNELS 238 channels, 0 active",FALLBACK,https://epgshare01.online/epgshare01/epg_ripper_EG1.xml.gz
INVALID_SOURCE,,epgshare,EG1,Saudiya TV,Saudiya.TV.eg,0,0.0,0.0,,,"ZERO_ACTIVE_CHANNELS 238 channels, 0 active",FALLBACK,https://epgshare01.online/epgshare01/epg_ripper_EG1.xml.gz
INVALID_SOURCE,,epgshare,EG1,SBC,SBC.eg,0,0.0,0.0,,,"ZERO_ACTIVE_CHANNELS 238 channels, 0 active",FALLBACK,https://epgshare01.online/epgshare01/epg_ripper_EG1.xml.gz
INVALID_SOURCE,,epgshare,EG1,Sharjah TV,Sharjah.TV.eg,0,0.0,0.0,,,"ZERO_ACTIVE_CHANNELS 238 channels, 0 active",FALLBACK,https://epgshare01.online/epgshare01/epg_ripper_EG1.xml.gz
INVALID_SOURCE,,epgshare,EG1,Star Movies,Star.Movies.eg,0,0.0,0.0,,,"ZERO_ACTIVE_CHANNELS 238 channels, 0 active",FALLBACK,https://epgshare01.online/epgshare01/epg_ripper_EG1.xml.gz
INVALID_SOURCE,,epgshare,EG1,Star World,Star.World.eg,0,0.0,0.0,,,"ZERO_ACTIVE_CHANNELS 238 channels, 0 active",FALLBACK,https://epgshare01.online/epgshare01/epg_ripper_EG1.xml.gz
INVALID_SOURCE,,epgshare,EG1,Syria Drama,Syria.Drama.eg,0,0.0,0.0,,,"ZERO_ACTIVE_CHANNELS 238 channels, 0 active",FALLBACK,https://epgshare01.online/epgshare01/epg_ripper_EG1.xml.gz
INVALID_SOURCE,,epgshare,EG1,Syria TV,Syria.TV.eg,0,0.0,0.0,,,"ZERO_ACTIVE_CHANNELS 238 channels, 0 active",FALLBACK,https://epgshare01.online/epgshare01/epg_ripper_EG1.xml.gz
INVALID_SOURCE,,epgshare,EG1,TeN TV,TeN.TV.eg,0,0.0,0.0,,,"ZERO_ACTIVE_CHANNELS 238 channels, 0 active",FALLBACK,https://epgshare01.online/epgshare01/epg_ripper_EG1.xml.gz
INVALID_SOURCE,,epgshare,EG1,Thikrayat Tv,Thikrayat.Tv.eg,0,0.0,0.0,,,"ZERO_ACTIVE_CHANNELS 238 channels, 0 active",FALLBACK,https://epgshare01.online/epgshare01/epg_ripper_EG1.xml.gz
INVALID_SOURCE,,epgshare,EG1,Utv,Utv.eg,0,0.0,0.0,,,"ZERO_ACTIVE_CHANNELS 238 channels, 0 active",FALLBACK,https://epgshare01.online/epgshare01/epg_ripper_EG1.xml.gz
INVALID_SOURCE,,epgshare,EG1,Watania 2,Watania.2.eg,0,0.0,0.0,,,"ZERO_ACTIVE_CHANNELS 238 channels, 0 active",FALLBACK,https://epgshare01.online/epgshare01/epg_ripper_EG1.xml.gz
INVALID_SOURCE,,epgshare,EG1,Watania1,Watania1.eg,0,0.0,0.0,,,"ZERO_ACTIVE_CHANNELS 238 channels, 0 active",FALLBACK,https://epgshare01.online/epgshare01/epg_ripper_EG1.xml.gz
INVALID_SOURCE,,epgshare,EG1,Zee alwan,Zee.alwan.eg,0,0.0,0.0,,,"ZERO_ACTIVE_CHANNELS 238 channels, 0 active",FALLBACK,https://epgshare01.online/epgshare01/epg_ripper_EG1.xml.gz
INVALID_SOURCE,,epgshare,EG1,آي فيلم,آي.فيلم.eg,0,0.0,0.0,,,"ZERO_ACTIVE_CHANNELS 238 channels, 0 active",FALLBACK,https://epgshare01.online/epgshare01/epg_ripper_EG1.xml.gz
INVALID_SOURCE,,epgshare,EG1,أبو ظبي,أبو.ظبي.eg,0,0.0,0.0,,,"ZERO_ACTIVE_CHANNELS 238 channels, 0 active",FALLBACK,https://epgshare01.online/epgshare01/epg_ripper_EG1.xml.gz
INVALID_SOURCE,,epgshare,EG1,أون إي,أون.إي.eg,0,0.0,0.0,,,"ZERO_ACTIVE_CHANNELS 238 channels, 0 active",FALLBACK,https://epgshare01.online/epgshare01/epg_ripper_EG1.xml.gz
INVALID_SOURCE,,epgshare,EG1,أون دراما,أون.دراما.eg,0,0.0,0.0,,,"ZERO_ACTIVE_CHANNELS 238 channels, 0 active",FALLBACK,https://epgshare01.online/epgshare01/epg_ripper_EG1.xml.gz
INVALID_SOURCE,,epgshare,EG1,إس بي سي,إس.بي.سي.eg,0,0.0,0.0,,,"ZERO_ACTIVE_CHANNELS 238 channels, 0 active",FALLBACK,https://epgshare01.online/epgshare01/epg_ripper_EG1.xml.gz
INVALID_SOURCE,,epgshare,EG1,إل بي سي,إل.بي.سي.eg,0,0.0,0.0,,,"ZERO_ACTIVE_CHANNELS 238 channels, 0 active",FALLBACK,https://epgshare01.online/epgshare01/epg_ripper_EG1.xml.gz
INVALID_SOURCE,,epgshare,EG1,إل بي سي آي,إل.بي.سي.آي.eg,0,0.0,0.0,,,"ZERO_ACTIVE_CHANNELS 238 channels, 0 active",FALLBACK,https://epgshare01.online/epgshare01/epg_ripper_EG1.xml.gz
INVALID_SOURCE,,epgshare,EG1,إم بي سي,إم.بي.سي.eg,0,0.0,0.0,,,"ZERO_ACTIVE_CHANNELS 238 channels, 0 active",FALLBACK,https://epgshare01.online/epgshare01/epg_ripper_EG1.xml.gz
INVALID_SOURCE,,epgshare,EG1,إم بي سي 2,إم.بي.سي.2.eg,0,0.0,0.0,,,"ZERO_ACTIVE_CHANNELS 238 channels, 0 active",FALLBACK,https://epgshare01.online/epgshare01/epg_ripper_EG1.xml.gz
INVALID_SOURCE,,epgshare,EG1,إم بي سي 4,إم.بي.سي.4.eg,0,0.0,0.0,,,"ZERO_ACTIVE_CHANNELS 238 channels, 0 active",FALLBACK,https://epgshare01.online/epgshare01/epg_ripper_EG1.xml.gz
INVALID_SOURCE,,epgshare,EG1,إم بي سي 5,إم.بي.سي.5.eg,0,0.0,0.0,,,"ZERO_ACTIVE_CHANNELS 238 channels, 0 active",FALLBACK,https://epgshare01.online/epgshare01/epg_ripper_EG1.xml.gz
INVALID_SOURCE,,epgshare,EG1,إم بي سي أكشن,إم.بي.سي.أكشن.eg,0,0.0,0.0,,,"ZERO_ACTIVE_CHANNELS 238 channels, 0 active",FALLBACK,https://epgshare01.online/epgshare01/epg_ripper_EG1.xml.gz
INVALID_SOURCE,,epgshare,EG1,إم بي سي العراق,إم.بي.سي.العراق.eg,0,0.0,0.0,,,"ZERO_ACTIVE_CHANNELS 238 channels, 0 active",FALLBACK,https://epgshare01.online/epgshare01/epg_ripper_EG1.xml.gz
INVALID_SOURCE,,epgshare,EG1,إم بي سي بوليوود,إم.بي.سي.بوليوود.eg,0,0.0,0.0,,,"ZERO_ACTIVE_CHANNELS 238 channels, 0 active",FALLBACK,https://epgshare01.online/epgshare01/epg_ripper_EG1.xml.gz
INVALID_SOURCE,,epgshare,EG1,إم بي سي دراما,إم.بي.سي.دراما.eg,0,0.0,0.0,,,"ZERO_ACTIVE_CHANNELS 238 channels, 0 active",FALLBACK,https://epgshare01.online/epgshare01/epg_ripper_EG1.xml.gz
INVALID_SOURCE,,epgshare,EG1,إم بي سي دراما +,إم.بي.سي.دراما.+.eg,0,0.0,0.0,,,"ZERO_ACTIVE_CHANNELS 238 channels, 0 active",FALLBACK,https://epgshare01.online/epgshare01/epg_ripper_EG1.xml.gz
INVALID_SOURCE,,epgshare,EG1,إم بي سي ماكس,إم.بي.سي.ماكس.eg,0,0.0,0.0,,,"ZERO_ACTIVE_CHANNELS 238 channels, 0 active",FALLBACK,https://epgshare01.online/epgshare01/epg_ripper_EG1.xml.gz
INVALID_SOURCE,,epgshare,EG1,إم بي سي مصر,إم.بي.سي.مصر.eg,0,0.0,0.0,,,"ZERO_ACTIVE_CHANNELS 238 channels, 0 active",FALLBACK,https://epgshare01.online/epgshare01/epg_ripper_EG1.xml.gz
INVALID_SOURCE,,epgshare,EG1,إم بي سي مصر 2,إم.بي.سي.مصر.2.eg,0,0.0,0.0,,,"ZERO_ACTIVE_CHANNELS 238 channels, 0 active",FALLBACK,https://epgshare01.online/epgshare01/epg_ripper_EG1.xml.gz
INVALID_SOURCE,,epgshare,EG1,إم تي في,إم.تي.في.eg,0,0.0,0.0,,,"ZERO_ACTIVE_CHANNELS 238 channels, 0 active",FALLBACK,https://epgshare01.online/epgshare01/epg_ripper_EG1.xml.gz
INVALID_SOURCE,,epgshare,EG1,إي تي سي,إي.تي.سي.eg,0,0.0,0.0,,,"ZERO_ACTIVE_CHANNELS 238 channels, 0 active",FALLBACK,https://epgshare01.online/epgshare01/epg_ripper_EG1.xml.gz
INVALID_SOURCE,,epgshare,EG1,إيه آر تي أفلام 1,إيه.آر.تي.أفلام.1.eg,0,0.0,0.0,,,"ZERO_ACTIVE_CHANNELS 238 channels, 0 active",FALLBACK,https://epgshare01.online/epgshare01/epg_ripper_EG1.xml.gz
INVALID_SOURCE,,epgshare,EG1,إيه آر تي افلام 2,إيه.آر.تي.افلام.2.eg,0,0.0,0.0,,,"ZERO_ACTIVE_CHANNELS 238 channels, 0 active",FALLBACK,https://epgshare01.online/epgshare01/epg_ripper_EG1.xml.gz
INVALID_SOURCE,,epgshare,EG1,إيه آر تي حكايات,إيه.آر.تي.حكايات.eg,0,0.0,0.0,,,"ZERO_ACTIVE_CHANNELS 238 channels, 0 active",FALLBACK,https://epgshare01.online/epgshare01/epg_ripper_EG1.xml.gz
INVALID_SOURCE,,epgshare,EG1,إيه آر تي حكايات 2,إيه.آر.تي.حكايات.2.eg,0,0.0,0.0,,,"ZERO_ACTIVE_CHANNELS 238 channels, 0 active",FALLBACK,https://epgshare01.online/epgshare01/epg_ripper_EG1.xml.gz
INVALID_SOURCE,,epgshare,EG1,إيه آر تي سينما,إيه.آر.تي.سينما.eg,0,0.0,0.0,,,"ZERO_ACTIVE_CHANNELS 238 channels, 0 active",FALLBACK,https://epgshare01.online/epgshare01/epg_ripper_EG1.xml.gz
INVALID_SOURCE,,epgshare,EG1,إيه تي في,إيه.تي.في.eg,0,0.0,0.0,,,"ZERO_ACTIVE_CHANNELS 238 channels, 0 active",FALLBACK,https://epgshare01.online/epgshare01/epg_ripper_EG1.xml.gz
INVALID_SOURCE,,epgshare,EG1,ال تي في,ال.تي.في.eg,0,0.0,0.0,,,"ZERO_ACTIVE_CHANNELS 238 channels, 0 active",FALLBACK,https://epgshare01.online/epgshare01/epg_ripper_EG1.xml.gz
INVALID_SOURCE,,epgshare,EG1,ال دي سي,ال.دي.سي.eg,0,0.0,0.0,,,"ZERO_ACTIVE_CHANNELS 238 channels, 0 active",FALLBACK,https://epgshare01.online/epgshare01/epg_ripper_EG1.xml.gz
INVALID_SOURCE,,epgshare,EG1,الأردن,الأردن.eg,0,0.0,0.0,,,"ZERO_ACTIVE_CHANNELS 238 channels, 0 active",FALLBACK,https://epgshare01.online/epgshare01/epg_ripper_EG1.xml.gz
INVALID_SOURCE,,epgshare,EG1,الأولى المغربية,الأولى.المغربية.eg,0,0.0,0.0,,,"ZERO_ACTIVE_CHANNELS 238 channels, 0 active",FALLBACK,https://epgshare01.online/epgshare01/epg_ripper_EG1.xml.gz
INVALID_SOURCE,,epgshare,EG1,البحرين,البحرين.eg,0,0.0,0.0,,,"ZERO_ACTIVE_CHANNELS 238 channels, 0 active",FALLBACK,https://epgshare01.online/epgshare01/epg_ripper_EG1.xml.gz
INVALID_SOURCE,,epgshare,EG1,التلفزيون العربي 2,التلفزيون.العربي.2.eg,0,0.0,0.0,,,"ZERO_ACTIVE_CHANNELS 238 channels, 0 active",FALLBACK,https://epgshare01.online/epgshare01/epg_ripper_EG1.xml.gz
INVALID_SOURCE,,epgshare,EG1,الجديد,الجديد.eg,0,0.0,0.0,,,"ZERO_ACTIVE_CHANNELS 238 channels, 0 active",FALLBACK,https://epgshare01.online/epgshare01/epg_ripper_EG1.xml.gz
INVALID_SOURCE,,epgshare,EG1,الحياة,الحياة.eg,0,0.0,0.0,,,"ZERO_ACTIVE_CHANNELS 238 channels, 0 active",FALLBACK,https://epgshare01.online/epgshare01/epg_ripper_EG1.xml.gz
INVALID_SOURCE,,epgshare,EG1,الحياة دراما,الحياة.دراما.eg,0,0.0,0.0,,,"ZERO_ACTIVE_CHANNELS 238 channels, 0 active",FALLBACK,https://epgshare01.online/epgshare01/epg_ripper_EG1.xml.gz
INVALID_SOURCE,,epgshare,EG1,الرشيد,الرشيد.eg,0,0.0,0.0,,,"ZERO_ACTIVE_CHANNELS 238 channels, 0 active",FALLBACK,https://epgshare01.online/epgshare01/epg_ripper_EG1.xml.gz
INVALID_SOURCE,,epgshare,EG1,السعودية,السعودية.eg,0,0.0,0.0,,,"ZERO_ACTIVE_CHANNELS 238 channels, 0 active",FALLBACK,https://epgshare01.online/epgshare01/epg_ripper_EG1.xml.gz
INVALID_SOURCE,,epgshare,EG1,السعيدة,السعيدة.eg,0,0.0,0.0,,,"ZERO_ACTIVE_CHANNELS 238 channels, 0 active",FALLBACK,https://epgshare01.online/epgshare01/epg_ripper_EG1.xml.gz
INVALID_SOURCE,,epgshare,EG1,السومرية,السومرية.eg,0,0.0,0.0,,,"ZERO_ACTIVE_CHANNELS 238 channels, 0 active",FALLBACK,https://epgshare01.online/epgshare01/epg_ripper_EG1.xml.gz
INVALID_SOURCE,,epgshare,EG1,الشارقة,الشارقة.eg,0,0.0,0.0,,,"ZERO_ACTIVE_CHANNELS 238 channels, 0 active",FALLBACK,https://epgshare01.online/epgshare01/epg_ripper_EG1.xml.gz
INVALID_SOURCE,,epgshare,EG1,الشرقية,الشرقية.eg,0,0.0,0.0,,,"ZERO_ACTIVE_CHANNELS 238 channels, 0 active",FALLBACK,https://epgshare01.online/epgshare01/epg_ripper_EG1.xml.gz
INVALID_SOURCE,,epgshare,EG1,الشروق الجزائرية,الشروق.الجزائرية.eg,0,0.0,0.0,,,"ZERO_ACTIVE_CHANNELS 238 channels, 0 active",FALLBACK,https://epgshare01.online/epgshare01/epg_ripper_EG1.xml.gz
INVALID_SOURCE,,epgshare,EG1,الشمس,الشمس.eg,0,0.0,0.0,,,"ZERO_ACTIVE_CHANNELS 238 channels, 0 active",FALLBACK,https://epgshare01.online/epgshare01/epg_ripper_EG1.xml.gz
INVALID_SOURCE,,epgshare,EG1,الظفرة,الظفرة.eg,0,0.0,0.0,,,"ZERO_ACTIVE_CHANNELS 238 channels, 0 active",FALLBACK,https://epgshare01.online/epgshare01/epg_ripper_EG1.xml.gz
INVALID_SOURCE,,epgshare,EG1,العراقية,العراقية.eg,0,0.0,0.0,,,"ZERO_ACTIVE_CHANNELS 238 channels, 0 active",FALLBACK,https://epgshare01.online/epgshare01/epg_ripper_EG1.xml.gz
INVALID_SOURCE,,epgshare,EG1,الفضائية المصرية,الفضائية.المصرية.eg,0,0.0,0.0,,,"ZERO_ACTIVE_CHANNELS 238 channels, 0 active",FALLBACK,https://epgshare01.online/epgshare01/epg_ripper_EG1.xml.gz
INVALID_SOURCE,,epgshare,EG1,القاهرة والناس,القاهرة.والناس.eg,0,0.0,0.0,,,"ZERO_ACTIVE_CHANNELS 238 channels, 0 active",FALLBACK,https://epgshare01.online/epgshare01/epg_ripper_EG1.xml.gz
INVALID_SOURCE,,epgshare,EG1,القاهرة والناس 2,القاهرة.والناس.2.eg,0,0.0,0.0,,,"ZERO_ACTIVE_CHANNELS 238 channels, 0 active",FALLBACK,https://epgshare01.online/epgshare01/epg_ripper_EG1.xml.gz
INVALID_SOURCE,,epgshare,EG1,القرين,القرين.eg,0,0.0,0.0,,,"ZERO_ACTIVE_CHANNELS 238 channels, 0 active",FALLBACK,https://epgshare01.online/epgshare01/epg_ripper_EG1.xml.gz
INVALID_SOURCE,,epgshare,EG1,الكويت,الكويت.eg,0,0.0,0.0,,,"ZERO_ACTIVE_CHANNELS 238 channels, 0 active",FALLBACK,https://epgshare01.online/epgshare01/epg_ripper_EG1.xml.gz
INVALID_SOURCE,,epgshare,EG1,الكويت دراما,الكويت.دراما.eg,0,0.0,0.0,,,"ZERO_ACTIVE_CHANNELS 238 channels, 0 active",FALLBACK,https://epgshare01.online/epgshare01/epg_ripper_EG1.xml.gz
INVALID_SOURCE,,epgshare,EG1,المحور,المحور.eg,0,0.0,0.0,,,"ZERO_ACTIVE_CHANNELS 238 channels, 0 active",FALLBACK,https://epgshare01.online/epgshare01/epg_ripper_EG1.xml.gz
INVALID_SOURCE,,epgshare,EG1,المصرية,المصرية.eg,0,0.0,0.0,,,"ZERO_ACTIVE_CHANNELS 238 channels, 0 active",FALLBACK,https://epgshare01.online/epgshare01/epg_ripper_EG1.xml.gz
INVALID_SOURCE,,epgshare,EG1,المغربية الثانية,المغربية.الثانية.eg,0,0.0,0.0,,,"ZERO_ACTIVE_CHANNELS 238 channels, 0 active",FALLBACK,https://epgshare01.online/epgshare01/epg_ripper_EG1.xml.gz
INVALID_SOURCE,,epgshare,EG1,المهرية,المهرية.eg,0,0.0,0.0,,,"ZERO_ACTIVE_CHANNELS 238 channels, 0 active",FALLBACK,https://epgshare01.online/epgshare01/epg_ripper_EG1.xml.gz
INVALID_SOURCE,,epgshare,EG1,النهار,النهار.eg,0,0.0,0.0,,,"ZERO_ACTIVE_CHANNELS 238 channels, 0 active",FALLBACK,https://epgshare01.online/epgshare01/epg_ripper_EG1.xml.gz
INVALID_SOURCE,,epgshare,EG1,النهار دراما,النهار.دراما.eg,0,0.0,0.0,,,"ZERO_ACTIVE_CHANNELS 238 channels, 0 active",FALLBACK,https://epgshare01.online/epgshare01/epg_ripper_EG1.xml.gz
INVALID_SOURCE,,epgshare,EG1,الوطنية 1,الوطنية.1.eg,0,0.0,0.0,,,"ZERO_ACTIVE_CHANNELS 238 channels, 0 active",FALLBACK,https://epgshare01.online/epgshare01/epg_ripper_EG1.xml.gz
INVALID_SOURCE,,epgshare,EG1,الوطنية 2,الوطنية.2.eg,0,0.0,0.0,,,"ZERO_ACTIVE_CHANNELS 238 channels, 0 active",FALLBACK,https://epgshare01.online/epgshare01/epg_ripper_EG1.xml.gz
INVALID_SOURCE,,epgshare,EG1,اﻹمارات,اﻹمارات.eg,0,0.0,0.0,,,"ZERO_ACTIVE_CHANNELS 238 channels, 0 active",FALLBACK,https://epgshare01.online/epgshare01/epg_ripper_EG1.xml.gz
INVALID_SOURCE,,epgshare,EG1,بي إن دراما,بي.إن.دراما.eg,0,0.0,0.0,,,"ZERO_ACTIVE_CHANNELS 238 channels, 0 active",FALLBACK,https://epgshare01.online/epgshare01/epg_ripper_EG1.xml.gz
INVALID_SOURCE,,epgshare,EG1,بي إن سيريس,بي.إن.سيريس.eg,0,0.0,0.0,,,"ZERO_ACTIVE_CHANNELS 238 channels, 0 active",FALLBACK,https://epgshare01.online/epgshare01/epg_ripper_EG1.xml.gz
INVALID_SOURCE,,epgshare,EG1,بي إن سيريس إتش دي 2,بي.إن.سيريس.إتش.دي.2.eg,0,0.0,0.0,,,"ZERO_ACTIVE_CHANNELS 238 channels, 0 active",FALLBACK,https://epgshare01.online/epgshare01/epg_ripper_EG1.xml.gz
INVALID_SOURCE,,epgshare,EG1,بي إن موفيز أكشن,بي.إن.موفيز.أكشن.eg,0,0.0,0.0,,,"ZERO_ACTIVE_CHANNELS 238 channels, 0 active",FALLBACK,https://epgshare01.online/epgshare01/epg_ripper_EG1.xml.gz
INVALID_SOURCE,,epgshare,EG1,بي إن موفيز بريمير,بي.إن.موفيز.بريمير.eg,0,0.0,0.0,,,"ZERO_ACTIVE_CHANNELS 238 channels, 0 active",FALLBACK,https://epgshare01.online/epgshare01/epg_ripper_EG1.xml.gz
INVALID_SOURCE,,epgshare,EG1,بي إن موفيز دراما,بي.إن.موفيز.دراما.eg,0,0.0,0.0,,,"ZERO_ACTIVE_CHANNELS 238 channels, 0 active",FALLBACK,https://epgshare01.online/epgshare01/epg_ripper_EG1.xml.gz
INVALID_SOURCE,,epgshare,EG1,بي إن موفيز فاميلي,بي.إن.موفيز.فاميلي.eg,0,0.0,0.0,,,"ZERO_ACTIVE_CHANNELS 238 channels, 0 active",FALLBACK,https://epgshare01.online/epgshare01/epg_ripper_EG1.xml.gz
INVALID_SOURCE,,epgshare,EG1,تلفزيون حضرموت,تلفزيون.حضرموت.eg,0,0.0,0.0,,,"ZERO_ACTIVE_CHANNELS 238 channels, 0 active",FALLBACK,https://epgshare01.online/epgshare01/epg_ripper_EG1.xml.gz
INVALID_SOURCE,,epgshare,EG1,تلفزيون سوريا,تلفزيون.سوريا.eg,0,0.0,0.0,,,"ZERO_ACTIVE_CHANNELS 238 channels, 0 active",FALLBACK,https://epgshare01.online/epgshare01/epg_ripper_EG1.xml.gz
INVALID_SOURCE,,epgshare,EG1,تن,تن.eg,0,0.0,0.0,,,"ZERO_ACTIVE_CHANNELS 238 channels, 0 active",FALLBACK,https://epgshare01.online/epgshare01/epg_ripper_EG1.xml.gz
INVALID_SOURCE,,epgshare,EG1,دبي,دبي.eg,0,0.0,0.0,,,"ZERO_ACTIVE_CHANNELS 238 channels, 0 active",FALLBACK,https://epgshare01.online/epgshare01/epg_ripper_EG1.xml.gz
INVALID_SOURCE,,epgshare,EG1,دبي زمان,دبي.زمان.eg,0,0.0,0.0,,,"ZERO_ACTIVE_CHANNELS 238 channels, 0 active",FALLBACK,https://epgshare01.online/epgshare01/epg_ripper_EG1.xml.gz
INVALID_SOURCE,,epgshare,EG1,دبي وان,دبي.وان.eg,0,0.0,0.0,,,"ZERO_ACTIVE_CHANNELS 238 channels, 0 active",FALLBACK,https://epgshare01.online/epgshare01/epg_ripper_EG1.xml.gz
INVALID_SOURCE,,epgshare,EG1,دجلة,دجلة.eg,0,0.0,0.0,,,"ZERO_ACTIVE_CHANNELS 238 channels, 0 active",FALLBACK,https://epgshare01.online/epgshare01/epg_ripper_EG1.xml.gz
INVALID_SOURCE,,epgshare,EG1,دي إم سي,دي.إم.سي.eg,0,0.0,0.0,,,"ZERO_ACTIVE_CHANNELS 238 channels, 0 active",FALLBACK,https://epgshare01.online/epgshare01/epg_ripper_EG1.xml.gz
INVALID_SOURCE,,epgshare,EG1,دي إم سي دراما,دي.إم.سي.دراما.eg,0,0.0,0.0,,,"ZERO_ACTIVE_CHANNELS 238 channels, 0 active",FALLBACK,https://epgshare01.online/epgshare01/epg_ripper_EG1.xml.gz
INVALID_SOURCE,,epgshare,EG1,ذكريات,ذكريات.eg,0,0.0,0.0,,,"ZERO_ACTIVE_CHANNELS 238 channels, 0 active",FALLBACK,https://epgshare01.online/epgshare01/epg_ripper_EG1.xml.gz
INVALID_SOURCE,,epgshare,EG1,رؤيا,رؤيا.eg,0,0.0,0.0,,,"ZERO_ACTIVE_CHANNELS 238 channels, 0 active",FALLBACK,https://epgshare01.online/epgshare01/epg_ripper_EG1.xml.gz
INVALID_SOURCE,,epgshare,EG1,روتانا أفلام بلاس,روتانا.أفلام.بلاس.eg,0,0.0,0.0,,,"ZERO_ACTIVE_CHANNELS 238 channels, 0 active",FALLBACK,https://epgshare01.online/epgshare01/epg_ripper_EG1.xml.gz
INVALID_SOURCE,,epgshare,EG1,روتانا خليجية,روتانا.خليجية.eg,0,0.0,0.0,,,"ZERO_ACTIVE_CHANNELS 238 channels, 0 active",FALLBACK,https://epgshare01.online/epgshare01/epg_ripper_EG1.xml.gz
INVALID_SOURCE,,epgshare,EG1,روتانا دراما,روتانا.دراما.eg,0,0.0,0.0,,,"ZERO_ACTIVE_CHANNELS 238 channels, 0 active",FALLBACK,https://epgshare01.online/epgshare01/epg_ripper_EG1.xml.gz
INVALID_SOURCE,,epgshare,EG1,روتانا سينما,روتانا.سينما.eg,0,0.0,0.0,,,"ZERO_ACTIVE_CHANNELS 238 channels, 0 active",FALLBACK,https://epgshare01.online/epgshare01/epg_ripper_EG1.xml.gz
INVALID_SOURCE,,epgshare,EG1,روتانا سينما مصر,روتانا.سينما.مصر.eg,0,0.0,0.0,,,"ZERO_ACTIVE_CHANNELS 238 channels, 0 active",FALLBACK,https://epgshare01.online/epgshare01/epg_ripper_EG1.xml.gz
INVALID_SOURCE,,epgshare,EG1,روتانا كلاسيك,روتانا.كلاسيك.eg,0,0.0,0.0,,,"ZERO_ACTIVE_CHANNELS 238 channels, 0 active",FALLBACK,https://epgshare01.online/epgshare01/epg_ripper_EG1.xml.gz
INVALID_SOURCE,,epgshare,EG1,روتانا كوميدي,روتانا.كوميدي.eg,0,0.0,0.0,,,"ZERO_ACTIVE_CHANNELS 238 channels, 0 active",FALLBACK,https://epgshare01.online/epgshare01/epg_ripper_EG1.xml.gz
INVALID_SOURCE,,epgshare,EG1,روتانا كيدز,روتانا.كيدز.eg,0,0.0,0.0,,,"ZERO_ACTIVE_CHANNELS 238 channels, 0 active",FALLBACK,https://epgshare01.online/epgshare01/epg_ripper_EG1.xml.gz
INVALID_SOURCE,,epgshare,EG1,روتانا+ أتش دي,روتانا+.أتش.دي.eg,0,0.0,0.0,,,"ZERO_ACTIVE_CHANNELS 238 channels, 0 active",FALLBACK,https://epgshare01.online/epgshare01/epg_ripper_EG1.xml.gz
INVALID_SOURCE,,epgshare,EG1,زي ألوان,زي.ألوان.eg,0,0.0,0.0,,,"ZERO_ACTIVE_CHANNELS 238 channels, 0 active",FALLBACK,https://epgshare01.online/epgshare01/epg_ripper_EG1.xml.gz
INVALID_SOURCE,,epgshare,EG1,ستار موفيز,ستار.موفيز.eg,0,0.0,0.0,,,"ZERO_ACTIVE_CHANNELS 238 channels, 0 active",FALLBACK,https://epgshare01.online/epgshare01/epg_ripper_EG1.xml.gz
INVALID_SOURCE,,epgshare,EG1,ستار ورلد,ستار.ورلد.eg,0,0.0,0.0,,,"ZERO_ACTIVE_CHANNELS 238 channels, 0 active",FALLBACK,https://epgshare01.online/epgshare01/epg_ripper_EG1.xml.gz
INVALID_SOURCE,,epgshare,EG1,سلام,سلام.eg,0,0.0,0.0,,,"ZERO_ACTIVE_CHANNELS 238 channels, 0 active",FALLBACK,https://epgshare01.online/epgshare01/epg_ripper_EG1.xml.gz
INVALID_SOURCE,,epgshare,EG1,سما,سما.eg,0,0.0,0.0,,,"ZERO_ACTIVE_CHANNELS 238 channels, 0 active",FALLBACK,https://epgshare01.online/epgshare01/epg_ripper_EG1.xml.gz
INVALID_SOURCE,,epgshare,EG1,سما دبي,سما.دبي.eg,0,0.0,0.0,,,"ZERO_ACTIVE_CHANNELS 238 channels, 0 active",FALLBACK,https://epgshare01.online/epgshare01/epg_ripper_EG1.xml.gz
INVALID_SOURCE,,epgshare,EG1,سوريا دراما,سوريا.دراما.eg,0,0.0,0.0,,,"ZERO_ACTIVE_CHANNELS 238 channels, 0 active",FALLBACK,https://epgshare01.online/epgshare01/epg_ripper_EG1.xml.gz
INVALID_SOURCE,,epgshare,EG1,سي بي سي,سي.بي.سي.eg,0,0.0,0.0,,,"ZERO_ACTIVE_CHANNELS 238 channels, 0 active",FALLBACK,https://epgshare01.online/epgshare01/epg_ripper_EG1.xml.gz
INVALID_SOURCE,,epgshare,EG1,سي بي سي دراما,سي.بي.سي.دراما.eg,0,0.0,0.0,,,"ZERO_ACTIVE_CHANNELS 238 channels, 0 active",FALLBACK,https://epgshare01.online/epgshare01/epg_ripper_EG1.xml.gz
INVALID_SOURCE,,epgshare,EG1,سيما,سيما.eg,0,0.0,0.0,,,"ZERO_ACTIVE_CHANNELS 238 channels, 0 active",FALLBACK,https://epgshare01.online/epgshare01/epg_ripper_EG1.xml.gz
INVALID_SOURCE,,epgshare,EG1,صدى البلد,صدى.البلد.eg,0,0.0,0.0,,,"ZERO_ACTIVE_CHANNELS 238 channels, 0 active",FALLBACK,https://epgshare01.online/epgshare01/epg_ripper_EG1.xml.gz
INVALID_SOURCE,,epgshare,EG1,صدى البلد 2,صدى.البلد.2.eg,0,0.0,0.0,,,"ZERO_ACTIVE_CHANNELS 238 channels, 0 active",FALLBACK,https://epgshare01.online/epgshare01/epg_ripper_EG1.xml.gz
INVALID_SOURCE,,epgshare,EG1,صدى البلد دراما,صدى.البلد.دراما.eg,0,0.0,0.0,,,"ZERO_ACTIVE_CHANNELS 238 channels, 0 active",FALLBACK,https://epgshare01.online/epgshare01/epg_ripper_EG1.xml.gz
INVALID_SOURCE,,epgshare,EG1,عمان,عمان.eg,0,0.0,0.0,,,"ZERO_ACTIVE_CHANNELS 238 channels, 0 active",FALLBACK,https://epgshare01.online/epgshare01/epg_ripper_EG1.xml.gz
INVALID_SOURCE,,epgshare,EG1,فوكس,فوكس.eg,0,0.0,0.0,,,"ZERO_ACTIVE_CHANNELS 238 channels, 0 active",FALLBACK,https://epgshare01.online/epgshare01/epg_ripper_EG1.xml.gz
INVALID_SOURCE,,epgshare,EG1,فوكس أكشن موفيز,فوكس.أكشن.موفيز.eg,0,0.0,0.0,,,"ZERO_ACTIVE_CHANNELS 238 channels, 0 active",FALLBACK,https://epgshare01.online/epgshare01/epg_ripper_EG1.xml.gz
INVALID_SOURCE,,epgshare,EG1,فوكس موفيز,فوكس.موفيز.eg,0,0.0,0.0,,,"ZERO_ACTIVE_CHANNELS 238 channels, 0 active",FALLBACK,https://epgshare01.online/epgshare01/epg_ripper_EG1.xml.gz
INVALID_SOURCE,,epgshare,EG1,قطر,قطر.eg,0,0.0,0.0,,,"ZERO_ACTIVE_CHANNELS 238 channels, 0 active",FALLBACK,https://epgshare01.online/epgshare01/epg_ripper_EG1.xml.gz
INVALID_SOURCE,,epgshare,EG1,قناة مصر الأولى,قناة.مصر.الأولى.eg,0,0.0,0.0,,,"ZERO_ACTIVE_CHANNELS 238 channels, 0 active",FALLBACK,https://epgshare01.online/epgshare01/epg_ripper_EG1.xml.gz
INVALID_SOURCE,,epgshare,EG1,ماسبيرو زمان,ماسبيرو.زمان.eg,0,0.0,0.0,,,"ZERO_ACTIVE_CHANNELS 238 channels, 0 active",FALLBACK,https://epgshare01.online/epgshare01/epg_ripper_EG1.xml.gz
INVALID_SOURCE,,epgshare,EG1,مساواة,مساواة.eg,0,0.0,0.0,,,"ZERO_ACTIVE_CHANNELS 238 channels, 0 active",FALLBACK,https://epgshare01.online/epgshare01/epg_ripper_EG1.xml.gz
INVALID_SOURCE,,epgshare,EG1,ميكس,ميكس.eg,0,0.0,0.0,,,"ZERO_ACTIVE_CHANNELS 238 channels, 0 active",FALLBACK,https://epgshare01.online/epgshare01/epg_ripper_EG1.xml.gz
INVALID_SOURCE,,epgshare,EG1,ميكس بالعربي,ميكس.بالعربي.eg,0,0.0,0.0,,,"ZERO_ACTIVE_CHANNELS 238 channels, 0 active",FALLBACK,https://epgshare01.online/epgshare01/epg_ripper_EG1.xml.gz
INVALID_SOURCE,,epgshare,EG1,ميكس وان,ميكس.وان.eg,0,0.0,0.0,,,"ZERO_ACTIVE_CHANNELS 238 channels, 0 active",FALLBACK,https://epgshare01.online/epgshare01/epg_ripper_EG1.xml.gz
INVALID_SOURCE,,epgshare,EG1,ناشونال جيوجرافيك أبو ظبي,ناشونال.جيوجرافيك.أبو.ظبي.eg,0,0.0,0.0,,,"ZERO_ACTIVE_CHANNELS 238 channels, 0 active",FALLBACK,https://epgshare01.online/epgshare01/epg_ripper_EG1.xml.gz
INVALID_SOURCE,,epgshare,EG1,نايل دراما,نايل.دراما.eg,0,0.0,0.0,,,"ZERO_ACTIVE_CHANNELS 238 channels, 0 active",FALLBACK,https://epgshare01.online/epgshare01/epg_ripper_EG1.xml.gz
INVALID_SOURCE,,epgshare,EG1,نايل كوميدي,نايل.كوميدي.eg,0,0.0,0.0,,,"ZERO_ACTIVE_CHANNELS 238 channels, 0 active",FALLBACK,https://epgshare01.online/epgshare01/epg_ripper_EG1.xml.gz
INVALID_SOURCE,,epgshare,EG1,نايل لايف,نايل.لايف.eg,0,0.0,0.0,,,"ZERO_ACTIVE_CHANNELS 238 channels, 0 active",FALLBACK,https://epgshare01.online/epgshare01/epg_ripper_EG1.xml.gz
INVALID_SOURCE,,epgshare,EG1,نتورك بالعربية,نتورك.بالعربية.eg,0,0.0,0.0,,,"ZERO_ACTIVE_CHANNELS 238 channels, 0 active",FALLBACK,https://epgshare01.online/epgshare01/epg_ripper_EG1.xml.gz
INVALID_SOURCE,,epgshare,EG1,نسمة,نسمة.eg,0,0.0,0.0,,,"ZERO_ACTIVE_CHANNELS 238 channels, 0 active",FALLBACK,https://epgshare01.online/epgshare01/epg_ripper_EG1.xml.gz
INVALID_SOURCE,,epgshare,EG1,يو تي في,يو.تي.في.eg,0,0.0,0.0,,,"ZERO_ACTIVE_CHANNELS 238 channels, 0 active",FALLBACK,https://epgshare01.online/epgshare01/epg_ripper_EG1.xml.gz
INVALID_SOURCE,,epgshare,SA1,Al Aan TV,Al.Aan.TV.sa,0,0.0,0.0,,,"ZERO_ACTIVE_CHANNELS 97 channels, 0 active",FALLBACK,https://epgshare01.online/epgshare01/epg_ripper_SA1.xml.gz
INVALID_SOURCE,,epgshare,SA1,Al Dafrah TV,Al.Dafrah.TV.sa,0,0.0,0.0,,,"ZERO_ACTIVE_CHANNELS 97 channels, 0 active",FALLBACK,https://epgshare01.online/epgshare01/epg_ripper_SA1.xml.gz
INVALID_SOURCE,,epgshare,SA1,AL Hurra HD,AL.Hurra.HD.sa,0,0.0,0.0,,,"ZERO_ACTIVE_CHANNELS 97 channels, 0 active",FALLBACK,https://epgshare01.online/epgshare01/epg_ripper_SA1.xml.gz
INVALID_SOURCE,,epgshare,SA1,AL Hurra Iraq HD,AL.Hurra.Iraq.HD.sa,0,0.0,0.0,,,"ZERO_ACTIVE_CHANNELS 97 channels, 0 active",FALLBACK,https://epgshare01.online/epgshare01/epg_ripper_SA1.xml.gz
INVALID_SOURCE,,epgshare,SA1,Al Qurain HD,Al.Qurain.HD.sa,0,0.0,0.0,,,"ZERO_ACTIVE_CHANNELS 97 channels, 0 active",FALLBACK,https://epgshare01.online/epgshare01/epg_ripper_SA1.xml.gz
INVALID_SOURCE,,epgshare,SA1,Al Roya TV,Al.Roya.TV.sa,0,0.0,0.0,,,"ZERO_ACTIVE_CHANNELS 97 channels, 0 active",FALLBACK,https://epgshare01.online/epgshare01/epg_ripper_SA1.xml.gz
INVALID_SOURCE,,epgshare,SA1,Al Safwa,Al.Safwa.sa,0,0.0,0.0,,,"ZERO_ACTIVE_CHANNELS 97 channels, 0 active",FALLBACK,https://epgshare01.online/epgshare01/epg_ripper_SA1.xml.gz
INVALID_SOURCE,,epgshare,SA1,Al Wosta from Al Dhaid,Al.Wosta.from.Al.Dhaid.sa,0,0.0,0.0,,,"ZERO_ACTIVE_CHANNELS 97 channels, 0 active",FALLBACK,https://epgshare01.online/epgshare01/epg_ripper_SA1.xml.gz
INVALID_SOURCE,,epgshare,SA1,Alfa Al Yawm,Alfa.Al.Yawm.sa,0,0.0,0.0,,,"ZERO_ACTIVE_CHANNELS 97 channels, 0 active",FALLBACK,https://epgshare01.online/epgshare01/epg_ripper_SA1.xml.gz
INVALID_SOURCE,,epgshare,SA1,Alfa Cinema 1,Alfa.Cinema.1.sa,0,0.0,0.0,,,"ZERO_ACTIVE_CHANNELS 97 channels, 0 active",FALLBACK,https://epgshare01.online/epgshare01/epg_ripper_SA1.xml.gz
INVALID_SOURCE,,epgshare,SA1,Alfa Cinema 2,Alfa.Cinema.2.sa,0,0.0,0.0,,,"ZERO_ACTIVE_CHANNELS 97 channels, 0 active",FALLBACK,https://epgshare01.online/epgshare01/epg_ripper_SA1.xml.gz
INVALID_SOURCE,,epgshare,SA1,Alfa Fann,Alfa.Fann.sa,0,0.0,0.0,,,"ZERO_ACTIVE_CHANNELS 97 channels, 0 active",FALLBACK,https://epgshare01.online/epgshare01/epg_ripper_SA1.xml.gz
INVALID_SOURCE,,epgshare,SA1,Alfa Series +2,Alfa.Series.+2.sa,0,0.0,0.0,,,"ZERO_ACTIVE_CHANNELS 97 channels, 0 active",FALLBACK,https://epgshare01.online/epgshare01/epg_ripper_SA1.xml.gz
INVALID_SOURCE,,epgshare,SA1,Alfa Series Channel,Alfa.Series.Channel.sa,0,0.0,0.0,,,"ZERO_ACTIVE_CHANNELS 97 channels, 0 active",FALLBACK,https://epgshare01.online/epgshare01/epg_ripper_SA1.xml.gz
INVALID_SOURCE,,epgshare,SA1,AlMamlaka TV,AlMamlaka.TV.sa,0,0.0,0.0,,,"ZERO_ACTIVE_CHANNELS 97 channels, 0 active",FALLBACK,https://epgshare01.online/epgshare01/epg_ripper_SA1.xml.gz
INVALID_SOURCE,,epgshare,SA1,ANC,ANC.sa,0,0.0,0.0,,,"ZERO_ACTIVE_CHANNELS 97 channels, 0 active",FALLBACK,https://epgshare01.online/epgshare01/epg_ripper_SA1.xml.gz
INVALID_SOURCE,,epgshare,SA1,Animal Planet,Animal.Planet.sa,0,0.0,0.0,,,"ZERO_ACTIVE_CHANNELS 97 channels, 0 active",FALLBACK,https://epgshare01.online/epgshare01/epg_ripper_SA1.xml.gz
INVALID_SOURCE,,epgshare,SA1,Arirang TV,Arirang.TV.sa,0,0.0,0.0,,,"ZERO_ACTIVE_CHANNELS 97 channels, 0 active",FALLBACK,https://epgshare01.online/epgshare01/epg_ripper_SA1.xml.gz
INVALID_SOURCE,,epgshare,SA1,B4U Aflam,B4U.Aflam.sa,0,0.0,0.0,,,"ZERO_ACTIVE_CHANNELS 97 channels, 0 active",FALLBACK,https://epgshare01.online/epgshare01/epg_ripper_SA1.xml.gz
INVALID_SOURCE,,epgshare,SA1,B4U Plus,B4U.Plus.sa,0,0.0,0.0,,,"ZERO_ACTIVE_CHANNELS 97 channels, 0 active",FALLBACK,https://epgshare01.online/epgshare01/epg_ripper_SA1.xml.gz
INVALID_SOURCE,,epgshare,SA1,Bahrain TV,Bahrain.TV.sa,0,0.0,0.0,,,"ZERO_ACTIVE_CHANNELS 97 channels, 0 active",FALLBACK,https://epgshare01.online/epgshare01/epg_ripper_SA1.xml.gz
INVALID_SOURCE,,epgshare,SA1,BBC Arabic,BBC.Arabic.sa,0,0.0,0.0,,,"ZERO_ACTIVE_CHANNELS 97 channels, 0 active",FALLBACK,https://epgshare01.online/epgshare01/epg_ripper_SA1.xml.gz
INVALID_SOURCE,,epgshare,SA1,BBC World,BBC.World.sa,0,0.0,0.0,,,"ZERO_ACTIVE_CHANNELS 97 channels, 0 active",FALLBACK,https://epgshare01.online/epgshare01/epg_ripper_SA1.xml.gz
INVALID_SOURCE,,epgshare,SA1,Bloomberg,Bloomberg.sa,0,0.0,0.0,,,"ZERO_ACTIVE_CHANNELS 97 channels, 0 active",FALLBACK,https://epgshare01.online/epgshare01/epg_ripper_SA1.xml.gz
INVALID_SOURCE,,epgshare,SA1,Cartoon Network,Cartoon.Network.sa,0,0.0,0.0,,,"ZERO_ACTIVE_CHANNELS 97 channels, 0 active",FALLBACK,https://epgshare01.online/epgshare01/epg_ripper_SA1.xml.gz
INVALID_SOURCE,,epgshare,SA1,CGTN,CGTN.sa,0,0.0,0.0,,,"ZERO_ACTIVE_CHANNELS 97 channels, 0 active",FALLBACK,https://epgshare01.online/epgshare01/epg_ripper_SA1.xml.gz
INVALID_SOURCE,,epgshare,SA1,CGTN Arabic,CGTN.Arabic.sa,0,0.0,0.0,,,"ZERO_ACTIVE_CHANNELS 97 channels, 0 active",FALLBACK,https://epgshare01.online/epgshare01/epg_ripper_SA1.xml.gz
INVALID_SOURCE,,epgshare,SA1,Cine Mo,Cine.Mo.sa,0,0.0,0.0,,,"ZERO_ACTIVE_CHANNELS 97 channels, 0 active",FALLBACK,https://epgshare01.online/epgshare01/epg_ripper_SA1.xml.gz
INVALID_SOURCE,,epgshare,SA1,Cinema One Global,Cinema.One.Global.sa,0,0.0,0.0,,,"ZERO_ACTIVE_CHANNELS 97 channels, 0 active",FALLBACK,https://epgshare01.online/epgshare01/epg_ripper_SA1.xml.gz
INVALID_SOURCE,,epgshare,SA1,CNBC,CNBC.sa,0,0.0,0.0,,,"ZERO_ACTIVE_CHANNELS 97 channels, 0 active",FALLBACK,https://epgshare01.online/epgshare01/epg_ripper_SA1.xml.gz
INVALID_SOURCE,,epgshare,SA1,CNBC Arabia,CNBC.Arabia.sa,0,0.0,0.0,,,"ZERO_ACTIVE_CHANNELS 97 channels, 0 active",FALLBACK,https://epgshare01.online/epgshare01/epg_ripper_SA1.xml.gz
INVALID_SOURCE,,epgshare,SA1,CNN,CNN.sa,0,0.0,0.0,,,"ZERO_ACTIVE_CHANNELS 97 channels, 0 active",FALLBACK,https://epgshare01.online/epgshare01/epg_ripper_SA1.xml.gz
INVALID_SOURCE,,epgshare,SA1,Crime & Investigation Network,Crime.&.Investigation.Network.sa,0,0.0,0.0,,,"ZERO_ACTIVE_CHANNELS 97 channels, 0 active",FALLBACK,https://epgshare01.online/epgshare01/epg_ripper_SA1.xml.gz
INVALID_SOURCE,,epgshare,SA1,Discovery HD,Discovery.HD.sa,0,0.0,0.0,,,"ZERO_ACTIVE_CHANNELS 97 channels, 0 active",FALLBACK,https://epgshare01.online/epgshare01/epg_ripper_SA1.xml.gz
INVALID_SOURCE,,epgshare,SA1,Discovery ID,Discovery.ID.sa,0,0.0,0.0,,,"ZERO_ACTIVE_CHANNELS 97 channels, 0 active",FALLBACK,https://epgshare01.online/epgshare01/epg_ripper_SA1.xml.gz
INVALID_SOURCE,,epgshare,SA1,Dubai Racing 1 HD,Dubai.Racing.1.HD.sa,0,0.0,0.0,,,"ZERO_ACTIVE_CHANNELS 97 channels, 0 active",FALLBACK,https://epgshare01.online/epgshare01/epg_ripper_SA1.xml.gz
INVALID_SOURCE,,epgshare,SA1,Dubai Racing 3,Dubai.Racing.3.sa,0,0.0,0.0,,,"ZERO_ACTIVE_CHANNELS 97 channels, 0 active",FALLBACK,https://epgshare01.online/epgshare01/epg_ripper_SA1.xml.gz
INVALID_SOURCE,,epgshare,SA1,DWRR 101.9,DWRR.101.9.sa,0,0.0,0.0,,,"ZERO_ACTIVE_CHANNELS 97 channels, 0 active",FALLBACK,https://epgshare01.online/epgshare01/epg_ripper_SA1.xml.gz
INVALID_SOURCE,,epgshare,SA1,DZMM Teleradyo,DZMM.Teleradyo.sa,0,0.0,0.0,,,"ZERO_ACTIVE_CHANNELS 97 channels, 0 active",FALLBACK,https://epgshare01.online/epgshare01/epg_ripper_SA1.xml.gz
INVALID_SOURCE,,epgshare,SA1,E! Entertainment,E!.Entertainment.sa,0,0.0,0.0,,,"ZERO_ACTIVE_CHANNELS 97 channels, 0 active",FALLBACK,https://epgshare01.online/epgshare01/epg_ripper_SA1.xml.gz
INVALID_SOURCE,,epgshare,SA1,Fatafeat,Fatafeat.sa,0,0.0,0.0,,,"ZERO_ACTIVE_CHANNELS 97 channels, 0 active",FALLBACK,https://epgshare01.online/epgshare01/epg_ripper_SA1.xml.gz
INVALID_SOURCE,,epgshare,SA1,France 24,France.24.sa,0,0.0,0.0,,,"ZERO_ACTIVE_CHANNELS 97 channels, 0 active",FALLBACK,https://epgshare01.online/epgshare01/epg_ripper_SA1.xml.gz
INVALID_SOURCE,,epgshare,SA1,France 24 English,France.24.English.sa,0,0.0,0.0,,,"ZERO_ACTIVE_CHANNELS 97 channels, 0 active",FALLBACK,https://epgshare01.online/epgshare01/epg_ripper_SA1.xml.gz
INVALID_SOURCE,,epgshare,SA1,GMA Life TV,GMA.Life.TV.sa,0,0.0,0.0,,,"ZERO_ACTIVE_CHANNELS 97 channels, 0 active",FALLBACK,https://epgshare01.online/epgshare01/epg_ripper_SA1.xml.gz
INVALID_SOURCE,,epgshare,SA1,GMA News TV,GMA.News.TV.sa,0,0.0,0.0,,,"ZERO_ACTIVE_CHANNELS 97 channels, 0 active",FALLBACK,https://epgshare01.online/epgshare01/epg_ripper_SA1.xml.gz
INVALID_SOURCE,,epgshare,SA1,GMA Pinoy TV,GMA.Pinoy.TV.sa,0,0.0,0.0,,,"ZERO_ACTIVE_CHANNELS 97 channels, 0 active",FALLBACK,https://epgshare01.online/epgshare01/epg_ripper_SA1.xml.gz
INVALID_SOURCE,,epgshare,SA1,H2 HD,H2.HD.sa,0,0.0,0.0,,,"ZERO_ACTIVE_CHANNELS 97 channels, 0 active",FALLBACK,https://epgshare01.online/epgshare01/epg_ripper_SA1.xml.gz
INVALID_SOURCE,,epgshare,SA1,History HD,History.HD.sa,0,0.0,0.0,,,"ZERO_ACTIVE_CHANNELS 97 channels, 0 active",FALLBACK,https://epgshare01.online/epgshare01/epg_ripper_SA1.xml.gz
INVALID_SOURCE,,epgshare,SA1,Kapatid TV5,Kapatid.TV5.sa,0,0.0,0.0,,,"ZERO_ACTIVE_CHANNELS 97 channels, 0 active",FALLBACK,https://epgshare01.online/epgshare01/epg_ripper_SA1.xml.gz
INVALID_SOURCE,,epgshare,SA1,KTV Arabe HD,KTV.Arabe.HD.sa,0,0.0,0.0,,,"ZERO_ACTIVE_CHANNELS 97 channels, 0 active",FALLBACK,https://epgshare01.online/epgshare01/epg_ripper_SA1.xml.gz
INVALID_SOURCE,,epgshare,SA1,KTV Ethraa HD,KTV.Ethraa.HD.sa,0,0.0,0.0,,,"ZERO_ACTIVE_CHANNELS 97 channels, 0 active",FALLBACK,https://epgshare01.online/epgshare01/epg_ripper_SA1.xml.gz
INVALID_SOURCE,,epgshare,SA1,KTV Majlis HD,KTV.Majlis.HD.sa,0,0.0,0.0,,,"ZERO_ACTIVE_CHANNELS 97 channels, 0 active",FALLBACK,https://epgshare01.online/epgshare01/epg_ripper_SA1.xml.gz
INVALID_SOURCE,,epgshare,SA1,KTV Sport HD,KTV.Sport.HD.sa,0,0.0,0.0,,,"ZERO_ACTIVE_CHANNELS 97 channels, 0 active",FALLBACK,https://epgshare01.online/epgshare01/epg_ripper_SA1.xml.gz
INVALID_SOURCE,,epgshare,SA1,KTV Sport Plus HD,KTV.Sport.Plus.HD.sa,0,0.0,0.0,,,"ZERO_ACTIVE_CHANNELS 97 channels, 0 active",FALLBACK,https://epgshare01.online/epgshare01/epg_ripper_SA1.xml.gz
INVALID_SOURCE,,epgshare,SA1,KTV1 HD,KTV1.HD.sa,0,0.0,0.0,,,"ZERO_ACTIVE_CHANNELS 97 channels, 0 active",FALLBACK,https://epgshare01.online/epgshare01/epg_ripper_SA1.xml.gz
INVALID_SOURCE,,epgshare,SA1,KTV2 HD,KTV2.HD.sa,0,0.0,0.0,,,"ZERO_ACTIVE_CHANNELS 97 channels, 0 active",FALLBACK,https://epgshare01.online/epgshare01/epg_ripper_SA1.xml.gz
INVALID_SOURCE,,epgshare,SA1,Madani TV,Madani.TV.sa,0,0.0,0.0,,,"ZERO_ACTIVE_CHANNELS 97 channels, 0 active",FALLBACK,https://epgshare01.online/epgshare01/epg_ripper_SA1.xml.gz
INVALID_SOURCE,,epgshare,SA1,Marina TV,Marina.TV.sa,0,0.0,0.0,,,"ZERO_ACTIVE_CHANNELS 97 channels, 0 active",FALLBACK,https://epgshare01.online/epgshare01/epg_ripper_SA1.xml.gz
INVALID_SOURCE,,epgshare,SA1,Moonbug Kids,Moonbug.Kids.sa,0,0.0,0.0,,,"ZERO_ACTIVE_CHANNELS 97 channels, 0 active",FALLBACK,https://epgshare01.online/epgshare01/epg_ripper_SA1.xml.gz
INVALID_SOURCE,,epgshare,SA1,MTV 00s,MTV.00s.sa,0,0.0,0.0,,,"ZERO_ACTIVE_CHANNELS 97 channels, 0 active",FALLBACK,https://epgshare01.online/epgshare01/epg_ripper_SA1.xml.gz
INVALID_SOURCE,,epgshare,SA1,MTV Live HD,MTV.Live.HD.sa,0,0.0,0.0,,,"ZERO_ACTIVE_CHANNELS 97 channels, 0 active",FALLBACK,https://epgshare01.online/epgshare01/epg_ripper_SA1.xml.gz
INVALID_SOURCE,,epgshare,SA1,Music Now,Music.Now.sa,0,0.0,0.0,,,"ZERO_ACTIVE_CHANNELS 97 channels, 0 active",FALLBACK,https://epgshare01.online/epgshare01/epg_ripper_SA1.xml.gz
INVALID_SOURCE,,epgshare,SA1,Myx,Myx.sa,0,0.0,0.0,,,"ZERO_ACTIVE_CHANNELS 97 channels, 0 active",FALLBACK,https://epgshare01.online/epgshare01/epg_ripper_SA1.xml.gz
INVALID_SOURCE,,epgshare,SA1,NHK World TV,NHK.World.TV.sa,0,0.0,0.0,,,"ZERO_ACTIVE_CHANNELS 97 channels, 0 active",FALLBACK,https://epgshare01.online/epgshare01/epg_ripper_SA1.xml.gz
INVALID_SOURCE,,epgshare,SA1,Nick Jr.,Nick.Jr..sa,0,0.0,0.0,,,"ZERO_ACTIVE_CHANNELS 97 channels, 0 active",FALLBACK,https://epgshare01.online/epgshare01/epg_ripper_SA1.xml.gz
INVALID_SOURCE,,epgshare,SA1,Nickelodeon HD,Nickelodeon.HD.sa,0,0.0,0.0,,,"ZERO_ACTIVE_CHANNELS 97 channels, 0 active",FALLBACK,https://epgshare01.online/epgshare01/epg_ripper_SA1.xml.gz
INVALID_SOURCE,,epgshare,SA1,NickToons HD,NickToons.HD.sa,0,0.0,0.0,,,"ZERO_ACTIVE_CHANNELS 97 channels, 0 active",FALLBACK,https://epgshare01.online/epgshare01/epg_ripper_SA1.xml.gz
INVALID_SOURCE,,epgshare,SA1,OSN TV Comedy,OSN.TV.Comedy.sa,0,0.0,0.0,,,"ZERO_ACTIVE_CHANNELS 97 channels, 0 active",FALLBACK,https://epgshare01.online/epgshare01/epg_ripper_SA1.xml.gz
INVALID_SOURCE,,epgshare,SA1,OSN TV Crime,OSN.TV.Crime.sa,0,0.0,0.0,,,"ZERO_ACTIVE_CHANNELS 97 channels, 0 active",FALLBACK,https://epgshare01.online/epgshare01/epg_ripper_SA1.xml.gz
INVALID_SOURCE,,epgshare,SA1,OSN TV Kids,OSN.TV.Kids.sa,0,0.0,0.0,,,"ZERO_ACTIVE_CHANNELS 97 channels, 0 active",FALLBACK,https://epgshare01.online/epgshare01/epg_ripper_SA1.xml.gz
INVALID_SOURCE,,epgshare,SA1,OSN TV Kidzone,OSN.TV.Kidzone.sa,0,0.0,0.0,,,"ZERO_ACTIVE_CHANNELS 97 channels, 0 active",FALLBACK,https://epgshare01.online/epgshare01/epg_ripper_SA1.xml.gz
INVALID_SOURCE,,epgshare,SA1,OSN TV Mezze,OSN.TV.Mezze.sa,0,0.0,0.0,,,"ZERO_ACTIVE_CHANNELS 97 channels, 0 active",FALLBACK,https://epgshare01.online/epgshare01/epg_ripper_SA1.xml.gz
INVALID_SOURCE,,epgshare,SA1,OSN TV Movies Action,OSN.TV.Movies.Action.sa,0,0.0,0.0,,,"ZERO_ACTIVE_CHANNELS 97 channels, 0 active",FALLBACK,https://epgshare01.online/epgshare01/epg_ripper_SA1.xml.gz
INVALID_SOURCE,,epgshare,SA1,OSN TV Movies Comedy,OSN.TV.Movies.Comedy.sa,0,0.0,0.0,,,"ZERO_ACTIVE_CHANNELS 97 channels, 0 active",FALLBACK,https://epgshare01.online/epgshare01/epg_ripper_SA1.xml.gz
INVALID_SOURCE,,epgshare,SA1,OSN TV Movies Family,OSN.TV.Movies.Family.sa,0,0.0,0.0,,,"ZERO_ACTIVE_CHANNELS 97 channels, 0 active",FALLBACK,https://epgshare01.online/epgshare01/epg_ripper_SA1.xml.gz
INVALID_SOURCE,,epgshare,SA1,OSN TV Movies Hollywood,OSN.TV.Movies.Hollywood.sa,0,0.0,0.0,,,"ZERO_ACTIVE_CHANNELS 97 channels, 0 active",FALLBACK,https://epgshare01.online/epgshare01/epg_ripper_SA1.xml.gz
INVALID_SOURCE,,epgshare,SA1,OSN TV Movies Premiere,OSN.TV.Movies.Premiere.sa,0,0.0,0.0,,,"ZERO_ACTIVE_CHANNELS 97 channels, 0 active",FALLBACK,https://epgshare01.online/epgshare01/epg_ripper_SA1.xml.gz
INVALID_SOURCE,,epgshare,SA1,OSN TV News,OSN.TV.News.sa,0,0.0,0.0,,,"ZERO_ACTIVE_CHANNELS 97 channels, 0 active",FALLBACK,https://epgshare01.online/epgshare01/epg_ripper_SA1.xml.gz
INVALID_SOURCE,,epgshare,SA1,OSN TV Now,OSN.TV.Now.sa,0,0.0,0.0,,,"ZERO_ACTIVE_CHANNELS 97 channels, 0 active",FALLBACK,https://epgshare01.online/epgshare01/epg_ripper_SA1.xml.gz
INVALID_SOURCE,,epgshare,SA1,OSN TV One,OSN.TV.One.sa,0,0.0,0.0,,,"ZERO_ACTIVE_CHANNELS 97 channels, 0 active",FALLBACK,https://epgshare01.online/epgshare01/epg_ripper_SA1.xml.gz
INVALID_SOURCE,,epgshare,SA1,OSN TV Showcase,OSN.TV.Showcase.sa,0,0.0,0.0,,,"ZERO_ACTIVE_CHANNELS 97 channels, 0 active",FALLBACK,https://epgshare01.online/epgshare01/epg_ripper_SA1.xml.gz
INVALID_SOURCE,,epgshare,SA1,OSN TV Showcase Classics,OSN.TV.Showcase.Classics.sa,0,0.0,0.0,,,"ZERO_ACTIVE_CHANNELS 97 channels, 0 active",FALLBACK,https://epgshare01.online/epgshare01/epg_ripper_SA1.xml.gz
INVALID_SOURCE,,epgshare,SA1,OSN TV Yahala,OSN.TV.Yahala.sa,0,0.0,0.0,,,"ZERO_ACTIVE_CHANNELS 97 channels, 0 active",FALLBACK,https://epgshare01.online/epgshare01/epg_ripper_SA1.xml.gz
INVALID_SOURCE,,epgshare,SA1,OSN TV Yahala Aflam,OSN.TV.Yahala.Aflam.sa,0,0.0,0.0,,,"ZERO_ACTIVE_CHANNELS 97 channels, 0 active",FALLBACK,https://epgshare01.online/epgshare01/epg_ripper_SA1.xml.gz
INVALID_SOURCE,,epgshare,SA1,OSN TV Yahala Bil Arabi,OSN.TV.Yahala.Bil.Arabi.sa,0,0.0,0.0,,,"ZERO_ACTIVE_CHANNELS 97 channels, 0 active",FALLBACK,https://epgshare01.online/epgshare01/epg_ripper_SA1.xml.gz
INVALID_SOURCE,,epgshare,SA1,OSNtv Movies Horror,OSNtv.Movies.Horror.sa,0,0.0,0.0,,,"ZERO_ACTIVE_CHANNELS 97 channels, 0 active",FALLBACK,https://epgshare01.online/epgshare01/epg_ripper_SA1.xml.gz
INVALID_SOURCE,,epgshare,SA1,OSNtv Popup Bourne Every Minute,OSNtv.Popup.Bourne.Every.Minute.sa,0,0.0,0.0,,,"ZERO_ACTIVE_CHANNELS 97 channels, 0 active",FALLBACK,https://epgshare01.online/epgshare01/epg_ripper_SA1.xml.gz
INVALID_SOURCE,,epgshare,SA1,PBA Rush,PBA.Rush.sa,0,0.0,0.0,,,"ZERO_ACTIVE_CHANNELS 97 channels, 0 active",FALLBACK,https://epgshare01.online/epgshare01/epg_ripper_SA1.xml.gz
INVALID_SOURCE,,epgshare,SA1,Rusiya Al Yawm,Rusiya.Al.Yawm.sa,0,0.0,0.0,,,"ZERO_ACTIVE_CHANNELS 97 channels, 0 active",FALLBACK,https://epgshare01.online/epgshare01/epg_ripper_SA1.xml.gz
INVALID_SOURCE,,epgshare,SA1,Sharjah Sport HD,Sharjah.Sport.HD.sa,0,0.0,0.0,,,"ZERO_ACTIVE_CHANNELS 97 channels, 0 active",FALLBACK,https://epgshare01.online/epgshare01/epg_ripper_SA1.xml.gz
INVALID_SOURCE,,epgshare,SA1,Sharjah TV,Sharjah.TV.sa,0,0.0,0.0,,,"ZERO_ACTIVE_CHANNELS 97 channels, 0 active",FALLBACK,https://epgshare01.online/epgshare01/epg_ripper_SA1.xml.gz
INVALID_SOURCE,,epgshare,SA1,Sharqiya from Kalba,Sharqiya.from.Kalba.sa,0,0.0,0.0,,,"ZERO_ACTIVE_CHANNELS 97 channels, 0 active",FALLBACK,https://epgshare01.online/epgshare01/epg_ripper_SA1.xml.gz
INVALID_SOURCE,,epgshare,SA1,Sky News Arabia,Sky.News.Arabia.sa,0,0.0,0.0,,,"ZERO_ACTIVE_CHANNELS 97 channels, 0 active",FALLBACK,https://epgshare01.online/epgshare01/epg_ripper_SA1.xml.gz
INVALID_SOURCE,,epgshare,SA1,Sky News Arabia HD,Sky.News.Arabia.HD.sa,0,0.0,0.0,,,"ZERO_ACTIVE_CHANNELS 97 channels, 0 active",FALLBACK,https://epgshare01.online/epgshare01/epg_ripper_SA1.xml.gz
INVALID_SOURCE,,epgshare,SA1,Sky News HD,Sky.News.HD.sa,0,0.0,0.0,,,"ZERO_ACTIVE_CHANNELS 97 channels, 0 active",FALLBACK,https://epgshare01.online/epgshare01/epg_ripper_SA1.xml.gz
INVALID_SOURCE,,epgshare,SA1,TFC,TFC.sa,0,0.0,0.0,,,"ZERO_ACTIVE_CHANNELS 97 channels, 0 active",FALLBACK,https://epgshare01.online/epgshare01/epg_ripper_SA1.xml.gz
INVALID_SOURCE,,epgshare,SA1,TLC HD,TLC.HD.sa,0,0.0,0.0,,,"ZERO_ACTIVE_CHANNELS 97 channels, 0 active",FALLBACK,https://epgshare01.online/epgshare01/epg_ripper_SA1.xml.gz
NO_EPG,,direct,others,Aghani Aghani.sa,Aghani Aghani.sa,0,0.0,0.0,DIRECT,,ZERO_FUTURE_EPG,DIRECT,
NO_EPG,,direct,others,Al Ekhbariya.sa,Al Ekhbariya.sa,0,0.0,0.0,DIRECT,,ZERO_FUTURE_EPG,DIRECT,
NO_EPG,,direct,others,Al Kass One.sa,Al Kass One.sa,0,0.0,0.0,DIRECT,,ZERO_FUTURE_EPG,DIRECT,
NO_EPG,,direct,others,Al Mamlaka TV.sa,Al Mamlaka TV.sa,0,0.0,0.0,DIRECT,,ZERO_FUTURE_EPG,DIRECT,
NO_EPG,,direct,others,Al Masriya.sa,Al Masriya.sa,0,0.0,0.0,DIRECT,,ZERO_FUTURE_EPG,DIRECT,
NO_EPG,,direct,others,Al Resalah,official.rotana.resalah,0,0.0,0.0,DIRECT,,ZERO_FUTURE_EPG,DIRECT,
NO_EPG,,direct,others,Al Resalah.sa,Al Resalah.sa,0,0.0,0.0,DIRECT,,ZERO_FUTURE_EPG,DIRECT,
NO_EPG,,direct,others,Alfa Al Safwa.sa,Alfa Al Safwa.sa,0,0.0,0.0,DIRECT,,ZERO_FUTURE_EPG,DIRECT,
NO_EPG,,direct,others,Alfa Al Yawm HD.sa,Alfa Al Yawm HD.sa,0,0.0,0.0,DIRECT,,ZERO_FUTURE_EPG,DIRECT,
NO_EPG,,direct,others,Alfa Cinema 1.sa,Alfa Cinema 1.sa,0,0.0,0.0,DIRECT,,ZERO_FUTURE_EPG,DIRECT,
NO_EPG,,direct,others,Alfa Cinema 2.sa,Alfa Cinema 2.sa,0,0.0,0.0,DIRECT,,ZERO_FUTURE_EPG,DIRECT,
NO_EPG,,direct,others,Alfa Fann.sa,Alfa Fann.sa,0,0.0,0.0,DIRECT,,ZERO_FUTURE_EPG,DIRECT,
NO_EPG,,direct,others,Alfa Music HD.sa,Alfa Music HD.sa,0,0.0,0.0,DIRECT,,ZERO_FUTURE_EPG,DIRECT,
NO_EPG,,direct,others,Alfa Series +2 HD.sa,Alfa Series +2 HD.sa,0,0.0,0.0,DIRECT,,ZERO_FUTURE_EPG,DIRECT,
NO_EPG,,direct,others,Alfa Series HD.sa,Alfa Series HD.sa,0,0.0,0.0,DIRECT,,ZERO_FUTURE_EPG,DIRECT,
NO_EPG,,direct,others,AlJazeera Arabic,AlJazeera.Arabic.net,0,0.0,0.0,DIRECT,,ZERO_FUTURE_EPG,DIRECT,
NO_EPG,,direct,others,Aljazeera-Documentary-1.qa,Aljazeera-Documentary-1.qa,0,0.0,0.0,DIRECT,,ZERO_FUTURE_EPG,DIRECT,
NO_EPG,,direct,others,Aloula.eg,Aloula.eg,0,0.0,0.0,DIRECT,,ZERO_FUTURE_EPG,DIRECT,
NO_EPG,,direct,others,Althania.eg,Althania.eg,0,0.0,0.0,DIRECT,,ZERO_FUTURE_EPG,DIRECT,
NO_EPG,,direct,others,Amman TV.sa,Amman TV.sa,0,0.0,0.0,DIRECT,,ZERO_FUTURE_EPG,DIRECT,
NO_EPG,,direct,others,Asharq Discovery.sa,Asharq Discovery.sa,0,0.0,0.0,DIRECT,,ZERO_FUTURE_EPG,DIRECT,
NO_EPG,,direct,others,Asharq Documentary.sa,Asharq Documentary.sa,0,0.0,0.0,DIRECT,,ZERO_FUTURE_EPG,DIRECT,
NO_EPG,,direct,others,Asharq.sa,Asharq.sa,0,0.0,0.0,DIRECT,,ZERO_FUTURE_EPG,DIRECT,
NO_EPG,,direct,others,Bahrain Sports TV.sa,Bahrain Sports TV.sa,0,0.0,0.0,DIRECT,,ZERO_FUTURE_EPG,DIRECT,
NO_EPG,,direct,others,Bara3em-1.qa,Bara3em-1.qa,0,0.0,0.0,DIRECT,,ZERO_FUTURE_EPG,DIRECT,
NO_EPG,,direct,others,BBC Arabic.sa,BBC Arabic.sa,0,0.0,0.0,DIRECT,,ZERO_FUTURE_EPG,DIRECT,
NO_EPG,,direct,others,BBC World News.sa,BBC World News.sa,0,0.0,0.0,DIRECT,,ZERO_FUTURE_EPG,DIRECT,
NO_EPG,,direct,others,BBCEarth-new 200x200.qa,BBCEarth-new 200x200.qa,0,0.0,0.0,DIRECT,,ZERO_FUTURE_EPG,DIRECT,
NO_EPG,,direct,others,beJUNIOR-1.qa,beJUNIOR-1.qa,0,0.0,0.0,DIRECT,,ZERO_FUTURE_EPG,DIRECT,
NO_EPG,,direct,others,Bigg.sa,Bigg.sa,0,0.0,0.0,DIRECT,,ZERO_FUTURE_EPG,DIRECT,
NO_EPG,,direct,others,Blippi And Friends.sa,Blippi And Friends.sa,0,0.0,0.0,DIRECT,,ZERO_FUTURE_EPG,DIRECT,
NO_EPG,,direct,others,Cartoonito.sa,Cartoonito.sa,0,0.0,0.0,DIRECT,,ZERO_FUTURE_EPG,DIRECT,
NO_EPG,,direct,others,CBC Extra News.sa,CBC Extra News.sa,0,0.0,0.0,DIRECT,,ZERO_FUTURE_EPG,DIRECT,
NO_EPG,,direct,others,CBC Sofra.sa,CBC Sofra.sa,0,0.0,0.0,DIRECT,,ZERO_FUTURE_EPG,DIRECT,
NO_EPG,,direct,others,CNBC Arabia.sa,CNBC Arabia.sa,0,0.0,0.0,DIRECT,,ZERO_FUTURE_EPG,DIRECT,
NO_EPG,,direct,others,Dijlah TV.eg,Dijlah TV.eg,0,0.0,0.0,DIRECT,,ZERO_FUTURE_EPG,DIRECT,
NO_EPG,,direct,others,Discovery Family HD.sa,Discovery Family HD.sa,0,0.0,0.0,DIRECT,,ZERO_FUTURE_EPG,DIRECT,
NO_EPG,,direct,others,Disney Channel.sa,Disney Channel.sa,0,0.0,0.0,DIRECT,,ZERO_FUTURE_EPG,DIRECT,
NO_EPG,,direct,others,Disney Junior.sa,Disney Junior.sa,0,0.0,0.0,DIRECT,,ZERO_FUTURE_EPG,DIRECT,
NO_EPG,,direct,others,Drama Stacked nov 2024 200x200.qa,Drama Stacked nov 2024 200x200.qa,0,0.0,0.0,DIRECT,,ZERO_FUTURE_EPG,DIRECT,
NO_EPG,,direct,others,Echorouk TV.eg,Echorouk TV.eg,0,0.0,0.0,DIRECT,,ZERO_FUTURE_EPG,DIRECT,
NO_EPG,,direct,others,eClutch Access.sa,eClutch Access.sa,0,0.0,0.0,DIRECT,,ZERO_FUTURE_EPG,DIRECT,
NO_EPG,,direct,others,eClutch Arabic.sa,eClutch Arabic.sa,0,0.0,0.0,DIRECT,,ZERO_FUTURE_EPG,DIRECT,
NO_EPG,,direct,others,eClutch LIVE 2.sa,eClutch LIVE 2.sa,0,0.0,0.0,DIRECT,,ZERO_FUTURE_EPG,DIRECT,
NO_EPG,,direct,others,eClutch LIVE.sa,eClutch LIVE.sa,0,0.0,0.0,DIRECT,,ZERO_FUTURE_EPG,DIRECT,
NO_EPG,,direct,others,Egyptian TV.eg,Egyptian TV.eg,0,0.0,0.0,DIRECT,,ZERO_FUTURE_EPG,DIRECT,
NO_EPG,,direct,others,Emirates.eg,Emirates.eg,0,0.0,0.0,DIRECT,,ZERO_FUTURE_EPG,DIRECT,
NO_EPG,,direct,others,Euro-News.qa,Euro-News.qa,0,0.0,0.0,DIRECT,,ZERO_FUTURE_EPG,DIRECT,
NO_EPG,,direct,others,Food Network.sa,Food Network.sa,0,0.0,0.0,DIRECT,,ZERO_FUTURE_EPG,DIRECT,
NO_EPG,,direct,others,France 24.sa,France 24.sa,0,0.0,0.0,DIRECT,,ZERO_FUTURE_EPG,DIRECT,
NO_EPG,,direct,others,GOURMET DIGITAL.qa,GOURMET DIGITAL.qa,0,0.0,0.0,DIRECT,,ZERO_FUTURE_EPG,DIRECT,
NO_EPG,,direct,others,Hadhramaut TV.eg,Hadhramaut TV.eg,0,0.0,0.0,DIRECT,,ZERO_FUTURE_EPG,DIRECT,
NO_EPG,,direct,others,HGTV.sa,HGTV.sa,0,0.0,0.0,DIRECT,,ZERO_FUTURE_EPG,DIRECT,
NO_EPG,,direct,others,Iraqia TV.eg,Iraqia TV.eg,0,0.0,0.0,DIRECT,,ZERO_FUTURE_EPG,DIRECT,
NO_EPG,,direct,others,Jeem-HD-1-01.qa,Jeem-HD-1-01.qa,0,0.0,0.0,DIRECT,,ZERO_FUTURE_EPG,DIRECT,
NO_EPG,,direct,others,KidZone Max.sa,KidZone Max.sa,0,0.0,0.0,DIRECT,,ZERO_FUTURE_EPG,DIRECT,
NO_EPG,,direct,others,KSA Now.sa,KSA Now.sa,0,0.0,0.0,DIRECT,,ZERO_FUTURE_EPG,DIRECT,
NO_EPG,,direct,others,KTV Channel 1 HD.sa,KTV Channel 1 HD.sa,0,0.0,0.0,DIRECT,,ZERO_FUTURE_EPG,DIRECT,
NO_EPG,,direct,others,LBC,official.rotana.lbc,0,0.0,0.0,DIRECT,,ZERO_FUTURE_EPG,DIRECT,
NO_EPG,,direct,others,LBCI.eg,LBCI.eg,0,0.0,0.0,DIRECT,,ZERO_FUTURE_EPG,DIRECT,
NO_EPG,,direct,others,LDC.eg,LDC.eg,0,0.0,0.0,DIRECT,,ZERO_FUTURE_EPG,DIRECT,
NO_EPG,,direct,others,LTV.sa,LTV.sa,0,0.0,0.0,DIRECT,,ZERO_FUTURE_EPG,DIRECT,
NO_EPG,,direct,others,Majid.sa,Majid.sa,0,0.0,0.0,DIRECT,,ZERO_FUTURE_EPG,DIRECT,
NO_EPG,,direct,others,Masah.eg,Masah.eg,0,0.0,0.0,DIRECT,,ZERO_FUTURE_EPG,DIRECT,
NO_EPG,,direct,others,Movies Action.ae,Movies Action.ae,0,0.0,0.0,DIRECT,,ZERO_FUTURE_EPG,DIRECT,
NO_EPG,,direct,others,MTV.eg,MTV.eg,0,0.0,0.0,DIRECT,,ZERO_FUTURE_EPG,DIRECT,
NO_EPG,,direct,others,Nat geo hd.qa,Nat geo hd.qa,0,0.0,0.0,DIRECT,,ZERO_FUTURE_EPG,DIRECT,
NO_EPG,,direct,others,Nat. Geo. AD.sa,Nat. Geo. AD.sa,0,0.0,0.0,DIRECT,,ZERO_FUTURE_EPG,DIRECT,
NO_EPG,,direct,others,Nat. Geo. Wild HD.sa,Nat. Geo. Wild HD.sa,0,0.0,0.0,DIRECT,,ZERO_FUTURE_EPG,DIRECT,
NO_EPG,,direct,others,Nat. Geographic.sa,Nat. Geographic.sa,0,0.0,0.0,DIRECT,,ZERO_FUTURE_EPG,DIRECT,
NO_EPG,,direct,others,NBA DIGITAL.qa,NBA DIGITAL.qa,0,0.0,0.0,DIRECT,,ZERO_FUTURE_EPG,DIRECT,
NO_EPG,,direct,others,Network Arabic.eg,Network Arabic.eg,0,0.0,0.0,DIRECT,,ZERO_FUTURE_EPG,DIRECT,
NO_EPG,,direct,others,NEWS DIGITAL.qa,NEWS DIGITAL.qa,0,0.0,0.0,DIRECT,,ZERO_FUTURE_EPG,DIRECT,
NO_EPG,,direct,others,Oman Al Thakafeyah.sa,Oman Al Thakafeyah.sa,0,0.0,0.0,DIRECT,,ZERO_FUTURE_EPG,DIRECT,
NO_EPG,,direct,others,Oman Mubasher.sa,Oman Mubasher.sa,0,0.0,0.0,DIRECT,,ZERO_FUTURE_EPG,DIRECT,
NO_EPG,,direct,others,Oman Sport.sa,Oman Sport.sa,0,0.0,0.0,DIRECT,,ZERO_FUTURE_EPG,DIRECT,
NO_EPG,,direct,others,Oman TV.sa,Oman TV.sa,0,0.0,0.0,DIRECT,,ZERO_FUTURE_EPG,DIRECT,
NO_EPG,,direct,others,One Drama.eg,One Drama.eg,0,0.0,0.0,DIRECT,,ZERO_FUTURE_EPG,DIRECT,
NO_EPG,,direct,others,OSNtv Crime.sa,OSNtv Crime.sa,0,0.0,0.0,DIRECT,,ZERO_FUTURE_EPG,DIRECT,
NO_EPG,,direct,others,OSNtv Documentary.sa,OSNtv Documentary.sa,0,0.0,0.0,DIRECT,,ZERO_FUTURE_EPG,DIRECT,
NO_EPG,,direct,others,OSNtv iQIYI.sa,OSNtv iQIYI.sa,0,0.0,0.0,DIRECT,,ZERO_FUTURE_EPG,DIRECT,
NO_EPG,,direct,others,OSNtv Movies Comedy.sa,OSNtv Movies Comedy.sa,0,0.0,0.0,DIRECT,,ZERO_FUTURE_EPG,DIRECT,
NO_EPG,,direct,others,OSNtv Movies Family.sa,OSNtv Movies Family.sa,0,0.0,0.0,DIRECT,,ZERO_FUTURE_EPG,DIRECT,
NO_EPG,,direct,others,OSNtv Movies Horror.sa,OSNtv Movies Horror.sa,0,0.0,0.0,DIRECT,,ZERO_FUTURE_EPG,DIRECT,
NO_EPG,,direct,others,OSNtv Now.sa,OSNtv Now.sa,0,0.0,0.0,DIRECT,,ZERO_FUTURE_EPG,DIRECT,
NO_EPG,,direct,others,OSNtv One.sa,OSNtv One.sa,0,0.0,0.0,DIRECT,,ZERO_FUTURE_EPG,DIRECT,
NO_EPG,,direct,others,OSNtv Pop Up.sa,OSNtv Pop Up.sa,0,0.0,0.0,DIRECT,,ZERO_FUTURE_EPG,DIRECT,
NO_EPG,,direct,others,OSNtv Showcase Classics.sa,OSNtv Showcase Classics.sa,0,0.0,0.0,DIRECT,,ZERO_FUTURE_EPG,DIRECT,
NO_EPG,,direct,others,Padel TV.sa,Padel TV.sa,0,0.0,0.0,DIRECT,,ZERO_FUTURE_EPG,DIRECT,
NO_EPG,,direct,others,Riyadh Season.sa,Riyadh Season.sa,0,0.0,0.0,DIRECT,,ZERO_FUTURE_EPG,DIRECT,
NO_EPG,,direct,others,Rotana Drama,official.rotana.drama,0,0.0,0.0,DIRECT,,ZERO_FUTURE_EPG,DIRECT,
NO_EPG,,direct,others,Rotana Khalijia,official.rotana.khalijia,0,0.0,0.0,DIRECT,,ZERO_FUTURE_EPG,DIRECT,
NO_EPG,,direct,others,RT Documentary.sa,RT Documentary.sa,0,0.0,0.0,DIRECT,,ZERO_FUTURE_EPG,DIRECT,
NO_EPG,,direct,others,RT News.sa,RT News.sa,0,0.0,0.0,DIRECT,,ZERO_FUTURE_EPG,DIRECT,
NO_EPG,,direct,others,Saudi 1.sa,Saudi 1.sa,0,0.0,0.0,DIRECT,,ZERO_FUTURE_EPG,DIRECT,
NO_EPG,,direct,others,Saudi Quran.sa,Saudi Quran.sa,0,0.0,0.0,DIRECT,,ZERO_FUTURE_EPG,DIRECT,
NO_EPG,,direct,others,Saudi Sports 2.sa,Saudi Sports 2.sa,0,0.0,0.0,DIRECT,,ZERO_FUTURE_EPG,DIRECT,
NO_EPG,,direct,others,Saudi Sports 3.sa,Saudi Sports 3.sa,0,0.0,0.0,DIRECT,,ZERO_FUTURE_EPG,DIRECT,
NO_EPG,,direct,others,Saudi Sunnah.sa,Saudi Sunnah.sa,0,0.0,0.0,DIRECT,,ZERO_FUTURE_EPG,DIRECT,
NO_EPG,,direct,others,SERIES1 DIGITAL.qa,SERIES1 DIGITAL.qa,0,0.0,0.0,DIRECT,,ZERO_FUTURE_EPG,DIRECT,
NO_EPG,,direct,others,SERIES2 DIGITAL.qa,SERIES2 DIGITAL.qa,0,0.0,0.0,DIRECT,,ZERO_FUTURE_EPG,DIRECT,
NO_EPG,,direct,others,Sharjah Quran.sa,Sharjah Quran.sa,0,0.0,0.0,DIRECT,,ZERO_FUTURE_EPG,DIRECT,
NO_EPG,,direct,others,Sharjah Sports.sa,Sharjah Sports.sa,0,0.0,0.0,DIRECT,,ZERO_FUTURE_EPG,DIRECT,
NO_EPG,,direct,others,Sharqiya from Kalba.sa,Sharqiya from Kalba.sa,0,0.0,0.0,DIRECT,,ZERO_FUTURE_EPG,DIRECT,
NO_EPG,,direct,others,SmartZone.sa,SmartZone.sa,0,0.0,0.0,DIRECT,,ZERO_FUTURE_EPG,DIRECT,
NO_EPG,,direct,others,Space Toon.sa,Space Toon.sa,0,0.0,0.0,DIRECT,,ZERO_FUTURE_EPG,DIRECT,
NO_EPG,,direct,others,Star Action 2024-200x200-1.qa,Star Action 2024-200x200-1.qa,0,0.0,0.0,DIRECT,,ZERO_FUTURE_EPG,DIRECT,
NO_EPG,,direct,others,Star Action.sa,Star Action.sa,0,0.0,0.0,DIRECT,,ZERO_FUTURE_EPG,DIRECT,
NO_EPG,,direct,others,Star Movies 2024-200x200-1.qa,Star Movies 2024-200x200-1.qa,0,0.0,0.0,DIRECT,,ZERO_FUTURE_EPG,DIRECT,
NO_EPG,,direct,others,Star Movies HD.sa,Star Movies HD.sa,0,0.0,0.0,DIRECT,,ZERO_FUTURE_EPG,DIRECT,
NO_EPG,,direct,others,Star World 2024-200x200-1.qa,Star World 2024-200x200-1.qa,0,0.0,0.0,DIRECT,,ZERO_FUTURE_EPG,DIRECT,
NO_EPG,,direct,others,Star World HD.sa,Star World HD.sa,0,0.0,0.0,DIRECT,,ZERO_FUTURE_EPG,DIRECT,
NO_EPG,,direct,others,STARZPLAY Sports.sa,STARZPLAY Sports.sa,0,0.0,0.0,DIRECT,,ZERO_FUTURE_EPG,DIRECT,
NO_EPG,,direct,others,stc tv cinema.sa,stc tv cinema.sa,0,0.0,0.0,DIRECT,,ZERO_FUTURE_EPG,DIRECT,
NO_EPG,,direct,others,stc tv drama.sa,stc tv drama.sa,0,0.0,0.0,DIRECT,,ZERO_FUTURE_EPG,DIRECT,
NO_EPG,,direct,others,stc tv family.sa,stc tv family.sa,0,0.0,0.0,DIRECT,,ZERO_FUTURE_EPG,DIRECT,
NO_EPG,,direct,others,stc tv sports 1 HD.sa,stc tv sports 1 HD.sa,0,0.0,0.0,DIRECT,,ZERO_FUTURE_EPG,DIRECT,
NO_EPG,,direct,others,stc tv sports HD.sa,stc tv sports HD.sa,0,0.0,0.0,DIRECT,,ZERO_FUTURE_EPG,DIRECT,
NO_EPG,,direct,others,STV1 HD.sa,STV1 HD.sa,0,0.0,0.0,DIRECT,,ZERO_FUTURE_EPG,DIRECT,
NO_EPG,,direct,others,TCM.sa,TCM.sa,0,0.0,0.0,DIRECT,,ZERO_FUTURE_EPG,DIRECT,
NO_EPG,,direct,others,Travel.sa,Travel.sa,0,0.0,0.0,DIRECT,,ZERO_FUTURE_EPG,DIRECT,
NO_EPG,,direct,others,Wanasah.sa,Wanasah.sa,0,0.0,0.0,DIRECT,,ZERO_FUTURE_EPG,DIRECT,
NO_EPG,,direct,others,Wousta from Al Dhaid.sa,Wousta from Al Dhaid.sa,0,0.0,0.0,DIRECT,,ZERO_FUTURE_EPG,DIRECT,
NO_EPG,,direct,others,WTV.eg,WTV.eg,0,0.0,0.0,DIRECT,,ZERO_FUTURE_EPG,DIRECT,
NO_EPG,,direct,others,Zee Aflam.sa,Zee Aflam.sa,0,0.0,0.0,DIRECT,,ZERO_FUTURE_EPG,DIRECT,
NO_EPG,,direct,others,Zekrayat.sa,Zekrayat.sa,0,0.0,0.0,DIRECT,,ZERO_FUTURE_EPG,DIRECT,
NO_EPG,,direct,others,أفلام.ae,أفلام.ae,0,0.0,0.0,DIRECT,,ZERO_FUTURE_EPG,DIRECT,
NO_EPG,,direct,others,أو إٍس إن ناو.eg,أو إٍس إن ناو.eg,0,0.0,0.0,DIRECT,,ZERO_FUTURE_EPG,DIRECT,
NO_EPG,,direct,others,ال دي سي.eg,ال دي سي.eg,0,0.0,0.0,DIRECT,,ZERO_FUTURE_EPG,DIRECT,
NO_EPG,,direct,others,التلفزيون العربي 2.eg,التلفزيون العربي 2.eg,0,0.0,0.0,DIRECT,,ZERO_FUTURE_EPG,DIRECT,
NO_EPG,,direct,others,الشرق.ae,الشرق.ae,0,0.0,0.0,DIRECT,,ZERO_FUTURE_EPG,DIRECT,
NO_EPG,,direct,others,العربية Business.ae,العربية Business.ae,0,0.0,0.0,DIRECT,,ZERO_FUTURE_EPG,DIRECT,
NO_EPG,,direct,others,الوسط.eg,الوسط.eg,0,0.0,0.0,DIRECT,,ZERO_FUTURE_EPG,DIRECT,
NO_EPG,,direct,others,اﻹمارات.eg,اﻹمارات.eg,0,0.0,0.0,DIRECT,,ZERO_FUTURE_EPG,DIRECT,
NO_EPG,,direct,others,رابح صقر.ae,رابح صقر.ae,0,0.0,0.0,DIRECT,,ZERO_FUTURE_EPG,DIRECT,
NO_EPG,,direct,others,فيروز.ae,فيروز.ae,0,0.0,0.0,DIRECT,,ZERO_FUTURE_EPG,DIRECT,
NO_EPG,,direct,others,قناة العاصوف.ae,قناة العاصوف.ae,0,0.0,0.0,DIRECT,,ZERO_FUTURE_EPG,DIRECT,
NO_EPG,,direct,others,قناة الكبير أوي.ae,قناة الكبير أوي.ae,0,0.0,0.0,DIRECT,,ZERO_FUTURE_EPG,DIRECT,
NO_EPG,,direct,others,قناة اللعبة.ae,قناة اللعبة.ae,0,0.0,0.0,DIRECT,,ZERO_FUTURE_EPG,DIRECT,
NO_EPG,,direct,others,قناة باب الحارة.ae,قناة باب الحارة.ae,0,0.0,0.0,DIRECT,,ZERO_FUTURE_EPG,DIRECT,
NO_EPG,,direct,others,قناة طاش.ae,قناة طاش.ae,0,0.0,0.0,DIRECT,,ZERO_FUTURE_EPG,DIRECT,
NO_EPG,,direct,others,قناة مرايا.ae,قناة مرايا.ae,0,0.0,0.0,DIRECT,,ZERO_FUTURE_EPG,DIRECT,
NO_EPG,,direct,others,قناة مسرح مصر.ae,قناة مسرح مصر.ae,0,0.0,0.0,DIRECT,,ZERO_FUTURE_EPG,DIRECT,
NO_EPG,,direct,others,ماسة.eg,ماسة.eg,0,0.0,0.0,DIRECT,,ZERO_FUTURE_EPG,DIRECT,
NO_EPG,,direct,others,مصر دراما.ae,مصر دراما.ae,0,0.0,0.0,DIRECT,,ZERO_FUTURE_EPG,DIRECT,
NO_EPG,,direct,others,ميكس وان.eg,ميكس وان.eg,0,0.0,0.0,DIRECT,,ZERO_FUTURE_EPG,DIRECT,
NO_EPG,,direct,others,ناصر القصبي.ae,ناصر القصبي.ae,0,0.0,0.0,DIRECT,,ZERO_FUTURE_EPG,DIRECT,
NO_EPG,,direct,others,نتورك بالعربية.eg,نتورك بالعربية.eg,0,0.0,0.0,DIRECT,,ZERO_FUTURE_EPG,DIRECT,
NO_EPG,,direct,others,وان دراما.eg,وان دراما.eg,0,0.0,0.0,DIRECT,,ZERO_FUTURE_EPG,DIRECT,
OK,,direct,bein,beIN 4K,beIN4K.qa@SD,27,48.3,100.0,DIRECT,,,DIRECT,
OK,,direct,bein,beIN SPORTS,beINSports.qa@MENA,15,53.3,100.0,DIRECT,,,DIRECT,
OK,,direct,bein,beIN SPORTS 1,beINSports1.qa@MENA,45,48.1,100.0,DIRECT,,,DIRECT,
OK,,direct,bein,beIN SPORTS 2,beINSports2.qa@MENA,30,50.6,100.0,DIRECT,,,DIRECT,
OK,,direct,bein,beIN SPORTS 3,beINSports3.qa@MENA,27,48.8,100.0,DIRECT,,,DIRECT,
OK,,direct,bein,beIN SPORTS 4,beINSports4.qa@MENA,25,48.2,96.0,DIRECT,,,DIRECT,
OK,,direct,bein,beIN SPORTS 5,beINSports5.qa@MENA,23,48.1,100.0,DIRECT,,,DIRECT,
OK,,direct,bein,beIN SPORTS 6,beINSports6.qa@MENA,24,49.2,100.0,DIRECT,,,DIRECT,
OK,,direct,bein,beIN SPORTS 7,beINSports7.qa@MENA,26,48.2,100.0,DIRECT,,,DIRECT,
OK,,direct,bein,beIN SPORTS 8,beINSports8.qa@MENA,25,53.2,92.0,DIRECT,,,DIRECT,
OK,,direct,bein,beIN SPORTS MAX 1,beINSportsMax1.qa@MENA,23,44.3,100.0,DIRECT,,,DIRECT,
OK,,direct,bein,beIN SPORTS MAX 2,beINSportsMax2.qa@MENA,23,44.3,100.0,DIRECT,,,DIRECT,
OK,,direct,bein,beIN SPORTS MAX 3,beINSportsMax3.qa@MENA,23,44.3,100.0,DIRECT,,,DIRECT,
OK,,direct,bein,beIN SPORTS MAX 4,beINSportsMax4.qa@MENA,23,44.3,100.0,DIRECT,,,DIRECT,
OK,,direct,bein,beIN SPORTS MAX 5,beINSportsMax5.qa@MENA,23,44.3,100.0,DIRECT,,,DIRECT,
OK,,direct,bein,beIN SPORTS MAX 6,beINSportsMax6.qa@MENA,23,44.3,100.0,DIRECT,,,DIRECT,
OK,,direct,bein,beIN SPORTS NEWS,beINSportsNews.qa@SD,69,48.3,94.2,DIRECT,,,DIRECT,
OK,,direct,bein,beIN SPORTS XTRA 1,beINSportsXtra1.qa@SD,48,49.3,100.0,DIRECT,,,DIRECT,
OK,,direct,bein,beIN SPORTS XTRA 2,beINSportsXtra2.qa@SD,45,48.3,93.3,DIRECT,,,DIRECT,
OK,,direct,bein,beINGOURMET,beINGourmet.qa@SD,44,43.3,0.0,DIRECT,,,DIRECT,
OK,,direct,bein,beINMOVIES1,beINMovies1Premiere.qa@SD,27,48.1,0.0,DIRECT,,,DIRECT,
OK,,direct,bein,beINMOVIES2,beINMovies2Action.qa@SD,15,48.3,0.0,DIRECT,,,DIRECT,
OK,,direct,bein,beINMOVIES3,beINMovies3Drama.qa@SD,17,49.1,0.0,DIRECT,,,DIRECT,
OK,,direct,bein,beINMOVIES4,beINMovies4Family.qa@SD,39,42.6,0.0,DIRECT,,,DIRECT,
OK,,direct,bein,beINSERIES1,beINSeries1.qa@SD,45,43.6,0.0,DIRECT,,,DIRECT,
OK,,direct,bein,beINSPORTS4KHDR,beINSports4KHDR.qa,10,18.3,0.0,DIRECT,,,DIRECT,
OK,,direct,bein,beINSPORTS9,beINSports9.qa@MENA,28,49.3,21.4,DIRECT,,,DIRECT,
OK,,direct,chada,Chada TV,Chada TV,30,23.8,100.0,DIRECT,,,DIRECT,
OK,,direct,elcinema,آي فيلم,iFilmArabic.ir@SD,43,47.3,100.0,DIRECT,,,DIRECT,
OK,,direct,elcinema,أبو ظبي,AbuDhabiTV.ae@SD,27,23.3,37.0,DIRECT,,,DIRECT,
OK,,direct,elcinema,أون إي,OnE.eg@SD,17,23.3,35.3,DIRECT,,,DIRECT,
OK,,direct,elcinema,أون دراما,OnDrama.eg@SD,22,23.3,100.0,DIRECT,,,DIRECT,
OK,,direct,elcinema,إس بي سي,SBC.sa@SD,47,47.3,61.7,DIRECT,,,DIRECT,
OK,,direct,elcinema,إل بي سي,LBC.sa@SD,40,48.3,82.5,DIRECT,,,DIRECT,
OK,,direct,elcinema,إل بي سي آي,LBCInternational.lb@SD,46,47.3,34.8,DIRECT,,,DIRECT,
OK,,direct,elcinema,إم بي سي,MBC1.ae@SD,55,49.3,80.0,DIRECT,,,DIRECT,
OK,,direct,elcinema,إم بي سي 2,MBC2.ae@SD,10,24.3,100.0,DIRECT,,,DIRECT,
OK,,direct,elcinema,إم بي سي 3,MBC3.ae@SD,93,48.3,86.0,DIRECT,,,DIRECT,
OK,,direct,elcinema,إم بي سي 4,MBC4.ae@SD,58,48.5,98.3,DIRECT,,,DIRECT,
OK,,direct,elcinema,إم بي سي 5,MBC5.ae@SD,54,48.3,96.3,DIRECT,,,DIRECT,
OK,,direct,elcinema,إم بي سي أكشن,MBCAction.ae@SD,39,50.3,28.2,DIRECT,,,DIRECT,
OK,,direct,elcinema,إم بي سي العراق,MBCIraq.iq@SD,50,48.3,96.0,DIRECT,,,DIRECT,
OK,,direct,elcinema,إم بي سي بوليوود,MBCBollywood.ae@SD,31,49.9,100.0,DIRECT,,,DIRECT,
OK,,direct,elcinema,إم بي سي دراما,MBCDrama.ae@SD,47,48.3,100.0,DIRECT,,,DIRECT,
OK,,direct,elcinema,إم بي سي دراما +,MBCPlusDrama.sa@SD,47,48.6,100.0,DIRECT,,,DIRECT,
OK,,direct,elcinema,إم بي سي ماكس,MBCMax.ae@SD,10,24.3,100.0,DIRECT,,,DIRECT,
OK,,direct,elcinema,إم بي سي مصر,MBCMasr.eg@SD,34,47.8,100.0,DIRECT,,,DIRECT,
OK,,direct,elcinema,إم بي سي مصر 2,MBCMasr2.eg@SD,42,48.3,90.5,DIRECT,,,DIRECT,
OK,,direct,elcinema,إم بي سي مصر دراما,MBCMasrDrama.sa@SD,56,48.3,100.0,DIRECT,,,DIRECT,
OK,,direct,elcinema,إم تي في,MTV.lb@SD,25,23.3,28.0,DIRECT,,,DIRECT,
OK,,direct,elcinema,ال تي في,LanaTV.lb@SD,46,47.3,78.3,DIRECT,,,DIRECT,
OK,,direct,elcinema,الأردن,JordanTV.jo@SD,27,23.3,18.5,DIRECT,,,DIRECT,
OK,,direct,elcinema,التلفزيون العربي 2,AlArabyTV2.qa@SD,26,44.3,19.2,DIRECT,,,DIRECT,
OK,,direct,elcinema,الثانية,Althania.sy@SD,46,48.3,63.0,DIRECT,,,DIRECT,
OK,,direct,elcinema,الجديد,AlJadeed.lb@SD,48,47.3,22.9,DIRECT,,,DIRECT,
OK,,direct,elcinema,الحياة,AlhayatTV.eg@SD,39,48.3,38.5,DIRECT,,,DIRECT,
OK,,direct,elcinema,الرشيد,AlRasheedTV.iq@SD,48,48.3,4.2,DIRECT,,,DIRECT,
OK,,direct,elcinema,السعودية,AlSaudiya.sa@SD,61,47.3,55.7,DIRECT,,,DIRECT,
OK,,direct,elcinema,السعيدة,AlSaeedah.eg@SD,51,48.3,31.4,DIRECT,,,DIRECT,
OK,,direct,elcinema,السومرية,Alsumaria.iq@SD,47,47.3,34.0,DIRECT,,,DIRECT,
OK,,direct,elcinema,الشارقة,SharjahTV.ae@SD,62,48.1,17.7,DIRECT,,,DIRECT,
OK,,direct,elcinema,الشرقية,AlSharqiyaMinKabla.ae@SD,57,47.3,36.8,DIRECT,,,DIRECT,
OK,,direct,elcinema,الشروق الجزائرية,EchoroukTV.dz@SD,48,48.3,37.5,DIRECT,,,DIRECT,
OK,,direct,elcinema,الظفرة,AlDafrahTV.ae@SD,51,48.3,68.6,DIRECT,,,DIRECT,
OK,,direct,elcinema,العراقية,AlIraqia.iq@SD,28,23.3,28.6,DIRECT,,,DIRECT,
OK,,direct,elcinema,الفجيرة,FujairahTV.ae@SD,23,23.3,47.8,DIRECT,,,DIRECT,
OK,,direct,elcinema,القاهرة والناس,AlKaheraWalNas.eg@SD,39,48.3,48.7,DIRECT,,,DIRECT,
OK,,direct,elcinema,القاهرة والناس 2,AlKaheraWalNas2.eg@SD,41,47.3,58.5,DIRECT,,,DIRECT,
OK,,direct,elcinema,المحور,ElMehwarChannel.eg@SD,35,48.3,40.0,DIRECT,,,DIRECT,
OK,,direct,elcinema,المصرية,AlMasriyah.eg@SD,41,48.3,39.0,DIRECT,,,DIRECT,
OK,,direct,elcinema,النهار,AlNahar.eg@SD,50,48.3,26.0,DIRECT,,,DIRECT,
OK,,direct,elcinema,النهار دراما,AlNaharDrama.eg@SD,22,23.3,100.0,DIRECT,,,DIRECT,
OK,,direct,elcinema,الوطنية 1,ElWatania1.tn@SD,22,19.3,27.3,DIRECT,,,DIRECT,
OK,,direct,elcinema,بي إن دراما,beINDrama1.qa@SD,47,47.3,97.9,DIRECT,,,DIRECT,
OK,,direct,elcinema,بي إن سيريس,beINSeries1.qa@SD,44,47.3,100.0,DIRECT,,,DIRECT,
OK,,direct,elcinema,بي إن سيريس إتش...,beINSeries2.qa@SD,54,47.3,100.0,DIRECT,,,DIRECT,
OK,,direct,elcinema,بي إن موفيز أكشن,beINMovies2Action.qa@SD,13,24.3,100.0,DIRECT,,,DIRECT,
OK,,direct,elcinema,بي إن موفيز بريمير,beINMovies1Premiere.qa@SD,12,23.3,100.0,DIRECT,,,DIRECT,
OK,,direct,elcinema,بي إن موفيز دراما,beINMovies3Drama.qa@SD,12,24.1,91.7,DIRECT,,,DIRECT,
OK,,direct,elcinema,تلفزيون حضرموت,HadhramautTV.ye@SD,35,24.6,14.3,DIRECT,,,DIRECT,
OK,,direct,elcinema,تن,TeN.eg@SD,43,49.3,25.6,DIRECT,,,DIRECT,
OK,,direct,elcinema,دجلة,DijlahTV.iq@SD,22,23.3,0.0,DIRECT,,,DIRECT,
OK,,direct,elcinema,دي إم سي,DMC.eg@SD,17,23.3,58.8,DIRECT,,,DIRECT,
OK,,direct,elcinema,دي إم سي دراما,DMCDrama.eg@SD,21,23.3,95.2,DIRECT,,,DIRECT,
OK,,direct,elcinema,ديسكفري,DiscoveryChannelMiddleEastAfrica.us@SD,25,23.3,0.0,DIRECT,,,DIRECT,
OK,,direct,elcinema,ذكريات,ThikrayatTV.sa@SD,28,23.3,60.7,DIRECT,,,DIRECT,
OK,,direct,elcinema,رؤيا,RoyaTV.jo@SD,38,48.3,65.8,DIRECT,,,DIRECT,
OK,,direct,elcinema,روتانا خليجية,RotanaKhalijia.sa@SD,43,48.3,62.8,DIRECT,,,DIRECT,
OK,,direct,elcinema,روتانا دراما,RotanaDrama.sa@SD,47,48.3,100.0,DIRECT,,,DIRECT,
OK,,direct,elcinema,روتانا سينما,RotanaCinemaKSA.sa@SD,25,49.3,100.0,DIRECT,,,DIRECT,
OK,,direct,elcinema,روتانا سينما مصر,RotanaCinemaEgypt.eg@SD,25,49.3,100.0,DIRECT,,,DIRECT,
OK,,direct,elcinema,روتانا كلاسيك,RotanaClassic.sa@SD,34,49.3,52.9,DIRECT,,,DIRECT,
OK,,direct,elcinema,روتانا كوميدي,RotanaComedy.sa@SD,24,49.3,100.0,DIRECT,,,DIRECT,
OK,,direct,elcinema,زي ألوان,ZeeAlwan.ae@SD,46,47.3,100.0,DIRECT,,,DIRECT,
OK,,direct,elcinema,سما دبي,SamaDubai.ae@SD,25,23.3,52.0,DIRECT,,,DIRECT,
OK,,direct,elcinema,سي بي سي,CBC.eg@SD,17,24.3,58.8,DIRECT,,,DIRECT,
OK,,direct,elcinema,سي بي سي دراما,CBCDrama.eg@SD,22,23.3,100.0,DIRECT,,,DIRECT,
OK,,direct,elcinema,سيما,Cima.eg@SD,24,49.3,100.0,DIRECT,,,DIRECT,
OK,,direct,elcinema,صدى البلد,SadaElbalad.eg@SD,39,48.3,33.3,DIRECT,,,DIRECT,
OK,,direct,elcinema,صدى البلد 2,SadaElbalad2.eg@SD,39,48.3,7.7,DIRECT,,,DIRECT,
OK,,direct,elcinema,صدى البلد دراما,SadaElbaladDrama.eg@SD,46,47.3,100.0,DIRECT,,,DIRECT,
OK,,direct,elcinema,عمان,OmanTV.om@SD,88,48.2,38.6,DIRECT,,,DIRECT,
OK,,direct,elcinema,عَمان,AmmanTV.jo@SD,22,23.8,13.6,DIRECT,,,DIRECT,
OK,,direct,elcinema,قناة مصر الأولى,ERTU1.eg@SD,41,48.3,39.0,DIRECT,,,DIRECT,
OK,,direct,elcinema,ماسبيرو زمان,MasperoZaman.eg@SD,63,48.3,61.9,DIRECT,,,DIRECT,
OK,,direct,elcinema,ماسة,Masah.sa@SD,16,23.3,6.2,DIRECT,,,DIRECT,
OK,,direct,elcinema,ميكس بالعربي,MixBelAraby.eg@SD,46,48.3,87.0,DIRECT,,,DIRECT,
OK,,direct,elcinema,نايل دراما,NileDrama.eg@SD,45,47.3,100.0,DIRECT,,,DIRECT,
OK,,direct,elcinema,نايل لايف,NileLife.eg@SD,41,48.3,29.3,DIRECT,,,DIRECT,
OK,,direct,elcinema,نتورك بالعربية,CartoonNetworkArabic.ae@SD,23,42.3,100.0,DIRECT,,,DIRECT,
OK,,direct,elcinema,نسمة,NessmaElJadida.tn@SD,54,48.1,31.5,DIRECT,,,DIRECT,
OK,,direct,elcinema,يو تي في,UTV.iq@SD,50,47.3,34.0,DIRECT,,,DIRECT,
OK,,direct,mena,2M,2M,72,48.8,100.0,DIRECT,,,DIRECT,
OK,,direct,mena,Abu Dhabi Sports 1,sport24.adsports.1,20,23.3,100.0,DIRECT,,,DIRECT,
OK,,direct,mena,Abu Dhabi Sports 2,sport24.adsports.2,20,23.3,100.0,DIRECT,,,DIRECT,
OK,,direct,mena,Abu Dhabi Sports 3,sport24.adsports.3,22,23.3,100.0,DIRECT,,,DIRECT,
OK,,direct,mena,Abu Dhabi Sports 4,sport24.adsports.4,18,23.3,100.0,DIRECT,,,DIRECT,
OK,,direct,mena,Abu Dhabi TV HD,AbuDhabiTV.ae@SD,67,48.8,100.0,DIRECT,,,DIRECT,
OK,,direct,mena,AD Sports 1 HD,AbuDhabiSports1.ae@SD,35,55.3,100.0,DIRECT,,,DIRECT,
OK,,direct,mena,Aflam TV,AFLAM.ma,24,71.3,100.0,DIRECT,,,DIRECT,
OK,,direct,mena,Al Aoula,AlAoula,319,191.8,100.0,DIRECT,,,DIRECT,
OK,,direct,mena,Al Arabiya,AlarabiyaPortrait.ae@SD,78,48.3,100.0,DIRECT,,,DIRECT,
OK,,direct,mena,AL Arabiya English,AlArabiyaEnglish.sa@SD,3,71.3,0.0,DIRECT,,,DIRECT,
OK,,direct,mena,Al Araby 2,AlArabyTV2.qa@SD,55,48.3,100.0,DIRECT,,,DIRECT,
OK,,direct,mena,Al Araby TV,AlArabyTV.qa@SD,61,48.3,100.0,DIRECT,,,DIRECT,
OK,,direct,mena,Al Maghribia,AlMaghribiya,328,192.2,100.0,DIRECT,,,DIRECT,
OK,,direct,mena,Al Quran Al Kareem TV HD,AlQuranAlKareemTV.sa@SD,45,48.3,100.0,DIRECT,,,DIRECT,
OK,,direct,mena,Al Rai TV,AlraiTV.kw@SD,89,48.3,100.0,DIRECT,,,DIRECT,
OK,,direct,mena,Animal Planet HD,AnimalPlanetEurope.uk@SD,59,48.3,100.0,DIRECT,,,DIRECT,
OK,,direct,mena,Arryadia HD,Arryadia_HD,4,4.7,100.0,DIRECT,,,DIRECT,
OK,,direct,mena,Arryadia TNT,Arryadia_TNT,4,4.7,100.0,DIRECT,,,DIRECT,
OK,,direct,mena,Assadissa,Assadisa,407,192.1,100.0,DIRECT,,,DIRECT,
OK,,direct,mena,Attaqafia / Arrabiaa,Arrabiaa,146,192.2,100.0,DIRECT,,,DIRECT,
OK,,direct,mena,Bahrain TV,BahrainTV.bh@SD,116,48.4,100.0,DIRECT,,,DIRECT,
OK,,direct,mena,BBC World,BBCArabic.uk@SD,107,48.3,100.0,DIRECT,,,DIRECT,
OK,,direct,mena,beIN 4K,beIN4K.qa@SD,27,48.3,100.0,DIRECT,,,DIRECT,
OK,,direct,mena,beIN SPORTS,beINSports.qa@MENA,15,53.3,100.0,DIRECT,,,DIRECT,
OK,,direct,mena,beIN SPORTS 1,beINSports1.qa@MENA,45,48.1,100.0,DIRECT,,,DIRECT,
OK,,direct,mena,beIN SPORTS 2,beINSports2.qa@MENA,30,50.6,100.0,DIRECT,,,DIRECT,
OK,,direct,mena,beIN SPORTS 3,beINSports3.qa@MENA,27,48.8,100.0,DIRECT,,,DIRECT,
OK,,direct,mena,beIN SPORTS 4,beINSports4.qa@MENA,25,48.2,96.0,DIRECT,,,DIRECT,
OK,,direct,mena,beIN SPORTS 5,beINSports5.qa@MENA,23,48.1,100.0,DIRECT,,,DIRECT,
OK,,direct,mena,beIN SPORTS 6,beINSports6.qa@MENA,24,49.2,100.0,DIRECT,,,DIRECT,
OK,,direct,mena,beIN SPORTS 7,beINSports7.qa@MENA,26,48.2,100.0,DIRECT,,,DIRECT,
OK,,direct,mena,beIN SPORTS 8,beINSports8.qa@MENA,25,53.2,92.0,DIRECT,,,DIRECT,
OK,,direct,mena,beIN SPORTS MAX 1,beINSportsMax1.qa@MENA,23,44.3,100.0,DIRECT,,,DIRECT,
OK,,direct,mena,beIN SPORTS MAX 2,beINSportsMax2.qa@MENA,23,44.3,100.0,DIRECT,,,DIRECT,
OK,,direct,mena,beIN SPORTS MAX 3,beINSportsMax3.qa@MENA,23,44.3,100.0,DIRECT,,,DIRECT,
OK,,direct,mena,beIN SPORTS MAX 4,beINSportsMax4.qa@MENA,23,44.3,100.0,DIRECT,,,DIRECT,
OK,,direct,mena,beIN SPORTS MAX 5,beINSportsMax5.qa@MENA,23,44.3,100.0,DIRECT,,,DIRECT,
OK,,direct,mena,beIN SPORTS MAX 6,beINSportsMax6.qa@MENA,23,44.3,100.0,DIRECT,,,DIRECT,
OK,,direct,mena,beIN SPORTS NEWS,beINSportsNews.qa@SD,69,48.3,94.2,DIRECT,,,DIRECT,
OK,,direct,mena,beIN SPORTS XTRA 1,beINSportsXtra1.qa@SD,48,49.3,100.0,DIRECT,,,DIRECT,
OK,,direct,mena,beIN SPORTS XTRA 2,beINSportsXtra2.qa@SD,45,48.3,93.3,DIRECT,,,DIRECT,
OK,,direct,mena,beINGOURMET,beINGourmet.qa@SD,44,43.3,0.0,DIRECT,,,DIRECT,
OK,,direct,mena,beINMOVIES1,beINMovies1Premiere.qa@SD,27,48.1,0.0,DIRECT,,,DIRECT,
OK,,direct,mena,beINMOVIES2,beINMovies2Action.qa@SD,15,48.3,0.0,DIRECT,,,DIRECT,
OK,,direct,mena,beINMOVIES3,beINMovies3Drama.qa@SD,17,49.1,0.0,DIRECT,,,DIRECT,
OK,,direct,mena,beINMOVIES4,beINMovies4Family.qa@SD,38,42.6,0.0,DIRECT,,,DIRECT,
OK,,direct,mena,beINSERIES1,beINSeries1.qa@SD,45,43.6,0.0,DIRECT,,,DIRECT,
OK,,direct,mena,beINSPORTS4KHDR,beINSports4KHDR.qa,10,18.3,0.0,DIRECT,,,DIRECT,
OK,,direct,mena,beINSPORTS9,beINSports9.qa@MENA,28,49.3,21.4,DIRECT,,,DIRECT,
OK,,direct,mena,Blippi and Friends,OSNBlippiAndFriends,109,48.3,100.0,DIRECT,,,DIRECT,
OK,,direct,mena,Bloomberg,BloombergTV.us@MiddleEast,52,48.3,100.0,DIRECT,,,DIRECT,
OK,,direct,mena,Bloomberg Originals,BloombergOriginals.us@SD,77,48.3,100.0,DIRECT,,,DIRECT,
OK,,direct,mena,C & I,CrimePlusInvestigation.us@SD,78,48.2,100.0,DIRECT,,,DIRECT,
OK,,direct,mena,Cartoon Network HD,CartoonNetworkMENA.uk@SD,245,48.1,100.0,DIRECT,,,DIRECT,
OK,,direct,mena,Chada TV,Chada TV,59,46.8,100.0,DIRECT,,,DIRECT,
OK,,direct,mena,CN Arabia,CartoonNetworkArabic.ae@SD,91,48.2,100.0,DIRECT,,,DIRECT,
OK,,direct,mena,CNN HD,CNNInternational.us@MENA,69,48.3,100.0,DIRECT,,,DIRECT,
OK,,direct,mena,Discovery Channel HD,DiscoveryChannelMiddleEastAfrica.us@SD,61,48.8,100.0,DIRECT,,,DIRECT,
OK,,direct,mena,Discovery IDX HD,InvestigationDiscovery.uk@SD,51,48.3,100.0,DIRECT,,,DIRECT,
OK,,direct,mena,DMC HD,DMC.eg@SD,37,50.3,89.2,DIRECT,,,DIRECT,
OK,,direct,mena,Dubai Sports 1,sport24.dubaisports.1,20,24.3,100.0,DIRECT,,,DIRECT,
OK,,direct,mena,Dubai Sports 2,sport24.dubaisports.2,21,24.3,100.0,DIRECT,,,DIRECT,
OK,,direct,mena,Dubai TV HD,DubaiTV.ae@SD,56,48.3,100.0,DIRECT,,,DIRECT,
OK,,direct,mena,eClutch Access,OSNeClutchAccess,49,48.3,100.0,DIRECT,,,DIRECT,
OK,,direct,mena,eClutch Arabic,OSNeClutchArabic,49,48.3,100.0,DIRECT,,,DIRECT,
OK,,direct,mena,eClutch LIVE,OSNeClutchLIVE,49,48.3,100.0,DIRECT,,,DIRECT,
OK,,direct,mena,eClutch LIVE 2,OSNeClutchLIVE2,49,48.3,100.0,DIRECT,,,DIRECT,
OK,,direct,mena,Esport 24,OSNEsport24,9,55.2,100.0,DIRECT,,,DIRECT,
OK,,direct,mena,Fatafeat,Fatafeat.ae@SD,61,48.6,100.0,DIRECT,,,DIRECT,
OK,,direct,mena,Gametoon,Gametoon.nl@SD,69,48.4,100.0,DIRECT,,,DIRECT,
OK,,direct,mena,Ginx,GINXTV.uk@SD,60,49.3,100.0,DIRECT,,,DIRECT,
OK,,direct,mena,H2 HD,History2MiddleEast.us@SD,65,48.3,100.0,DIRECT,,,DIRECT,
OK,,direct,mena,History HD,HistoryMiddleEast.us@SD,65,48.1,100.0,DIRECT,,,DIRECT,
OK,,direct,mena,KSA Sports 1 HD,KSASports1.sa@SD,95,48.3,100.0,DIRECT,,,DIRECT,
OK,,direct,mena,KTV Channel 1 HD,OSNKTVChannel1HD,119,48.0,100.0,DIRECT,,,DIRECT,
OK,,direct,mena,MBC Action,MBCAction.ae@SD,88,48.3,78.4,DIRECT,,,DIRECT,
OK,,direct,mena,MBC Bollywood,MBCBollywood.ae@SD,65,48.0,75.4,DIRECT,,,DIRECT,
OK,,direct,mena,MBC Drama,MBCDrama.ae@SD,82,48.2,59.8,DIRECT,,,DIRECT,
OK,,direct,mena,MBC Iraq,MBCIraq.iq@SD,87,48.3,71.3,DIRECT,,,DIRECT,
OK,,direct,mena,MBC Masr,MBCMasr.eg@SD,67,48.1,59.7,DIRECT,,,DIRECT,
OK,,direct,mena,MBC Masr2,MBCMasr2.eg@SD,82,49.0,58.5,DIRECT,,,DIRECT,
OK,,direct,mena,MBC MAX,MBCMax.ae@SD,47,48.8,74.5,DIRECT,,,DIRECT,
OK,,direct,mena,MBC Mood,MBCMood.sa@HD,13,50.4,100.0,DIRECT,,,DIRECT,
OK,,direct,mena,MBC Persia,MBCPersia.ae@SD,90,49.8,75.6,DIRECT,,,DIRECT,
OK,,direct,mena,MBC Plus Drama,MBCPlusDrama.sa@SD,91,48.5,69.2,DIRECT,,,DIRECT,
OK,,direct,mena,MBC1,MBC1.ae@SD,61,48.1,98.4,DIRECT,,,DIRECT,
OK,,direct,mena,MBC1,MBC1Egypt.eg@HD,3,71.3,0.0,DIRECT,,,DIRECT,
OK,,direct,mena,MBC2,MBC2.ae@SD,38,48.5,81.6,DIRECT,,,DIRECT,
OK,,direct,mena,MBC3,MBC3.ae@SD,181,48.1,97.8,DIRECT,,,DIRECT,
OK,,direct,mena,MBC4,MBC4.ae@SD,95,48.1,77.9,DIRECT,,,DIRECT,
OK,,direct,mena,MBC5,MBC5.ae@SD,59,48.7,100.0,DIRECT,,,DIRECT,
OK,,direct,mena,MCM TOP,MCMTop.fr@SD,49,48.3,100.0,DIRECT,,,DIRECT,
OK,,direct,mena,Medi1 TV Arabic,MEDI1TV_AR.ma,23,23.3,100.0,DIRECT,,,DIRECT,
OK,,direct,mena,Medi1 TV Maghreb,MEDI1TV_MAGHREB.ma,8,23.3,100.0,DIRECT,,,DIRECT,
OK,,direct,mena,Moonbug Kids,MoonbugKids.uk@SD,98,49.3,100.0,DIRECT,,,DIRECT,
OK,,direct,mena,MOTORVISION,MotorvisionPlus.de@SD,85,48.3,100.0,DIRECT,,,DIRECT,
OK,,direct,mena,Nick Jr HD,NickJrArabia.ae@SD,162,48.3,100.0,DIRECT,,,DIRECT,
OK,,direct,mena,Nickelodeon HD,NickelodeonArabia.ae@SD,131,48.1,100.0,DIRECT,,,DIRECT,
OK,,direct,mena,NickToons HD,NicktoonsArabia.ae@SD,141,48.0,100.0,DIRECT,,,DIRECT,
OK,,direct,mena,Oman TV,OmanTV.om@SD,91,48.2,100.0,DIRECT,,,DIRECT,
OK,,direct,mena,OSNtv Comedy,OSNComedy.ae@SD,109,48.3,100.0,DIRECT,,,DIRECT,
OK,,direct,mena,OSNtv Crime,OSNCrime.ae@SD,57,48.5,100.0,DIRECT,,,DIRECT,
OK,,direct,mena,OSNtv Documentary,OSNDocumentary.ae@SD,49,48.5,100.0,DIRECT,,,DIRECT,
OK,,direct,mena,OSNtv iQIYI,OSNIQIYI.ae@SD,63,48.2,100.0,DIRECT,,,DIRECT,
OK,,direct,mena,OSNtv Kids,OSNKids.ae@SD,178,48.1,100.0,DIRECT,,,DIRECT,
OK,,direct,mena,OSNtv Mezze,OSNMezze.ae@SD,49,48.2,100.0,DIRECT,,,DIRECT,
OK,,direct,mena,OSNtv Movies Action,OSNMoviesAction.ae@SD,25,48.7,100.0,DIRECT,,,DIRECT,
OK,,direct,mena,OSNtv Movies Comedy,OSNMoviesComedy.ae@SD,30,48.9,100.0,DIRECT,,,DIRECT,
OK,,direct,mena,OSNtv Movies Family,OSNMoviesFamily.ae@SD,23,48.2,100.0,DIRECT,,,DIRECT,
OK,,direct,mena,OSNtv Movies Hollywood,OSNMoviesHollywood.ae@SD,28,48.9,100.0,DIRECT,,,DIRECT,
OK,,direct,mena,OSNtv Movies Horror,OSNMoviesHorror.ae@SD,28,48.6,100.0,DIRECT,,,DIRECT,
OK,,direct,mena,OSNtv Movies Premiere,OSNMoviesPremiere.ae@SD,28,49.2,100.0,DIRECT,,,DIRECT,
OK,,direct,mena,OSNtv Now,OSNNow.ae@SD,71,48.3,100.0,DIRECT,,,DIRECT,
OK,,direct,mena,OSNtv One,OSNOne.ae@SD,58,48.9,100.0,DIRECT,,,DIRECT,
OK,,direct,mena,OSNtv Pop Up,OSNPopUp.ae@SD,49,48.3,100.0,DIRECT,,,DIRECT,
OK,,direct,mena,OSNtv Showcase,OSNShowcase.ae@SD,66,48.3,100.0,DIRECT,,,DIRECT,
OK,,direct,mena,OSNtv Showcase Classics,OSNShowcaseClassics.ae@SD,75,48.4,100.0,DIRECT,,,DIRECT,
OK,,direct,mena,OSNtv Yahala,OSNYahala.ae@SD,61,48.2,100.0,DIRECT,,,DIRECT,
OK,,direct,mena,OSNtv Yahala Aflam,OSNYahalaAflam.ae@SD,29,48.8,100.0,DIRECT,,,DIRECT,
OK,,direct,mena,OSNtv Yahala Bil Arabi,OSNYahalaBilArabi.ae@SD,57,48.2,100.0,DIRECT,,,DIRECT,
OK,,direct,mena,Padel TV,OSNPadelTV,76,48.4,100.0,DIRECT,,,DIRECT,
OK,,direct,mena,RFM TV,RFMTV.fr@SD,49,48.3,100.0,DIRECT,,,DIRECT,
OK,,direct,mena,Roya TV HD,RoyaTV.jo@SD,41,48.8,100.0,DIRECT,,,DIRECT,
OK,,direct,mena,RT Arabic,RTArabic.ru@SD,178,48.3,100.0,DIRECT,,,DIRECT,
OK,,direct,mena,RT English,RT.ru@SD,97,48.3,100.0,DIRECT,,,DIRECT,
OK,,direct,mena,Sky News Arabia HD,SkyNewsArabia.ae@SD,76,48.3,100.0,DIRECT,,,DIRECT,
OK,,direct,mena,STV1 HD,OSNSTV1HD,73,48.3,100.0,DIRECT,,,DIRECT,
OK,,direct,mena,Tamazight,Tamazight,26,23.6,100.0,DIRECT,,,DIRECT,
OK,,direct,mena,Thmanyah 1,sport24.thmanyah.1,24,23.3,100.0,DIRECT,,,DIRECT,
OK,,direct,mena,Thmanyah 2,sport24.thmanyah.2,24,23.3,100.0,DIRECT,,,DIRECT,
OK,,direct,mena,Thmanyah 3,sport24.thmanyah.3,24,23.3,100.0,DIRECT,,,DIRECT,
OK,,direct,mena,TLC HD,TLCArabia.us@SD,64,48.3,100.0,DIRECT,,,DIRECT,
OK,,direct,mena,آي فيلم,iFilmArabic.ir@SD,43,47.3,100.0,DIRECT,,,DIRECT,
OK,,direct,mena,أون إي,OnE.eg@SD,17,23.3,35.3,DIRECT,,,DIRECT,
OK,,direct,mena,أون دراما,OnDrama.eg@SD,22,23.3,100.0,DIRECT,,,DIRECT,
OK,,direct,mena,إس بي سي,SBC.sa@SD,47,47.3,61.7,DIRECT,,,DIRECT,
OK,,direct,mena,إل بي سي,LBC.sa@SD,42,48.3,0.0,DIRECT,,,DIRECT,
OK,,direct,mena,إل بي سي آي,LBCInternational.lb@SD,46,47.3,34.8,DIRECT,,,DIRECT,
OK,,direct,mena,إم تي في,MTV.lb@SD,25,23.3,28.0,DIRECT,,,DIRECT,
OK,,direct,mena,ال تي في,LanaTV.lb@SD,46,47.3,78.3,DIRECT,,,DIRECT,
OK,,direct,mena,الأردن,JordanTV.jo@SD,27,23.3,18.5,DIRECT,,,DIRECT,
OK,,direct,mena,الثانية,Althania.sy@SD,46,48.3,63.0,DIRECT,,,DIRECT,
OK,,direct,mena,الجديد,AlJadeed.lb@SD,48,47.3,22.9,DIRECT,,,DIRECT,
OK,,direct,mena,الحدث,AlHadath.sa@SD,96,48.2,74.0,DIRECT,,,DIRECT,
OK,,direct,mena,الحياة,AlhayatTV.eg@SD,39,48.3,38.5,DIRECT,,,DIRECT,
OK,,direct,mena,الرشيد,AlRasheedTV.iq@SD,48,48.3,4.2,DIRECT,,,DIRECT,
OK,,direct,mena,السعودية,AlSaudiya.sa@SD,61,47.3,55.7,DIRECT,,,DIRECT,
OK,,direct,mena,السعيدة,AlSaeedah.eg@SD,51,48.3,31.4,DIRECT,,,DIRECT,
OK,,direct,mena,السومرية,Alsumaria.iq@SD,47,47.3,34.0,DIRECT,,,DIRECT,
OK,,direct,mena,الشارقة,SharjahTV.ae@SD,62,48.1,17.7,DIRECT,,,DIRECT,
OK,,direct,mena,الشرقية,AlSharqiyaMinKabla.ae@SD,57,47.3,36.8,DIRECT,,,DIRECT,
OK,,direct,mena,الشروق الجزائرية,EchoroukTV.dz@SD,48,48.3,37.5,DIRECT,,,DIRECT,
OK,,direct,mena,الظفرة,AlDafrahTV.ae@SD,51,48.3,68.6,DIRECT,,,DIRECT,
OK,,direct,mena,العراقية,AlIraqia.iq@SD,28,23.3,28.6,DIRECT,,,DIRECT,
OK,,direct,mena,العربية,Alarabiya.ae@SD,86,48.3,93.0,DIRECT,,,DIRECT,
OK,,direct,mena,العربية Business,AlArabiyaBusiness.ae@SD,48,53.3,47.9,DIRECT,,,DIRECT,
OK,,direct,mena,العربية برامج,AlArabiyaPrograms.ae,3,71.3,0.0,DIRECT,,,DIRECT,
OK,,direct,mena,الفجيرة,FujairahTV.ae@SD,23,23.3,47.8,DIRECT,,,DIRECT,
OK,,direct,mena,القاهرة والناس,AlKaheraWalNas.eg@SD,39,48.3,48.7,DIRECT,,,DIRECT,
OK,,direct,mena,القاهرة والناس 2,AlKaheraWalNas2.eg@SD,41,47.3,58.5,DIRECT,,,DIRECT,
OK,,direct,mena,المحور,ElMehwarChannel.eg@SD,35,48.3,40.0,DIRECT,,,DIRECT,
OK,,direct,mena,المصرية,AlMasriyah.eg@SD,41,48.3,39.0,DIRECT,,,DIRECT,
OK,,direct,mena,النهار,AlNahar.eg@SD,50,48.3,26.0,DIRECT,,,DIRECT,
OK,,direct,mena,النهار دراما,AlNaharDrama.eg@SD,22,23.3,100.0,DIRECT,,,DIRECT,
OK,,direct,mena,الوطنية 1,ElWatania1.tn@SD,22,19.3,27.3,DIRECT,,,DIRECT,
OK,,direct,mena,بي إن دراما,beINDrama1.qa@SD,47,47.3,97.9,DIRECT,,,DIRECT,
OK,,direct,mena,بي إن سيريس إتش...,beINSeries2.qa@SD,54,47.3,100.0,DIRECT,,,DIRECT,
OK,,direct,mena,تلفزيون حضرموت,HadhramautTV.ye@SD,35,24.6,14.3,DIRECT,,,DIRECT,
OK,,direct,mena,تن,TeN.eg@SD,43,49.3,25.6,DIRECT,,,DIRECT,
OK,,direct,mena,دجلة,DijlahTV.iq@SD,22,23.3,0.0,DIRECT,,,DIRECT,
OK,,direct,mena,دي إم سي دراما,DMCDrama.eg@SD,21,23.3,95.2,DIRECT,,,DIRECT,
OK,,direct,mena,ذكريات,ThikrayatTV.sa@SD,28,23.3,60.7,DIRECT,,,DIRECT,
OK,,direct,mena,روتانا خليجية,RotanaKhalijia.sa@SD,45,48.3,0.0,DIRECT,,,DIRECT,
OK,,direct,mena,روتانا دراما,RotanaDrama.sa@SD,49,48.3,0.0,DIRECT,,,DIRECT,
OK,,direct,mena,روتانا سينما السعودية,RotanaCinemaKSA.sa@SD,26,49.3,0.0,DIRECT,,,DIRECT,
OK,,direct,mena,روتانا سينما مصر,RotanaCinemaEgypt.eg@SD,27,49.3,0.0,DIRECT,,,DIRECT,
OK,,direct,mena,روتانا كلاسيك,RotanaClassic.sa@SD,35,49.3,0.0,DIRECT,,,DIRECT,
OK,,direct,mena,روتانا كوميدي,RotanaComedy.sa@SD,25,49.3,0.0,DIRECT,,,DIRECT,
OK,,direct,mena,زي ألوان,ZeeAlwan.ae@SD,46,47.3,100.0,DIRECT,,,DIRECT,
OK,,direct,mena,سما دبي,SamaDubai.ae@SD,25,23.3,52.0,DIRECT,,,DIRECT,
OK,,direct,mena,سي بي سي,CBC.eg@SD,17,24.3,58.8,DIRECT,,,DIRECT,
OK,,direct,mena,سي بي سي دراما,CBCDrama.eg@SD,22,23.3,100.0,DIRECT,,,DIRECT,
OK,,direct,mena,سيما,Cima.eg@SD,24,49.3,100.0,DIRECT,,,DIRECT,
OK,,direct,mena,صدى البلد,SadaElbalad.eg@SD,39,48.3,33.3,DIRECT,,,DIRECT,
OK,,direct,mena,صدى البلد 2,SadaElbalad2.eg@SD,39,48.3,7.7,DIRECT,,,DIRECT,
OK,,direct,mena,صدى البلد دراما,SadaElbaladDrama.eg@SD,46,47.3,100.0,DIRECT,,,DIRECT,
OK,,direct,mena,عَمان,AmmanTV.jo@SD,22,23.8,13.6,DIRECT,,,DIRECT,
OK,,direct,mena,قناة مصر الأولى,ERTU1.eg@SD,41,48.3,39.0,DIRECT,,,DIRECT,
OK,,direct,mena,ماسبيرو زمان,MasperoZaman.eg@SD,63,48.3,61.9,DIRECT,,,DIRECT,
OK,,direct,mena,ماسة,Masah.sa@SD,16,23.3,6.2,DIRECT,,,DIRECT,
OK,,direct,mena,مصر دراما,MBCMasrDrama.sa@SD,10,71.3,70.0,DIRECT,,,DIRECT,
OK,,direct,mena,ميكس بالعربي,MixBelAraby.eg@SD,46,48.3,87.0,DIRECT,,,DIRECT,
OK,,direct,mena,نايل دراما,NileDrama.eg@SD,45,47.3,100.0,DIRECT,,,DIRECT,
OK,,direct,mena,نايل لايف,NileLife.eg@SD,41,48.3,29.3,DIRECT,,,DIRECT,
OK,,direct,mena,نسمة,NessmaElJadida.tn@SD,54,48.1,31.5,DIRECT,,,DIRECT,
OK,,direct,mena,وناسه,Wanasah.ae@SD,3,71.3,0.0,DIRECT,,,DIRECT,
OK,,direct,mena,يو تي في,UTV.iq@SD,50,47.3,34.0,DIRECT,,,DIRECT,
OK,,direct,morocco,2M,2M,72,48.8,100.0,DIRECT,,,DIRECT,
OK,,direct,morocco,Aflam TV,AFLAM.ma,24,71.3,100.0,DIRECT,,,DIRECT,
OK,,direct,morocco,Al Aoula,AlAoula,319,191.8,100.0,DIRECT,,,DIRECT,
OK,,direct,morocco,Al Maghribia,AlMaghribiya,328,192.2,100.0,DIRECT,,,DIRECT,
OK,,direct,morocco,Arryadia HD,Arryadia_HD,4,4.7,100.0,DIRECT,,,DIRECT,
OK,,direct,morocco,Arryadia TNT,Arryadia_TNT,4,4.7,100.0,DIRECT,,,DIRECT,
OK,,direct,morocco,Assadissa,Assadisa,407,192.1,100.0,DIRECT,,,DIRECT,
OK,,direct,morocco,Attaqafia / Arrabiaa,Arrabiaa,146,192.2,100.0,DIRECT,,,DIRECT,
OK,,direct,morocco,Chada TV,Chada TV,59,46.8,100.0,DIRECT,,,DIRECT,
OK,,direct,morocco,Medi1 TV Arabic,MEDI1TV_AR.ma,23,23.3,100.0,DIRECT,,,DIRECT,
OK,,direct,morocco,Medi1 TV Maghreb,MEDI1TV_MAGHREB.ma,8,23.3,100.0,DIRECT,,,DIRECT,
OK,,direct,morocco,Tamazight,Tamazight,26,23.6,100.0,DIRECT,,,DIRECT,
OK,,direct,osn,Abu Dhabi TV HD,AbuDhabiTV.ae@SD,67,48.8,100.0,DIRECT,,,DIRECT,
OK,,direct,osn,AD Sports 1 HD,AbuDhabiSports1.ae@SD,35,55.3,100.0,DIRECT,,,DIRECT,
OK,,direct,osn,Al Arabiya,AlarabiyaPortrait.ae@SD,78,48.3,100.0,DIRECT,,,DIRECT,
OK,,direct,osn,Al Araby 2,AlArabyTV2.qa@SD,55,48.3,100.0,DIRECT,,,DIRECT,
OK,,direct,osn,Al Araby TV,AlArabyTV.qa@SD,61,48.3,100.0,DIRECT,,,DIRECT,
OK,,direct,osn,Al Hadath,AlHadath.sa@SD,57,48.3,100.0,DIRECT,,,DIRECT,
OK,,direct,osn,Al Quran Al Kareem TV HD,AlQuranAlKareemTV.sa@SD,45,48.3,100.0,DIRECT,,,DIRECT,
OK,,direct,osn,Al Rai TV,AlraiTV.kw@SD,89,48.3,100.0,DIRECT,,,DIRECT,
OK,,direct,osn,Animal Planet HD,AnimalPlanetEurope.uk@SD,59,48.3,100.0,DIRECT,,,DIRECT,
OK,,direct,osn,Bahrain TV,BahrainTV.bh@SD,116,48.4,100.0,DIRECT,,,DIRECT,
OK,,direct,osn,BBC World,BBCArabic.uk@SD,107,48.3,100.0,DIRECT,,,DIRECT,
OK,,direct,osn,Blippi and Friends,OSNBlippiAndFriends,109,48.3,100.0,DIRECT,,,DIRECT,
OK,,direct,osn,Bloomberg,BloombergTV.us@MiddleEast,52,48.3,100.0,DIRECT,,,DIRECT,
OK,,direct,osn,Bloomberg Originals,BloombergOriginals.us@SD,77,48.3,100.0,DIRECT,,,DIRECT,
OK,,direct,osn,C & I,CrimePlusInvestigation.us@SD,78,48.2,100.0,DIRECT,,,DIRECT,
OK,,direct,osn,Cartoon Network HD,CartoonNetworkMENA.uk@SD,245,48.1,100.0,DIRECT,,,DIRECT,
OK,,direct,osn,CN Arabia,CartoonNetworkArabic.ae@SD,91,48.2,100.0,DIRECT,,,DIRECT,
OK,,direct,osn,CNN HD,CNNInternational.us@MENA,69,48.3,100.0,DIRECT,,,DIRECT,
OK,,direct,osn,Discovery Channel HD,DiscoveryChannelMiddleEastAfrica.us@SD,61,48.8,100.0,DIRECT,,,DIRECT,
OK,,direct,osn,Discovery IDX HD,InvestigationDiscovery.uk@SD,51,48.3,100.0,DIRECT,,,DIRECT,
OK,,direct,osn,DMC HD,DMC.eg@SD,37,50.3,89.2,DIRECT,,,DIRECT,
OK,,direct,osn,Dubai TV HD,DubaiTV.ae@SD,56,48.3,100.0,DIRECT,,,DIRECT,
OK,,direct,osn,eClutch Access,OSNeClutchAccess,49,48.3,100.0,DIRECT,,,DIRECT,
OK,,direct,osn,eClutch Arabic,OSNeClutchArabic,49,48.3,100.0,DIRECT,,,DIRECT,
OK,,direct,osn,eClutch LIVE,OSNeClutchLIVE,49,48.3,100.0,DIRECT,,,DIRECT,
OK,,direct,osn,eClutch LIVE 2,OSNeClutchLIVE2,49,48.3,100.0,DIRECT,,,DIRECT,
OK,,direct,osn,Esport 24,OSNEsport24,9,55.2,100.0,DIRECT,,,DIRECT,
OK,,direct,osn,Fatafeat,Fatafeat.ae@SD,61,48.6,100.0,DIRECT,,,DIRECT,
OK,,direct,osn,Gametoon,Gametoon.nl@SD,69,48.4,100.0,DIRECT,,,DIRECT,
OK,,direct,osn,Ginx,GINXTV.uk@SD,60,49.3,100.0,DIRECT,,,DIRECT,
OK,,direct,osn,H2 HD,History2MiddleEast.us@SD,65,48.3,100.0,DIRECT,,,DIRECT,
OK,,direct,osn,History HD,HistoryMiddleEast.us@SD,65,48.1,100.0,DIRECT,,,DIRECT,
OK,,direct,osn,KSA Sports 1 HD,KSASports1.sa@SD,95,48.3,100.0,DIRECT,,,DIRECT,
OK,,direct,osn,KTV Channel 1 HD,OSNKTVChannel1HD,119,48.0,100.0,DIRECT,,,DIRECT,
OK,,direct,osn,MBC 1,MBC1.ae@SD,57,48.1,100.0,DIRECT,,,DIRECT,
OK,,direct,osn,MBC 3,MBC3.ae@SD,181,48.1,97.8,DIRECT,,,DIRECT,
OK,,direct,osn,MBC 5,MBC5.ae@SD,57,48.7,100.0,DIRECT,,,DIRECT,
OK,,direct,osn,MBC Drama,MBCDrama.ae@SD,49,48.3,100.0,DIRECT,,,DIRECT,
OK,,direct,osn,MBC Iraq,MBCIraq.iq@SD,59,48.3,100.0,DIRECT,,,DIRECT,
OK,,direct,osn,MBC Masr,MBCMasr.eg@SD,39,48.1,100.0,DIRECT,,,DIRECT,
OK,,direct,osn,MBC Masr2,MBCMasr2.eg@SD,46,49.3,100.0,DIRECT,,,DIRECT,
OK,,direct,osn,MBC Mood,MBCMood.sa@HD,13,50.4,100.0,DIRECT,,,DIRECT,
OK,,direct,osn,MBC+ Drama,MBCPlusDrama.sa@SD,66,48.6,100.0,DIRECT,,,DIRECT,
OK,,direct,osn,MCM TOP,MCMTop.fr@SD,49,48.3,100.0,DIRECT,,,DIRECT,
OK,,direct,osn,Moonbug Kids,MoonbugKids.uk@SD,98,49.3,100.0,DIRECT,,,DIRECT,
OK,,direct,osn,MOTORVISION,MotorvisionPlus.de@SD,85,48.3,100.0,DIRECT,,,DIRECT,
OK,,direct,osn,Nick Jr HD,NickJrArabia.ae@SD,162,48.3,100.0,DIRECT,,,DIRECT,
OK,,direct,osn,Nickelodeon HD,NickelodeonArabia.ae@SD,131,48.1,100.0,DIRECT,,,DIRECT,
OK,,direct,osn,NickToons HD,NicktoonsArabia.ae@SD,141,48.0,100.0,DIRECT,,,DIRECT,
OK,,direct,osn,Oman TV,OmanTV.om@SD,91,48.2,100.0,DIRECT,,,DIRECT,
OK,,direct,osn,OSNtv Comedy,OSNComedy.ae@SD,109,48.3,100.0,DIRECT,,,DIRECT,
OK,,direct,osn,OSNtv Crime,OSNCrime.ae@SD,57,48.5,100.0,DIRECT,,,DIRECT,
OK,,direct,osn,OSNtv Documentary,OSNDocumentary.ae@SD,49,48.5,100.0,DIRECT,,,DIRECT,
OK,,direct,osn,OSNtv iQIYI,OSNIQIYI.ae@SD,63,48.2,100.0,DIRECT,,,DIRECT,
OK,,direct,osn,OSNtv Kids,OSNKids.ae@SD,178,48.1,100.0,DIRECT,,,DIRECT,
OK,,direct,osn,OSNtv Mezze,OSNMezze.ae@SD,49,48.2,100.0,DIRECT,,,DIRECT,
OK,,direct,osn,OSNtv Movies Action,OSNMoviesAction.ae@SD,25,48.7,100.0,DIRECT,,,DIRECT,
OK,,direct,osn,OSNtv Movies Comedy,OSNMoviesComedy.ae@SD,30,48.9,100.0,DIRECT,,,DIRECT,
OK,,direct,osn,OSNtv Movies Family,OSNMoviesFamily.ae@SD,23,48.2,100.0,DIRECT,,,DIRECT,
OK,,direct,osn,OSNtv Movies Hollywood,OSNMoviesHollywood.ae@SD,28,48.9,100.0,DIRECT,,,DIRECT,
OK,,direct,osn,OSNtv Movies Horror,OSNMoviesHorror.ae@SD,28,48.6,100.0,DIRECT,,,DIRECT,
OK,,direct,osn,OSNtv Movies Premiere,OSNMoviesPremiere.ae@SD,28,49.2,100.0,DIRECT,,,DIRECT,
OK,,direct,osn,OSNtv Now,OSNNow.ae@SD,71,48.3,100.0,DIRECT,,,DIRECT,
OK,,direct,osn,OSNtv One,OSNOne.ae@SD,58,48.9,100.0,DIRECT,,,DIRECT,
OK,,direct,osn,OSNtv Pop Up,OSNPopUp.ae@SD,49,48.3,100.0,DIRECT,,,DIRECT,
OK,,direct,osn,OSNtv Showcase,OSNShowcase.ae@SD,66,48.3,100.0,DIRECT,,,DIRECT,
OK,,direct,osn,OSNtv Showcase Classics,OSNShowcaseClassics.ae@SD,75,48.4,100.0,DIRECT,,,DIRECT,
OK,,direct,osn,OSNtv Yahala,OSNYahala.ae@SD,61,48.2,100.0,DIRECT,,,DIRECT,
OK,,direct,osn,OSNtv Yahala Aflam,OSNYahalaAflam.ae@SD,29,48.8,100.0,DIRECT,,,DIRECT,
OK,,direct,osn,OSNtv Yahala Bil Arabi,OSNYahalaBilArabi.ae@SD,57,48.2,100.0,DIRECT,,,DIRECT,
OK,,direct,osn,Padel TV,OSNPadelTV,76,48.4,100.0,DIRECT,,,DIRECT,
OK,,direct,osn,RFM TV,RFMTV.fr@SD,49,48.3,100.0,DIRECT,,,DIRECT,
OK,,direct,osn,Roya TV HD,RoyaTV.jo@SD,41,48.8,100.0,DIRECT,,,DIRECT,
OK,,direct,osn,RT Arabic,RTArabic.ru@SD,178,48.3,100.0,DIRECT,,,DIRECT,
OK,,direct,osn,RT English,RT.ru@SD,97,48.3,100.0,DIRECT,,,DIRECT,
OK,,direct,osn,Sky News Arabia HD,SkyNewsArabia.ae@SD,76,48.3,100.0,DIRECT,,,DIRECT,
OK,,direct,osn,STV1 HD,OSNSTV1HD,73,48.3,100.0,DIRECT,,,DIRECT,
OK,,direct,osn,TLC HD,TLCArabia.us@SD,64,48.3,100.0,DIRECT,,,DIRECT,
OK,,direct,others,Rotana Cinema Egypt,official.rotana.cinema.egypt,38,70.3,0.0,DIRECT,,,DIRECT,
OK,,direct,others,Rotana Cinema KSA,official.rotana.cinema.ksa,38,73.3,0.0,DIRECT,,,DIRECT,
OK,,direct,others,Rotana Classic,official.rotana.classic,13,17.8,0.0,DIRECT,,,DIRECT,
OK,,direct,others,Rotana Comedy,official.rotana.comedy,45,89.3,0.0,DIRECT,,,DIRECT,
OK,,direct,rotana,إل بي سي,LBC.sa@SD,42,48.3,0.0,DIRECT,,,DIRECT,
OK,,direct,rotana,روتانا خليجية,RotanaKhalijia.sa@SD,45,48.3,0.0,DIRECT,,,DIRECT,
OK,,direct,rotana,روتانا دراما,RotanaDrama.sa@SD,49,48.3,0.0,DIRECT,,,DIRECT,
OK,,direct,rotana,روتانا سينما السعودية,RotanaCinemaKSA.sa@SD,26,49.3,0.0,DIRECT,,,DIRECT,
OK,,direct,rotana,روتانا سينما مصر,RotanaCinemaEgypt.eg@SD,27,49.3,0.0,DIRECT,,,DIRECT,
OK,,direct,rotana,روتانا كلاسيك,RotanaClassic.sa@SD,35,49.3,0.0,DIRECT,,,DIRECT,
OK,,direct,rotana,روتانا كوميدي,RotanaComedy.sa@SD,25,49.3,0.0,DIRECT,,,DIRECT,
OK,,direct,shahid,AL Arabiya English,AlArabiyaEnglish.sa@SD,3,71.3,0.0,DIRECT,,,DIRECT,
OK,,direct,shahid,MBC Action,MBCAction.ae@SD,88,48.3,78.4,DIRECT,,,DIRECT,
OK,,direct,shahid,MBC Bollywood,MBCBollywood.ae@SD,65,48.0,75.4,DIRECT,,,DIRECT,
OK,,direct,shahid,MBC Drama,MBCDrama.ae@SD,82,48.2,59.8,DIRECT,,,DIRECT,
OK,,direct,shahid,MBC Iraq,MBCIraq.iq@SD,87,48.3,71.3,DIRECT,,,DIRECT,
OK,,direct,shahid,MBC Masr,MBCMasr.eg@SD,67,48.1,59.7,DIRECT,,,DIRECT,
OK,,direct,shahid,MBC Masr2,MBCMasr2.eg@SD,82,49.0,58.5,DIRECT,,,DIRECT,
OK,,direct,shahid,MBC MAX,MBCMax.ae@SD,47,48.8,74.5,DIRECT,,,DIRECT,
OK,,direct,shahid,MBC Persia,MBCPersia.ae@SD,90,49.8,75.6,DIRECT,,,DIRECT,
OK,,direct,shahid,MBC Plus Drama,MBCPlusDrama.sa@SD,91,48.5,69.2,DIRECT,,,DIRECT,
OK,,direct,shahid,MBC1,MBC1.ae@SD,61,48.1,98.4,DIRECT,,,DIRECT,
OK,,direct,shahid,MBC1,MBC1Egypt.eg@HD,3,71.3,0.0,DIRECT,,,DIRECT,
OK,,direct,shahid,MBC2,MBC2.ae@SD,38,48.5,81.6,DIRECT,,,DIRECT,
OK,,direct,shahid,MBC3,MBC3.ae@SD,181,48.1,97.8,DIRECT,,,DIRECT,
OK,,direct,shahid,MBC4,MBC4.ae@SD,95,48.1,77.9,DIRECT,,,DIRECT,
OK,,direct,shahid,MBC5,MBC5.ae@SD,59,48.7,100.0,DIRECT,,,DIRECT,
OK,,direct,shahid,الحدث,AlHadath.sa@SD,96,48.2,74.0,DIRECT,,,DIRECT,
OK,,direct,shahid,العربية,Alarabiya.ae@SD,86,48.3,93.0,DIRECT,,,DIRECT,
OK,,direct,shahid,العربية Business,AlArabiyaBusiness.ae@SD,48,53.3,47.9,DIRECT,,,DIRECT,
OK,,direct,shahid,العربية برامج,AlArabiyaPrograms.ae,3,71.3,0.0,DIRECT,,,DIRECT,
OK,,direct,shahid,مصر دراما,MBCMasrDrama.sa@SD,10,71.3,70.0,DIRECT,,,DIRECT,
OK,,direct,shahid,وناسه,Wanasah.ae@SD,3,71.3,0.0,DIRECT,,,DIRECT,
OK,,direct,sport24,Abu Dhabi Sports 1,sport24.adsports.1,20,23.3,100.0,DIRECT,,,DIRECT,
OK,,direct,sport24,Abu Dhabi Sports 2,sport24.adsports.2,20,23.3,100.0,DIRECT,,,DIRECT,
OK,,direct,sport24,Abu Dhabi Sports 3,sport24.adsports.3,22,23.3,100.0,DIRECT,,,DIRECT,
OK,,direct,sport24,Abu Dhabi Sports 4,sport24.adsports.4,18,23.3,100.0,DIRECT,,,DIRECT,
OK,,direct,sport24,Dubai Sports 1,sport24.dubaisports.1,20,24.3,100.0,DIRECT,,,DIRECT,
OK,,direct,sport24,Dubai Sports 2,sport24.dubaisports.2,21,24.3,100.0,DIRECT,,,DIRECT,
OK,,direct,sport24,Thmanyah 1,sport24.thmanyah.1,24,23.3,100.0,DIRECT,,,DIRECT,
OK,,direct,sport24,Thmanyah 2,sport24.thmanyah.2,24,23.3,100.0,DIRECT,,,DIRECT,
OK,,direct,sport24,Thmanyah 3,sport24.thmanyah.3,24,23.3,100.0,DIRECT,,,DIRECT,
QUARANTINE,,epgshare,AE1,1 Baghdad,1.Baghdad.ae,0,0.0,0.0,,,SOURCE_QUARANTINED_BAD_CHANNEL_PROGRAMME_MAPPING 411 cloned channels / 813 total,FALLBACK,https://epgshare01.online/epgshare01/epg_ripper_AE1.xml.gz
QUARANTINE,,epgshare,AE1,2M Monde,2M.Monde.ae,105,73.7,100.0,,,SOURCE_QUARANTINED_BAD_CHANNEL_PROGRAMME_MAPPING 411 cloned channels / 813 total,FALLBACK,https://epgshare01.online/epgshare01/epg_ripper_AE1.xml.gz
QUARANTINE,,epgshare,AE1,Abu Dhabi HD,Abu.Dhabi.HD.ae,84,72.9,100.0,,,SOURCE_QUARANTINED_BAD_CHANNEL_PROGRAMME_MAPPING 411 cloned channels / 813 total,FALLBACK,https://epgshare01.online/epgshare01/epg_ripper_AE1.xml.gz
QUARANTINE,,epgshare,AE1,AD Sports 1 HD,AD.Sports.1.HD.ae,60,73.9,100.0,,,SOURCE_QUARANTINED_BAD_CHANNEL_PROGRAMME_MAPPING 411 cloned channels / 813 total,FALLBACK,https://epgshare01.online/epgshare01/epg_ripper_AE1.xml.gz
QUARANTINE,,epgshare,AE1,AD Sports 2 HD,AD.Sports.2.HD.ae,60,73.9,100.0,,,SOURCE_QUARANTINED_BAD_CHANNEL_PROGRAMME_MAPPING 411 cloned channels / 813 total,FALLBACK,https://epgshare01.online/epgshare01/epg_ripper_AE1.xml.gz
QUARANTINE,,epgshare,AE1,Adala TV HD,Adala.TV.HD.ae,64,48.9,100.0,,,SOURCE_QUARANTINED_BAD_CHANNEL_PROGRAMME_MAPPING 411 cloned channels / 813 total,FALLBACK,https://epgshare01.online/epgshare01/epg_ripper_AE1.xml.gz
QUARANTINE,,epgshare,AE1,Aden Almustakillah HD,Aden.Almustakillah.HD.ae,123,72.9,100.0,,,SOURCE_QUARANTINED_BAD_CHANNEL_PROGRAMME_MAPPING 411 cloned channels / 813 total,FALLBACK,https://epgshare01.online/epgshare01/epg_ripper_AE1.xml.gz
QUARANTINE,,epgshare,AE1,Aden TV,Aden.TV.ae,68,80.9,100.0,,,SOURCE_QUARANTINED_BAD_CHANNEL_PROGRAMME_MAPPING 411 cloned channels / 813 total,FALLBACK,https://epgshare01.online/epgshare01/epg_ripper_AE1.xml.gz
QUARANTINE,,epgshare,AE1,ADM R3,ADM.R3.ae,64,48.9,100.0,,,SOURCE_QUARANTINED_BAD_CHANNEL_PROGRAMME_MAPPING 411 cloned channels / 813 total,FALLBACK,https://epgshare01.online/epgshare01/epg_ripper_AE1.xml.gz
QUARANTINE,,epgshare,AE1,ADM R4,ADM.R4.ae,64,48.9,100.0,,,SOURCE_QUARANTINED_BAD_CHANNEL_PROGRAMME_MAPPING 411 cloned channels / 813 total,FALLBACK,https://epgshare01.online/epgshare01/epg_ripper_AE1.xml.gz
QUARANTINE,,epgshare,AE1,Afaq TV,Afaq.TV.ae,113,72.9,100.0,,,SOURCE_QUARANTINED_BAD_CHANNEL_PROGRAMME_MAPPING 411 cloned channels / 813 total,FALLBACK,https://epgshare01.online/epgshare01/epg_ripper_AE1.xml.gz
QUARANTINE,,epgshare,AE1,Aghapy TV,Aghapy.TV.ae,64,48.9,100.0,,,SOURCE_QUARANTINED_BAD_CHANNEL_PROGRAMME_MAPPING 411 cloned channels / 813 total,FALLBACK,https://epgshare01.online/epgshare01/epg_ripper_AE1.xml.gz
QUARANTINE,,epgshare,AE1,Ahadu TV,Ahadu.TV.ae,64,48.9,100.0,,,SOURCE_QUARANTINED_BAD_CHANNEL_PROGRAMME_MAPPING 411 cloned channels / 813 total,FALLBACK,https://epgshare01.online/epgshare01/epg_ripper_AE1.xml.gz
QUARANTINE,,epgshare,AE1,Ajman TV HD,Ajman.TV.HD.ae,64,48.9,100.0,,,SOURCE_QUARANTINED_BAD_CHANNEL_PROGRAMME_MAPPING 411 cloned channels / 813 total,FALLBACK,https://epgshare01.online/epgshare01/epg_ripper_AE1.xml.gz
QUARANTINE,,epgshare,AE1,Al 24 News,Al.24.News.ae,31,86.9,100.0,,,SOURCE_QUARANTINED_BAD_CHANNEL_PROGRAMME_MAPPING 411 cloned channels / 813 total,FALLBACK,https://epgshare01.online/epgshare01/epg_ripper_AE1.xml.gz
QUARANTINE,,epgshare,AE1,Al Aan TV,Al.Aan.TV.ae,0,0.0,0.0,,,SOURCE_QUARANTINED_BAD_CHANNEL_PROGRAMME_MAPPING 411 cloned channels / 813 total,FALLBACK,https://epgshare01.online/epgshare01/epg_ripper_AE1.xml.gz
QUARANTINE,,epgshare,AE1,Al Aghani,Al.Aghani.ae,64,48.9,100.0,,,SOURCE_QUARANTINED_BAD_CHANNEL_PROGRAMME_MAPPING 411 cloned channels / 813 total,FALLBACK,https://epgshare01.online/epgshare01/epg_ripper_AE1.xml.gz
QUARANTINE,,epgshare,AE1,Al Ahly TV HD,Al.Ahly.TV.HD.ae,54,73.9,100.0,,,SOURCE_QUARANTINED_BAD_CHANNEL_PROGRAMME_MAPPING 411 cloned channels / 813 total,FALLBACK,https://epgshare01.online/epgshare01/epg_ripper_AE1.xml.gz
QUARANTINE,,epgshare,AE1,Al Ahvaz TV,Al.Ahvaz.TV.ae,123,72.9,100.0,,,SOURCE_QUARANTINED_BAD_CHANNEL_PROGRAMME_MAPPING 411 cloned channels / 813 total,FALLBACK,https://epgshare01.online/epgshare01/epg_ripper_AE1.xml.gz
QUARANTINE,,epgshare,AE1,Al Amal,Al.Amal.ae,64,48.9,100.0,,,SOURCE_QUARANTINED_BAD_CHANNEL_PROGRAMME_MAPPING 411 cloned channels / 813 total,FALLBACK,https://epgshare01.online/epgshare01/epg_ripper_AE1.xml.gz
QUARANTINE,,epgshare,AE1,Al Anbar,Al.Anbar.ae,113,72.9,100.0,,,SOURCE_QUARANTINED_BAD_CHANNEL_PROGRAMME_MAPPING 411 cloned channels / 813 total,FALLBACK,https://epgshare01.online/epgshare01/epg_ripper_AE1.xml.gz
QUARANTINE,,epgshare,AE1,Al Anwar TV,Al.Anwar.TV.ae,64,48.9,100.0,,,SOURCE_QUARANTINED_BAD_CHANNEL_PROGRAMME_MAPPING 411 cloned channels / 813 total,FALLBACK,https://epgshare01.online/epgshare01/epg_ripper_AE1.xml.gz
QUARANTINE,,epgshare,AE1,Al Anwar TV 2,Al.Anwar.TV.2.ae,93,78.9,100.0,,,SOURCE_QUARANTINED_BAD_CHANNEL_PROGRAMME_MAPPING 411 cloned channels / 813 total,FALLBACK,https://epgshare01.online/epgshare01/epg_ripper_AE1.xml.gz
QUARANTINE,,epgshare,AE1,Al Aoula,Al.Aoula.ae,84,75.4,100.0,,,SOURCE_QUARANTINED_BAD_CHANNEL_PROGRAMME_MAPPING 411 cloned channels / 813 total,FALLBACK,https://epgshare01.online/epgshare01/epg_ripper_AE1.xml.gz
QUARANTINE,,epgshare,AE1,Al Aqila TV,Al.Aqila.TV.ae,64,48.9,100.0,,,SOURCE_QUARANTINED_BAD_CHANNEL_PROGRAMME_MAPPING 411 cloned channels / 813 total,FALLBACK,https://epgshare01.online/epgshare01/epg_ripper_AE1.xml.gz
QUARANTINE,,epgshare,AE1,Al Arabiya Business,Al.Arabiya.Business.ae,91,72.9,100.0,,,SOURCE_QUARANTINED_BAD_CHANNEL_PROGRAMME_MAPPING 411 cloned channels / 813 total,FALLBACK,https://epgshare01.online/epgshare01/epg_ripper_AE1.xml.gz
QUARANTINE,,epgshare,AE1,Al Arabiya FM,Al.Arabiya.FM.ae,64,48.9,100.0,,,SOURCE_QUARANTINED_BAD_CHANNEL_PROGRAMME_MAPPING 411 cloned channels / 813 total,FALLBACK,https://epgshare01.online/epgshare01/epg_ripper_AE1.xml.gz
QUARANTINE,,epgshare,AE1,Al Arabiya HD,Al.Arabiya.HD.ae,88,72.9,100.0,,,SOURCE_QUARANTINED_BAD_CHANNEL_PROGRAMME_MAPPING 411 cloned channels / 813 total,FALLBACK,https://epgshare01.online/epgshare01/epg_ripper_AE1.xml.gz
QUARANTINE,,epgshare,AE1,Al Araby 2 HD,Al.Araby.2.HD.ae,66,73.9,100.0,,,SOURCE_QUARANTINED_BAD_CHANNEL_PROGRAMME_MAPPING 411 cloned channels / 813 total,FALLBACK,https://epgshare01.online/epgshare01/epg_ripper_AE1.xml.gz
QUARANTINE,,epgshare,AE1,Al Araby HD,Al.Araby.HD.ae,91,72.9,100.0,,,SOURCE_QUARANTINED_BAD_CHANNEL_PROGRAMME_MAPPING 411 cloned channels / 813 total,FALLBACK,https://epgshare01.online/epgshare01/epg_ripper_AE1.xml.gz
QUARANTINE,,epgshare,AE1,Al Askandria 5,Al.Askandria.5.ae,73,72.9,100.0,,,SOURCE_QUARANTINED_BAD_CHANNEL_PROGRAMME_MAPPING 411 cloned channels / 813 total,FALLBACK,https://epgshare01.online/epgshare01/epg_ripper_AE1.xml.gz
QUARANTINE,,epgshare,AE1,Al Assema,Al.Assema.ae,0,0.0,0.0,,,SOURCE_QUARANTINED_BAD_CHANNEL_PROGRAMME_MAPPING 411 cloned channels / 813 total,FALLBACK,https://epgshare01.online/epgshare01/epg_ripper_AE1.xml.gz
QUARANTINE,,epgshare,AE1,Al Ayyam TV,Al.Ayyam.TV.ae,123,72.9,100.0,,,SOURCE_QUARANTINED_BAD_CHANNEL_PROGRAMME_MAPPING 411 cloned channels / 813 total,FALLBACK,https://epgshare01.online/epgshare01/epg_ripper_AE1.xml.gz
QUARANTINE,,epgshare,AE1,Al Bachaeer Radio,Al.Bachaeer.Radio.ae,64,48.9,100.0,,,SOURCE_QUARANTINED_BAD_CHANNEL_PROGRAMME_MAPPING 411 cloned channels / 813 total,FALLBACK,https://epgshare01.online/epgshare01/epg_ripper_AE1.xml.gz
QUARANTINE,,epgshare,AE1,Al Baghdadia Now,Al.Baghdadia.Now.ae,113,72.9,100.0,,,SOURCE_QUARANTINED_BAD_CHANNEL_PROGRAMME_MAPPING 411 cloned channels / 813 total,FALLBACK,https://epgshare01.online/epgshare01/epg_ripper_AE1.xml.gz
QUARANTINE,,epgshare,AE1,Al Bernameg Al Aam,Al.Bernameg.Al.Aam.ae,64,48.9,100.0,,,SOURCE_QUARANTINED_BAD_CHANNEL_PROGRAMME_MAPPING 411 cloned channels / 813 total,FALLBACK,https://epgshare01.online/epgshare01/epg_ripper_AE1.xml.gz
QUARANTINE,,epgshare,AE1,Al Bernameg Al Oropi,Al.Bernameg.Al.Oropi.ae,64,48.9,100.0,,,SOURCE_QUARANTINED_BAD_CHANNEL_PROGRAMME_MAPPING 411 cloned channels / 813 total,FALLBACK,https://epgshare01.online/epgshare01/epg_ripper_AE1.xml.gz
QUARANTINE,,epgshare,AE1,Al Dafrah HD,Al.Dafrah.HD.ae,81,72.9,100.0,,,SOURCE_QUARANTINED_BAD_CHANNEL_PROGRAMME_MAPPING 411 cloned channels / 813 total,FALLBACK,https://epgshare01.online/epgshare01/epg_ripper_AE1.xml.gz
QUARANTINE,,epgshare,AE1,Al Dawaar,Al.Dawaar.ae,64,73.9,100.0,,,SOURCE_QUARANTINED_BAD_CHANNEL_PROGRAMME_MAPPING 411 cloned channels / 813 total,FALLBACK,https://epgshare01.online/epgshare01/epg_ripper_AE1.xml.gz
QUARANTINE,,epgshare,AE1,Al Dawla TV,Al.Dawla.TV.ae,64,48.9,100.0,,,SOURCE_QUARANTINED_BAD_CHANNEL_PROGRAMME_MAPPING 411 cloned channels / 813 total,FALLBACK,https://epgshare01.online/epgshare01/epg_ripper_AE1.xml.gz
QUARANTINE,,epgshare,AE1,Al Delta 6,Al.Delta.6.ae,73,72.9,100.0,,,SOURCE_QUARANTINED_BAD_CHANNEL_PROGRAMME_MAPPING 411 cloned channels / 813 total,FALLBACK,https://epgshare01.online/epgshare01/epg_ripper_AE1.xml.gz
QUARANTINE,,epgshare,AE1,Al Djazair N°1,Al.Djazair.N°1.ae,79,74.3,100.0,,,SOURCE_QUARANTINED_BAD_CHANNEL_PROGRAMME_MAPPING 411 cloned channels / 813 total,FALLBACK,https://epgshare01.online/epgshare01/epg_ripper_AE1.xml.gz
QUARANTINE,,epgshare,AE1,Al Eshraq TV,Al.Eshraq.TV.ae,64,48.9,100.0,,,SOURCE_QUARANTINED_BAD_CHANNEL_PROGRAMME_MAPPING 411 cloned channels / 813 total,FALLBACK,https://epgshare01.online/epgshare01/epg_ripper_AE1.xml.gz
QUARANTINE,,epgshare,AE1,Al Etejah HD,Al.Etejah.HD.ae,0,0.0,0.0,,,SOURCE_QUARANTINED_BAD_CHANNEL_PROGRAMME_MAPPING 411 cloned channels / 813 total,FALLBACK,https://epgshare01.online/epgshare01/epg_ripper_AE1.xml.gz
QUARANTINE,,epgshare,AE1,Al Fallujah TV,Al.Fallujah.TV.ae,113,72.9,100.0,,,SOURCE_QUARANTINED_BAD_CHANNEL_PROGRAMME_MAPPING 411 cloned channels / 813 total,FALLBACK,https://epgshare01.online/epgshare01/epg_ripper_AE1.xml.gz
QUARANTINE,,epgshare,AE1,Al Forat,Al.Forat.ae,73,72.9,100.0,,,SOURCE_QUARANTINED_BAD_CHANNEL_PROGRAMME_MAPPING 411 cloned channels / 813 total,FALLBACK,https://epgshare01.online/epgshare01/epg_ripper_AE1.xml.gz
QUARANTINE,,epgshare,AE1,Al Ghad,Al.Ghad.ae,73,72.9,100.0,,,SOURCE_QUARANTINED_BAD_CHANNEL_PROGRAMME_MAPPING 411 cloned channels / 813 total,FALLBACK,https://epgshare01.online/epgshare01/epg_ripper_AE1.xml.gz
QUARANTINE,,epgshare,AE1,Al Hadath,Al.Hadath.ae,73,72.9,100.0,,,SOURCE_QUARANTINED_BAD_CHANNEL_PROGRAMME_MAPPING 411 cloned channels / 813 total,FALLBACK,https://epgshare01.online/epgshare01/epg_ripper_AE1.xml.gz
QUARANTINE,,epgshare,AE1,Al Haqeqa Al Dawliah (Fact Int'l),Al.Haqeqa.Al.Dawliah.(Fact.Int'l).ae,64,48.9,100.0,,,SOURCE_QUARANTINED_BAD_CHANNEL_PROGRAMME_MAPPING 411 cloned channels / 813 total,FALLBACK,https://epgshare01.online/epgshare01/epg_ripper_AE1.xml.gz
QUARANTINE,,epgshare,AE1,Al Haqiqa,Al.Haqiqa.ae,0,0.0,0.0,,,SOURCE_QUARANTINED_BAD_CHANNEL_PROGRAMME_MAPPING 411 cloned channels / 813 total,FALLBACK,https://epgshare01.online/epgshare01/epg_ripper_AE1.xml.gz
QUARANTINE,,epgshare,AE1,Al Hawyah,Al.Hawyah.ae,64,48.9,100.0,,,SOURCE_QUARANTINED_BAD_CHANNEL_PROGRAMME_MAPPING 411 cloned channels / 813 total,FALLBACK,https://epgshare01.online/epgshare01/epg_ripper_AE1.xml.gz
QUARANTINE,,epgshare,AE1,Al Hayah 2,Al.Hayah.2.ae,75,75.0,100.0,,,SOURCE_QUARANTINED_BAD_CHANNEL_PROGRAMME_MAPPING 411 cloned channels / 813 total,FALLBACK,https://epgshare01.online/epgshare01/epg_ripper_AE1.xml.gz
QUARANTINE,,epgshare,AE1,Al Hayah HD,Al.Hayah.HD.ae,71,73.4,100.0,,,SOURCE_QUARANTINED_BAD_CHANNEL_PROGRAMME_MAPPING 411 cloned channels / 813 total,FALLBACK,https://epgshare01.online/epgshare01/epg_ripper_AE1.xml.gz
QUARANTINE,,epgshare,AE1,Al Hayah Mosalsalat,Al.Hayah.Mosalsalat.ae,37,72.9,100.0,,,SOURCE_QUARANTINED_BAD_CHANNEL_PROGRAMME_MAPPING 411 cloned channels / 813 total,FALLBACK,https://epgshare01.online/epgshare01/epg_ripper_AE1.xml.gz
QUARANTINE,,epgshare,AE1,Al Hayat,Al.Hayat.ae,64,48.9,100.0,,,SOURCE_QUARANTINED_BAD_CHANNEL_PROGRAMME_MAPPING 411 cloned channels / 813 total,FALLBACK,https://epgshare01.online/epgshare01/epg_ripper_AE1.xml.gz
QUARANTINE,,epgshare,AE1,Al Hijaz TV,Al.Hijaz.TV.ae,0,0.0,0.0,,,SOURCE_QUARANTINED_BAD_CHANNEL_PROGRAMME_MAPPING 411 cloned channels / 813 total,FALLBACK,https://epgshare01.online/epgshare01/epg_ripper_AE1.xml.gz
QUARANTINE,,epgshare,AE1,Al Hiwar TV HD,Al.Hiwar.TV.HD.ae,113,72.9,100.0,,,SOURCE_QUARANTINED_BAD_CHANNEL_PROGRAMME_MAPPING 411 cloned channels / 813 total,FALLBACK,https://epgshare01.online/epgshare01/epg_ripper_AE1.xml.gz
QUARANTINE,,epgshare,AE1,Al Horreya TV,Al.Horreya.TV.ae,64,48.9,100.0,,,SOURCE_QUARANTINED_BAD_CHANNEL_PROGRAMME_MAPPING 411 cloned channels / 813 total,FALLBACK,https://epgshare01.online/epgshare01/epg_ripper_AE1.xml.gz
QUARANTINE,,epgshare,AE1,Al Hurra TV HD,Al.Hurra.TV.HD.ae,0,0.0,0.0,,,SOURCE_QUARANTINED_BAD_CHANNEL_PROGRAMME_MAPPING 411 cloned channels / 813 total,FALLBACK,https://epgshare01.online/epgshare01/epg_ripper_AE1.xml.gz
QUARANTINE,,epgshare,AE1,Al Iman TV,Al.Iman.TV.ae,64,48.9,100.0,,,SOURCE_QUARANTINED_BAD_CHANNEL_PROGRAMME_MAPPING 411 cloned channels / 813 total,FALLBACK,https://epgshare01.online/epgshare01/epg_ripper_AE1.xml.gz
QUARANTINE,,epgshare,AE1,Al Iraqiya HD,Al.Iraqiya.HD.ae,87,72.9,100.0,,,SOURCE_QUARANTINED_BAD_CHANNEL_PROGRAMME_MAPPING 411 cloned channels / 813 total,FALLBACK,https://epgshare01.online/epgshare01/epg_ripper_AE1.xml.gz
QUARANTINE,,epgshare,AE1,Al Iraqiya Kurd,Al.Iraqiya.Kurd.ae,73,72.9,100.0,,,SOURCE_QUARANTINED_BAD_CHANNEL_PROGRAMME_MAPPING 411 cloned channels / 813 total,FALLBACK,https://epgshare01.online/epgshare01/epg_ripper_AE1.xml.gz
QUARANTINE,,epgshare,AE1,Al Iraqiya News HD,Al.Iraqiya.News.HD.ae,73,72.9,100.0,,,SOURCE_QUARANTINED_BAD_CHANNEL_PROGRAMME_MAPPING 411 cloned channels / 813 total,FALLBACK,https://epgshare01.online/epgshare01/epg_ripper_AE1.xml.gz
QUARANTINE,,epgshare,AE1,Al Iraqiya Sport HD,Al.Iraqiya.Sport.HD.ae,327,73.3,100.0,,,SOURCE_QUARANTINED_BAD_CHANNEL_PROGRAMME_MAPPING 411 cloned channels / 813 total,FALLBACK,https://epgshare01.online/epgshare01/epg_ripper_AE1.xml.gz
QUARANTINE,,epgshare,AE1,Al Iraqiya Turkuman,Al.Iraqiya.Turkuman.ae,121,73.4,100.0,,,SOURCE_QUARANTINED_BAD_CHANNEL_PROGRAMME_MAPPING 411 cloned channels / 813 total,FALLBACK,https://epgshare01.online/epgshare01/epg_ripper_AE1.xml.gz
QUARANTINE,,epgshare,AE1,Al Ittihad TV,Al.Ittihad.TV.ae,64,48.9,100.0,,,SOURCE_QUARANTINED_BAD_CHANNEL_PROGRAMME_MAPPING 411 cloned channels / 813 total,FALLBACK,https://epgshare01.online/epgshare01/epg_ripper_AE1.xml.gz
QUARANTINE,,epgshare,AE1,Al Jamahiriya TV,Al.Jamahiriya.TV.ae,113,72.9,100.0,,,SOURCE_QUARANTINED_BAD_CHANNEL_PROGRAMME_MAPPING 411 cloned channels / 813 total,FALLBACK,https://epgshare01.online/epgshare01/epg_ripper_AE1.xml.gz
QUARANTINE,,epgshare,AE1,Al Janoub,Al.Janoub.ae,93,78.9,100.0,,,SOURCE_QUARANTINED_BAD_CHANNEL_PROGRAMME_MAPPING 411 cloned channels / 813 total,FALLBACK,https://epgshare01.online/epgshare01/epg_ripper_AE1.xml.gz
QUARANTINE,,epgshare,AE1,Al Jazeera Documentary HD,Al.Jazeera.Documentary.HD.ae,66,73.9,100.0,,,SOURCE_QUARANTINED_BAD_CHANNEL_PROGRAMME_MAPPING 411 cloned channels / 813 total,FALLBACK,https://epgshare01.online/epgshare01/epg_ripper_AE1.xml.gz
QUARANTINE,,epgshare,AE1,Al Jazeera English HD,Al.Jazeera.English.HD.ae,113,72.9,100.0,,,SOURCE_QUARANTINED_BAD_CHANNEL_PROGRAMME_MAPPING 411 cloned channels / 813 total,FALLBACK,https://epgshare01.online/epgshare01/epg_ripper_AE1.xml.gz
QUARANTINE,,epgshare,AE1,Al Jazeera HD,Al.Jazeera.HD.ae,91,72.9,100.0,,,SOURCE_QUARANTINED_BAD_CHANNEL_PROGRAMME_MAPPING 411 cloned channels / 813 total,FALLBACK,https://epgshare01.online/epgshare01/epg_ripper_AE1.xml.gz
QUARANTINE,,epgshare,AE1,Al Jazeera Mobasher 2 HD,Al.Jazeera.Mobasher.2.HD.ae,91,72.9,100.0,,,SOURCE_QUARANTINED_BAD_CHANNEL_PROGRAMME_MAPPING 411 cloned channels / 813 total,FALLBACK,https://epgshare01.online/epgshare01/epg_ripper_AE1.xml.gz
QUARANTINE,,epgshare,AE1,Al Jazeera Mobasher HD,Al.Jazeera.Mobasher.HD.ae,91,72.9,100.0,,,SOURCE_QUARANTINED_BAD_CHANNEL_PROGRAMME_MAPPING 411 cloned channels / 813 total,FALLBACK,https://epgshare01.online/epgshare01/epg_ripper_AE1.xml.gz
QUARANTINE,,epgshare,AE1,Al Kafeel,Al.Kafeel.ae,64,48.9,100.0,,,SOURCE_QUARANTINED_BAD_CHANNEL_PROGRAMME_MAPPING 411 cloned channels / 813 total,FALLBACK,https://epgshare01.online/epgshare01/epg_ripper_AE1.xml.gz
QUARANTINE,,epgshare,AE1,Al Kahera 3,Al.Kahera.3.ae,73,72.9,100.0,,,SOURCE_QUARANTINED_BAD_CHANNEL_PROGRAMME_MAPPING 411 cloned channels / 813 total,FALLBACK,https://epgshare01.online/epgshare01/epg_ripper_AE1.xml.gz
QUARANTINE,,epgshare,AE1,AL Kahera Al Kobra,AL.Kahera.Al.Kobra.ae,64,48.9,100.0,,,SOURCE_QUARANTINED_BAD_CHANNEL_PROGRAMME_MAPPING 411 cloned channels / 813 total,FALLBACK,https://epgshare01.online/epgshare01/epg_ripper_AE1.xml.gz
QUARANTINE,,epgshare,AE1,Al Kahera Wal Nas,Al.Kahera.Wal.Nas.ae,75,75.0,100.0,,,SOURCE_QUARANTINED_BAD_CHANNEL_PROGRAMME_MAPPING 411 cloned channels / 813 total,FALLBACK,https://epgshare01.online/epgshare01/epg_ripper_AE1.xml.gz
QUARANTINE,,epgshare,AE1,Al Kahera Wal Nas 2,Al.Kahera.Wal.Nas.2.ae,60,74.0,100.0,,,SOURCE_QUARANTINED_BAD_CHANNEL_PROGRAMME_MAPPING 411 cloned channels / 813 total,FALLBACK,https://epgshare01.online/epgshare01/epg_ripper_AE1.xml.gz
QUARANTINE,,epgshare,AE1,Al Kalema,Al.Kalema.ae,64,48.9,100.0,,,SOURCE_QUARANTINED_BAD_CHANNEL_PROGRAMME_MAPPING 411 cloned channels / 813 total,FALLBACK,https://epgshare01.online/epgshare01/epg_ripper_AE1.xml.gz
QUARANTINE,,epgshare,AE1,Al Kanal 4,Al.Kanal.4.ae,73,72.9,100.0,,,SOURCE_QUARANTINED_BAD_CHANNEL_PROGRAMME_MAPPING 411 cloned channels / 813 total,FALLBACK,https://epgshare01.online/epgshare01/epg_ripper_AE1.xml.gz
QUARANTINE,,epgshare,AE1,Al Karma NewGen,Al.Karma.NewGen.ae,64,48.9,100.0,,,SOURCE_QUARANTINED_BAD_CHANNEL_PROGRAMME_MAPPING 411 cloned channels / 813 total,FALLBACK,https://epgshare01.online/epgshare01/epg_ripper_AE1.xml.gz
QUARANTINE,,epgshare,AE1,Al Kawthar TV,Al.Kawthar.TV.ae,64,48.9,100.0,,,SOURCE_QUARANTINED_BAD_CHANNEL_PROGRAMME_MAPPING 411 cloned channels / 813 total,FALLBACK,https://epgshare01.online/epgshare01/epg_ripper_AE1.xml.gz
QUARANTINE,,epgshare,AE1,Al Kawther,Al.Kawther.ae,64,48.9,100.0,,,SOURCE_QUARANTINED_BAD_CHANNEL_PROGRAMME_MAPPING 411 cloned channels / 813 total,FALLBACK,https://epgshare01.online/epgshare01/epg_ripper_AE1.xml.gz
QUARANTINE,,epgshare,AE1,Al Maaref TV,Al.Maaref.TV.ae,64,48.9,100.0,,,SOURCE_QUARANTINED_BAD_CHANNEL_PROGRAMME_MAPPING 411 cloned channels / 813 total,FALLBACK,https://epgshare01.online/epgshare01/epg_ripper_AE1.xml.gz
QUARANTINE,,epgshare,AE1,Al Madeeh,Al.Madeeh.ae,123,72.9,100.0,,,SOURCE_QUARANTINED_BAD_CHANNEL_PROGRAMME_MAPPING 411 cloned channels / 813 total,FALLBACK,https://epgshare01.online/epgshare01/epg_ripper_AE1.xml.gz
QUARANTINE,,epgshare,AE1,Al Mahdi TV,Al.Mahdi.TV.ae,64,48.9,100.0,,,SOURCE_QUARANTINED_BAD_CHANNEL_PROGRAMME_MAPPING 411 cloned channels / 813 total,FALLBACK,https://epgshare01.online/epgshare01/epg_ripper_AE1.xml.gz
QUARANTINE,,epgshare,AE1,Al Majd,Al.Majd.ae,113,73.3,100.0,,,SOURCE_QUARANTINED_BAD_CHANNEL_PROGRAMME_MAPPING 411 cloned channels / 813 total,FALLBACK,https://epgshare01.online/epgshare01/epg_ripper_AE1.xml.gz
QUARANTINE,,epgshare,AE1,Al Majd Holy Quran,Al.Majd.Holy.Quran.ae,113,73.3,100.0,,,SOURCE_QUARANTINED_BAD_CHANNEL_PROGRAMME_MAPPING 411 cloned channels / 813 total,FALLBACK,https://epgshare01.online/epgshare01/epg_ripper_AE1.xml.gz
QUARANTINE,,epgshare,AE1,Al Mamlaka TV HD,Al.Mamlaka.TV.HD.ae,69,72.9,100.0,,,SOURCE_QUARANTINED_BAD_CHANNEL_PROGRAMME_MAPPING 411 cloned channels / 813 total,FALLBACK,https://epgshare01.online/epgshare01/epg_ripper_AE1.xml.gz
QUARANTINE,,epgshare,AE1,Al Masar TV HD,Al.Masar.TV.HD.ae,93,78.9,100.0,,,SOURCE_QUARANTINED_BAD_CHANNEL_PROGRAMME_MAPPING 411 cloned channels / 813 total,FALLBACK,https://epgshare01.online/epgshare01/epg_ripper_AE1.xml.gz
QUARANTINE,,epgshare,AE1,Al Mashhad,Al.Mashhad.ae,91,72.9,100.0,,,SOURCE_QUARANTINED_BAD_CHANNEL_PROGRAMME_MAPPING 411 cloned channels / 813 total,FALLBACK,https://epgshare01.online/epgshare01/epg_ripper_AE1.xml.gz
QUARANTINE,,epgshare,AE1,Al Masriyah,Al.Masriyah.ae,71,73.4,100.0,,,SOURCE_QUARANTINED_BAD_CHANNEL_PROGRAMME_MAPPING 411 cloned channels / 813 total,FALLBACK,https://epgshare01.online/epgshare01/epg_ripper_AE1.xml.gz
QUARANTINE,,epgshare,AE1,Al Mawqef,Al.Mawqef.ae,93,78.9,100.0,,,SOURCE_QUARANTINED_BAD_CHANNEL_PROGRAMME_MAPPING 411 cloned channels / 813 total,FALLBACK,https://epgshare01.online/epgshare01/epg_ripper_AE1.xml.gz
QUARANTINE,,epgshare,AE1,Al Mayadeen HD,Al.Mayadeen.HD.ae,73,72.9,100.0,,,SOURCE_QUARANTINED_BAD_CHANNEL_PROGRAMME_MAPPING 411 cloned channels / 813 total,FALLBACK,https://epgshare01.online/epgshare01/epg_ripper_AE1.xml.gz
QUARANTINE,,epgshare,AE1,Al Menia,Al.Menia.ae,64,48.9,100.0,,,SOURCE_QUARANTINED_BAD_CHANNEL_PROGRAMME_MAPPING 411 cloned channels / 813 total,FALLBACK,https://epgshare01.online/epgshare01/epg_ripper_AE1.xml.gz
QUARANTINE,,epgshare,AE1,Al Nada TV,Al.Nada.TV.ae,123,72.9,100.0,,,SOURCE_QUARANTINED_BAD_CHANNEL_PROGRAMME_MAPPING 411 cloned channels / 813 total,FALLBACK,https://epgshare01.online/epgshare01/epg_ripper_AE1.xml.gz
QUARANTINE,,epgshare,AE1,Al Naeem TV,Al.Naeem.TV.ae,32,24.9,100.0,,,SOURCE_QUARANTINED_BAD_CHANNEL_PROGRAMME_MAPPING 411 cloned channels / 813 total,FALLBACK,https://epgshare01.online/epgshare01/epg_ripper_AE1.xml.gz
QUARANTINE,,epgshare,AE1,Al Nahar Drama,Al.Nahar.Drama.ae,73,72.9,100.0,,,SOURCE_QUARANTINED_BAD_CHANNEL_PROGRAMME_MAPPING 411 cloned channels / 813 total,FALLBACK,https://epgshare01.online/epgshare01/epg_ripper_AE1.xml.gz
QUARANTINE,,epgshare,AE1,Al Nahar Noor,Al.Nahar.Noor.ae,123,72.9,100.0,,,SOURCE_QUARANTINED_BAD_CHANNEL_PROGRAMME_MAPPING 411 cloned channels / 813 total,FALLBACK,https://epgshare01.online/epgshare01/epg_ripper_AE1.xml.gz
QUARANTINE,,epgshare,AE1,Al Nahar TV,Al.Nahar.TV.ae,79,72.9,100.0,,,SOURCE_QUARANTINED_BAD_CHANNEL_PROGRAMME_MAPPING 411 cloned channels / 813 total,FALLBACK,https://epgshare01.online/epgshare01/epg_ripper_AE1.xml.gz
QUARANTINE,,epgshare,AE1,Al Najaf Al Ashraf TV,Al.Najaf.Al.Ashraf.TV.ae,123,72.9,100.0,,,SOURCE_QUARANTINED_BAD_CHANNEL_PROGRAMME_MAPPING 411 cloned channels / 813 total,FALLBACK,https://epgshare01.online/epgshare01/epg_ripper_AE1.xml.gz
QUARANTINE,,epgshare,AE1,Al Nas,Al.Nas.ae,123,72.9,100.0,,,SOURCE_QUARANTINED_BAD_CHANNEL_PROGRAMME_MAPPING 411 cloned channels / 813 total,FALLBACK,https://epgshare01.online/epgshare01/epg_ripper_AE1.xml.gz
QUARANTINE,,epgshare,AE1,Al Ons TV,Al.Ons.TV.ae,64,48.9,100.0,,,SOURCE_QUARANTINED_BAD_CHANNEL_PROGRAMME_MAPPING 411 cloned channels / 813 total,FALLBACK,https://epgshare01.online/epgshare01/epg_ripper_AE1.xml.gz
QUARANTINE,,epgshare,AE1,Al Oula,Al.Oula.ae,75,73.9,100.0,,,SOURCE_QUARANTINED_BAD_CHANNEL_PROGRAMME_MAPPING 411 cloned channels / 813 total,FALLBACK,https://epgshare01.online/epgshare01/epg_ripper_AE1.xml.gz
QUARANTINE,,epgshare,AE1,Al Qahera News,Al.Qahera.News.ae,113,72.9,100.0,,,SOURCE_QUARANTINED_BAD_CHANNEL_PROGRAMME_MAPPING 411 cloned channels / 813 total,FALLBACK,https://epgshare01.online/epgshare01/epg_ripper_AE1.xml.gz
QUARANTINE,,epgshare,AE1,Al Qamar TV,Al.Qamar.TV.ae,64,48.9,100.0,,,SOURCE_QUARANTINED_BAD_CHANNEL_PROGRAMME_MAPPING 411 cloned channels / 813 total,FALLBACK,https://epgshare01.online/epgshare01/epg_ripper_AE1.xml.gz
QUARANTINE,,epgshare,AE1,Al Qanat 9,Al.Qanat.9.ae,64,48.9,100.0,,,SOURCE_QUARANTINED_BAD_CHANNEL_PROGRAMME_MAPPING 411 cloned channels / 813 total,FALLBACK,https://epgshare01.online/epgshare01/epg_ripper_AE1.xml.gz
QUARANTINE,,epgshare,AE1,Al Quds Today TV,Al.Quds.Today.TV.ae,123,72.9,100.0,,,SOURCE_QUARANTINED_BAD_CHANNEL_PROGRAMME_MAPPING 411 cloned channels / 813 total,FALLBACK,https://epgshare01.online/epgshare01/epg_ripper_AE1.xml.gz
QUARANTINE,,epgshare,AE1,Al Quran Al Karem,Al.Quran.Al.Karem.ae,64,48.9,100.0,,,SOURCE_QUARANTINED_BAD_CHANNEL_PROGRAMME_MAPPING 411 cloned channels / 813 total,FALLBACK,https://epgshare01.online/epgshare01/epg_ripper_AE1.xml.gz
QUARANTINE,,epgshare,AE1,Al Rabiaa HD,Al.Rabiaa.HD.ae,93,78.9,100.0,,,SOURCE_QUARANTINED_BAD_CHANNEL_PROGRAMME_MAPPING 411 cloned channels / 813 total,FALLBACK,https://epgshare01.online/epgshare01/epg_ripper_AE1.xml.gz
QUARANTINE,,epgshare,AE1,Al Rahma,Al.Rahma.ae,0,0.0,0.0,,,SOURCE_QUARANTINED_BAD_CHANNEL_PROGRAMME_MAPPING 411 cloned channels / 813 total,FALLBACK,https://epgshare01.online/epgshare01/epg_ripper_AE1.xml.gz
QUARANTINE,,epgshare,AE1,Al Rai TV,Al.Rai.TV.ae,124,74.6,100.0,,,SOURCE_QUARANTINED_BAD_CHANNEL_PROGRAMME_MAPPING 411 cloned channels / 813 total,FALLBACK,https://epgshare01.online/epgshare01/epg_ripper_AE1.xml.gz
QUARANTINE,,epgshare,AE1,AL RASHEED RADIO,AL.RASHEED.RADIO.ae,64,48.9,100.0,,,SOURCE_QUARANTINED_BAD_CHANNEL_PROGRAMME_MAPPING 411 cloned channels / 813 total,FALLBACK,https://epgshare01.online/epgshare01/epg_ripper_AE1.xml.gz
QUARANTINE,,epgshare,AE1,Al Rasheed TV HD,Al.Rasheed.TV.HD.ae,74,72.9,100.0,,,SOURCE_QUARANTINED_BAD_CHANNEL_PROGRAMME_MAPPING 411 cloned channels / 813 total,FALLBACK,https://epgshare01.online/epgshare01/epg_ripper_AE1.xml.gz
QUARANTINE,,epgshare,AE1,Al Rayyan Al Qadeem HD,Al.Rayyan.Al.Qadeem.HD.ae,70,73.9,100.0,,,SOURCE_QUARANTINED_BAD_CHANNEL_PROGRAMME_MAPPING 411 cloned channels / 813 total,FALLBACK,https://epgshare01.online/epgshare01/epg_ripper_AE1.xml.gz
QUARANTINE,,epgshare,AE1,Al Rayyan HD,Al.Rayyan.HD.ae,76,72.9,100.0,,,SOURCE_QUARANTINED_BAD_CHANNEL_PROGRAMME_MAPPING 411 cloned channels / 813 total,FALLBACK,https://epgshare01.online/epgshare01/epg_ripper_AE1.xml.gz
QUARANTINE,,epgshare,AE1,Al Resala,Al.Resala.ae,113,73.3,100.0,,,SOURCE_QUARANTINED_BAD_CHANNEL_PROGRAMME_MAPPING 411 cloned channels / 813 total,FALLBACK,https://epgshare01.online/epgshare01/epg_ripper_AE1.xml.gz
QUARANTINE,,epgshare,AE1,Al Sabah,Al.Sabah.ae,0,0.0,0.0,,,SOURCE_QUARANTINED_BAD_CHANNEL_PROGRAMME_MAPPING 411 cloned channels / 813 total,FALLBACK,https://epgshare01.online/epgshare01/epg_ripper_AE1.xml.gz
QUARANTINE,,epgshare,AE1,Al Saeed 7,Al.Saeed.7.ae,73,72.9,100.0,,,SOURCE_QUARANTINED_BAD_CHANNEL_PROGRAMME_MAPPING 411 cloned channels / 813 total,FALLBACK,https://epgshare01.online/epgshare01/epg_ripper_AE1.xml.gz
QUARANTINE,,epgshare,AE1,Al Saeedah,Al.Saeedah.ae,31,86.9,100.0,,,SOURCE_QUARANTINED_BAD_CHANNEL_PROGRAMME_MAPPING 411 cloned channels / 813 total,FALLBACK,https://epgshare01.online/epgshare01/epg_ripper_AE1.xml.gz
QUARANTINE,,epgshare,AE1,Al Sahat TV,Al.Sahat.TV.ae,139,72.9,100.0,,,SOURCE_QUARANTINED_BAD_CHANNEL_PROGRAMME_MAPPING 411 cloned channels / 813 total,FALLBACK,https://epgshare01.online/epgshare01/epg_ripper_AE1.xml.gz
QUARANTINE,,epgshare,AE1,Al Sahraa TV,Al.Sahraa.TV.ae,64,48.9,100.0,,,SOURCE_QUARANTINED_BAD_CHANNEL_PROGRAMME_MAPPING 411 cloned channels / 813 total,FALLBACK,https://epgshare01.online/epgshare01/epg_ripper_AE1.xml.gz
QUARANTINE,,epgshare,AE1,Al Salam TV,Al.Salam.TV.ae,64,48.9,100.0,,,SOURCE_QUARANTINED_BAD_CHANNEL_PROGRAMME_MAPPING 411 cloned channels / 813 total,FALLBACK,https://epgshare01.online/epgshare01/epg_ripper_AE1.xml.gz
QUARANTINE,,epgshare,AE1,Al Sayedah TV,Al.Sayedah.TV.ae,0,0.0,0.0,,,SOURCE_QUARANTINED_BAD_CHANNEL_PROGRAMME_MAPPING 411 cloned channels / 813 total,FALLBACK,https://epgshare01.online/epgshare01/epg_ripper_AE1.xml.gz
QUARANTINE,,epgshare,AE1,Al Shabab W Al Reyadah,Al.Shabab.W.Al.Reyadah.ae,64,48.9,100.0,,,SOURCE_QUARANTINED_BAD_CHANNEL_PROGRAMME_MAPPING 411 cloned channels / 813 total,FALLBACK,https://epgshare01.online/epgshare01/epg_ripper_AE1.xml.gz
QUARANTINE,,epgshare,AE1,Al Shams TV,Al.Shams.TV.ae,71,73.4,100.0,,,SOURCE_QUARANTINED_BAD_CHANNEL_PROGRAMME_MAPPING 411 cloned channels / 813 total,FALLBACK,https://epgshare01.online/epgshare01/epg_ripper_AE1.xml.gz
QUARANTINE,,epgshare,AE1,Al Shaoub TV,Al.Shaoub.TV.ae,0,0.0,0.0,,,SOURCE_QUARANTINED_BAD_CHANNEL_PROGRAMME_MAPPING 411 cloned channels / 813 total,FALLBACK,https://epgshare01.online/epgshare01/epg_ripper_AE1.xml.gz
QUARANTINE,,epgshare,AE1,AL Sharg Al Awsat,AL.Sharg.Al.Awsat.ae,64,48.9,100.0,,,SOURCE_QUARANTINED_BAD_CHANNEL_PROGRAMME_MAPPING 411 cloned channels / 813 total,FALLBACK,https://epgshare01.online/epgshare01/epg_ripper_AE1.xml.gz
QUARANTINE,,epgshare,AE1,Al Sharq TV,Al.Sharq.TV.ae,113,72.9,100.0,,,SOURCE_QUARANTINED_BAD_CHANNEL_PROGRAMME_MAPPING 411 cloned channels / 813 total,FALLBACK,https://epgshare01.online/epgshare01/epg_ripper_AE1.xml.gz
QUARANTINE,,epgshare,AE1,Al sharqiya News HD,Al.sharqiya.News.HD.ae,73,72.9,100.0,,,SOURCE_QUARANTINED_BAD_CHANNEL_PROGRAMME_MAPPING 411 cloned channels / 813 total,FALLBACK,https://epgshare01.online/epgshare01/epg_ripper_AE1.xml.gz
QUARANTINE,,epgshare,AE1,Al Sharqiya TV HD,Al.Sharqiya.TV.HD.ae,87,72.9,100.0,,,SOURCE_QUARANTINED_BAD_CHANNEL_PROGRAMME_MAPPING 411 cloned channels / 813 total,FALLBACK,https://epgshare01.online/epgshare01/epg_ripper_AE1.xml.gz
QUARANTINE,,epgshare,AE1,Al Shasha Alwan,Al.Shasha.Alwan.ae,64,73.9,100.0,,,SOURCE_QUARANTINED_BAD_CHANNEL_PROGRAMME_MAPPING 411 cloned channels / 813 total,FALLBACK,https://epgshare01.online/epgshare01/epg_ripper_AE1.xml.gz
QUARANTINE,,epgshare,AE1,Al Shasha Cinema,Al.Shasha.Cinema.ae,64,73.9,100.0,,,SOURCE_QUARANTINED_BAD_CHANNEL_PROGRAMME_MAPPING 411 cloned channels / 813 total,FALLBACK,https://epgshare01.online/epgshare01/epg_ripper_AE1.xml.gz
QUARANTINE,,epgshare,AE1,Al Shasha Drama,Al.Shasha.Drama.ae,64,73.9,100.0,,,SOURCE_QUARANTINED_BAD_CHANNEL_PROGRAMME_MAPPING 411 cloned channels / 813 total,FALLBACK,https://epgshare01.online/epgshare01/epg_ripper_AE1.xml.gz
QUARANTINE,,epgshare,AE1,Al Shasha Film,Al.Shasha.Film.ae,64,73.9,100.0,,,SOURCE_QUARANTINED_BAD_CHANNEL_PROGRAMME_MAPPING 411 cloned channels / 813 total,FALLBACK,https://epgshare01.online/epgshare01/epg_ripper_AE1.xml.gz
QUARANTINE,,epgshare,AE1,Al Shasha Hekayat,Al.Shasha.Hekayat.ae,64,73.9,100.0,,,SOURCE_QUARANTINED_BAD_CHANNEL_PROGRAMME_MAPPING 411 cloned channels / 813 total,FALLBACK,https://epgshare01.online/epgshare01/epg_ripper_AE1.xml.gz
QUARANTINE,,epgshare,AE1,Al Shasha Musalsalat,Al.Shasha.Musalsalat.ae,64,73.9,100.0,,,SOURCE_QUARANTINED_BAD_CHANNEL_PROGRAMME_MAPPING 411 cloned channels / 813 total,FALLBACK,https://epgshare01.online/epgshare01/epg_ripper_AE1.xml.gz
QUARANTINE,,epgshare,AE1,Al Sumaria TV,Al.Sumaria.TV.ae,89,73.3,100.0,,,SOURCE_QUARANTINED_BAD_CHANNEL_PROGRAMME_MAPPING 411 cloned channels / 813 total,FALLBACK,https://epgshare01.online/epgshare01/epg_ripper_AE1.xml.gz
QUARANTINE,,epgshare,AE1,Al Tanasuh TV,Al.Tanasuh.TV.ae,64,48.9,100.0,,,SOURCE_QUARANTINED_BAD_CHANNEL_PROGRAMME_MAPPING 411 cloned channels / 813 total,FALLBACK,https://epgshare01.online/epgshare01/epg_ripper_AE1.xml.gz
QUARANTINE,,epgshare,AE1,Al Thanya,Al.Thanya.ae,71,73.4,100.0,,,SOURCE_QUARANTINED_BAD_CHANNEL_PROGRAMME_MAPPING 411 cloned channels / 813 total,FALLBACK,https://epgshare01.online/epgshare01/epg_ripper_AE1.xml.gz
QUARANTINE,,epgshare,AE1,Al Waqie,Al.Waqie.ae,64,48.9,100.0,,,SOURCE_QUARANTINED_BAD_CHANNEL_PROGRAMME_MAPPING 411 cloned channels / 813 total,FALLBACK,https://epgshare01.online/epgshare01/epg_ripper_AE1.xml.gz
QUARANTINE,,epgshare,AE1,Al Wathaeqya,Al.Wathaeqya.ae,14,76.9,100.0,,,SOURCE_QUARANTINED_BAD_CHANNEL_PROGRAMME_MAPPING 411 cloned channels / 813 total,FALLBACK,https://epgshare01.online/epgshare01/epg_ripper_AE1.xml.gz
QUARANTINE,,epgshare,AE1,Al Wousta TV HD,Al.Wousta.TV.HD.ae,64,48.9,100.0,,,SOURCE_QUARANTINED_BAD_CHANNEL_PROGRAMME_MAPPING 411 cloned channels / 813 total,FALLBACK,https://epgshare01.online/epgshare01/epg_ripper_AE1.xml.gz
QUARANTINE,,epgshare,AE1,Al Yoom,Al.Yoom.ae,0,0.0,0.0,,,SOURCE_QUARANTINED_BAD_CHANNEL_PROGRAMME_MAPPING 411 cloned channels / 813 total,FALLBACK,https://epgshare01.online/epgshare01/epg_ripper_AE1.xml.gz
QUARANTINE,,epgshare,AE1,AL-Bernameg AL-moussekey,AL-Bernameg.AL-moussekey.ae,64,48.9,100.0,,,SOURCE_QUARANTINED_BAD_CHANNEL_PROGRAMME_MAPPING 411 cloned channels / 813 total,FALLBACK,https://epgshare01.online/epgshare01/epg_ripper_AE1.xml.gz
QUARANTINE,,epgshare,AE1,Alahad TV HD,Alahad.TV.HD.ae,64,48.9,100.0,,,SOURCE_QUARANTINED_BAD_CHANNEL_PROGRAMME_MAPPING 411 cloned channels / 813 total,FALLBACK,https://epgshare01.online/epgshare01/epg_ripper_AE1.xml.gz
QUARANTINE,,epgshare,AE1,Alawla,Alawla.ae,73,72.9,100.0,,,SOURCE_QUARANTINED_BAD_CHANNEL_PROGRAMME_MAPPING 411 cloned channels / 813 total,FALLBACK,https://epgshare01.online/epgshare01/epg_ripper_AE1.xml.gz
QUARANTINE,,epgshare,AE1,Albarlemania al Mauritania TV,Albarlemania.al.Mauritania.TV.ae,93,78.9,100.0,,,SOURCE_QUARANTINED_BAD_CHANNEL_PROGRAMME_MAPPING 411 cloned channels / 813 total,FALLBACK,https://epgshare01.online/epgshare01/epg_ripper_AE1.xml.gz
QUARANTINE,,epgshare,AE1,Alerth Alnabawi,Alerth.Alnabawi.ae,64,48.9,100.0,,,SOURCE_QUARANTINED_BAD_CHANNEL_PROGRAMME_MAPPING 411 cloned channels / 813 total,FALLBACK,https://epgshare01.online/epgshare01/epg_ripper_AE1.xml.gz
QUARANTINE,,epgshare,AE1,Alfa Cinema,Alfa.Cinema.ae,64,73.9,100.0,,,SOURCE_QUARANTINED_BAD_CHANNEL_PROGRAMME_MAPPING 411 cloned channels / 813 total,FALLBACK,https://epgshare01.online/epgshare01/epg_ripper_AE1.xml.gz
QUARANTINE,,epgshare,AE1,Alfa Drama,Alfa.Drama.ae,64,73.9,100.0,,,SOURCE_QUARANTINED_BAD_CHANNEL_PROGRAMME_MAPPING 411 cloned channels / 813 total,FALLBACK,https://epgshare01.online/epgshare01/epg_ripper_AE1.xml.gz
QUARANTINE,,epgshare,AE1,Alfa Hekayat,Alfa.Hekayat.ae,64,73.9,100.0,,,SOURCE_QUARANTINED_BAD_CHANNEL_PROGRAMME_MAPPING 411 cloned channels / 813 total,FALLBACK,https://epgshare01.online/epgshare01/epg_ripper_AE1.xml.gz
QUARANTINE,,epgshare,AE1,Alfath TV,Alfath.TV.ae,123,72.9,100.0,,,SOURCE_QUARANTINED_BAD_CHANNEL_PROGRAMME_MAPPING 411 cloned channels / 813 total,FALLBACK,https://epgshare01.online/epgshare01/epg_ripper_AE1.xml.gz
QUARANTINE,,epgshare,AE1,Algerian 4kids,Algerian.4kids.ae,0,0.0,0.0,,,SOURCE_QUARANTINED_BAD_CHANNEL_PROGRAMME_MAPPING 411 cloned channels / 813 total,FALLBACK,https://epgshare01.online/epgshare01/epg_ripper_AE1.xml.gz
QUARANTINE,,epgshare,AE1,Alghadeer TV,Alghadeer.TV.ae,113,72.9,100.0,,,SOURCE_QUARANTINED_BAD_CHANNEL_PROGRAMME_MAPPING 411 cloned channels / 813 total,FALLBACK,https://epgshare01.online/epgshare01/epg_ripper_AE1.xml.gz
QUARANTINE,,epgshare,AE1,Algérie 3 HD,Algérie.3.HD.ae,93,78.9,100.0,,,SOURCE_QUARANTINED_BAD_CHANNEL_PROGRAMME_MAPPING 411 cloned channels / 813 total,FALLBACK,https://epgshare01.online/epgshare01/epg_ripper_AE1.xml.gz
QUARANTINE,,epgshare,AE1,Algérie 4,Algérie.4.ae,93,72.9,100.0,,,SOURCE_QUARANTINED_BAD_CHANNEL_PROGRAMME_MAPPING 411 cloned channels / 813 total,FALLBACK,https://epgshare01.online/epgshare01/epg_ripper_AE1.xml.gz
QUARANTINE,,epgshare,AE1,Algérie 5,Algérie.5.ae,123,72.9,100.0,,,SOURCE_QUARANTINED_BAD_CHANNEL_PROGRAMME_MAPPING 411 cloned channels / 813 total,FALLBACK,https://epgshare01.online/epgshare01/epg_ripper_AE1.xml.gz
QUARANTINE,,epgshare,AE1,Algérie 6 HD,Algérie.6.HD.ae,93,72.9,100.0,,,SOURCE_QUARANTINED_BAD_CHANNEL_PROGRAMME_MAPPING 411 cloned channels / 813 total,FALLBACK,https://epgshare01.online/epgshare01/epg_ripper_AE1.xml.gz
QUARANTINE,,epgshare,AE1,Algérie 7,Algérie.7.ae,14,76.9,100.0,,,SOURCE_QUARANTINED_BAD_CHANNEL_PROGRAMME_MAPPING 411 cloned channels / 813 total,FALLBACK,https://epgshare01.online/epgshare01/epg_ripper_AE1.xml.gz
QUARANTINE,,epgshare,AE1,Algérie 8 HD,Algérie.8.HD.ae,14,76.9,100.0,,,SOURCE_QUARANTINED_BAD_CHANNEL_PROGRAMME_MAPPING 411 cloned channels / 813 total,FALLBACK,https://epgshare01.online/epgshare01/epg_ripper_AE1.xml.gz
QUARANTINE,,epgshare,AE1,AlHadath Alyoum,AlHadath.Alyoum.ae,113,72.9,100.0,,,SOURCE_QUARANTINED_BAD_CHANNEL_PROGRAMME_MAPPING 411 cloned channels / 813 total,FALLBACK,https://epgshare01.online/epgshare01/epg_ripper_AE1.xml.gz
QUARANTINE,,epgshare,AE1,Alistiqama TV,Alistiqama.TV.ae,123,72.9,100.0,,,SOURCE_QUARANTINED_BAD_CHANNEL_PROGRAMME_MAPPING 411 cloned channels / 813 total,FALLBACK,https://epgshare01.online/epgshare01/epg_ripper_AE1.xml.gz
QUARANTINE,,epgshare,AE1,Alkarma Praise,Alkarma.Praise.ae,64,48.9,100.0,,,SOURCE_QUARANTINED_BAD_CHANNEL_PROGRAMME_MAPPING 411 cloned channels / 813 total,FALLBACK,https://epgshare01.online/epgshare01/epg_ripper_AE1.xml.gz
QUARANTINE,,epgshare,AE1,Alkarma TV Middle East 1,Alkarma.TV.Middle.East.1.ae,64,48.9,100.0,,,SOURCE_QUARANTINED_BAD_CHANNEL_PROGRAMME_MAPPING 411 cloned channels / 813 total,FALLBACK,https://epgshare01.online/epgshare01/epg_ripper_AE1.xml.gz
QUARANTINE,,epgshare,AE1,Alkass Four,Alkass.Four.ae,327,73.3,100.0,,,SOURCE_QUARANTINED_BAD_CHANNEL_PROGRAMME_MAPPING 411 cloned channels / 813 total,FALLBACK,https://epgshare01.online/epgshare01/epg_ripper_AE1.xml.gz
QUARANTINE,,epgshare,AE1,Alkass One HD,Alkass.One.HD.ae,67,73.9,100.0,,,SOURCE_QUARANTINED_BAD_CHANNEL_PROGRAMME_MAPPING 411 cloned channels / 813 total,FALLBACK,https://epgshare01.online/epgshare01/epg_ripper_AE1.xml.gz
QUARANTINE,,epgshare,AE1,Alkass Three,Alkass.Three.ae,327,73.3,100.0,,,SOURCE_QUARANTINED_BAD_CHANNEL_PROGRAMME_MAPPING 411 cloned channels / 813 total,FALLBACK,https://epgshare01.online/epgshare01/epg_ripper_AE1.xml.gz
QUARANTINE,,epgshare,AE1,Alkass Two HD,Alkass.Two.HD.ae,327,73.3,100.0,,,SOURCE_QUARANTINED_BAD_CHANNEL_PROGRAMME_MAPPING 411 cloned channels / 813 total,FALLBACK,https://epgshare01.online/epgshare01/epg_ripper_AE1.xml.gz
QUARANTINE,,epgshare,AE1,Alking Drama TV,Alking.Drama.TV.ae,64,73.9,100.0,,,SOURCE_QUARANTINED_BAD_CHANNEL_PROGRAMME_MAPPING 411 cloned channels / 813 total,FALLBACK,https://epgshare01.online/epgshare01/epg_ripper_AE1.xml.gz
QUARANTINE,,epgshare,AE1,Allahdhah TV,Allahdhah.TV.ae,64,48.9,100.0,,,SOURCE_QUARANTINED_BAD_CHANNEL_PROGRAMME_MAPPING 411 cloned channels / 813 total,FALLBACK,https://epgshare01.online/epgshare01/epg_ripper_AE1.xml.gz
QUARANTINE,,epgshare,AE1,Almagd TV,Almagd.TV.ae,64,48.9,100.0,,,SOURCE_QUARANTINED_BAD_CHANNEL_PROGRAMME_MAPPING 411 cloned channels / 813 total,FALLBACK,https://epgshare01.online/epgshare01/epg_ripper_AE1.xml.gz
QUARANTINE,,epgshare,AE1,Almasirah TV,Almasirah.TV.ae,31,86.9,100.0,,,SOURCE_QUARANTINED_BAD_CHANNEL_PROGRAMME_MAPPING 411 cloned channels / 813 total,FALLBACK,https://epgshare01.online/epgshare01/epg_ripper_AE1.xml.gz
QUARANTINE,,epgshare,AE1,Almasirah TV Mubasher,Almasirah.TV.Mubasher.ae,31,86.9,100.0,,,SOURCE_QUARANTINED_BAD_CHANNEL_PROGRAMME_MAPPING 411 cloned channels / 813 total,FALLBACK,https://epgshare01.online/epgshare01/epg_ripper_AE1.xml.gz
QUARANTINE,,epgshare,AE1,Almustakillah TV,Almustakillah.TV.ae,64,48.9,100.0,,,SOURCE_QUARANTINED_BAD_CHANNEL_PROGRAMME_MAPPING 411 cloned channels / 813 total,FALLBACK,https://epgshare01.online/epgshare01/epg_ripper_AE1.xml.gz
QUARANTINE,,epgshare,AE1,Als3yda Madeeh,Als3yda.Madeeh.ae,123,72.9,100.0,,,SOURCE_QUARANTINED_BAD_CHANNEL_PROGRAMME_MAPPING 411 cloned channels / 813 total,FALLBACK,https://epgshare01.online/epgshare01/epg_ripper_AE1.xml.gz
QUARANTINE,,epgshare,AE1,Alshaaer TV,Alshaaer.TV.ae,64,48.9,100.0,,,SOURCE_QUARANTINED_BAD_CHANNEL_PROGRAMME_MAPPING 411 cloned channels / 813 total,FALLBACK,https://epgshare01.online/epgshare01/epg_ripper_AE1.xml.gz
QUARANTINE,,epgshare,AE1,AlSukariya Drama,AlSukariya.Drama.ae,64,73.9,100.0,,,SOURCE_QUARANTINED_BAD_CHANNEL_PROGRAMME_MAPPING 411 cloned channels / 813 total,FALLBACK,https://epgshare01.online/epgshare01/epg_ripper_AE1.xml.gz
QUARANTINE,,epgshare,AE1,Altaghier TV HD,Altaghier.TV.HD.ae,0,0.0,0.0,,,SOURCE_QUARANTINED_BAD_CHANNEL_PROGRAMME_MAPPING 411 cloned channels / 813 total,FALLBACK,https://epgshare01.online/epgshare01/epg_ripper_AE1.xml.gz
QUARANTINE,,epgshare,AE1,Altaleaa TV,Altaleaa.TV.ae,64,48.9,100.0,,,SOURCE_QUARANTINED_BAD_CHANNEL_PROGRAMME_MAPPING 411 cloned channels / 813 total,FALLBACK,https://epgshare01.online/epgshare01/epg_ripper_AE1.xml.gz
QUARANTINE,,epgshare,AE1,AlThaqafeya HD,AlThaqafeya.HD.ae,0,0.0,0.0,,,SOURCE_QUARANTINED_BAD_CHANNEL_PROGRAMME_MAPPING 411 cloned channels / 813 total,FALLBACK,https://epgshare01.online/epgshare01/epg_ripper_AE1.xml.gz
QUARANTINE,,epgshare,AE1,ALWadi ALGaded,ALWadi.ALGaded.ae,64,48.9,100.0,,,SOURCE_QUARANTINED_BAD_CHANNEL_PROGRAMME_MAPPING 411 cloned channels / 813 total,FALLBACK,https://epgshare01.online/epgshare01/epg_ripper_AE1.xml.gz
QUARANTINE,,epgshare,AE1,Alzrga,Alzrga.ae,64,48.9,100.0,,,SOURCE_QUARANTINED_BAD_CHANNEL_PROGRAMME_MAPPING 411 cloned channels / 813 total,FALLBACK,https://epgshare01.online/epgshare01/epg_ripper_AE1.xml.gz
QUARANTINE,,epgshare,AE1,Amman TV HD,Amman.TV.HD.ae,69,72.9,100.0,,,SOURCE_QUARANTINED_BAD_CHANNEL_PROGRAMME_MAPPING 411 cloned channels / 813 total,FALLBACK,https://epgshare01.online/epgshare01/epg_ripper_AE1.xml.gz
QUARANTINE,,epgshare,AE1,Amozhgary TV,Amozhgary.TV.ae,64,48.9,100.0,,,SOURCE_QUARANTINED_BAD_CHANNEL_PROGRAMME_MAPPING 411 cloned channels / 813 total,FALLBACK,https://epgshare01.online/epgshare01/epg_ripper_AE1.xml.gz
QUARANTINE,,epgshare,AE1,Anewz,Anewz.ae,139,72.9,100.0,,,SOURCE_QUARANTINED_BAD_CHANNEL_PROGRAMME_MAPPING 411 cloned channels / 813 total,FALLBACK,https://epgshare01.online/epgshare01/epg_ripper_AE1.xml.gz
QUARANTINE,,epgshare,AE1,Angel TV Arabia,Angel.TV.Arabia.ae,0,0.0,0.0,,,SOURCE_QUARANTINED_BAD_CHANNEL_PROGRAMME_MAPPING 411 cloned channels / 813 total,FALLBACK,https://epgshare01.online/epgshare01/epg_ripper_AE1.xml.gz
QUARANTINE,,epgshare,AE1,ar: 1 أبوظبي الرياضية,ar:.1.أبوظبي.الرياضية.ae,0,0.0,0.0,,,SOURCE_QUARANTINED_BAD_CHANNEL_PROGRAMME_MAPPING 411 cloned channels / 813 total,FALLBACK,https://epgshare01.online/epgshare01/epg_ripper_AE1.xml.gz
QUARANTINE,,epgshare,AE1,ar: 2 أبوظبي الرياضية,ar:.2.أبوظبي.الرياضية.ae,0,0.0,0.0,,,SOURCE_QUARANTINED_BAD_CHANNEL_PROGRAMME_MAPPING 411 cloned channels / 813 total,FALLBACK,https://epgshare01.online/epgshare01/epg_ripper_AE1.xml.gz
QUARANTINE,,epgshare,AE1,ar: 2M Monde,ar:.2M.Monde.ae,0,0.0,0.0,,,SOURCE_QUARANTINED_BAD_CHANNEL_PROGRAMME_MAPPING 411 cloned channels / 813 total,FALLBACK,https://epgshare01.online/epgshare01/epg_ripper_AE1.xml.gz
QUARANTINE,,epgshare,AE1,ar: Al Jadeed,ar:.Al.Jadeed.ae,0,0.0,0.0,,,SOURCE_QUARANTINED_BAD_CHANNEL_PROGRAMME_MAPPING 411 cloned channels / 813 total,FALLBACK,https://epgshare01.online/epgshare01/epg_ripper_AE1.xml.gz
QUARANTINE,,epgshare,AE1,ar: DAZN Combat & Fighting,ar:.DAZN.Combat.&.Fighting.ae,0,0.0,0.0,,,SOURCE_QUARANTINED_BAD_CHANNEL_PROGRAMME_MAPPING 411 cloned channels / 813 total,FALLBACK,https://epgshare01.online/epgshare01/epg_ripper_AE1.xml.gz
QUARANTINE,,epgshare,AE1,ar: M80 موسى,ar:.M80.موسى.ae,0,0.0,0.0,,,SOURCE_QUARANTINED_BAD_CHANNEL_PROGRAMME_MAPPING 411 cloned channels / 813 total,FALLBACK,https://epgshare01.online/epgshare01/epg_ripper_AE1.xml.gz
QUARANTINE,,epgshare,AE1,ar: MBC+ e&,ar:.MBC+.e&.ae,0,0.0,0.0,,,SOURCE_QUARANTINED_BAD_CHANNEL_PROGRAMME_MAPPING 411 cloned channels / 813 total,FALLBACK,https://epgshare01.online/epgshare01/epg_ripper_AE1.xml.gz
QUARANTINE,,epgshare,AE1,ar: Red Bull TV Live,ar:.Red.Bull.TV.Live.ae,0,0.0,0.0,,,SOURCE_QUARANTINED_BAD_CHANNEL_PROGRAMME_MAPPING 411 cloned channels / 813 total,FALLBACK,https://epgshare01.online/epgshare01/epg_ripper_AE1.xml.gz
QUARANTINE,,epgshare,AE1,ar: Roya TV Live,ar:.Roya.TV.Live.ae,0,0.0,0.0,,,SOURCE_QUARANTINED_BAD_CHANNEL_PROGRAMME_MAPPING 411 cloned channels / 813 total,FALLBACK,https://epgshare01.online/epgshare01/epg_ripper_AE1.xml.gz
QUARANTINE,,epgshare,AE1,ar: STARZPLAY Sports,ar:.STARZPLAY.Sports.ae,0,0.0,0.0,,,SOURCE_QUARANTINED_BAD_CHANNEL_PROGRAMME_MAPPING 411 cloned channels / 813 total,FALLBACK,https://epgshare01.online/epgshare01/epg_ripper_AE1.xml.gz
QUARANTINE,,epgshare,AE1,ar: آسيا نت,ar:.آسيا.نت.ae,83,74.9,100.0,,,SOURCE_QUARANTINED_BAD_CHANNEL_PROGRAMME_MAPPING 411 cloned channels / 813 total,FALLBACK,https://epgshare01.online/epgshare01/epg_ripper_AE1.xml.gz
QUARANTINE,,epgshare,AE1,ar: آسيا نت بلس,ar:.آسيا.نت.بلس.ae,48,73.4,100.0,,,SOURCE_QUARANTINED_BAD_CHANNEL_PROGRAMME_MAPPING 411 cloned channels / 813 total,FALLBACK,https://epgshare01.online/epgshare01/epg_ripper_AE1.xml.gz
QUARANTINE,,epgshare,AE1,ar: آسيا نت موفيز,ar:.آسيا.نت.موفيز.ae,29,74.4,100.0,,,SOURCE_QUARANTINED_BAD_CHANNEL_PROGRAMME_MAPPING 411 cloned channels / 813 total,FALLBACK,https://epgshare01.online/epgshare01/epg_ripper_AE1.xml.gz
QUARANTINE,,epgshare,AE1,ar: أبوظبي الرياضية إكسترا,ar:.أبوظبي.الرياضية.إكسترا.ae,67,72.9,100.0,,,SOURCE_QUARANTINED_BAD_CHANNEL_PROGRAMME_MAPPING 411 cloned channels / 813 total,FALLBACK,https://epgshare01.online/epgshare01/epg_ripper_AE1.xml.gz
QUARANTINE,,epgshare,AE1,ar: أبوظبي الرياضية بريميوم 2 - الدوري الإيطالي,ar:.أبوظبي.الرياضية.بريميوم.2.-.الدوري.الإيطالي.ae,67,72.9,100.0,,,SOURCE_QUARANTINED_BAD_CHANNEL_PROGRAMME_MAPPING 411 cloned channels / 813 total,FALLBACK,https://epgshare01.online/epgshare01/epg_ripper_AE1.xml.gz
QUARANTINE,,epgshare,AE1,ar: أبوظبي كلاسيك إف إم,ar:.أبوظبي.كلاسيك.إف.إم.ae,0,0.0,0.0,,,SOURCE_QUARANTINED_BAD_CHANNEL_PROGRAMME_MAPPING 411 cloned channels / 813 total,FALLBACK,https://epgshare01.online/epgshare01/epg_ripper_AE1.xml.gz
QUARANTINE,,epgshare,AE1,ar: أس تي سي دراما,ar:.أس.تي.سي.دراما.ae,0,0.0,0.0,,,SOURCE_QUARANTINED_BAD_CHANNEL_PROGRAMME_MAPPING 411 cloned channels / 813 total,FALLBACK,https://epgshare01.online/epgshare01/epg_ripper_AE1.xml.gz
QUARANTINE,,epgshare,AE1,ar: أس تي سي سينما,ar:.أس.تي.سي.سينما.ae,0,0.0,0.0,,,SOURCE_QUARANTINED_BAD_CHANNEL_PROGRAMME_MAPPING 411 cloned channels / 813 total,FALLBACK,https://epgshare01.online/epgshare01/epg_ripper_AE1.xml.gz
QUARANTINE,,epgshare,AE1,ar: أس تي سي عائلة,ar:.أس.تي.سي.عائلة.ae,0,0.0,0.0,,,SOURCE_QUARANTINED_BAD_CHANNEL_PROGRAMME_MAPPING 411 cloned channels / 813 total,FALLBACK,https://epgshare01.online/epgshare01/epg_ripper_AE1.xml.gz
QUARANTINE,,epgshare,AE1,ar: أيه دبل يو إس إن بلس,ar:.أيه.دبل.يو.إس.إن.بلس.ae,0,0.0,0.0,,,SOURCE_QUARANTINED_BAD_CHANNEL_PROGRAMME_MAPPING 411 cloned channels / 813 total,FALLBACK,https://epgshare01.online/epgshare01/epg_ripper_AE1.xml.gz
QUARANTINE,,epgshare,AE1,ar: إذاعة أبوظبي إف إم,ar:.إذاعة.أبوظبي.إف.إم.ae,0,0.0,0.0,,,SOURCE_QUARANTINED_BAD_CHANNEL_PROGRAMME_MAPPING 411 cloned channels / 813 total,FALLBACK,https://epgshare01.online/epgshare01/epg_ripper_AE1.xml.gz
QUARANTINE,,epgshare,AE1,ar: إذاعة الإمارات إف إم,ar:.إذاعة.الإمارات.إف.إم.ae,0,0.0,0.0,,,SOURCE_QUARANTINED_BAD_CHANNEL_PROGRAMME_MAPPING 411 cloned channels / 813 total,FALLBACK,https://epgshare01.online/epgshare01/epg_ripper_AE1.xml.gz
QUARANTINE,,epgshare,AE1,ar: الشرق للأخبار- لايف,ar:.الشرق.للأخبار-.لايف.ae,0,0.0,0.0,,,SOURCE_QUARANTINED_BAD_CHANNEL_PROGRAMME_MAPPING 411 cloned channels / 813 total,FALLBACK,https://epgshare01.online/epgshare01/epg_ripper_AE1.xml.gz
QUARANTINE,,epgshare,AE1,ar: العربية بيزنس - مباشر,ar:.العربية.بيزنس.-.مباشر.ae,68,72.9,100.0,,,SOURCE_QUARANTINED_BAD_CHANNEL_PROGRAMME_MAPPING 411 cloned channels / 813 total,FALLBACK,https://epgshare01.online/epgshare01/epg_ripper_AE1.xml.gz
QUARANTINE,,epgshare,AE1,ar: اي اي اس ال (ايست ايشيا سوبر ليغ 2025-2026),ar:.اي.اي.اس.ال.(ايست.ايشيا.سوبر.ليغ.2025-2026).ae,0,0.0,0.0,,,SOURCE_QUARANTINED_BAD_CHANNEL_PROGRAMME_MAPPING 411 cloned channels / 813 total,FALLBACK,https://epgshare01.online/epgshare01/epg_ripper_AE1.xml.gz
QUARANTINE,,epgshare,AE1,ar: بلوم,ar:.بلوم.ae,403,73.3,100.0,,,SOURCE_QUARANTINED_BAD_CHANNEL_PROGRAMME_MAPPING 411 cloned channels / 813 total,FALLBACK,https://epgshare01.online/epgshare01/epg_ripper_AE1.xml.gz
QUARANTINE,,epgshare,AE1,ar: جولف لايف,ar:.جولف.لايف.ae,0,0.0,0.0,,,SOURCE_QUARANTINED_BAD_CHANNEL_PROGRAMME_MAPPING 411 cloned channels / 813 total,FALLBACK,https://epgshare01.online/epgshare01/epg_ripper_AE1.xml.gz
QUARANTINE,,epgshare,AE1,ar: راديو 1,ar:.راديو.1.ae,0,0.0,0.0,,,SOURCE_QUARANTINED_BAD_CHANNEL_PROGRAMME_MAPPING 411 cloned channels / 813 total,FALLBACK,https://epgshare01.online/epgshare01/epg_ripper_AE1.xml.gz
QUARANTINE,,epgshare,AE1,ar: راديو 2,ar:.راديو.2.ae,0,0.0,0.0,,,SOURCE_QUARANTINED_BAD_CHANNEL_PROGRAMME_MAPPING 411 cloned channels / 813 total,FALLBACK,https://epgshare01.online/epgshare01/epg_ripper_AE1.xml.gz
QUARANTINE,,epgshare,AE1,ar: زي أفلام - مباشر,ar:.زي.أفلام.-.مباشر.ae,0,0.0,0.0,,,SOURCE_QUARANTINED_BAD_CHANNEL_PROGRAMME_MAPPING 411 cloned channels / 813 total,FALLBACK,https://epgshare01.online/epgshare01/epg_ripper_AE1.xml.gz
QUARANTINE,,epgshare,AE1,ar: زي ألوان - البث المباشر,ar:.زي.ألوان.-.البث.المباشر.ae,0,0.0,0.0,,,SOURCE_QUARANTINED_BAD_CHANNEL_PROGRAMME_MAPPING 411 cloned channels / 813 total,FALLBACK,https://epgshare01.online/epgshare01/epg_ripper_AE1.xml.gz
QUARANTINE,,epgshare,AE1,ar: زي تي في,ar:.زي.تي.في.ae,116,72.9,100.0,,,SOURCE_QUARANTINED_BAD_CHANNEL_PROGRAMME_MAPPING 411 cloned channels / 813 total,FALLBACK,https://epgshare01.online/epgshare01/epg_ripper_AE1.xml.gz
QUARANTINE,,epgshare,AE1,ar: ست ماكس,ar:.ست.ماكس.ae,34,74.8,100.0,,,SOURCE_QUARANTINED_BAD_CHANNEL_PROGRAMME_MAPPING 411 cloned channels / 813 total,FALLBACK,https://epgshare01.online/epgshare01/epg_ripper_AE1.xml.gz
QUARANTINE,,epgshare,AE1,ar: ستار إف إم,ar:.ستار.إف.إم.ae,0,0.0,0.0,,,SOURCE_QUARANTINED_BAD_CHANNEL_PROGRAMME_MAPPING 411 cloned channels / 813 total,FALLBACK,https://epgshare01.online/epgshare01/epg_ripper_AE1.xml.gz
QUARANTINE,,epgshare,AE1,ar: ستار بلس,ar:.ستار.بلس.ae,130,72.9,100.0,,,SOURCE_QUARANTINED_BAD_CHANNEL_PROGRAMME_MAPPING 411 cloned channels / 813 total,FALLBACK,https://epgshare01.online/epgshare01/epg_ripper_AE1.xml.gz
QUARANTINE,,epgshare,AE1,ar: ستارز بلاي سبورتس 1,ar:.ستارز.بلاي.سبورتس.1.ae,72,72.9,100.0,,,SOURCE_QUARANTINED_BAD_CHANNEL_PROGRAMME_MAPPING 411 cloned channels / 813 total,FALLBACK,https://epgshare01.online/epgshare01/epg_ripper_AE1.xml.gz
QUARANTINE,,epgshare,AE1,ar: ستارز بلاي كلاسيكز,ar:.ستارز.بلاي.كلاسيكز.ae,0,0.0,0.0,,,SOURCE_QUARANTINED_BAD_CHANNEL_PROGRAMME_MAPPING 411 cloned channels / 813 total,FALLBACK,https://epgshare01.online/epgshare01/epg_ripper_AE1.xml.gz
QUARANTINE,,epgshare,AE1,ar: ستارزبلاي رغبي,ar:.ستارزبلاي.رغبي.ae,19,74.9,100.0,,,SOURCE_QUARANTINED_BAD_CHANNEL_PROGRAMME_MAPPING 411 cloned channels / 813 total,FALLBACK,https://epgshare01.online/epgshare01/epg_ripper_AE1.xml.gz
QUARANTINE,,epgshare,AE1,ar: ستارزبلاي كريكيت 1,ar:.ستارزبلاي.كريكيت.1.ae,60,74.9,100.0,,,SOURCE_QUARANTINED_BAD_CHANNEL_PROGRAMME_MAPPING 411 cloned channels / 813 total,FALLBACK,https://epgshare01.online/epgshare01/epg_ripper_AE1.xml.gz
QUARANTINE,,epgshare,AE1,ar: ستارزبلاي كريكيت 2,ar:.ستارزبلاي.كريكيت.2.ae,0,0.0,0.0,,,SOURCE_QUARANTINED_BAD_CHANNEL_PROGRAMME_MAPPING 411 cloned channels / 813 total,FALLBACK,https://epgshare01.online/epgshare01/epg_ripper_AE1.xml.gz
QUARANTINE,,epgshare,AE1,ar: سكاي نيوز عربية - مباشر,ar:.سكاي.نيوز.عربية.-.مباشر.ae,0,0.0,0.0,,,SOURCE_QUARANTINED_BAD_CHANNEL_PROGRAMME_MAPPING 411 cloned channels / 813 total,FALLBACK,https://epgshare01.online/epgshare01/epg_ripper_AE1.xml.gz
QUARANTINE,,epgshare,AE1,ar: سما دبي,ar:.سما.دبي.ae,0,0.0,0.0,,,SOURCE_QUARANTINED_BAD_CHANNEL_PROGRAMME_MAPPING 411 cloned channels / 813 total,FALLBACK,https://epgshare01.online/epgshare01/epg_ripper_AE1.xml.gz
QUARANTINE,,epgshare,AE1,ar: سوني تي في,ar:.سوني.تي.في.ae,77,73.4,100.0,,,SOURCE_QUARANTINED_BAD_CHANNEL_PROGRAMME_MAPPING 411 cloned channels / 813 total,FALLBACK,https://epgshare01.online/epgshare01/epg_ripper_AE1.xml.gz
QUARANTINE,,epgshare,AE1,ar: سي إن بي سي عربية - مباشر,ar:.سي.إن.بي.سي.عربية.-.مباشر.ae,0,0.0,0.0,,,SOURCE_QUARANTINED_BAD_CHANNEL_PROGRAMME_MAPPING 411 cloned channels / 813 total,FALLBACK,https://epgshare01.online/epgshare01/epg_ripper_AE1.xml.gz
QUARANTINE,,epgshare,AE1,ar: سي جي تي إن,ar:.سي.جي.تي.إن.ae,1,89.9,100.0,,,SOURCE_QUARANTINED_BAD_CHANNEL_PROGRAMME_MAPPING 411 cloned channels / 813 total,FALLBACK,https://epgshare01.online/epgshare01/epg_ripper_AE1.xml.gz
QUARANTINE,,epgshare,AE1,ar: عناوين أخبار سي إن إن,ar:.عناوين.أخبار.سي.إن.إن.ae,0,0.0,0.0,,,SOURCE_QUARANTINED_BAD_CHANNEL_PROGRAMME_MAPPING 411 cloned channels / 813 total,FALLBACK,https://epgshare01.online/epgshare01/epg_ripper_AE1.xml.gz
QUARANTINE,,epgshare,AE1,ar: غامبول باي دبليو بي تي في,ar:.غامبول.باي.دبليو.بي.تي.في.ae,0,0.0,0.0,,,SOURCE_QUARANTINED_BAD_CHANNEL_PROGRAMME_MAPPING 411 cloned channels / 813 total,FALLBACK,https://epgshare01.online/epgshare01/epg_ripper_AE1.xml.gz
QUARANTINE,,epgshare,AE1,ar: قناة أبوظبي,ar:.قناة.أبوظبي.ae,0,0.0,0.0,,,SOURCE_QUARANTINED_BAD_CHANNEL_PROGRAMME_MAPPING 411 cloned channels / 813 total,FALLBACK,https://epgshare01.online/epgshare01/epg_ripper_AE1.xml.gz
QUARANTINE,,epgshare,AE1,ar: قناة إنديا توداي التلفزيونية,ar:.قناة.إنديا.توداي.التلفزيونية.ae,0,0.0,0.0,,,SOURCE_QUARANTINED_BAD_CHANNEL_PROGRAMME_MAPPING 411 cloned channels / 813 total,FALLBACK,https://epgshare01.online/epgshare01/epg_ripper_AE1.xml.gz
QUARANTINE,,epgshare,AE1,ar: قناة إي آر واي ديجيتال,ar:.قناة.إي.آر.واي.ديجيتال.ae,0,0.0,0.0,,,SOURCE_QUARANTINED_BAD_CHANNEL_PROGRAMME_MAPPING 411 cloned channels / 813 total,FALLBACK,https://epgshare01.online/epgshare01/epg_ripper_AE1.xml.gz
QUARANTINE,,epgshare,AE1,ar: قناة الإمارات,ar:.قناة.الإمارات.ae,0,0.0,0.0,,,SOURCE_QUARANTINED_BAD_CHANNEL_PROGRAMME_MAPPING 411 cloned channels / 813 total,FALLBACK,https://epgshare01.online/epgshare01/epg_ripper_AE1.xml.gz
QUARANTINE,,epgshare,AE1,ar: قناة الحدث - مباشر,ar:.قناة.الحدث.-.مباشر.ae,107,72.9,100.0,,,SOURCE_QUARANTINED_BAD_CHANNEL_PROGRAMME_MAPPING 411 cloned channels / 813 total,FALLBACK,https://epgshare01.online/epgshare01/epg_ripper_AE1.xml.gz
QUARANTINE,,epgshare,AE1,ar: قناة العربية - مباشر,ar:.قناة.العربية.-.مباشر.ae,0,0.0,0.0,,,SOURCE_QUARANTINED_BAD_CHANNEL_PROGRAMME_MAPPING 411 cloned channels / 813 total,FALLBACK,https://epgshare01.online/epgshare01/epg_ripper_AE1.xml.gz
QUARANTINE,,epgshare,AE1,ar: قناة القرآن الكريم,ar:.قناة.القرآن.الكريم.ae,0,0.0,0.0,,,SOURCE_QUARANTINED_BAD_CHANNEL_PROGRAMME_MAPPING 411 cloned channels / 813 total,FALLBACK,https://epgshare01.online/epgshare01/epg_ripper_AE1.xml.gz
QUARANTINE,,epgshare,AE1,ar: قناة بينونة,ar:.قناة.بينونة.ae,0,0.0,0.0,,,SOURCE_QUARANTINED_BAD_CHANNEL_PROGRAMME_MAPPING 411 cloned channels / 813 total,FALLBACK,https://epgshare01.online/epgshare01/epg_ripper_AE1.xml.gz
QUARANTINE,,epgshare,AE1,ar: قناة جيو,ar:.قناة.جيو.ae,0,0.0,0.0,,,SOURCE_QUARANTINED_BAD_CHANNEL_PROGRAMME_MAPPING 411 cloned channels / 813 total,FALLBACK,https://epgshare01.online/epgshare01/epg_ripper_AE1.xml.gz
QUARANTINE,,epgshare,AE1,ar: قناة ماجد,ar:.قناة.ماجد.ae,0,0.0,0.0,,,SOURCE_QUARANTINED_BAD_CHANNEL_PROGRAMME_MAPPING 411 cloned channels / 813 total,FALLBACK,https://epgshare01.online/epgshare01/epg_ripper_AE1.xml.gz
QUARANTINE,,epgshare,AE1,ar: قناة ياس,ar:.قناة.ياس.ae,0,0.0,0.0,,,SOURCE_QUARANTINED_BAD_CHANNEL_PROGRAMME_MAPPING 411 cloned channels / 813 total,FALLBACK,https://epgshare01.online/epgshare01/epg_ripper_AE1.xml.gz
QUARANTINE,,epgshare,AE1,ar: ك-دراما+,ar:.ك-دراما+.ae,0,0.0,0.0,,,SOURCE_QUARANTINED_BAD_CHANNEL_PROGRAMME_MAPPING 411 cloned channels / 813 total,FALLBACK,https://epgshare01.online/epgshare01/epg_ripper_AE1.xml.gz
QUARANTINE,,epgshare,AE1,ar: كاريم نيسارام-مباشر,ar:.كاريم.نيسارام-مباشر.ae,0,0.0,0.0,,,SOURCE_QUARANTINED_BAD_CHANNEL_PROGRAMME_MAPPING 411 cloned channels / 813 total,FALLBACK,https://epgshare01.online/epgshare01/epg_ripper_AE1.xml.gz
QUARANTINE,,epgshare,AE1,ar: كدك إف إم,ar:.كدك.إف.إم.ae,0,0.0,0.0,,,SOURCE_QUARANTINED_BAD_CHANNEL_PROGRAMME_MAPPING 411 cloned channels / 813 total,FALLBACK,https://epgshare01.online/epgshare01/epg_ripper_AE1.xml.gz
QUARANTINE,,epgshare,AE1,ar: كلرز إتش دي,ar:.كلرز.إتش.دي.ae,95,72.9,100.0,,,SOURCE_QUARANTINED_BAD_CHANNEL_PROGRAMME_MAPPING 411 cloned channels / 813 total,FALLBACK,https://epgshare01.online/epgshare01/epg_ripper_AE1.xml.gz
QUARANTINE,,epgshare,AE1,ar: كيوريوسيتي ستريم,ar:.كيوريوسيتي.ستريم.ae,0,0.0,0.0,,,SOURCE_QUARANTINED_BAD_CHANNEL_PROGRAMME_MAPPING 411 cloned channels / 813 total,FALLBACK,https://epgshare01.online/epgshare01/epg_ripper_AE1.xml.gz
QUARANTINE,,epgshare,AE1,ar: ناشيونال جيوغرافيك أبوظبي,ar:.ناشيونال.جيوغرافيك.أبوظبي.ae,0,0.0,0.0,,,SOURCE_QUARANTINED_BAD_CHANNEL_PROGRAMME_MAPPING 411 cloned channels / 813 total,FALLBACK,https://epgshare01.online/epgshare01/epg_ripper_AE1.xml.gz
QUARANTINE,,epgshare,AE1,ar: ويدوسبورتس مينا,ar:.ويدوسبورتس.مينا.ae,0,0.0,0.0,,,SOURCE_QUARANTINED_BAD_CHANNEL_PROGRAMME_MAPPING 411 cloned channels / 813 total,FALLBACK,https://epgshare01.online/epgshare01/epg_ripper_AE1.xml.gz
QUARANTINE,,epgshare,AE1,ar: ياس تي في إكسترا,ar:.ياس.تي.في.إكسترا.ae,62,72.9,100.0,,,SOURCE_QUARANTINED_BAD_CHANNEL_PROGRAMME_MAPPING 411 cloned channels / 813 total,FALLBACK,https://epgshare01.online/epgshare01/epg_ripper_AE1.xml.gz
QUARANTINE,,epgshare,AE1,ar: يونبيتن سبورتس,ar:.يونبيتن.سبورتس.ae,0,0.0,0.0,,,SOURCE_QUARANTINED_BAD_CHANNEL_PROGRAMME_MAPPING 411 cloned channels / 813 total,FALLBACK,https://epgshare01.online/epgshare01/epg_ripper_AE1.xml.gz
QUARANTINE,,epgshare,AE1,Arirang World,Arirang.World.ae,149,72.9,100.0,,,SOURCE_QUARANTINED_BAD_CHANNEL_PROGRAMME_MAPPING 411 cloned channels / 813 total,FALLBACK,https://epgshare01.online/epgshare01/epg_ripper_AE1.xml.gz
QUARANTINE,,epgshare,AE1,Aryen TV,Aryen.TV.ae,0,0.0,0.0,,,SOURCE_QUARANTINED_BAD_CHANNEL_PROGRAMME_MAPPING 411 cloned channels / 813 total,FALLBACK,https://epgshare01.online/epgshare01/epg_ripper_AE1.xml.gz
QUARANTINE,,epgshare,AE1,Asharq Discovery HD,Asharq.Discovery.HD.ae,78,72.9,100.0,,,SOURCE_QUARANTINED_BAD_CHANNEL_PROGRAMME_MAPPING 411 cloned channels / 813 total,FALLBACK,https://epgshare01.online/epgshare01/epg_ripper_AE1.xml.gz
QUARANTINE,,epgshare,AE1,Asharq Documentary HD,Asharq.Documentary.HD.ae,66,73.9,100.0,,,SOURCE_QUARANTINED_BAD_CHANNEL_PROGRAMME_MAPPING 411 cloned channels / 813 total,FALLBACK,https://epgshare01.online/epgshare01/epg_ripper_AE1.xml.gz
QUARANTINE,,epgshare,AE1,Asharq News HD,Asharq.News.HD.ae,91,72.9,100.0,,,SOURCE_QUARANTINED_BAD_CHANNEL_PROGRAMME_MAPPING 411 cloned channels / 813 total,FALLBACK,https://epgshare01.online/epgshare01/epg_ripper_AE1.xml.gz
QUARANTINE,,epgshare,AE1,Asil TV,Asil.TV.ae,64,48.9,100.0,,,SOURCE_QUARANTINED_BAD_CHANNEL_PROGRAMME_MAPPING 411 cloned channels / 813 total,FALLBACK,https://epgshare01.online/epgshare01/epg_ripper_AE1.xml.gz
QUARANTINE,,epgshare,AE1,Aswan,Aswan.ae,64,48.9,100.0,,,SOURCE_QUARANTINED_BAD_CHANNEL_PROGRAMME_MAPPING 411 cloned channels / 813 total,FALLBACK,https://epgshare01.online/epgshare01/epg_ripper_AE1.xml.gz
QUARANTINE,,epgshare,AE1,Atfal & Mawaheb,Atfal.&.Mawaheb.ae,0,0.0,0.0,,,SOURCE_QUARANTINED_BAD_CHANNEL_PROGRAMME_MAPPING 411 cloned channels / 813 total,FALLBACK,https://epgshare01.online/epgshare01/epg_ripper_AE1.xml.gz
QUARANTINE,,epgshare,AE1,Athan Tulkarem,Athan.Tulkarem.ae,64,48.9,100.0,,,SOURCE_QUARANTINED_BAD_CHANNEL_PROGRAMME_MAPPING 411 cloned channels / 813 total,FALLBACK,https://epgshare01.online/epgshare01/epg_ripper_AE1.xml.gz
QUARANTINE,,epgshare,AE1,Ava TV,Ava.TV.ae,64,48.9,100.0,,,SOURCE_QUARANTINED_BAD_CHANNEL_PROGRAMME_MAPPING 411 cloned channels / 813 total,FALLBACK,https://epgshare01.online/epgshare01/epg_ripper_AE1.xml.gz
QUARANTINE,,epgshare,AE1,Awdeh HD,Awdeh.HD.ae,64,48.9,100.0,,,SOURCE_QUARANTINED_BAD_CHANNEL_PROGRAMME_MAPPING 411 cloned channels / 813 total,FALLBACK,https://epgshare01.online/epgshare01/epg_ripper_AE1.xml.gz
QUARANTINE,,epgshare,AE1,AWE,AWE.ae,0,0.0,0.0,,,SOURCE_QUARANTINED_BAD_CHANNEL_PROGRAMME_MAPPING 411 cloned channels / 813 total,FALLBACK,https://epgshare01.online/epgshare01/epg_ripper_AE1.xml.gz
QUARANTINE,,epgshare,AE1,Azhari TV,Azhari.TV.ae,64,48.9,100.0,,,SOURCE_QUARANTINED_BAD_CHANNEL_PROGRAMME_MAPPING 411 cloned channels / 813 total,FALLBACK,https://epgshare01.online/epgshare01/epg_ripper_AE1.xml.gz
QUARANTINE,,epgshare,AE1,B4U Plus,B4U.Plus.ae,0,0.0,0.0,,,SOURCE_QUARANTINED_BAD_CHANNEL_PROGRAMME_MAPPING 411 cloned channels / 813 total,FALLBACK,https://epgshare01.online/epgshare01/epg_ripper_AE1.xml.gz
QUARANTINE,,epgshare,AE1,Baghdad TV,Baghdad.TV.ae,64,48.9,100.0,,,SOURCE_QUARANTINED_BAD_CHANNEL_PROGRAMME_MAPPING 411 cloned channels / 813 total,FALLBACK,https://epgshare01.online/epgshare01/epg_ripper_AE1.xml.gz
QUARANTINE,,epgshare,AE1,Bahia TV,Bahia.TV.ae,64,48.9,100.0,,,SOURCE_QUARANTINED_BAD_CHANNEL_PROGRAMME_MAPPING 411 cloned channels / 813 total,FALLBACK,https://epgshare01.online/epgshare01/epg_ripper_AE1.xml.gz
QUARANTINE,,epgshare,AE1,Bahrain International,Bahrain.International.ae,124,74.6,100.0,,,SOURCE_QUARANTINED_BAD_CHANNEL_PROGRAMME_MAPPING 411 cloned channels / 813 total,FALLBACK,https://epgshare01.online/epgshare01/epg_ripper_AE1.xml.gz
QUARANTINE,,epgshare,AE1,Bahrain TV HD,Bahrain.TV.HD.ae,124,74.6,100.0,,,SOURCE_QUARANTINED_BAD_CHANNEL_PROGRAMME_MAPPING 411 cloned channels / 813 total,FALLBACK,https://epgshare01.online/epgshare01/epg_ripper_AE1.xml.gz
QUARANTINE,,epgshare,AE1,Bakous Alexandaria,Bakous.Alexandaria.ae,64,48.9,100.0,,,SOURCE_QUARANTINED_BAD_CHANNEL_PROGRAMME_MAPPING 411 cloned channels / 813 total,FALLBACK,https://epgshare01.online/epgshare01/epg_ripper_AE1.xml.gz
QUARANTINE,,epgshare,AE1,Bangawaz TV,Bangawaz.TV.ae,64,48.9,100.0,,,SOURCE_QUARANTINED_BAD_CHANNEL_PROGRAMME_MAPPING 411 cloned channels / 813 total,FALLBACK,https://epgshare01.online/epgshare01/epg_ripper_AE1.xml.gz
QUARANTINE,,epgshare,AE1,Bare Knuckle,Bare.Knuckle.ae,0,0.0,0.0,,,SOURCE_QUARANTINED_BAD_CHANNEL_PROGRAMME_MAPPING 411 cloned channels / 813 total,FALLBACK,https://epgshare01.online/epgshare01/epg_ripper_AE1.xml.gz
QUARANTINE,,epgshare,AE1,Baynounah TV HD,Baynounah.TV.HD.ae,66,73.9,100.0,,,SOURCE_QUARANTINED_BAD_CHANNEL_PROGRAMME_MAPPING 411 cloned channels / 813 total,FALLBACK,https://epgshare01.online/epgshare01/epg_ripper_AE1.xml.gz
QUARANTINE,,epgshare,AE1,Baywatch,Baywatch.ae,0,0.0,0.0,,,SOURCE_QUARANTINED_BAD_CHANNEL_PROGRAMME_MAPPING 411 cloned channels / 813 total,FALLBACK,https://epgshare01.online/epgshare01/epg_ripper_AE1.xml.gz
QUARANTINE,,epgshare,AE1,BBC Arabic,BBC.Arabic.ae,131,72.9,100.0,,,SOURCE_QUARANTINED_BAD_CHANNEL_PROGRAMME_MAPPING 411 cloned channels / 813 total,FALLBACK,https://epgshare01.online/epgshare01/epg_ripper_AE1.xml.gz
QUARANTINE,,epgshare,AE1,BBC E,BBC.E.ae,64,48.9,100.0,,,SOURCE_QUARANTINED_BAD_CHANNEL_PROGRAMME_MAPPING 411 cloned channels / 813 total,FALLBACK,https://epgshare01.online/epgshare01/epg_ripper_AE1.xml.gz
QUARANTINE,,epgshare,AE1,BBC Horn of Africa,BBC.Horn.of.Africa.ae,64,48.9,100.0,,,SOURCE_QUARANTINED_BAD_CHANNEL_PROGRAMME_MAPPING 411 cloned channels / 813 total,FALLBACK,https://epgshare01.online/epgshare01/epg_ripper_AE1.xml.gz
QUARANTINE,,epgshare,AE1,BBC World News,BBC.World.News.ae,169,72.9,100.0,,,SOURCE_QUARANTINED_BAD_CHANNEL_PROGRAMME_MAPPING 411 cloned channels / 813 total,FALLBACK,https://epgshare01.online/epgshare01/epg_ripper_AE1.xml.gz
QUARANTINE,,epgshare,AE1,beIN Sports HD,beIN.Sports.HD.ae,14,76.9,100.0,,,SOURCE_QUARANTINED_BAD_CHANNEL_PROGRAMME_MAPPING 411 cloned channels / 813 total,FALLBACK,https://epgshare01.online/epgshare01/epg_ripper_AE1.xml.gz
QUARANTINE,,epgshare,AE1,beIN Sports News,beIN.Sports.News.ae,34,49.4,100.0,,,SOURCE_QUARANTINED_BAD_CHANNEL_PROGRAMME_MAPPING 411 cloned channels / 813 total,FALLBACK,https://epgshare01.online/epgshare01/epg_ripper_AE1.xml.gz
QUARANTINE,,epgshare,AE1,Beirut Aflam,Beirut.Aflam.ae,109,72.9,100.0,,,SOURCE_QUARANTINED_BAD_CHANNEL_PROGRAMME_MAPPING 411 cloned channels / 813 total,FALLBACK,https://epgshare01.online/epgshare01/epg_ripper_AE1.xml.gz
QUARANTINE,,epgshare,AE1,Beirut Alyoom,Beirut.Alyoom.ae,109,72.9,100.0,,,SOURCE_QUARANTINED_BAD_CHANNEL_PROGRAMME_MAPPING 411 cloned channels / 813 total,FALLBACK,https://epgshare01.online/epgshare01/epg_ripper_AE1.xml.gz
QUARANTINE,,epgshare,AE1,Beirut Cinema,Beirut.Cinema.ae,109,72.9,100.0,,,SOURCE_QUARANTINED_BAD_CHANNEL_PROGRAMME_MAPPING 411 cloned channels / 813 total,FALLBACK,https://epgshare01.online/epgshare01/epg_ripper_AE1.xml.gz
QUARANTINE,,epgshare,AE1,Beirut Drama,Beirut.Drama.ae,109,72.9,100.0,,,SOURCE_QUARANTINED_BAD_CHANNEL_PROGRAMME_MAPPING 411 cloned channels / 813 total,FALLBACK,https://epgshare01.online/epgshare01/epg_ripper_AE1.xml.gz
QUARANTINE,,epgshare,AE1,Belqees TV,Belqees.TV.ae,0,0.0,0.0,,,SOURCE_QUARANTINED_BAD_CHANNEL_PROGRAMME_MAPPING 411 cloned channels / 813 total,FALLBACK,https://epgshare01.online/epgshare01/epg_ripper_AE1.xml.gz
QUARANTINE,,epgshare,AE1,Bengali,Bengali.ae,64,48.9,100.0,,,SOURCE_QUARANTINED_BAD_CHANNEL_PROGRAMME_MAPPING 411 cloned channels / 813 total,FALLBACK,https://epgshare01.online/epgshare01/epg_ripper_AE1.xml.gz
QUARANTINE,,epgshare,AE1,Better Life Radio,Better.Life.Radio.ae,64,48.9,100.0,,,SOURCE_QUARANTINED_BAD_CHANNEL_PROGRAMME_MAPPING 411 cloned channels / 813 total,FALLBACK,https://epgshare01.online/epgshare01/epg_ripper_AE1.xml.gz
QUARANTINE,,epgshare,AE1,Bilad,Bilad.ae,31,86.9,100.0,,,SOURCE_QUARANTINED_BAD_CHANNEL_PROGRAMME_MAPPING 411 cloned channels / 813 total,FALLBACK,https://epgshare01.online/epgshare01/epg_ripper_AE1.xml.gz
QUARANTINE,,epgshare,AE1,Bin Othaimeen,Bin.Othaimeen.ae,64,48.9,100.0,,,SOURCE_QUARANTINED_BAD_CHANNEL_PROGRAMME_MAPPING 411 cloned channels / 813 total,FALLBACK,https://epgshare01.online/epgshare01/epg_ripper_AE1.xml.gz
QUARANTINE,,epgshare,AE1,C Sat,C.Sat.ae,64,48.9,100.0,,,SOURCE_QUARANTINED_BAD_CHANNEL_PROGRAMME_MAPPING 411 cloned channels / 813 total,FALLBACK,https://epgshare01.online/epgshare01/epg_ripper_AE1.xml.gz
QUARANTINE,,epgshare,AE1,Cairo Plus Alyom,Cairo.Plus.Alyom.ae,0,0.0,0.0,,,SOURCE_QUARANTINED_BAD_CHANNEL_PROGRAMME_MAPPING 411 cloned channels / 813 total,FALLBACK,https://epgshare01.online/epgshare01/epg_ripper_AE1.xml.gz
QUARANTINE,,epgshare,AE1,Cairo Plus Cinema,Cairo.Plus.Cinema.ae,0,0.0,0.0,,,SOURCE_QUARANTINED_BAD_CHANNEL_PROGRAMME_MAPPING 411 cloned channels / 813 total,FALLBACK,https://epgshare01.online/epgshare01/epg_ripper_AE1.xml.gz
QUARANTINE,,epgshare,AE1,Cairo Plus Drama,Cairo.Plus.Drama.ae,0,0.0,0.0,,,SOURCE_QUARANTINED_BAD_CHANNEL_PROGRAMME_MAPPING 411 cloned channels / 813 total,FALLBACK,https://epgshare01.online/epgshare01/epg_ripper_AE1.xml.gz
QUARANTINE,,epgshare,AE1,Calssic,Calssic.ae,64,48.9,100.0,,,SOURCE_QUARANTINED_BAD_CHANNEL_PROGRAMME_MAPPING 411 cloned channels / 813 total,FALLBACK,https://epgshare01.online/epgshare01/epg_ripper_AE1.xml.gz
QUARANTINE,,epgshare,AE1,Canal Algerie,Canal.Algerie.ae,93,72.9,100.0,,,SOURCE_QUARANTINED_BAD_CHANNEL_PROGRAMME_MAPPING 411 cloned channels / 813 total,FALLBACK,https://epgshare01.online/epgshare01/epg_ripper_AE1.xml.gz
QUARANTINE,,epgshare,AE1,Canal Radio,Canal.Radio.ae,64,48.9,100.0,,,SOURCE_QUARANTINED_BAD_CHANNEL_PROGRAMME_MAPPING 411 cloned channels / 813 total,FALLBACK,https://epgshare01.online/epgshare01/epg_ripper_AE1.xml.gz
QUARANTINE,,epgshare,AE1,CBC,CBC.ae,59,72.9,100.0,,,SOURCE_QUARANTINED_BAD_CHANNEL_PROGRAMME_MAPPING 411 cloned channels / 813 total,FALLBACK,https://epgshare01.online/epgshare01/epg_ripper_AE1.xml.gz
QUARANTINE,,epgshare,AE1,CBC Drama,CBC.Drama.ae,73,72.9,100.0,,,SOURCE_QUARANTINED_BAD_CHANNEL_PROGRAMME_MAPPING 411 cloned channels / 813 total,FALLBACK,https://epgshare01.online/epgshare01/epg_ripper_AE1.xml.gz
QUARANTINE,,epgshare,AE1,CBC Sofra,CBC.Sofra.ae,79,73.4,100.0,,,SOURCE_QUARANTINED_BAD_CHANNEL_PROGRAMME_MAPPING 411 cloned channels / 813 total,FALLBACK,https://epgshare01.online/epgshare01/epg_ripper_AE1.xml.gz
QUARANTINE,,epgshare,AE1,CGTN,CGTN.ae,135,72.9,100.0,,,SOURCE_QUARANTINED_BAD_CHANNEL_PROGRAMME_MAPPING 411 cloned channels / 813 total,FALLBACK,https://epgshare01.online/epgshare01/epg_ripper_AE1.xml.gz
QUARANTINE,,epgshare,AE1,CGTN Arabic,CGTN.Arabic.ae,134,72.9,100.0,,,SOURCE_QUARANTINED_BAD_CHANNEL_PROGRAMME_MAPPING 411 cloned channels / 813 total,FALLBACK,https://epgshare01.online/epgshare01/epg_ripper_AE1.xml.gz
QUARANTINE,,epgshare,AE1,Chada TV,Chada.TV.ae,169,72.9,100.0,,,SOURCE_QUARANTINED_BAD_CHANNEL_PROGRAMME_MAPPING 411 cloned channels / 813 total,FALLBACK,https://epgshare01.online/epgshare01/epg_ripper_AE1.xml.gz
QUARANTINE,,epgshare,AE1,CHAINE 1,CHAINE.1.ae,64,48.9,100.0,,,SOURCE_QUARANTINED_BAD_CHANNEL_PROGRAMME_MAPPING 411 cloned channels / 813 total,FALLBACK,https://epgshare01.online/epgshare01/epg_ripper_AE1.xml.gz
QUARANTINE,,epgshare,AE1,CHAINE 2,CHAINE.2.ae,64,48.9,100.0,,,SOURCE_QUARANTINED_BAD_CHANNEL_PROGRAMME_MAPPING 411 cloned channels / 813 total,FALLBACK,https://epgshare01.online/epgshare01/epg_ripper_AE1.xml.gz
QUARANTINE,,epgshare,AE1,CHAINE 3,CHAINE.3.ae,64,48.9,100.0,,,SOURCE_QUARANTINED_BAD_CHANNEL_PROGRAMME_MAPPING 411 cloned channels / 813 total,FALLBACK,https://epgshare01.online/epgshare01/epg_ripper_AE1.xml.gz
QUARANTINE,,epgshare,AE1,Channel 8,Channel.8.ae,113,72.9,100.0,,,SOURCE_QUARANTINED_BAD_CHANNEL_PROGRAMME_MAPPING 411 cloned channels / 813 total,FALLBACK,https://epgshare01.online/epgshare01/epg_ripper_AE1.xml.gz
QUARANTINE,,epgshare,AE1,China Arab TV,China.Arab.TV.ae,121,73.4,100.0,,,SOURCE_QUARANTINED_BAD_CHANNEL_PROGRAMME_MAPPING 411 cloned channels / 813 total,FALLBACK,https://epgshare01.online/epgshare01/epg_ripper_AE1.xml.gz
QUARANTINE,,epgshare,AE1,Cima,Cima.ae,36,73.9,100.0,,,SOURCE_QUARANTINED_BAD_CHANNEL_PROGRAMME_MAPPING 411 cloned channels / 813 total,FALLBACK,https://epgshare01.online/epgshare01/epg_ripper_AE1.xml.gz
QUARANTINE,,epgshare,AE1,CN Arabic,CN.Arabic.ae,113,73.3,100.0,,,SOURCE_QUARANTINED_BAD_CHANNEL_PROGRAMME_MAPPING 411 cloned channels / 813 total,FALLBACK,https://epgshare01.online/epgshare01/epg_ripper_AE1.xml.gz
QUARANTINE,,epgshare,AE1,CNBC Arabiya,CNBC.Arabiya.ae,141,72.9,100.0,,,SOURCE_QUARANTINED_BAD_CHANNEL_PROGRAMME_MAPPING 411 cloned channels / 813 total,FALLBACK,https://epgshare01.online/epgshare01/epg_ripper_AE1.xml.gz
QUARANTINE,,epgshare,AE1,CNN International,CNN.International.ae,369,72.9,100.0,,,SOURCE_QUARANTINED_BAD_CHANNEL_PROGRAMME_MAPPING 411 cloned channels / 813 total,FALLBACK,https://epgshare01.online/epgshare01/epg_ripper_AE1.xml.gz
QUARANTINE,,epgshare,AE1,Cookies TV,Cookies.TV.ae,123,72.9,100.0,,,SOURCE_QUARANTINED_BAD_CHANNEL_PROGRAMME_MAPPING 411 cloned channels / 813 total,FALLBACK,https://epgshare01.online/epgshare01/epg_ripper_AE1.xml.gz
QUARANTINE,,epgshare,AE1,Cricket Gold,Cricket.Gold.ae,0,0.0,0.0,,,SOURCE_QUARANTINED_BAD_CHANNEL_PROGRAMME_MAPPING 411 cloned channels / 813 total,FALLBACK,https://epgshare01.online/epgshare01/epg_ripper_AE1.xml.gz
QUARANTINE,,epgshare,AE1,CTV,CTV.ae,64,48.9,100.0,,,SOURCE_QUARANTINED_BAD_CHANNEL_PROGRAMME_MAPPING 411 cloned channels / 813 total,FALLBACK,https://epgshare01.online/epgshare01/epg_ripper_AE1.xml.gz
QUARANTINE,,epgshare,AE1,Daewa TV,Daewa.TV.ae,123,72.9,100.0,,,SOURCE_QUARANTINED_BAD_CHANNEL_PROGRAMME_MAPPING 411 cloned channels / 813 total,FALLBACK,https://epgshare01.online/epgshare01/epg_ripper_AE1.xml.gz
QUARANTINE,,epgshare,AE1,Dijlah Zaman,Dijlah.Zaman.ae,37,72.9,100.0,,,SOURCE_QUARANTINED_BAD_CHANNEL_PROGRAMME_MAPPING 411 cloned channels / 813 total,FALLBACK,https://epgshare01.online/epgshare01/epg_ripper_AE1.xml.gz
QUARANTINE,,epgshare,AE1,DMC,DMC.ae,56,74.4,100.0,,,SOURCE_QUARANTINED_BAD_CHANNEL_PROGRAMME_MAPPING 411 cloned channels / 813 total,FALLBACK,https://epgshare01.online/epgshare01/epg_ripper_AE1.xml.gz
QUARANTINE,,epgshare,AE1,DMC Drama,DMC.Drama.ae,62,73.9,100.0,,,SOURCE_QUARANTINED_BAD_CHANNEL_PROGRAMME_MAPPING 411 cloned channels / 813 total,FALLBACK,https://epgshare01.online/epgshare01/epg_ripper_AE1.xml.gz
QUARANTINE,,epgshare,AE1,Dolly Alyoom,Dolly.Alyoom.ae,64,73.9,100.0,,,SOURCE_QUARANTINED_BAD_CHANNEL_PROGRAMME_MAPPING 411 cloned channels / 813 total,FALLBACK,https://epgshare01.online/epgshare01/epg_ripper_AE1.xml.gz
QUARANTINE,,epgshare,AE1,Dolly Cinema,Dolly.Cinema.ae,64,73.9,100.0,,,SOURCE_QUARANTINED_BAD_CHANNEL_PROGRAMME_MAPPING 411 cloned channels / 813 total,FALLBACK,https://epgshare01.online/epgshare01/epg_ripper_AE1.xml.gz
QUARANTINE,,epgshare,AE1,Dolly Drama,Dolly.Drama.ae,64,73.9,100.0,,,SOURCE_QUARANTINED_BAD_CHANNEL_PROGRAMME_MAPPING 411 cloned channels / 813 total,FALLBACK,https://epgshare01.online/epgshare01/epg_ripper_AE1.xml.gz
QUARANTINE,,epgshare,AE1,Dolly Mosalsalat,Dolly.Mosalsalat.ae,64,73.9,100.0,,,SOURCE_QUARANTINED_BAD_CHANNEL_PROGRAMME_MAPPING 411 cloned channels / 813 total,FALLBACK,https://epgshare01.online/epgshare01/epg_ripper_AE1.xml.gz
QUARANTINE,,epgshare,AE1,Dolly Movies,Dolly.Movies.ae,64,73.9,100.0,,,SOURCE_QUARANTINED_BAD_CHANNEL_PROGRAMME_MAPPING 411 cloned channels / 813 total,FALLBACK,https://epgshare01.online/epgshare01/epg_ripper_AE1.xml.gz
QUARANTINE,,epgshare,AE1,Dream 7kayat,Dream.7kayat.ae,0,0.0,0.0,,,SOURCE_QUARANTINED_BAD_CHANNEL_PROGRAMME_MAPPING 411 cloned channels / 813 total,FALLBACK,https://epgshare01.online/epgshare01/epg_ripper_AE1.xml.gz
QUARANTINE,,epgshare,AE1,Dream Al Wan,Dream.Al.Wan.ae,0,0.0,0.0,,,SOURCE_QUARANTINED_BAD_CHANNEL_PROGRAMME_MAPPING 411 cloned channels / 813 total,FALLBACK,https://epgshare01.online/epgshare01/epg_ripper_AE1.xml.gz
QUARANTINE,,epgshare,AE1,Dream Cinema,Dream.Cinema.ae,0,0.0,0.0,,,SOURCE_QUARANTINED_BAD_CHANNEL_PROGRAMME_MAPPING 411 cloned channels / 813 total,FALLBACK,https://epgshare01.online/epgshare01/epg_ripper_AE1.xml.gz
QUARANTINE,,epgshare,AE1,Dream El Youm,Dream.El.Youm.ae,0,0.0,0.0,,,SOURCE_QUARANTINED_BAD_CHANNEL_PROGRAMME_MAPPING 411 cloned channels / 813 total,FALLBACK,https://epgshare01.online/epgshare01/epg_ripper_AE1.xml.gz
QUARANTINE,,epgshare,AE1,Dream Monaweat,Dream.Monaweat.ae,0,0.0,0.0,,,SOURCE_QUARANTINED_BAD_CHANNEL_PROGRAMME_MAPPING 411 cloned channels / 813 total,FALLBACK,https://epgshare01.online/epgshare01/epg_ripper_AE1.xml.gz
QUARANTINE,,epgshare,AE1,Dream Moselsalat,Dream.Moselsalat.ae,0,0.0,0.0,,,SOURCE_QUARANTINED_BAD_CHANNEL_PROGRAMME_MAPPING 411 cloned channels / 813 total,FALLBACK,https://epgshare01.online/epgshare01/epg_ripper_AE1.xml.gz
QUARANTINE,,epgshare,AE1,DRN Radio,DRN.Radio.ae,64,48.9,100.0,,,SOURCE_QUARANTINED_BAD_CHANNEL_PROGRAMME_MAPPING 411 cloned channels / 813 total,FALLBACK,https://epgshare01.online/epgshare01/epg_ripper_AE1.xml.gz
QUARANTINE,,epgshare,AE1,Dua Channel,Dua.Channel.ae,64,48.9,100.0,,,SOURCE_QUARANTINED_BAD_CHANNEL_PROGRAMME_MAPPING 411 cloned channels / 813 total,FALLBACK,https://epgshare01.online/epgshare01/epg_ripper_AE1.xml.gz
QUARANTINE,,epgshare,AE1,Dubai,Dubai.ae,74,50.4,63.5,,,SOURCE_QUARANTINED_BAD_CHANNEL_PROGRAMME_MAPPING 411 cloned channels / 813 total,FALLBACK,https://epgshare01.online/epgshare01/epg_ripper_AE1.xml.gz
QUARANTINE,,epgshare,AE1,Dubai HD,Dubai.HD.ae,68,73.4,100.0,,,SOURCE_QUARANTINED_BAD_CHANNEL_PROGRAMME_MAPPING 411 cloned channels / 813 total,FALLBACK,https://epgshare01.online/epgshare01/epg_ripper_AE1.xml.gz
QUARANTINE,,epgshare,AE1,Dubai One HD,Dubai.One.HD.ae,54,73.9,100.0,,,SOURCE_QUARANTINED_BAD_CHANNEL_PROGRAMME_MAPPING 411 cloned channels / 813 total,FALLBACK,https://epgshare01.online/epgshare01/epg_ripper_AE1.xml.gz
QUARANTINE,,epgshare,AE1,Dubai Racing,Dubai.Racing.ae,27,50.9,0.0,,,SOURCE_QUARANTINED_BAD_CHANNEL_PROGRAMME_MAPPING 411 cloned channels / 813 total,FALLBACK,https://epgshare01.online/epgshare01/epg_ripper_AE1.xml.gz
QUARANTINE,,epgshare,AE1,Dubai Racing 1 HD,Dubai.Racing.1.HD.ae,45,73.4,100.0,,,SOURCE_QUARANTINED_BAD_CHANNEL_PROGRAMME_MAPPING 411 cloned channels / 813 total,FALLBACK,https://epgshare01.online/epgshare01/epg_ripper_AE1.xml.gz
QUARANTINE,,epgshare,AE1,Dubai Racing 2,Dubai.Racing.2.ae,63,75.5,100.0,,,SOURCE_QUARANTINED_BAD_CHANNEL_PROGRAMME_MAPPING 411 cloned channels / 813 total,FALLBACK,https://epgshare01.online/epgshare01/epg_ripper_AE1.xml.gz
QUARANTINE,,epgshare,AE1,Dubai Radio,Dubai.Radio.ae,0,0.0,0.0,,,SOURCE_QUARANTINED_BAD_CHANNEL_PROGRAMME_MAPPING 411 cloned channels / 813 total,FALLBACK,https://epgshare01.online/epgshare01/epg_ripper_AE1.xml.gz
QUARANTINE,,epgshare,AE1,Dubai Sports 1,Dubai.Sports.1.ae,40,51.4,0.0,,,SOURCE_QUARANTINED_BAD_CHANNEL_PROGRAMME_MAPPING 411 cloned channels / 813 total,FALLBACK,https://epgshare01.online/epgshare01/epg_ripper_AE1.xml.gz
QUARANTINE,,epgshare,AE1,Dubai Sports 1 HD,Dubai.Sports.1.HD.ae,54,73.4,100.0,,,SOURCE_QUARANTINED_BAD_CHANNEL_PROGRAMME_MAPPING 411 cloned channels / 813 total,FALLBACK,https://epgshare01.online/epgshare01/epg_ripper_AE1.xml.gz
QUARANTINE,,epgshare,AE1,Dubai Sports 2,Dubai.Sports.2.ae,56,73.2,100.0,,,SOURCE_QUARANTINED_BAD_CHANNEL_PROGRAMME_MAPPING 411 cloned channels / 813 total,FALLBACK,https://epgshare01.online/epgshare01/epg_ripper_AE1.xml.gz
QUARANTINE,,epgshare,AE1,Dubai Zaman,Dubai.Zaman.ae,91,51.7,19.8,,,SOURCE_QUARANTINED_BAD_CHANNEL_PROGRAMME_MAPPING 411 cloned channels / 813 total,FALLBACK,https://epgshare01.online/epgshare01/epg_ripper_AE1.xml.gz
QUARANTINE,,epgshare,AE1,DW A2,DW.A2.ae,64,48.9,100.0,,,SOURCE_QUARANTINED_BAD_CHANNEL_PROGRAMME_MAPPING 411 cloned channels / 813 total,FALLBACK,https://epgshare01.online/epgshare01/epg_ripper_AE1.xml.gz
QUARANTINE,,epgshare,AE1,DW Arabia HD,DW.Arabia.HD.ae,141,72.9,100.0,,,SOURCE_QUARANTINED_BAD_CHANNEL_PROGRAMME_MAPPING 411 cloned channels / 813 total,FALLBACK,https://epgshare01.online/epgshare01/epg_ripper_AE1.xml.gz
QUARANTINE,,epgshare,AE1,DW05,DW05.ae,64,48.9,100.0,,,SOURCE_QUARANTINED_BAD_CHANNEL_PROGRAMME_MAPPING 411 cloned channels / 813 total,FALLBACK,https://epgshare01.online/epgshare01/epg_ripper_AE1.xml.gz
QUARANTINE,,epgshare,AE1,Echorouk News,Echorouk.News.ae,93,78.9,100.0,,,SOURCE_QUARANTINED_BAD_CHANNEL_PROGRAMME_MAPPING 411 cloned channels / 813 total,FALLBACK,https://epgshare01.online/epgshare01/epg_ripper_AE1.xml.gz
QUARANTINE,,epgshare,AE1,Echorouk TV HD,Echorouk.TV.HD.ae,93,72.9,100.0,,,SOURCE_QUARANTINED_BAD_CHANNEL_PROGRAMME_MAPPING 411 cloned channels / 813 total,FALLBACK,https://epgshare01.online/epgshare01/epg_ripper_AE1.xml.gz
QUARANTINE,,epgshare,AE1,Educational Channel,Educational.Channel.ae,64,48.9,100.0,,,SOURCE_QUARANTINED_BAD_CHANNEL_PROGRAMME_MAPPING 411 cloned channels / 813 total,FALLBACK,https://epgshare01.online/epgshare01/epg_ripper_AE1.xml.gz
QUARANTINE,,epgshare,AE1,Egyptian TV HD,Egyptian.TV.HD.ae,73,72.9,100.0,,,SOURCE_QUARANTINED_BAD_CHANNEL_PROGRAMME_MAPPING 411 cloned channels / 813 total,FALLBACK,https://epgshare01.online/epgshare01/epg_ripper_AE1.xml.gz
QUARANTINE,,epgshare,AE1,Ekhbaria,Ekhbaria.ae,64,48.9,100.0,,,SOURCE_QUARANTINED_BAD_CHANNEL_PROGRAMME_MAPPING 411 cloned channels / 813 total,FALLBACK,https://epgshare01.online/epgshare01/epg_ripper_AE1.xml.gz
QUARANTINE,,epgshare,AE1,EL FadjrDrama DZ HD,EL.FadjrDrama.DZ.HD.ae,69,72.9,100.0,,,SOURCE_QUARANTINED_BAD_CHANNEL_PROGRAMME_MAPPING 411 cloned channels / 813 total,FALLBACK,https://epgshare01.online/epgshare01/epg_ripper_AE1.xml.gz
QUARANTINE,,epgshare,AE1,El Hayat TV,El.Hayat.TV.ae,31,86.9,100.0,,,SOURCE_QUARANTINED_BAD_CHANNEL_PROGRAMME_MAPPING 411 cloned channels / 813 total,FALLBACK,https://epgshare01.online/epgshare01/epg_ripper_AE1.xml.gz
QUARANTINE,,epgshare,AE1,El Mehwar HD,El.Mehwar.HD.ae,65,72.9,100.0,,,SOURCE_QUARANTINED_BAD_CHANNEL_PROGRAMME_MAPPING 411 cloned channels / 813 total,FALLBACK,https://epgshare01.online/epgshare01/epg_ripper_AE1.xml.gz
QUARANTINE,,epgshare,AE1,El Moled,El.Moled.ae,123,72.9,100.0,,,SOURCE_QUARANTINED_BAD_CHANNEL_PROGRAMME_MAPPING 411 cloned channels / 813 total,FALLBACK,https://epgshare01.online/epgshare01/epg_ripper_AE1.xml.gz
QUARANTINE,,epgshare,AE1,El Omda Al yom,El.Omda.Al.yom.ae,64,73.9,100.0,,,SOURCE_QUARANTINED_BAD_CHANNEL_PROGRAMME_MAPPING 411 cloned channels / 813 total,FALLBACK,https://epgshare01.online/epgshare01/epg_ripper_AE1.xml.gz
QUARANTINE,,epgshare,AE1,El Omda Drama,El.Omda.Drama.ae,64,73.9,100.0,,,SOURCE_QUARANTINED_BAD_CHANNEL_PROGRAMME_MAPPING 411 cloned channels / 813 total,FALLBACK,https://epgshare01.online/epgshare01/epg_ripper_AE1.xml.gz
QUARANTINE,,epgshare,AE1,El Omda Hekayat Film,El.Omda.Hekayat.Film.ae,64,73.9,100.0,,,SOURCE_QUARANTINED_BAD_CHANNEL_PROGRAMME_MAPPING 411 cloned channels / 813 total,FALLBACK,https://epgshare01.online/epgshare01/epg_ripper_AE1.xml.gz
QUARANTINE,,epgshare,AE1,Elasema welanas,Elasema.welanas.ae,64,73.9,100.0,,,SOURCE_QUARANTINED_BAD_CHANNEL_PROGRAMME_MAPPING 411 cloned channels / 813 total,FALLBACK,https://epgshare01.online/epgshare01/epg_ripper_AE1.xml.gz
QUARANTINE,,epgshare,AE1,Elzaeem Cinema,Elzaeem.Cinema.ae,64,73.9,100.0,,,SOURCE_QUARANTINED_BAD_CHANNEL_PROGRAMME_MAPPING 411 cloned channels / 813 total,FALLBACK,https://epgshare01.online/epgshare01/epg_ripper_AE1.xml.gz
QUARANTINE,,epgshare,AE1,Elzaeem Drama,Elzaeem.Drama.ae,64,73.9,100.0,,,SOURCE_QUARANTINED_BAD_CHANNEL_PROGRAMME_MAPPING 411 cloned channels / 813 total,FALLBACK,https://epgshare01.online/epgshare01/epg_ripper_AE1.xml.gz
QUARANTINE,,epgshare,AE1,Emarat FM,Emarat.FM.ae,64,48.9,100.0,,,SOURCE_QUARANTINED_BAD_CHANNEL_PROGRAMME_MAPPING 411 cloned channels / 813 total,FALLBACK,https://epgshare01.online/epgshare01/epg_ripper_AE1.xml.gz
QUARANTINE,,epgshare,AE1,Emarat HD,Emarat.HD.ae,85,72.9,100.0,,,SOURCE_QUARANTINED_BAD_CHANNEL_PROGRAMME_MAPPING 411 cloned channels / 813 total,FALLBACK,https://epgshare01.online/epgshare01/epg_ripper_AE1.xml.gz
QUARANTINE,,epgshare,AE1,en: 2M Monde,en:.2M.Monde.ae,0,0.0,0.0,,,SOURCE_QUARANTINED_BAD_CHANNEL_PROGRAMME_MAPPING 411 cloned channels / 813 total,FALLBACK,https://epgshare01.online/epgshare01/epg_ripper_AE1.xml.gz
QUARANTINE,,epgshare,AE1,en: Abu Dhabi Classic FM,en:.Abu.Dhabi.Classic.FM.ae,0,0.0,0.0,,,SOURCE_QUARANTINED_BAD_CHANNEL_PROGRAMME_MAPPING 411 cloned channels / 813 total,FALLBACK,https://epgshare01.online/epgshare01/epg_ripper_AE1.xml.gz
QUARANTINE,,epgshare,AE1,en: Abu Dhabi FM,en:.Abu.Dhabi.FM.ae,0,0.0,0.0,,,SOURCE_QUARANTINED_BAD_CHANNEL_PROGRAMME_MAPPING 411 cloned channels / 813 total,FALLBACK,https://epgshare01.online/epgshare01/epg_ripper_AE1.xml.gz
QUARANTINE,,epgshare,AE1,en: Abu Dhabi Sports 1,en:.Abu.Dhabi.Sports.1.ae,0,0.0,0.0,,,SOURCE_QUARANTINED_BAD_CHANNEL_PROGRAMME_MAPPING 411 cloned channels / 813 total,FALLBACK,https://epgshare01.online/epgshare01/epg_ripper_AE1.xml.gz
QUARANTINE,,epgshare,AE1,en: Abu Dhabi Sports 2,en:.Abu.Dhabi.Sports.2.ae,0,0.0,0.0,,,SOURCE_QUARANTINED_BAD_CHANNEL_PROGRAMME_MAPPING 411 cloned channels / 813 total,FALLBACK,https://epgshare01.online/epgshare01/epg_ripper_AE1.xml.gz
QUARANTINE,,epgshare,AE1,en: Abu Dhabi TV,en:.Abu.Dhabi.TV.ae,0,0.0,0.0,,,SOURCE_QUARANTINED_BAD_CHANNEL_PROGRAMME_MAPPING 411 cloned channels / 813 total,FALLBACK,https://epgshare01.online/epgshare01/epg_ripper_AE1.xml.gz
QUARANTINE,,epgshare,AE1,en: AD Sports Extra,en:.AD.Sports.Extra.ae,67,72.9,100.0,,,SOURCE_QUARANTINED_BAD_CHANNEL_PROGRAMME_MAPPING 411 cloned channels / 813 total,FALLBACK,https://epgshare01.online/epgshare01/epg_ripper_AE1.xml.gz
QUARANTINE,,epgshare,AE1,en: Al Arabiya Business - Live,en:.Al.Arabiya.Business.-.Live.ae,68,72.9,100.0,,,SOURCE_QUARANTINED_BAD_CHANNEL_PROGRAMME_MAPPING 411 cloned channels / 813 total,FALLBACK,https://epgshare01.online/epgshare01/epg_ripper_AE1.xml.gz
QUARANTINE,,epgshare,AE1,en: Al Arabiya HD,en:.Al.Arabiya.HD.ae,0,0.0,0.0,,,SOURCE_QUARANTINED_BAD_CHANNEL_PROGRAMME_MAPPING 411 cloned channels / 813 total,FALLBACK,https://epgshare01.online/epgshare01/epg_ripper_AE1.xml.gz
QUARANTINE,,epgshare,AE1,en: Al Emarat TV,en:.Al.Emarat.TV.ae,0,0.0,0.0,,,SOURCE_QUARANTINED_BAD_CHANNEL_PROGRAMME_MAPPING 411 cloned channels / 813 total,FALLBACK,https://epgshare01.online/epgshare01/epg_ripper_AE1.xml.gz
QUARANTINE,,epgshare,AE1,en: Al Hadath Live,en:.Al.Hadath.Live.ae,107,72.9,100.0,,,SOURCE_QUARANTINED_BAD_CHANNEL_PROGRAMME_MAPPING 411 cloned channels / 813 total,FALLBACK,https://epgshare01.online/epgshare01/epg_ripper_AE1.xml.gz
QUARANTINE,,epgshare,AE1,en: Al Jadeed,en:.Al.Jadeed.ae,0,0.0,0.0,,,SOURCE_QUARANTINED_BAD_CHANNEL_PROGRAMME_MAPPING 411 cloned channels / 813 total,FALLBACK,https://epgshare01.online/epgshare01/epg_ripper_AE1.xml.gz
QUARANTINE,,epgshare,AE1,en: ARY Digital,en:.ARY.Digital.ae,0,0.0,0.0,,,SOURCE_QUARANTINED_BAD_CHANNEL_PROGRAMME_MAPPING 411 cloned channels / 813 total,FALLBACK,https://epgshare01.online/epgshare01/epg_ripper_AE1.xml.gz
QUARANTINE,,epgshare,AE1,en: Asharq News,en:.Asharq.News.ae,0,0.0,0.0,,,SOURCE_QUARANTINED_BAD_CHANNEL_PROGRAMME_MAPPING 411 cloned channels / 813 total,FALLBACK,https://epgshare01.online/epgshare01/epg_ripper_AE1.xml.gz
QUARANTINE,,epgshare,AE1,en: Asianet ME,en:.Asianet.ME.ae,83,74.9,100.0,,,SOURCE_QUARANTINED_BAD_CHANNEL_PROGRAMME_MAPPING 411 cloned channels / 813 total,FALLBACK,https://epgshare01.online/epgshare01/epg_ripper_AE1.xml.gz
QUARANTINE,,epgshare,AE1,en: Asianet Movies HD,en:.Asianet.Movies.HD.ae,29,74.4,100.0,,,SOURCE_QUARANTINED_BAD_CHANNEL_PROGRAMME_MAPPING 411 cloned channels / 813 total,FALLBACK,https://epgshare01.online/epgshare01/epg_ripper_AE1.xml.gz
QUARANTINE,,epgshare,AE1,en: Asianet Plus HD,en:.Asianet.Plus.HD.ae,48,73.4,100.0,,,SOURCE_QUARANTINED_BAD_CHANNEL_PROGRAMME_MAPPING 411 cloned channels / 813 total,FALLBACK,https://epgshare01.online/epgshare01/epg_ripper_AE1.xml.gz
QUARANTINE,,epgshare,AE1,en: AWSN+,en:.AWSN+.ae,0,0.0,0.0,,,SOURCE_QUARANTINED_BAD_CHANNEL_PROGRAMME_MAPPING 411 cloned channels / 813 total,FALLBACK,https://epgshare01.online/epgshare01/epg_ripper_AE1.xml.gz
QUARANTINE,,epgshare,AE1,en: Baynounah TV,en:.Baynounah.TV.ae,0,0.0,0.0,,,SOURCE_QUARANTINED_BAD_CHANNEL_PROGRAMME_MAPPING 411 cloned channels / 813 total,FALLBACK,https://epgshare01.online/epgshare01/epg_ripper_AE1.xml.gz
QUARANTINE,,epgshare,AE1,en: Ben 10 by WBTV,en:.Ben.10.by.WBTV.ae,0,0.0,0.0,,,SOURCE_QUARANTINED_BAD_CHANNEL_PROGRAMME_MAPPING 411 cloned channels / 813 total,FALLBACK,https://epgshare01.online/epgshare01/epg_ripper_AE1.xml.gz
QUARANTINE,,epgshare,AE1,en: Bloom,en:.Bloom.ae,403,73.3,100.0,,,SOURCE_QUARANTINED_BAD_CHANNEL_PROGRAMME_MAPPING 411 cloned channels / 813 total,FALLBACK,https://epgshare01.online/epgshare01/epg_ripper_AE1.xml.gz
QUARANTINE,,epgshare,AE1,en: CGTN,en:.CGTN.ae,1,89.9,100.0,,,SOURCE_QUARANTINED_BAD_CHANNEL_PROGRAMME_MAPPING 411 cloned channels / 813 total,FALLBACK,https://epgshare01.online/epgshare01/epg_ripper_AE1.xml.gz
QUARANTINE,,epgshare,AE1,en: CNBC Arabiya HD,en:.CNBC.Arabiya.HD.ae,0,0.0,0.0,,,SOURCE_QUARANTINED_BAD_CHANNEL_PROGRAMME_MAPPING 411 cloned channels / 813 total,FALLBACK,https://epgshare01.online/epgshare01/epg_ripper_AE1.xml.gz
QUARANTINE,,epgshare,AE1,en: CNN Headlines,en:.CNN.Headlines.ae,0,0.0,0.0,,,SOURCE_QUARANTINED_BAD_CHANNEL_PROGRAMME_MAPPING 411 cloned channels / 813 total,FALLBACK,https://epgshare01.online/epgshare01/epg_ripper_AE1.xml.gz
QUARANTINE,,epgshare,AE1,en: Colors HD,en:.Colors.HD.ae,95,72.9,100.0,,,SOURCE_QUARANTINED_BAD_CHANNEL_PROGRAMME_MAPPING 411 cloned channels / 813 total,FALLBACK,https://epgshare01.online/epgshare01/epg_ripper_AE1.xml.gz
QUARANTINE,,epgshare,AE1,en: Curiosity Stream,en:.Curiosity.Stream.ae,0,0.0,0.0,,,SOURCE_QUARANTINED_BAD_CHANNEL_PROGRAMME_MAPPING 411 cloned channels / 813 total,FALLBACK,https://epgshare01.online/epgshare01/epg_ripper_AE1.xml.gz
QUARANTINE,,epgshare,AE1,en: DAZN Combat & Fighting,en:.DAZN.Combat.&.Fighting.ae,0,0.0,0.0,,,SOURCE_QUARANTINED_BAD_CHANNEL_PROGRAMME_MAPPING 411 cloned channels / 813 total,FALLBACK,https://epgshare01.online/epgshare01/epg_ripper_AE1.xml.gz
QUARANTINE,,epgshare,AE1,en: EASL (East Asia Super League 2025-2026),en:.EASL.(East.Asia.Super.League.2025-2026).ae,0,0.0,0.0,,,SOURCE_QUARANTINED_BAD_CHANNEL_PROGRAMME_MAPPING 411 cloned channels / 813 total,FALLBACK,https://epgshare01.online/epgshare01/epg_ripper_AE1.xml.gz
QUARANTINE,,epgshare,AE1,en: Emarat FM,en:.Emarat.FM.ae,0,0.0,0.0,,,SOURCE_QUARANTINED_BAD_CHANNEL_PROGRAMME_MAPPING 411 cloned channels / 813 total,FALLBACK,https://epgshare01.online/epgshare01/epg_ripper_AE1.xml.gz
QUARANTINE,,epgshare,AE1,en: Geo TV,en:.Geo.TV.ae,0,0.0,0.0,,,SOURCE_QUARANTINED_BAD_CHANNEL_PROGRAMME_MAPPING 411 cloned channels / 813 total,FALLBACK,https://epgshare01.online/epgshare01/epg_ripper_AE1.xml.gz
QUARANTINE,,epgshare,AE1,en: Golf Life,en:.Golf.Life.ae,0,0.0,0.0,,,SOURCE_QUARANTINED_BAD_CHANNEL_PROGRAMME_MAPPING 411 cloned channels / 813 total,FALLBACK,https://epgshare01.online/epgshare01/epg_ripper_AE1.xml.gz
QUARANTINE,,epgshare,AE1,en: India Today TV,en:.India.Today.TV.ae,0,0.0,0.0,,,SOURCE_QUARANTINED_BAD_CHANNEL_PROGRAMME_MAPPING 411 cloned channels / 813 total,FALLBACK,https://epgshare01.online/epgshare01/epg_ripper_AE1.xml.gz
QUARANTINE,,epgshare,AE1,en: K-Drama+,en:.K-Drama+.ae,0,0.0,0.0,,,SOURCE_QUARANTINED_BAD_CHANNEL_PROGRAMME_MAPPING 411 cloned channels / 813 total,FALLBACK,https://epgshare01.online/epgshare01/epg_ripper_AE1.xml.gz
QUARANTINE,,epgshare,AE1,en: KADAK FM,en:.KADAK.FM.ae,0,0.0,0.0,,,SOURCE_QUARANTINED_BAD_CHANNEL_PROGRAMME_MAPPING 411 cloned channels / 813 total,FALLBACK,https://epgshare01.online/epgshare01/epg_ripper_AE1.xml.gz
QUARANTINE,,epgshare,AE1,en: Karyam Nissaram - Live,en:.Karyam.Nissaram.-.Live.ae,0,0.0,0.0,,,SOURCE_QUARANTINED_BAD_CHANNEL_PROGRAMME_MAPPING 411 cloned channels / 813 total,FALLBACK,https://epgshare01.online/epgshare01/epg_ripper_AE1.xml.gz
QUARANTINE,,epgshare,AE1,en: M80 Moosa,en:.M80.Moosa.ae,0,0.0,0.0,,,SOURCE_QUARANTINED_BAD_CHANNEL_PROGRAMME_MAPPING 411 cloned channels / 813 total,FALLBACK,https://epgshare01.online/epgshare01/epg_ripper_AE1.xml.gz
QUARANTINE,,epgshare,AE1,en: Majid TV,en:.Majid.TV.ae,0,0.0,0.0,,,SOURCE_QUARANTINED_BAD_CHANNEL_PROGRAMME_MAPPING 411 cloned channels / 813 total,FALLBACK,https://epgshare01.online/epgshare01/epg_ripper_AE1.xml.gz
QUARANTINE,,epgshare,AE1,en: MBC+ e&,en:.MBC+.e&.ae,0,0.0,0.0,,,SOURCE_QUARANTINED_BAD_CHANNEL_PROGRAMME_MAPPING 411 cloned channels / 813 total,FALLBACK,https://epgshare01.online/epgshare01/epg_ripper_AE1.xml.gz
QUARANTINE,,epgshare,AE1,en: National Geographic Abu Dhabi,en:.National.Geographic.Abu.Dhabi.ae,0,0.0,0.0,,,SOURCE_QUARANTINED_BAD_CHANNEL_PROGRAMME_MAPPING 411 cloned channels / 813 total,FALLBACK,https://epgshare01.online/epgshare01/epg_ripper_AE1.xml.gz
QUARANTINE,,epgshare,AE1,en: Quran Kareem,en:.Quran.Kareem.ae,0,0.0,0.0,,,SOURCE_QUARANTINED_BAD_CHANNEL_PROGRAMME_MAPPING 411 cloned channels / 813 total,FALLBACK,https://epgshare01.online/epgshare01/epg_ripper_AE1.xml.gz
QUARANTINE,,epgshare,AE1,en: Radio 1,en:.Radio.1.ae,0,0.0,0.0,,,SOURCE_QUARANTINED_BAD_CHANNEL_PROGRAMME_MAPPING 411 cloned channels / 813 total,FALLBACK,https://epgshare01.online/epgshare01/epg_ripper_AE1.xml.gz
QUARANTINE,,epgshare,AE1,en: Radio 2,en:.Radio.2.ae,0,0.0,0.0,,,SOURCE_QUARANTINED_BAD_CHANNEL_PROGRAMME_MAPPING 411 cloned channels / 813 total,FALLBACK,https://epgshare01.online/epgshare01/epg_ripper_AE1.xml.gz
QUARANTINE,,epgshare,AE1,en: Red Bull TV Live,en:.Red.Bull.TV.Live.ae,0,0.0,0.0,,,SOURCE_QUARANTINED_BAD_CHANNEL_PROGRAMME_MAPPING 411 cloned channels / 813 total,FALLBACK,https://epgshare01.online/epgshare01/epg_ripper_AE1.xml.gz
QUARANTINE,,epgshare,AE1,en: Roya TV Live,en:.Roya.TV.Live.ae,0,0.0,0.0,,,SOURCE_QUARANTINED_BAD_CHANNEL_PROGRAMME_MAPPING 411 cloned channels / 813 total,FALLBACK,https://epgshare01.online/epgshare01/epg_ripper_AE1.xml.gz
QUARANTINE,,epgshare,AE1,en: Sama Dubai,en:.Sama.Dubai.ae,0,0.0,0.0,,,SOURCE_QUARANTINED_BAD_CHANNEL_PROGRAMME_MAPPING 411 cloned channels / 813 total,FALLBACK,https://epgshare01.online/epgshare01/epg_ripper_AE1.xml.gz
QUARANTINE,,epgshare,AE1,en: SET Max,en:.SET.Max.ae,34,74.8,100.0,,,SOURCE_QUARANTINED_BAD_CHANNEL_PROGRAMME_MAPPING 411 cloned channels / 813 total,FALLBACK,https://epgshare01.online/epgshare01/epg_ripper_AE1.xml.gz
QUARANTINE,,epgshare,AE1,en: Sky News Arabia - Live,en:.Sky.News.Arabia.-.Live.ae,0,0.0,0.0,,,SOURCE_QUARANTINED_BAD_CHANNEL_PROGRAMME_MAPPING 411 cloned channels / 813 total,FALLBACK,https://epgshare01.online/epgshare01/epg_ripper_AE1.xml.gz
QUARANTINE,,epgshare,AE1,en: Sony TV,en:.Sony.TV.ae,77,73.4,100.0,,,SOURCE_QUARANTINED_BAD_CHANNEL_PROGRAMME_MAPPING 411 cloned channels / 813 total,FALLBACK,https://epgshare01.online/epgshare01/epg_ripper_AE1.xml.gz
QUARANTINE,,epgshare,AE1,en: Star FM,en:.Star.FM.ae,0,0.0,0.0,,,SOURCE_QUARANTINED_BAD_CHANNEL_PROGRAMME_MAPPING 411 cloned channels / 813 total,FALLBACK,https://epgshare01.online/epgshare01/epg_ripper_AE1.xml.gz
QUARANTINE,,epgshare,AE1,en: Star Plus HD,en:.Star.Plus.HD.ae,130,72.9,100.0,,,SOURCE_QUARANTINED_BAD_CHANNEL_PROGRAMME_MAPPING 411 cloned channels / 813 total,FALLBACK,https://epgshare01.online/epgshare01/epg_ripper_AE1.xml.gz
QUARANTINE,,epgshare,AE1,en: STARZPLAY Cricket 1,en:.STARZPLAY.Cricket.1.ae,60,74.9,100.0,,,SOURCE_QUARANTINED_BAD_CHANNEL_PROGRAMME_MAPPING 411 cloned channels / 813 total,FALLBACK,https://epgshare01.online/epgshare01/epg_ripper_AE1.xml.gz
QUARANTINE,,epgshare,AE1,en: STARZPLAY Cricket 2,en:.STARZPLAY.Cricket.2.ae,0,0.0,0.0,,,SOURCE_QUARANTINED_BAD_CHANNEL_PROGRAMME_MAPPING 411 cloned channels / 813 total,FALLBACK,https://epgshare01.online/epgshare01/epg_ripper_AE1.xml.gz
QUARANTINE,,epgshare,AE1,en: STARZPLAY KLASSICZ,en:.STARZPLAY.KLASSICZ.ae,0,0.0,0.0,,,SOURCE_QUARANTINED_BAD_CHANNEL_PROGRAMME_MAPPING 411 cloned channels / 813 total,FALLBACK,https://epgshare01.online/epgshare01/epg_ripper_AE1.xml.gz
QUARANTINE,,epgshare,AE1,en: StarzPlay Rugby - Live,en:.StarzPlay.Rugby.-.Live.ae,19,74.9,100.0,,,SOURCE_QUARANTINED_BAD_CHANNEL_PROGRAMME_MAPPING 411 cloned channels / 813 total,FALLBACK,https://epgshare01.online/epgshare01/epg_ripper_AE1.xml.gz
QUARANTINE,,epgshare,AE1,en: STARZPLAY Sports,en:.STARZPLAY.Sports.ae,0,0.0,0.0,,,SOURCE_QUARANTINED_BAD_CHANNEL_PROGRAMME_MAPPING 411 cloned channels / 813 total,FALLBACK,https://epgshare01.online/epgshare01/epg_ripper_AE1.xml.gz
QUARANTINE,,epgshare,AE1,en: STARZPLAY Sports 1,en:.STARZPLAY.Sports.1.ae,72,72.9,100.0,,,SOURCE_QUARANTINED_BAD_CHANNEL_PROGRAMME_MAPPING 411 cloned channels / 813 total,FALLBACK,https://epgshare01.online/epgshare01/epg_ripper_AE1.xml.gz
QUARANTINE,,epgshare,AE1,en: STARZPLAY Sports 2,en:.STARZPLAY.Sports.2.ae,67,72.9,100.0,,,SOURCE_QUARANTINED_BAD_CHANNEL_PROGRAMME_MAPPING 411 cloned channels / 813 total,FALLBACK,https://epgshare01.online/epgshare01/epg_ripper_AE1.xml.gz
QUARANTINE,,epgshare,AE1,en: STC tv Cinema,en:.STC.tv.Cinema.ae,0,0.0,0.0,,,SOURCE_QUARANTINED_BAD_CHANNEL_PROGRAMME_MAPPING 411 cloned channels / 813 total,FALLBACK,https://epgshare01.online/epgshare01/epg_ripper_AE1.xml.gz
QUARANTINE,,epgshare,AE1,en: STC tv Drama,en:.STC.tv.Drama.ae,0,0.0,0.0,,,SOURCE_QUARANTINED_BAD_CHANNEL_PROGRAMME_MAPPING 411 cloned channels / 813 total,FALLBACK,https://epgshare01.online/epgshare01/epg_ripper_AE1.xml.gz
QUARANTINE,,epgshare,AE1,en: STC tv Family,en:.STC.tv.Family.ae,0,0.0,0.0,,,SOURCE_QUARANTINED_BAD_CHANNEL_PROGRAMME_MAPPING 411 cloned channels / 813 total,FALLBACK,https://epgshare01.online/epgshare01/epg_ripper_AE1.xml.gz
QUARANTINE,,epgshare,AE1,en: Unbeaten Sports,en:.Unbeaten.Sports.ae,0,0.0,0.0,,,SOURCE_QUARANTINED_BAD_CHANNEL_PROGRAMME_MAPPING 411 cloned channels / 813 total,FALLBACK,https://epgshare01.online/epgshare01/epg_ripper_AE1.xml.gz
QUARANTINE,,epgshare,AE1,en: Wedo Sports MENA,en:.Wedo.Sports.MENA.ae,0,0.0,0.0,,,SOURCE_QUARANTINED_BAD_CHANNEL_PROGRAMME_MAPPING 411 cloned channels / 813 total,FALLBACK,https://epgshare01.online/epgshare01/epg_ripper_AE1.xml.gz
QUARANTINE,,epgshare,AE1,en: Yas,en:.Yas.ae,0,0.0,0.0,,,SOURCE_QUARANTINED_BAD_CHANNEL_PROGRAMME_MAPPING 411 cloned channels / 813 total,FALLBACK,https://epgshare01.online/epgshare01/epg_ripper_AE1.xml.gz
QUARANTINE,,epgshare,AE1,en: YAS TV Extra,en:.YAS.TV.Extra.ae,62,72.9,100.0,,,SOURCE_QUARANTINED_BAD_CHANNEL_PROGRAMME_MAPPING 411 cloned channels / 813 total,FALLBACK,https://epgshare01.online/epgshare01/epg_ripper_AE1.xml.gz
QUARANTINE,,epgshare,AE1,en: Zee Aflam - Live,en:.Zee.Aflam.-.Live.ae,0,0.0,0.0,,,SOURCE_QUARANTINED_BAD_CHANNEL_PROGRAMME_MAPPING 411 cloned channels / 813 total,FALLBACK,https://epgshare01.online/epgshare01/epg_ripper_AE1.xml.gz
QUARANTINE,,epgshare,AE1,en: Zee Alwan,en:.Zee.Alwan.ae,0,0.0,0.0,,,SOURCE_QUARANTINED_BAD_CHANNEL_PROGRAMME_MAPPING 411 cloned channels / 813 total,FALLBACK,https://epgshare01.online/epgshare01/epg_ripper_AE1.xml.gz
QUARANTINE,,epgshare,AE1,en: Zee TV HD,en:.Zee.TV.HD.ae,116,72.9,100.0,,,SOURCE_QUARANTINED_BAD_CHANNEL_PROGRAMME_MAPPING 411 cloned channels / 813 total,FALLBACK,https://epgshare01.online/epgshare01/epg_ripper_AE1.xml.gz
QUARANTINE,,epgshare,AE1,Ennahar TV,Ennahar.TV.ae,93,78.9,100.0,,,SOURCE_QUARANTINED_BAD_CHANNEL_PROGRAMME_MAPPING 411 cloned channels / 813 total,FALLBACK,https://epgshare01.online/epgshare01/epg_ripper_AE1.xml.gz
QUARANTINE,,epgshare,AE1,ERI Radio 1,ERI.Radio.1.ae,64,48.9,100.0,,,SOURCE_QUARANTINED_BAD_CHANNEL_PROGRAMME_MAPPING 411 cloned channels / 813 total,FALLBACK,https://epgshare01.online/epgshare01/epg_ripper_AE1.xml.gz
QUARANTINE,,epgshare,AE1,ERI Radio 2,ERI.Radio.2.ae,64,48.9,100.0,,,SOURCE_QUARANTINED_BAD_CHANNEL_PROGRAMME_MAPPING 411 cloned channels / 813 total,FALLBACK,https://epgshare01.online/epgshare01/epg_ripper_AE1.xml.gz
QUARANTINE,,epgshare,AE1,ERI Radio 3,ERI.Radio.3.ae,64,48.9,100.0,,,SOURCE_QUARANTINED_BAD_CHANNEL_PROGRAMME_MAPPING 411 cloned channels / 813 total,FALLBACK,https://epgshare01.online/epgshare01/epg_ripper_AE1.xml.gz
QUARANTINE,,epgshare,AE1,ERI Radio 4,ERI.Radio.4.ae,64,48.9,100.0,,,SOURCE_QUARANTINED_BAD_CHANNEL_PROGRAMME_MAPPING 411 cloned channels / 813 total,FALLBACK,https://epgshare01.online/epgshare01/epg_ripper_AE1.xml.gz
QUARANTINE,,epgshare,AE1,Essalam TV,Essalam.TV.ae,0,0.0,0.0,,,SOURCE_QUARANTINED_BAD_CHANNEL_PROGRAMME_MAPPING 411 cloned channels / 813 total,FALLBACK,https://epgshare01.online/epgshare01/epg_ripper_AE1.xml.gz
QUARANTINE,,epgshare,AE1,European Radio,European.Radio.ae,64,48.9,100.0,,,SOURCE_QUARANTINED_BAD_CHANNEL_PROGRAMME_MAPPING 411 cloned channels / 813 total,FALLBACK,https://epgshare01.online/epgshare01/epg_ripper_AE1.xml.gz
QUARANTINE,,epgshare,AE1,Extra live,Extra.live.ae,73,72.9,100.0,,,SOURCE_QUARANTINED_BAD_CHANNEL_PROGRAMME_MAPPING 411 cloned channels / 813 total,FALLBACK,https://epgshare01.online/epgshare01/epg_ripper_AE1.xml.gz
QUARANTINE,,epgshare,AE1,Extra News HD,Extra.News.HD.ae,97,72.9,100.0,,,SOURCE_QUARANTINED_BAD_CHANNEL_PROGRAMME_MAPPING 411 cloned channels / 813 total,FALLBACK,https://epgshare01.online/epgshare01/epg_ripper_AE1.xml.gz
QUARANTINE,,epgshare,AE1,Falastini TV,Falastini.TV.ae,123,72.9,100.0,,,SOURCE_QUARANTINED_BAD_CHANNEL_PROGRAMME_MAPPING 411 cloned channels / 813 total,FALLBACK,https://epgshare01.online/epgshare01/epg_ripper_AE1.xml.gz
QUARANTINE,,epgshare,AE1,falestinona TV,falestinona.TV.ae,73,72.9,100.0,,,SOURCE_QUARANTINED_BAD_CHANNEL_PROGRAMME_MAPPING 411 cloned channels / 813 total,FALLBACK,https://epgshare01.online/epgshare01/epg_ripper_AE1.xml.gz
QUARANTINE,,epgshare,AE1,Fox Movies,Fox.Movies.ae,0,0.0,0.0,,,SOURCE_QUARANTINED_BAD_CHANNEL_PROGRAMME_MAPPING 411 cloned channels / 813 total,FALLBACK,https://epgshare01.online/epgshare01/epg_ripper_AE1.xml.gz
QUARANTINE,,epgshare,AE1,France 24 Arabic,France.24.Arabic.ae,381,72.9,100.0,,,SOURCE_QUARANTINED_BAD_CHANNEL_PROGRAMME_MAPPING 411 cloned channels / 813 total,FALLBACK,https://epgshare01.online/epgshare01/epg_ripper_AE1.xml.gz
QUARANTINE,,epgshare,AE1,France 24 English,France.24.English.ae,369,72.9,100.0,,,SOURCE_QUARANTINED_BAD_CHANNEL_PROGRAMME_MAPPING 411 cloned channels / 813 total,FALLBACK,https://epgshare01.online/epgshare01/epg_ripper_AE1.xml.gz
QUARANTINE,,epgshare,AE1,French,French.ae,64,48.9,100.0,,,SOURCE_QUARANTINED_BAD_CHANNEL_PROGRAMME_MAPPING 411 cloned channels / 813 total,FALLBACK,https://epgshare01.online/epgshare01/epg_ripper_AE1.xml.gz
QUARANTINE,,epgshare,AE1,Fujairah FM,Fujairah.FM.ae,64,48.9,100.0,,,SOURCE_QUARANTINED_BAD_CHANNEL_PROGRAMME_MAPPING 411 cloned channels / 813 total,FALLBACK,https://epgshare01.online/epgshare01/epg_ripper_AE1.xml.gz
QUARANTINE,,epgshare,AE1,Fujairah HD,Fujairah.HD.ae,60,72.9,100.0,,,SOURCE_QUARANTINED_BAD_CHANNEL_PROGRAMME_MAPPING 411 cloned channels / 813 total,FALLBACK,https://epgshare01.online/epgshare01/epg_ripper_AE1.xml.gz
QUARANTINE,,epgshare,AE1,Gali Kurdistan HD,Gali.Kurdistan.HD.ae,113,72.9,100.0,,,SOURCE_QUARANTINED_BAD_CHANNEL_PROGRAMME_MAPPING 411 cloned channels / 813 total,FALLBACK,https://epgshare01.online/epgshare01/epg_ripper_AE1.xml.gz
QUARANTINE,,epgshare,AE1,Halab Today TV,Halab.Today.TV.ae,31,86.9,100.0,,,SOURCE_QUARANTINED_BAD_CHANNEL_PROGRAMME_MAPPING 411 cloned channels / 813 total,FALLBACK,https://epgshare01.online/epgshare01/epg_ripper_AE1.xml.gz
QUARANTINE,,epgshare,AE1,Haq TV,Haq.TV.ae,123,72.9,100.0,,,SOURCE_QUARANTINED_BAD_CHANNEL_PROGRAMME_MAPPING 411 cloned channels / 813 total,FALLBACK,https://epgshare01.online/epgshare01/epg_ripper_AE1.xml.gz
QUARANTINE,,epgshare,AE1,Hawa Baghdad,Hawa.Baghdad.ae,0,0.0,0.0,,,SOURCE_QUARANTINED_BAD_CHANNEL_PROGRAMME_MAPPING 411 cloned channels / 813 total,FALLBACK,https://epgshare01.online/epgshare01/epg_ripper_AE1.xml.gz
QUARANTINE,,epgshare,AE1,Hayat FM,Hayat.FM.ae,64,48.9,100.0,,,SOURCE_QUARANTINED_BAD_CHANNEL_PROGRAMME_MAPPING 411 cloned channels / 813 total,FALLBACK,https://epgshare01.online/epgshare01/epg_ripper_AE1.xml.gz
QUARANTINE,,epgshare,AE1,Hebron Sat,Hebron.Sat.ae,64,48.9,100.0,,,SOURCE_QUARANTINED_BAD_CHANNEL_PROGRAMME_MAPPING 411 cloned channels / 813 total,FALLBACK,https://epgshare01.online/epgshare01/epg_ripper_AE1.xml.gz
QUARANTINE,,epgshare,AE1,HodHod TV,HodHod.TV.ae,123,72.9,100.0,,,SOURCE_QUARANTINED_BAD_CHANNEL_PROGRAMME_MAPPING 411 cloned channels / 813 total,FALLBACK,https://epgshare01.online/epgshare01/epg_ripper_AE1.xml.gz
QUARANTINE,,epgshare,AE1,Hogan TV,Hogan.TV.ae,67,73.9,100.0,,,SOURCE_QUARANTINED_BAD_CHANNEL_PROGRAMME_MAPPING 411 cloned channels / 813 total,FALLBACK,https://epgshare01.online/epgshare01/epg_ripper_AE1.xml.gz
QUARANTINE,,epgshare,AE1,Hola Qatar,Hola.Qatar.ae,64,48.9,100.0,,,SOURCE_QUARANTINED_BAD_CHANNEL_PROGRAMME_MAPPING 411 cloned channels / 813 total,FALLBACK,https://epgshare01.online/epgshare01/epg_ripper_AE1.xml.gz
QUARANTINE,,epgshare,AE1,Holly Quran,Holly.Quran.ae,64,48.9,100.0,,,SOURCE_QUARANTINED_BAD_CHANNEL_PROGRAMME_MAPPING 411 cloned channels / 813 total,FALLBACK,https://epgshare01.online/epgshare01/epg_ripper_AE1.xml.gz
QUARANTINE,,epgshare,AE1,Home TV,Home.TV.ae,64,48.9,100.0,,,SOURCE_QUARANTINED_BAD_CHANNEL_PROGRAMME_MAPPING 411 cloned channels / 813 total,FALLBACK,https://epgshare01.online/epgshare01/epg_ripper_AE1.xml.gz
QUARANTINE,,epgshare,AE1,Houna alazm,Houna.alazm.ae,64,48.9,100.0,,,SOURCE_QUARANTINED_BAD_CHANNEL_PROGRAMME_MAPPING 411 cloned channels / 813 total,FALLBACK,https://epgshare01.online/epgshare01/epg_ripper_AE1.xml.gz
QUARANTINE,,epgshare,AE1,Huda TV,Huda.TV.ae,123,72.9,100.0,,,SOURCE_QUARANTINED_BAD_CHANNEL_PROGRAMME_MAPPING 411 cloned channels / 813 total,FALLBACK,https://epgshare01.online/epgshare01/epg_ripper_AE1.xml.gz
QUARANTINE,,epgshare,AE1,I News HD,I.News.HD.ae,113,72.9,100.0,,,SOURCE_QUARANTINED_BAD_CHANNEL_PROGRAMME_MAPPING 411 cloned channels / 813 total,FALLBACK,https://epgshare01.online/epgshare01/epg_ripper_AE1.xml.gz
QUARANTINE,,epgshare,AE1,I24 News Arabic,I24.News.Arabic.ae,0,0.0,0.0,,,SOURCE_QUARANTINED_BAD_CHANNEL_PROGRAMME_MAPPING 411 cloned channels / 813 total,FALLBACK,https://epgshare01.online/epgshare01/epg_ripper_AE1.xml.gz
QUARANTINE,,epgshare,AE1,iFilm Arabic,iFilm.Arabic.ae,64,73.9,100.0,,,SOURCE_QUARANTINED_BAD_CHANNEL_PROGRAMME_MAPPING 411 cloned channels / 813 total,FALLBACK,https://epgshare01.online/epgshare01/epg_ripper_AE1.xml.gz
QUARANTINE,,epgshare,AE1,Ifrikya FM,Ifrikya.FM.ae,64,48.9,100.0,,,SOURCE_QUARANTINED_BAD_CHANNEL_PROGRAMME_MAPPING 411 cloned channels / 813 total,FALLBACK,https://epgshare01.online/epgshare01/epg_ripper_AE1.xml.gz
QUARANTINE,,epgshare,AE1,iKA TV,iKA.TV.ae,64,48.9,100.0,,,SOURCE_QUARANTINED_BAD_CHANNEL_PROGRAMME_MAPPING 411 cloned channels / 813 total,FALLBACK,https://epgshare01.online/epgshare01/epg_ripper_AE1.xml.gz
QUARANTINE,,epgshare,AE1,Imam Ali Radio,Imam.Ali.Radio.ae,64,48.9,100.0,,,SOURCE_QUARANTINED_BAD_CHANNEL_PROGRAMME_MAPPING 411 cloned channels / 813 total,FALLBACK,https://epgshare01.online/epgshare01/epg_ripper_AE1.xml.gz
QUARANTINE,,epgshare,AE1,Imam Ali Shrine TV,Imam.Ali.Shrine.TV.ae,64,48.9,100.0,,,SOURCE_QUARANTINED_BAD_CHANNEL_PROGRAMME_MAPPING 411 cloned channels / 813 total,FALLBACK,https://epgshare01.online/epgshare01/epg_ripper_AE1.xml.gz
QUARANTINE,,epgshare,AE1,Imam Hussein TV 2,Imam.Hussein.TV.2.ae,64,48.9,100.0,,,SOURCE_QUARANTINED_BAD_CHANNEL_PROGRAMME_MAPPING 411 cloned channels / 813 total,FALLBACK,https://epgshare01.online/epgshare01/epg_ripper_AE1.xml.gz
QUARANTINE,,epgshare,AE1,Iraq 24 HD,Iraq.24.HD.ae,73,72.9,100.0,,,SOURCE_QUARANTINED_BAD_CHANNEL_PROGRAMME_MAPPING 411 cloned channels / 813 total,FALLBACK,https://epgshare01.online/epgshare01/epg_ripper_AE1.xml.gz
QUARANTINE,,epgshare,AE1,Iraq Al Hadath,Iraq.Al.Hadath.ae,74,72.9,100.0,,,SOURCE_QUARANTINED_BAD_CHANNEL_PROGRAMME_MAPPING 411 cloned channels / 813 total,FALLBACK,https://epgshare01.online/epgshare01/epg_ripper_AE1.xml.gz
QUARANTINE,,epgshare,AE1,Iraq Edu 1,Iraq.Edu.1.ae,0,0.0,0.0,,,SOURCE_QUARANTINED_BAD_CHANNEL_PROGRAMME_MAPPING 411 cloned channels / 813 total,FALLBACK,https://epgshare01.online/epgshare01/epg_ripper_AE1.xml.gz
QUARANTINE,,epgshare,AE1,Iraq Edu 2,Iraq.Edu.2.ae,0,0.0,0.0,,,SOURCE_QUARANTINED_BAD_CHANNEL_PROGRAMME_MAPPING 411 cloned channels / 813 total,FALLBACK,https://epgshare01.online/epgshare01/epg_ripper_AE1.xml.gz
QUARANTINE,,epgshare,AE1,Iraq Edu 3,Iraq.Edu.3.ae,0,0.0,0.0,,,SOURCE_QUARANTINED_BAD_CHANNEL_PROGRAMME_MAPPING 411 cloned channels / 813 total,FALLBACK,https://epgshare01.online/epgshare01/epg_ripper_AE1.xml.gz
QUARANTINE,,epgshare,AE1,Iraq Edu 4,Iraq.Edu.4.ae,0,0.0,0.0,,,SOURCE_QUARANTINED_BAD_CHANNEL_PROGRAMME_MAPPING 411 cloned channels / 813 total,FALLBACK,https://epgshare01.online/epgshare01/epg_ripper_AE1.xml.gz
QUARANTINE,,epgshare,AE1,Iraq Edu 5,Iraq.Edu.5.ae,0,0.0,0.0,,,SOURCE_QUARANTINED_BAD_CHANNEL_PROGRAMME_MAPPING 411 cloned channels / 813 total,FALLBACK,https://epgshare01.online/epgshare01/epg_ripper_AE1.xml.gz
QUARANTINE,,epgshare,AE1,Iraq Edu 6,Iraq.Edu.6.ae,0,0.0,0.0,,,SOURCE_QUARANTINED_BAD_CHANNEL_PROGRAMME_MAPPING 411 cloned channels / 813 total,FALLBACK,https://epgshare01.online/epgshare01/epg_ripper_AE1.xml.gz
QUARANTINE,,epgshare,AE1,Iraq Edu 7,Iraq.Edu.7.ae,0,0.0,0.0,,,SOURCE_QUARANTINED_BAD_CHANNEL_PROGRAMME_MAPPING 411 cloned channels / 813 total,FALLBACK,https://epgshare01.online/epgshare01/epg_ripper_AE1.xml.gz
QUARANTINE,,epgshare,AE1,Iraq Future TV,Iraq.Future.TV.ae,113,72.9,100.0,,,SOURCE_QUARANTINED_BAD_CHANNEL_PROGRAMME_MAPPING 411 cloned channels / 813 total,FALLBACK,https://epgshare01.online/epgshare01/epg_ripper_AE1.xml.gz
QUARANTINE,,epgshare,AE1,Iraq Now,Iraq.Now.ae,73,72.9,100.0,,,SOURCE_QUARANTINED_BAD_CHANNEL_PROGRAMME_MAPPING 411 cloned channels / 813 total,FALLBACK,https://epgshare01.online/epgshare01/epg_ripper_AE1.xml.gz
QUARANTINE,,epgshare,AE1,Iraqia Syriac,Iraqia.Syriac.ae,121,73.4,100.0,,,SOURCE_QUARANTINED_BAD_CHANNEL_PROGRAMME_MAPPING 411 cloned channels / 813 total,FALLBACK,https://epgshare01.online/epgshare01/epg_ripper_AE1.xml.gz
QUARANTINE,,epgshare,AE1,Jannah TV,Jannah.TV.ae,0,0.0,0.0,,,SOURCE_QUARANTINED_BAD_CHANNEL_PROGRAMME_MAPPING 411 cloned channels / 813 total,FALLBACK,https://epgshare01.online/epgshare01/epg_ripper_AE1.xml.gz
QUARANTINE,,epgshare,AE1,Jedda Radio,Jedda.Radio.ae,64,48.9,100.0,,,SOURCE_QUARANTINED_BAD_CHANNEL_PROGRAMME_MAPPING 411 cloned channels / 813 total,FALLBACK,https://epgshare01.online/epgshare01/epg_ripper_AE1.xml.gz
QUARANTINE,,epgshare,AE1,Jin TV HD,Jin.TV.HD.ae,64,48.9,100.0,,,SOURCE_QUARANTINED_BAD_CHANNEL_PROGRAMME_MAPPING 411 cloned channels / 813 total,FALLBACK,https://epgshare01.online/epgshare01/epg_ripper_AE1.xml.gz
QUARANTINE,,epgshare,AE1,Jordan Radio,Jordan.Radio.ae,64,48.9,100.0,,,SOURCE_QUARANTINED_BAD_CHANNEL_PROGRAMME_MAPPING 411 cloned channels / 813 total,FALLBACK,https://epgshare01.online/epgshare01/epg_ripper_AE1.xml.gz
QUARANTINE,,epgshare,AE1,Jordan sama,Jordan.sama.ae,64,48.9,100.0,,,SOURCE_QUARANTINED_BAD_CHANNEL_PROGRAMME_MAPPING 411 cloned channels / 813 total,FALLBACK,https://epgshare01.online/epgshare01/epg_ripper_AE1.xml.gz
QUARANTINE,,epgshare,AE1,Jordan Sport HD,Jordan.Sport.HD.ae,34,49.4,100.0,,,SOURCE_QUARANTINED_BAD_CHANNEL_PROGRAMME_MAPPING 411 cloned channels / 813 total,FALLBACK,https://epgshare01.online/epgshare01/epg_ripper_AE1.xml.gz
QUARANTINE,,epgshare,AE1,Jordan TV HD,Jordan.TV.HD.ae,168,72.9,100.0,,,SOURCE_QUARANTINED_BAD_CHANNEL_PROGRAMME_MAPPING 411 cloned channels / 813 total,FALLBACK,https://epgshare01.online/epgshare01/epg_ripper_AE1.xml.gz
QUARANTINE,,epgshare,AE1,Kadak,Kadak.ae,64,48.9,100.0,,,SOURCE_QUARANTINED_BAD_CHANNEL_PROGRAMME_MAPPING 411 cloned channels / 813 total,FALLBACK,https://epgshare01.online/epgshare01/epg_ripper_AE1.xml.gz
QUARANTINE,,epgshare,AE1,Kaifa TV,Kaifa.TV.ae,14,76.9,100.0,,,SOURCE_QUARANTINED_BAD_CHANNEL_PROGRAMME_MAPPING 411 cloned channels / 813 total,FALLBACK,https://epgshare01.online/epgshare01/epg_ripper_AE1.xml.gz
QUARANTINE,,epgshare,AE1,Karameesh,Karameesh.ae,123,72.9,100.0,,,SOURCE_QUARANTINED_BAD_CHANNEL_PROGRAMME_MAPPING 411 cloned channels / 813 total,FALLBACK,https://epgshare01.online/epgshare01/epg_ripper_AE1.xml.gz
QUARANTINE,,epgshare,AE1,Karbala TV HD,Karbala.TV.HD.ae,73,72.9,100.0,,,SOURCE_QUARANTINED_BAD_CHANNEL_PROGRAMME_MAPPING 411 cloned channels / 813 total,FALLBACK,https://epgshare01.online/epgshare01/epg_ripper_AE1.xml.gz
QUARANTINE,,epgshare,AE1,KBS World,KBS.World.ae,74,73.1,100.0,,,SOURCE_QUARANTINED_BAD_CHANNEL_PROGRAMME_MAPPING 411 cloned channels / 813 total,FALLBACK,https://epgshare01.online/epgshare01/epg_ripper_AE1.xml.gz
QUARANTINE,,epgshare,AE1,Khartoum TV,Khartoum.TV.ae,64,48.9,100.0,,,SOURCE_QUARANTINED_BAD_CHANNEL_PROGRAMME_MAPPING 411 cloned channels / 813 total,FALLBACK,https://epgshare01.online/epgshare01/epg_ripper_AE1.xml.gz
QUARANTINE,,epgshare,AE1,Khozama Radio,Khozama.Radio.ae,64,48.9,100.0,,,SOURCE_QUARANTINED_BAD_CHANNEL_PROGRAMME_MAPPING 411 cloned channels / 813 total,FALLBACK,https://epgshare01.online/epgshare01/epg_ripper_AE1.xml.gz
QUARANTINE,,epgshare,AE1,Kidsy TV,Kidsy.TV.ae,0,0.0,0.0,,,SOURCE_QUARANTINED_BAD_CHANNEL_PROGRAMME_MAPPING 411 cloned channels / 813 total,FALLBACK,https://epgshare01.online/epgshare01/epg_ripper_AE1.xml.gz
QUARANTINE,,epgshare,AE1,Kirkuk TV,Kirkuk.TV.ae,113,72.9,100.0,,,SOURCE_QUARANTINED_BAD_CHANNEL_PROGRAMME_MAPPING 411 cloned channels / 813 total,FALLBACK,https://epgshare01.online/epgshare01/epg_ripper_AE1.xml.gz
QUARANTINE,,epgshare,AE1,Koogi TV,Koogi.TV.ae,123,72.9,100.0,,,SOURCE_QUARANTINED_BAD_CHANNEL_PROGRAMME_MAPPING 411 cloned channels / 813 total,FALLBACK,https://epgshare01.online/epgshare01/epg_ripper_AE1.xml.gz
QUARANTINE,,epgshare,AE1,KSA sports 1,KSA.sports.1.ae,113,73.3,100.0,,,SOURCE_QUARANTINED_BAD_CHANNEL_PROGRAMME_MAPPING 411 cloned channels / 813 total,FALLBACK,https://epgshare01.online/epgshare01/epg_ripper_AE1.xml.gz
QUARANTINE,,epgshare,AE1,KSA sports 2 HD,KSA.sports.2.HD.ae,113,73.3,100.0,,,SOURCE_QUARANTINED_BAD_CHANNEL_PROGRAMME_MAPPING 411 cloned channels / 813 total,FALLBACK,https://epgshare01.online/epgshare01/epg_ripper_AE1.xml.gz
QUARANTINE,,epgshare,AE1,KSA Sports 3 HD,KSA.Sports.3.HD.ae,34,49.4,100.0,,,SOURCE_QUARANTINED_BAD_CHANNEL_PROGRAMME_MAPPING 411 cloned channels / 813 total,FALLBACK,https://epgshare01.online/epgshare01/epg_ripper_AE1.xml.gz
QUARANTINE,,epgshare,AE1,KTO,KTO.ae,64,48.9,100.0,,,SOURCE_QUARANTINED_BAD_CHANNEL_PROGRAMME_MAPPING 411 cloned channels / 813 total,FALLBACK,https://epgshare01.online/epgshare01/epg_ripper_AE1.xml.gz
QUARANTINE,,epgshare,AE1,Kurdistan TV,Kurdistan.TV.ae,73,72.9,100.0,,,SOURCE_QUARANTINED_BAD_CHANNEL_PROGRAMME_MAPPING 411 cloned channels / 813 total,FALLBACK,https://epgshare01.online/epgshare01/epg_ripper_AE1.xml.gz
QUARANTINE,,epgshare,AE1,KurdMax HD,KurdMax.HD.ae,73,72.9,100.0,,,SOURCE_QUARANTINED_BAD_CHANNEL_PROGRAMME_MAPPING 411 cloned channels / 813 total,FALLBACK,https://epgshare01.online/epgshare01/epg_ripper_AE1.xml.gz
QUARANTINE,,epgshare,AE1,Kurdsat,Kurdsat.ae,73,72.9,100.0,,,SOURCE_QUARANTINED_BAD_CHANNEL_PROGRAMME_MAPPING 411 cloned channels / 813 total,FALLBACK,https://epgshare01.online/epgshare01/epg_ripper_AE1.xml.gz
QUARANTINE,,epgshare,AE1,Kurdsat News HD,Kurdsat.News.HD.ae,113,72.9,100.0,,,SOURCE_QUARANTINED_BAD_CHANNEL_PROGRAMME_MAPPING 411 cloned channels / 813 total,FALLBACK,https://epgshare01.online/epgshare01/epg_ripper_AE1.xml.gz
QUARANTINE,,epgshare,AE1,Kuwait Al Akhbar,Kuwait.Al.Akhbar.ae,137,72.9,100.0,,,SOURCE_QUARANTINED_BAD_CHANNEL_PROGRAMME_MAPPING 411 cloned channels / 813 total,FALLBACK,https://epgshare01.online/epgshare01/epg_ripper_AE1.xml.gz
QUARANTINE,,epgshare,AE1,Kuwait Classical,Kuwait.Classical.ae,64,48.9,100.0,,,SOURCE_QUARANTINED_BAD_CHANNEL_PROGRAMME_MAPPING 411 cloned channels / 813 total,FALLBACK,https://epgshare01.online/epgshare01/epg_ripper_AE1.xml.gz
QUARANTINE,,epgshare,AE1,Kuwait Easy,Kuwait.Easy.ae,64,48.9,100.0,,,SOURCE_QUARANTINED_BAD_CHANNEL_PROGRAMME_MAPPING 411 cloned channels / 813 total,FALLBACK,https://epgshare01.online/epgshare01/epg_ripper_AE1.xml.gz
QUARANTINE,,epgshare,AE1,Kuwait FM,Kuwait.FM.ae,64,48.9,100.0,,,SOURCE_QUARANTINED_BAD_CHANNEL_PROGRAMME_MAPPING 411 cloned channels / 813 total,FALLBACK,https://epgshare01.online/epgshare01/epg_ripper_AE1.xml.gz
QUARANTINE,,epgshare,AE1,Kuwait Holy Quran,Kuwait.Holy.Quran.ae,64,48.9,100.0,,,SOURCE_QUARANTINED_BAD_CHANNEL_PROGRAMME_MAPPING 411 cloned channels / 813 total,FALLBACK,https://epgshare01.online/epgshare01/epg_ripper_AE1.xml.gz
QUARANTINE,,epgshare,AE1,Kuwait Radio 1,Kuwait.Radio.1.ae,64,48.9,100.0,,,SOURCE_QUARANTINED_BAD_CHANNEL_PROGRAMME_MAPPING 411 cloned channels / 813 total,FALLBACK,https://epgshare01.online/epgshare01/epg_ripper_AE1.xml.gz
QUARANTINE,,epgshare,AE1,Kuwait Radio 2,Kuwait.Radio.2.ae,64,48.9,100.0,,,SOURCE_QUARANTINED_BAD_CHANNEL_PROGRAMME_MAPPING 411 cloned channels / 813 total,FALLBACK,https://epgshare01.online/epgshare01/epg_ripper_AE1.xml.gz
QUARANTINE,,epgshare,AE1,Kuwait Shaabyia,Kuwait.Shaabyia.ae,64,48.9,100.0,,,SOURCE_QUARANTINED_BAD_CHANNEL_PROGRAMME_MAPPING 411 cloned channels / 813 total,FALLBACK,https://epgshare01.online/epgshare01/epg_ripper_AE1.xml.gz
QUARANTINE,,epgshare,AE1,Kuwait Sport HD,Kuwait.Sport.HD.ae,34,49.4,100.0,,,SOURCE_QUARANTINED_BAD_CHANNEL_PROGRAMME_MAPPING 411 cloned channels / 813 total,FALLBACK,https://epgshare01.online/epgshare01/epg_ripper_AE1.xml.gz
QUARANTINE,,epgshare,AE1,Kuwait Super,Kuwait.Super.ae,64,48.9,100.0,,,SOURCE_QUARANTINED_BAD_CHANNEL_PROGRAMME_MAPPING 411 cloned channels / 813 total,FALLBACK,https://epgshare01.online/epgshare01/epg_ripper_AE1.xml.gz
QUARANTINE,,epgshare,AE1,Kuwait TV 1 HD,Kuwait.TV.1.HD.ae,106,72.9,100.0,,,SOURCE_QUARANTINED_BAD_CHANNEL_PROGRAMME_MAPPING 411 cloned channels / 813 total,FALLBACK,https://epgshare01.online/epgshare01/epg_ripper_AE1.xml.gz
QUARANTINE,,epgshare,AE1,Kuwait TV 2 HD,Kuwait.TV.2.HD.ae,137,72.9,100.0,,,SOURCE_QUARANTINED_BAD_CHANNEL_PROGRAMME_MAPPING 411 cloned channels / 813 total,FALLBACK,https://epgshare01.online/epgshare01/epg_ripper_AE1.xml.gz
QUARANTINE,,epgshare,AE1,Kuwait TV Sport Plus HD,Kuwait.TV.Sport.Plus.HD.ae,34,49.4,100.0,,,SOURCE_QUARANTINED_BAD_CHANNEL_PROGRAMME_MAPPING 411 cloned channels / 813 total,FALLBACK,https://epgshare01.online/epgshare01/epg_ripper_AE1.xml.gz
QUARANTINE,,epgshare,AE1,Kuwaitawi TV,Kuwaitawi.TV.ae,0,0.0,0.0,,,SOURCE_QUARANTINED_BAD_CHANNEL_PROGRAMME_MAPPING 411 cloned channels / 813 total,FALLBACK,https://epgshare01.online/epgshare01/epg_ripper_AE1.xml.gz
QUARANTINE,,epgshare,AE1,LBC,LBC.ae,62,72.9,100.0,,,SOURCE_QUARANTINED_BAD_CHANNEL_PROGRAMME_MAPPING 411 cloned channels / 813 total,FALLBACK,https://epgshare01.online/epgshare01/epg_ripper_AE1.xml.gz
QUARANTINE,,epgshare,AE1,Libya Al Ahrar HD,Libya.Al.Ahrar.HD.ae,113,72.9,100.0,,,SOURCE_QUARANTINED_BAD_CHANNEL_PROGRAMME_MAPPING 411 cloned channels / 813 total,FALLBACK,https://epgshare01.online/epgshare01/epg_ripper_AE1.xml.gz
QUARANTINE,,epgshare,AE1,Libya Al Hedaya,Libya.Al.Hedaya.ae,113,72.9,100.0,,,SOURCE_QUARANTINED_BAD_CHANNEL_PROGRAMME_MAPPING 411 cloned channels / 813 total,FALLBACK,https://epgshare01.online/epgshare01/epg_ripper_AE1.xml.gz
QUARANTINE,,epgshare,AE1,Libya Alhadath HD,Libya.Alhadath.HD.ae,113,72.9,100.0,,,SOURCE_QUARANTINED_BAD_CHANNEL_PROGRAMME_MAPPING 411 cloned channels / 813 total,FALLBACK,https://epgshare01.online/epgshare01/epg_ripper_AE1.xml.gz
QUARANTINE,,epgshare,AE1,Libya Alrasmia Channel,Libya.Alrasmia.Channel.ae,113,72.9,100.0,,,SOURCE_QUARANTINED_BAD_CHANNEL_PROGRAMME_MAPPING 411 cloned channels / 813 total,FALLBACK,https://epgshare01.online/epgshare01/epg_ripper_AE1.xml.gz
QUARANTINE,,epgshare,AE1,Libya Future TV HD,Libya.Future.TV.HD.ae,64,48.9,100.0,,,SOURCE_QUARANTINED_BAD_CHANNEL_PROGRAMME_MAPPING 411 cloned channels / 813 total,FALLBACK,https://epgshare01.online/epgshare01/epg_ripper_AE1.xml.gz
QUARANTINE,,epgshare,AE1,Libya Government,Libya.Government.ae,0,0.0,0.0,,,SOURCE_QUARANTINED_BAD_CHANNEL_PROGRAMME_MAPPING 411 cloned channels / 813 total,FALLBACK,https://epgshare01.online/epgshare01/epg_ripper_AE1.xml.gz
QUARANTINE,,epgshare,AE1,Libya Ifta TV,Libya.Ifta.TV.ae,123,72.9,100.0,,,SOURCE_QUARANTINED_BAD_CHANNEL_PROGRAMME_MAPPING 411 cloned channels / 813 total,FALLBACK,https://epgshare01.online/epgshare01/epg_ripper_AE1.xml.gz
QUARANTINE,,epgshare,AE1,Libya Ly,Libya.Ly.ae,0,0.0,0.0,,,SOURCE_QUARANTINED_BAD_CHANNEL_PROGRAMME_MAPPING 411 cloned channels / 813 total,FALLBACK,https://epgshare01.online/epgshare01/epg_ripper_AE1.xml.gz
QUARANTINE,,epgshare,AE1,Libya Sport,Libya.Sport.ae,67,73.9,100.0,,,SOURCE_QUARANTINED_BAD_CHANNEL_PROGRAMME_MAPPING 411 cloned channels / 813 total,FALLBACK,https://epgshare01.online/epgshare01/epg_ripper_AE1.xml.gz
QUARANTINE,,epgshare,AE1,Libya Sport 2 HD,Libya.Sport.2.HD.ae,67,73.9,100.0,,,SOURCE_QUARANTINED_BAD_CHANNEL_PROGRAMME_MAPPING 411 cloned channels / 813 total,FALLBACK,https://epgshare01.online/epgshare01/epg_ripper_AE1.xml.gz
QUARANTINE,,epgshare,AE1,Logos TV,Logos.TV.ae,64,48.9,100.0,,,SOURCE_QUARANTINED_BAD_CHANNEL_PROGRAMME_MAPPING 411 cloned channels / 813 total,FALLBACK,https://epgshare01.online/epgshare01/epg_ripper_AE1.xml.gz
QUARANTINE,,epgshare,AE1,Loud FM,Loud.FM.ae,64,48.9,100.0,,,SOURCE_QUARANTINED_BAD_CHANNEL_PROGRAMME_MAPPING 411 cloned channels / 813 total,FALLBACK,https://epgshare01.online/epgshare01/epg_ripper_AE1.xml.gz
QUARANTINE,,epgshare,AE1,LuaLua TV HD,LuaLua.TV.HD.ae,113,72.9,100.0,,,SOURCE_QUARANTINED_BAD_CHANNEL_PROGRAMME_MAPPING 411 cloned channels / 813 total,FALLBACK,https://epgshare01.online/epgshare01/epg_ripper_AE1.xml.gz
QUARANTINE,,epgshare,AE1,M Classic,M.Classic.ae,0,0.0,0.0,,,SOURCE_QUARANTINED_BAD_CHANNEL_PROGRAMME_MAPPING 411 cloned channels / 813 total,FALLBACK,https://epgshare01.online/epgshare01/epg_ripper_AE1.xml.gz
QUARANTINE,,epgshare,AE1,M24 TV,M24.TV.ae,93,78.9,100.0,,,SOURCE_QUARANTINED_BAD_CHANNEL_PROGRAMME_MAPPING 411 cloned channels / 813 total,FALLBACK,https://epgshare01.online/epgshare01/epg_ripper_AE1.xml.gz
QUARANTINE,,epgshare,AE1,Madrasetna 1,Madrasetna.1.ae,123,72.9,100.0,,,SOURCE_QUARANTINED_BAD_CHANNEL_PROGRAMME_MAPPING 411 cloned channels / 813 total,FALLBACK,https://epgshare01.online/epgshare01/epg_ripper_AE1.xml.gz
QUARANTINE,,epgshare,AE1,Madrasetna 2,Madrasetna.2.ae,123,72.9,100.0,,,SOURCE_QUARANTINED_BAD_CHANNEL_PROGRAMME_MAPPING 411 cloned channels / 813 total,FALLBACK,https://epgshare01.online/epgshare01/epg_ripper_AE1.xml.gz
QUARANTINE,,epgshare,AE1,Madrasetna 3,Madrasetna.3.ae,123,72.9,100.0,,,SOURCE_QUARANTINED_BAD_CHANNEL_PROGRAMME_MAPPING 411 cloned channels / 813 total,FALLBACK,https://epgshare01.online/epgshare01/epg_ripper_AE1.xml.gz
QUARANTINE,,epgshare,AE1,Majid Kids TV HD,Majid.Kids.TV.HD.ae,113,73.3,100.0,,,SOURCE_QUARANTINED_BAD_CHANNEL_PROGRAMME_MAPPING 411 cloned channels / 813 total,FALLBACK,https://epgshare01.online/epgshare01/epg_ripper_AE1.xml.gz
QUARANTINE,,epgshare,AE1,Makkah TV,Makkah.TV.ae,0,0.0,0.0,,,SOURCE_QUARANTINED_BAD_CHANNEL_PROGRAMME_MAPPING 411 cloned channels / 813 total,FALLBACK,https://epgshare01.online/epgshare01/epg_ripper_AE1.xml.gz
QUARANTINE,,epgshare,AE1,Manu Chat,Manu.Chat.ae,64,48.9,100.0,,,SOURCE_QUARANTINED_BAD_CHANNEL_PROGRAMME_MAPPING 411 cloned channels / 813 total,FALLBACK,https://epgshare01.online/epgshare01/epg_ripper_AE1.xml.gz
QUARANTINE,,epgshare,AE1,Marina HD,Marina.HD.ae,14,76.9,100.0,,,SOURCE_QUARANTINED_BAD_CHANNEL_PROGRAMME_MAPPING 411 cloned channels / 813 total,FALLBACK,https://epgshare01.online/epgshare01/epg_ripper_AE1.xml.gz
QUARANTINE,,epgshare,AE1,MarjaeyatTV 2 HD,MarjaeyatTV.2.HD.ae,64,48.9,100.0,,,SOURCE_QUARANTINED_BAD_CHANNEL_PROGRAMME_MAPPING 411 cloned channels / 813 total,FALLBACK,https://epgshare01.online/epgshare01/epg_ripper_AE1.xml.gz
QUARANTINE,,epgshare,AE1,Maspero FM & Thakafy,Maspero.FM.&.Thakafy.ae,64,48.9,100.0,,,SOURCE_QUARANTINED_BAD_CHANNEL_PROGRAMME_MAPPING 411 cloned channels / 813 total,FALLBACK,https://epgshare01.online/epgshare01/epg_ripper_AE1.xml.gz
QUARANTINE,,epgshare,AE1,Maspero Zaman,Maspero.Zaman.ae,109,72.9,100.0,,,SOURCE_QUARANTINED_BAD_CHANNEL_PROGRAMME_MAPPING 411 cloned channels / 813 total,FALLBACK,https://epgshare01.online/epgshare01/epg_ripper_AE1.xml.gz
QUARANTINE,,epgshare,AE1,Matrouh,Matrouh.ae,64,48.9,100.0,,,SOURCE_QUARANTINED_BAD_CHANNEL_PROGRAMME_MAPPING 411 cloned channels / 813 total,FALLBACK,https://epgshare01.online/epgshare01/epg_ripper_AE1.xml.gz
QUARANTINE,,epgshare,AE1,Mazzika,Mazzika.ae,169,72.9,100.0,,,SOURCE_QUARANTINED_BAD_CHANNEL_PROGRAMME_MAPPING 411 cloned channels / 813 total,FALLBACK,https://epgshare01.online/epgshare01/epg_ripper_AE1.xml.gz
QUARANTINE,,epgshare,AE1,MBC 1,MBC.1.ae,87,73.4,100.0,,,SOURCE_QUARANTINED_BAD_CHANNEL_PROGRAMME_MAPPING 411 cloned channels / 813 total,FALLBACK,https://epgshare01.online/epgshare01/epg_ripper_AE1.xml.gz
QUARANTINE,,epgshare,AE1,MBC 2,MBC.2.ae,49,74.4,100.0,,,SOURCE_QUARANTINED_BAD_CHANNEL_PROGRAMME_MAPPING 411 cloned channels / 813 total,FALLBACK,https://epgshare01.online/epgshare01/epg_ripper_AE1.xml.gz
QUARANTINE,,epgshare,AE1,MBC 3,MBC.3.ae,113,73.3,100.0,,,SOURCE_QUARANTINED_BAD_CHANNEL_PROGRAMME_MAPPING 411 cloned channels / 813 total,FALLBACK,https://epgshare01.online/epgshare01/epg_ripper_AE1.xml.gz
QUARANTINE,,epgshare,AE1,MBC 4,MBC.4.ae,110,73.2,100.0,,,SOURCE_QUARANTINED_BAD_CHANNEL_PROGRAMME_MAPPING 411 cloned channels / 813 total,FALLBACK,https://epgshare01.online/epgshare01/epg_ripper_AE1.xml.gz
QUARANTINE,,epgshare,AE1,MBC Action,MBC.Action.ae,93,73.0,100.0,,,SOURCE_QUARANTINED_BAD_CHANNEL_PROGRAMME_MAPPING 411 cloned channels / 813 total,FALLBACK,https://epgshare01.online/epgshare01/epg_ripper_AE1.xml.gz
QUARANTINE,,epgshare,AE1,MBC Bollywood,MBC.Bollywood.ae,73,72.9,100.0,,,SOURCE_QUARANTINED_BAD_CHANNEL_PROGRAMME_MAPPING 411 cloned channels / 813 total,FALLBACK,https://epgshare01.online/epgshare01/epg_ripper_AE1.xml.gz
QUARANTINE,,epgshare,AE1,MBC Drama,MBC.Drama.ae,73,72.9,100.0,,,SOURCE_QUARANTINED_BAD_CHANNEL_PROGRAMME_MAPPING 411 cloned channels / 813 total,FALLBACK,https://epgshare01.online/epgshare01/epg_ripper_AE1.xml.gz
QUARANTINE,,epgshare,AE1,MBC FM,MBC.FM.ae,64,48.9,100.0,,,SOURCE_QUARANTINED_BAD_CHANNEL_PROGRAMME_MAPPING 411 cloned channels / 813 total,FALLBACK,https://epgshare01.online/epgshare01/epg_ripper_AE1.xml.gz
QUARANTINE,,epgshare,AE1,MBC Iraq HD,MBC.Iraq.HD.ae,89,72.9,100.0,,,SOURCE_QUARANTINED_BAD_CHANNEL_PROGRAMME_MAPPING 411 cloned channels / 813 total,FALLBACK,https://epgshare01.online/epgshare01/epg_ripper_AE1.xml.gz
QUARANTINE,,epgshare,AE1,MBC Masr 2 HD,MBC.Masr.2.HD.ae,71,72.9,100.0,,,SOURCE_QUARANTINED_BAD_CHANNEL_PROGRAMME_MAPPING 411 cloned channels / 813 total,FALLBACK,https://epgshare01.online/epgshare01/epg_ripper_AE1.xml.gz
QUARANTINE,,epgshare,AE1,MBC Masr Drama HD,MBC.Masr.Drama.HD.ae,40,74.2,100.0,,,SOURCE_QUARANTINED_BAD_CHANNEL_PROGRAMME_MAPPING 411 cloned channels / 813 total,FALLBACK,https://epgshare01.online/epgshare01/epg_ripper_AE1.xml.gz
QUARANTINE,,epgshare,AE1,MBC Masr HD,MBC.Masr.HD.ae,62,72.9,100.0,,,SOURCE_QUARANTINED_BAD_CHANNEL_PROGRAMME_MAPPING 411 cloned channels / 813 total,FALLBACK,https://epgshare01.online/epgshare01/epg_ripper_AE1.xml.gz
QUARANTINE,,epgshare,AE1,Med Muzîk,Med.Muzîk.ae,123,72.9,100.0,,,SOURCE_QUARANTINED_BAD_CHANNEL_PROGRAMME_MAPPING 411 cloned channels / 813 total,FALLBACK,https://epgshare01.online/epgshare01/epg_ripper_AE1.xml.gz
QUARANTINE,,epgshare,AE1,Medi1Radio Afrique,Medi1Radio.Afrique.ae,64,48.9,100.0,,,SOURCE_QUARANTINED_BAD_CHANNEL_PROGRAMME_MAPPING 411 cloned channels / 813 total,FALLBACK,https://epgshare01.online/epgshare01/epg_ripper_AE1.xml.gz
QUARANTINE,,epgshare,AE1,Mega FM,Mega.FM.ae,64,48.9,100.0,,,SOURCE_QUARANTINED_BAD_CHANNEL_PROGRAMME_MAPPING 411 cloned channels / 813 total,FALLBACK,https://epgshare01.online/epgshare01/epg_ripper_AE1.xml.gz
QUARANTINE,,epgshare,AE1,Mekameleen,Mekameleen.ae,113,72.9,100.0,,,SOURCE_QUARANTINED_BAD_CHANNEL_PROGRAMME_MAPPING 411 cloned channels / 813 total,FALLBACK,https://epgshare01.online/epgshare01/epg_ripper_AE1.xml.gz
QUARANTINE,,epgshare,AE1,Misr Al Zeraeey,Misr.Al.Zeraeey.ae,113,72.9,100.0,,,SOURCE_QUARANTINED_BAD_CHANNEL_PROGRAMME_MAPPING 411 cloned channels / 813 total,FALLBACK,https://epgshare01.online/epgshare01/epg_ripper_AE1.xml.gz
QUARANTINE,,epgshare,AE1,Misr AlBalad,Misr.AlBalad.ae,64,48.9,100.0,,,SOURCE_QUARANTINED_BAD_CHANNEL_PROGRAMME_MAPPING 411 cloned channels / 813 total,FALLBACK,https://epgshare01.online/epgshare01/epg_ripper_AE1.xml.gz
QUARANTINE,,epgshare,AE1,Misr Quran Kareem,Misr.Quran.Kareem.ae,123,72.9,100.0,,,SOURCE_QUARANTINED_BAD_CHANNEL_PROGRAMME_MAPPING 411 cloned channels / 813 total,FALLBACK,https://epgshare01.online/epgshare01/epg_ripper_AE1.xml.gz
QUARANTINE,,epgshare,AE1,Mix,Mix.ae,33,73.2,100.0,,,SOURCE_QUARANTINED_BAD_CHANNEL_PROGRAMME_MAPPING 411 cloned channels / 813 total,FALLBACK,https://epgshare01.online/epgshare01/epg_ripper_AE1.xml.gz
QUARANTINE,,epgshare,AE1,Mix bel Araby TV,Mix.bel.Araby.TV.ae,36,73.9,100.0,,,SOURCE_QUARANTINED_BAD_CHANNEL_PROGRAMME_MAPPING 411 cloned channels / 813 total,FALLBACK,https://epgshare01.online/epgshare01/epg_ripper_AE1.xml.gz
QUARANTINE,,epgshare,AE1,Mix One,Mix.One.ae,33,73.2,100.0,,,SOURCE_QUARANTINED_BAD_CHANNEL_PROGRAMME_MAPPING 411 cloned channels / 813 total,FALLBACK,https://epgshare01.online/epgshare01/epg_ripper_AE1.xml.gz
QUARANTINE,,epgshare,AE1,Mowagahat-1,Mowagahat-1.ae,64,48.9,100.0,,,SOURCE_QUARANTINED_BAD_CHANNEL_PROGRAMME_MAPPING 411 cloned channels / 813 total,FALLBACK,https://epgshare01.online/epgshare01/epg_ripper_AE1.xml.gz
QUARANTINE,,epgshare,AE1,Mowagahat-2,Mowagahat-2.ae,64,48.9,100.0,,,SOURCE_QUARANTINED_BAD_CHANNEL_PROGRAMME_MAPPING 411 cloned channels / 813 total,FALLBACK,https://epgshare01.online/epgshare01/epg_ripper_AE1.xml.gz
QUARANTINE,,epgshare,AE1,Mowagahat-8,Mowagahat-8.ae,64,48.9,100.0,,,SOURCE_QUARANTINED_BAD_CHANNEL_PROGRAMME_MAPPING 411 cloned channels / 813 total,FALLBACK,https://epgshare01.online/epgshare01/epg_ripper_AE1.xml.gz
QUARANTINE,,epgshare,AE1,Mowajahat,Mowajahat.ae,64,48.9,100.0,,,SOURCE_QUARANTINED_BAD_CHANNEL_PROGRAMME_MAPPING 411 cloned channels / 813 total,FALLBACK,https://epgshare01.online/epgshare01/epg_ripper_AE1.xml.gz
QUARANTINE,,epgshare,AE1,MTA 3,MTA.3.ae,64,48.9,100.0,,,SOURCE_QUARANTINED_BAD_CHANNEL_PROGRAMME_MAPPING 411 cloned channels / 813 total,FALLBACK,https://epgshare01.online/epgshare01/epg_ripper_AE1.xml.gz
QUARANTINE,,epgshare,AE1,Musawa HD,Musawa.HD.ae,64,48.9,100.0,,,SOURCE_QUARANTINED_BAD_CHANNEL_PROGRAMME_MAPPING 411 cloned channels / 813 total,FALLBACK,https://epgshare01.online/epgshare01/epg_ripper_AE1.xml.gz
QUARANTINE,,epgshare,AE1,Music Iraq,Music.Iraq.ae,0,0.0,0.0,,,SOURCE_QUARANTINED_BAD_CHANNEL_PROGRAMME_MAPPING 411 cloned channels / 813 total,FALLBACK,https://epgshare01.online/epgshare01/epg_ripper_AE1.xml.gz
QUARANTINE,,epgshare,AE1,MVMT Movement of Culture,MVMT.Movement.of.Culture.ae,0,0.0,0.0,,,SOURCE_QUARANTINED_BAD_CHANNEL_PROGRAMME_MAPPING 411 cloned channels / 813 total,FALLBACK,https://epgshare01.online/epgshare01/epg_ripper_AE1.xml.gz
QUARANTINE,,epgshare,AE1,Nabaa TV,Nabaa.TV.ae,64,48.9,100.0,,,SOURCE_QUARANTINED_BAD_CHANNEL_PROGRAMME_MAPPING 411 cloned channels / 813 total,FALLBACK,https://epgshare01.online/epgshare01/epg_ripper_AE1.xml.gz
QUARANTINE,,epgshare,AE1,Nablus Radio,Nablus.Radio.ae,64,48.9,100.0,,,SOURCE_QUARANTINED_BAD_CHANNEL_PROGRAMME_MAPPING 411 cloned channels / 813 total,FALLBACK,https://epgshare01.online/epgshare01/epg_ripper_AE1.xml.gz
QUARANTINE,,epgshare,AE1,Nagham FM,Nagham.FM.ae,64,48.9,100.0,,,SOURCE_QUARANTINED_BAD_CHANNEL_PROGRAMME_MAPPING 411 cloned channels / 813 total,FALLBACK,https://epgshare01.online/epgshare01/epg_ripper_AE1.xml.gz
QUARANTINE,,epgshare,AE1,Nat Geo Abu Dhabi HD,Nat.Geo.Abu.Dhabi.HD.ae,98,72.9,100.0,,,SOURCE_QUARANTINED_BAD_CHANNEL_PROGRAMME_MAPPING 411 cloned channels / 813 total,FALLBACK,https://epgshare01.online/epgshare01/epg_ripper_AE1.xml.gz
QUARANTINE,,epgshare,AE1,Nedaa El Islam,Nedaa.El.Islam.ae,64,48.9,100.0,,,SOURCE_QUARANTINED_BAD_CHANNEL_PROGRAMME_MAPPING 411 cloned channels / 813 total,FALLBACK,https://epgshare01.online/epgshare01/epg_ripper_AE1.xml.gz
QUARANTINE,,epgshare,AE1,New Libya,New.Libya.ae,0,0.0,0.0,,,SOURCE_QUARANTINED_BAD_CHANNEL_PROGRAMME_MAPPING 411 cloned channels / 813 total,FALLBACK,https://epgshare01.online/epgshare01/epg_ripper_AE1.xml.gz
QUARANTINE,,epgshare,AE1,NHK World Japan,NHK.World.Japan.ae,229,72.9,100.0,,,SOURCE_QUARANTINED_BAD_CHANNEL_PROGRAMME_MAPPING 411 cloned channels / 813 total,FALLBACK,https://epgshare01.online/epgshare01/epg_ripper_AE1.xml.gz
QUARANTINE,,epgshare,AE1,Nile Cinema,Nile.Cinema.ae,40,72.9,100.0,,,SOURCE_QUARANTINED_BAD_CHANNEL_PROGRAMME_MAPPING 411 cloned channels / 813 total,FALLBACK,https://epgshare01.online/epgshare01/epg_ripper_AE1.xml.gz
QUARANTINE,,epgshare,AE1,Nile Comedy,Nile.Comedy.ae,85,72.9,100.0,,,SOURCE_QUARANTINED_BAD_CHANNEL_PROGRAMME_MAPPING 411 cloned channels / 813 total,FALLBACK,https://epgshare01.online/epgshare01/epg_ripper_AE1.xml.gz
QUARANTINE,,epgshare,AE1,Nile Culture,Nile.Culture.ae,78,72.9,100.0,,,SOURCE_QUARANTINED_BAD_CHANNEL_PROGRAMME_MAPPING 411 cloned channels / 813 total,FALLBACK,https://epgshare01.online/epgshare01/epg_ripper_AE1.xml.gz
QUARANTINE,,epgshare,AE1,Nile Drama,Nile.Drama.ae,85,72.9,100.0,,,SOURCE_QUARANTINED_BAD_CHANNEL_PROGRAMME_MAPPING 411 cloned channels / 813 total,FALLBACK,https://epgshare01.online/epgshare01/epg_ripper_AE1.xml.gz
QUARANTINE,,epgshare,AE1,Nile Education,Nile.Education.ae,0,0.0,0.0,,,SOURCE_QUARANTINED_BAD_CHANNEL_PROGRAMME_MAPPING 411 cloned channels / 813 total,FALLBACK,https://epgshare01.online/epgshare01/epg_ripper_AE1.xml.gz
QUARANTINE,,epgshare,AE1,Nile Family,Nile.Family.ae,73,72.9,100.0,,,SOURCE_QUARANTINED_BAD_CHANNEL_PROGRAMME_MAPPING 411 cloned channels / 813 total,FALLBACK,https://epgshare01.online/epgshare01/epg_ripper_AE1.xml.gz
QUARANTINE,,epgshare,AE1,Nile FM,Nile.FM.ae,64,48.9,100.0,,,SOURCE_QUARANTINED_BAD_CHANNEL_PROGRAMME_MAPPING 411 cloned channels / 813 total,FALLBACK,https://epgshare01.online/epgshare01/epg_ripper_AE1.xml.gz
QUARANTINE,,epgshare,AE1,Nile Life,Nile.Life.ae,71,72.9,100.0,,,SOURCE_QUARANTINED_BAD_CHANNEL_PROGRAMME_MAPPING 411 cloned channels / 813 total,FALLBACK,https://epgshare01.online/epgshare01/epg_ripper_AE1.xml.gz
QUARANTINE,,epgshare,AE1,Nile News,Nile.News.ae,31,86.9,100.0,,,SOURCE_QUARANTINED_BAD_CHANNEL_PROGRAMME_MAPPING 411 cloned channels / 813 total,FALLBACK,https://epgshare01.online/epgshare01/epg_ripper_AE1.xml.gz
QUARANTINE,,epgshare,AE1,Nile Sport,Nile.Sport.ae,54,73.9,100.0,,,SOURCE_QUARANTINED_BAD_CHANNEL_PROGRAMME_MAPPING 411 cloned channels / 813 total,FALLBACK,https://epgshare01.online/epgshare01/epg_ripper_AE1.xml.gz
QUARANTINE,,epgshare,AE1,Nile TV,Nile.TV.ae,144,72.9,100.0,,,SOURCE_QUARANTINED_BAD_CHANNEL_PROGRAMME_MAPPING 411 cloned channels / 813 total,FALLBACK,https://epgshare01.online/epgshare01/epg_ripper_AE1.xml.gz
QUARANTINE,,epgshare,AE1,Nogoum FM,Nogoum.FM.ae,64,48.9,100.0,,,SOURCE_QUARANTINED_BAD_CHANNEL_PROGRAMME_MAPPING 411 cloned channels / 813 total,FALLBACK,https://epgshare01.online/epgshare01/epg_ripper_AE1.xml.gz
QUARANTINE,,epgshare,AE1,Nogoum FM TV,Nogoum.FM.TV.ae,123,72.9,100.0,,,SOURCE_QUARANTINED_BAD_CHANNEL_PROGRAMME_MAPPING 411 cloned channels / 813 total,FALLBACK,https://epgshare01.online/epgshare01/epg_ripper_AE1.xml.gz
QUARANTINE,,epgshare,AE1,Noor Dubai Radio,Noor.Dubai.Radio.ae,0,0.0,0.0,,,SOURCE_QUARANTINED_BAD_CHANNEL_PROGRAMME_MAPPING 411 cloned channels / 813 total,FALLBACK,https://epgshare01.online/epgshare01/epg_ripper_AE1.xml.gz
QUARANTINE,,epgshare,AE1,Noor DubaiTV,Noor.DubaiTV.ae,63,50.9,22.2,,,SOURCE_QUARANTINED_BAD_CHANNEL_PROGRAMME_MAPPING 411 cloned channels / 813 total,FALLBACK,https://epgshare01.online/epgshare01/epg_ripper_AE1.xml.gz
QUARANTINE,,epgshare,AE1,North Sinai,North.Sinai.ae,64,48.9,100.0,,,SOURCE_QUARANTINED_BAD_CHANNEL_PROGRAMME_MAPPING 411 cloned channels / 813 total,FALLBACK,https://epgshare01.online/epgshare01/epg_ripper_AE1.xml.gz
QUARANTINE,,epgshare,AE1,Nour al Sharq,Nour.al.Sharq.ae,0,0.0,0.0,,,SOURCE_QUARANTINED_BAD_CHANNEL_PROGRAMME_MAPPING 411 cloned channels / 813 total,FALLBACK,https://epgshare01.online/epgshare01/epg_ripper_AE1.xml.gz
QUARANTINE,,epgshare,AE1,Nour Koddass,Nour.Koddass.ae,64,48.9,100.0,,,SOURCE_QUARANTINED_BAD_CHANNEL_PROGRAMME_MAPPING 411 cloned channels / 813 total,FALLBACK,https://epgshare01.online/epgshare01/epg_ripper_AE1.xml.gz
QUARANTINE,,epgshare,AE1,Nour Mariam TV,Nour.Mariam.TV.ae,0,0.0,0.0,,,SOURCE_QUARANTINED_BAD_CHANNEL_PROGRAMME_MAPPING 411 cloned channels / 813 total,FALLBACK,https://epgshare01.online/epgshare01/epg_ripper_AE1.xml.gz
QUARANTINE,,epgshare,AE1,Noursat Al Chabab,Noursat.Al.Chabab.ae,0,0.0,0.0,,,SOURCE_QUARANTINED_BAD_CHANNEL_PROGRAMME_MAPPING 411 cloned channels / 813 total,FALLBACK,https://epgshare01.online/epgshare01/epg_ripper_AE1.xml.gz
QUARANTINE,,epgshare,AE1,Noursat TV,Noursat.TV.ae,64,48.9,100.0,,,SOURCE_QUARANTINED_BAD_CHANNEL_PROGRAMME_MAPPING 411 cloned channels / 813 total,FALLBACK,https://epgshare01.online/epgshare01/epg_ripper_AE1.xml.gz
QUARANTINE,,epgshare,AE1,NRT 2 HD,NRT.2.HD.ae,14,76.9,100.0,,,SOURCE_QUARANTINED_BAD_CHANNEL_PROGRAMME_MAPPING 411 cloned channels / 813 total,FALLBACK,https://epgshare01.online/epgshare01/epg_ripper_AE1.xml.gz
QUARANTINE,,epgshare,AE1,NRT 4,NRT.4.ae,0,0.0,0.0,,,SOURCE_QUARANTINED_BAD_CHANNEL_PROGRAMME_MAPPING 411 cloned channels / 813 total,FALLBACK,https://epgshare01.online/epgshare01/epg_ripper_AE1.xml.gz
QUARANTINE,,epgshare,AE1,NRT HD,NRT.HD.ae,113,72.9,100.0,,,SOURCE_QUARANTINED_BAD_CHANNEL_PROGRAMME_MAPPING 411 cloned channels / 813 total,FALLBACK,https://epgshare01.online/epgshare01/epg_ripper_AE1.xml.gz
QUARANTINE,,epgshare,AE1,OFM,OFM.ae,64,48.9,100.0,,,SOURCE_QUARANTINED_BAD_CHANNEL_PROGRAMME_MAPPING 411 cloned channels / 813 total,FALLBACK,https://epgshare01.online/epgshare01/epg_ripper_AE1.xml.gz
QUARANTINE,,epgshare,AE1,Oman Classic Radio,Oman.Classic.Radio.ae,64,48.9,100.0,,,SOURCE_QUARANTINED_BAD_CHANNEL_PROGRAMME_MAPPING 411 cloned channels / 813 total,FALLBACK,https://epgshare01.online/epgshare01/epg_ripper_AE1.xml.gz
QUARANTINE,,epgshare,AE1,Oman General Radio,Oman.General.Radio.ae,64,48.9,100.0,,,SOURCE_QUARANTINED_BAD_CHANNEL_PROGRAMME_MAPPING 411 cloned channels / 813 total,FALLBACK,https://epgshare01.online/epgshare01/epg_ripper_AE1.xml.gz
QUARANTINE,,epgshare,AE1,Oman HolyQuran Radio,Oman.HolyQuran.Radio.ae,64,48.9,100.0,,,SOURCE_QUARANTINED_BAD_CHANNEL_PROGRAMME_MAPPING 411 cloned channels / 813 total,FALLBACK,https://epgshare01.online/epgshare01/epg_ripper_AE1.xml.gz
QUARANTINE,,epgshare,AE1,Oman Shabab Radio,Oman.Shabab.Radio.ae,64,48.9,100.0,,,SOURCE_QUARANTINED_BAD_CHANNEL_PROGRAMME_MAPPING 411 cloned channels / 813 total,FALLBACK,https://epgshare01.online/epgshare01/epg_ripper_AE1.xml.gz
QUARANTINE,,epgshare,AE1,Oman TV Culture HD,Oman.TV.Culture.HD.ae,14,76.9,100.0,,,SOURCE_QUARANTINED_BAD_CHANNEL_PROGRAMME_MAPPING 411 cloned channels / 813 total,FALLBACK,https://epgshare01.online/epgshare01/epg_ripper_AE1.xml.gz
QUARANTINE,,epgshare,AE1,Oman TV HD,Oman.TV.HD.ae,137,72.9,100.0,,,SOURCE_QUARANTINED_BAD_CHANNEL_PROGRAMME_MAPPING 411 cloned channels / 813 total,FALLBACK,https://epgshare01.online/epgshare01/epg_ripper_AE1.xml.gz
QUARANTINE,,epgshare,AE1,Oman TV Mubasher HD,Oman.TV.Mubasher.HD.ae,76,72.9,100.0,,,SOURCE_QUARANTINED_BAD_CHANNEL_PROGRAMME_MAPPING 411 cloned channels / 813 total,FALLBACK,https://epgshare01.online/epgshare01/epg_ripper_AE1.xml.gz
QUARANTINE,,epgshare,AE1,Oman TV Sport HD,Oman.TV.Sport.HD.ae,34,49.4,100.0,,,SOURCE_QUARANTINED_BAD_CHANNEL_PROGRAMME_MAPPING 411 cloned channels / 813 total,FALLBACK,https://epgshare01.online/epgshare01/epg_ripper_AE1.xml.gz
QUARANTINE,,epgshare,AE1,On Drama,On.Drama.ae,69,72.9,100.0,,,SOURCE_QUARANTINED_BAD_CHANNEL_PROGRAMME_MAPPING 411 cloned channels / 813 total,FALLBACK,https://epgshare01.online/epgshare01/epg_ripper_AE1.xml.gz
QUARANTINE,,epgshare,AE1,On E HD,On.E.HD.ae,56,72.9,100.0,,,SOURCE_QUARANTINED_BAD_CHANNEL_PROGRAMME_MAPPING 411 cloned channels / 813 total,FALLBACK,https://epgshare01.online/epgshare01/epg_ripper_AE1.xml.gz
QUARANTINE,,epgshare,AE1,On Time Sport 2 HD,On.Time.Sport.2.HD.ae,54,73.9,100.0,,,SOURCE_QUARANTINED_BAD_CHANNEL_PROGRAMME_MAPPING 411 cloned channels / 813 total,FALLBACK,https://epgshare01.online/epgshare01/epg_ripper_AE1.xml.gz
QUARANTINE,,epgshare,AE1,On Time Sports HD,On.Time.Sports.HD.ae,34,49.4,100.0,,,SOURCE_QUARANTINED_BAD_CHANNEL_PROGRAMME_MAPPING 411 cloned channels / 813 total,FALLBACK,https://epgshare01.online/epgshare01/epg_ripper_AE1.xml.gz
QUARANTINE,,epgshare,AE1,One America News Network,One.America.News.Network.ae,121,73.4,100.0,,,SOURCE_QUARANTINED_BAD_CHANNEL_PROGRAMME_MAPPING 411 cloned channels / 813 total,FALLBACK,https://epgshare01.online/epgshare01/epg_ripper_AE1.xml.gz
QUARANTINE,,epgshare,AE1,One Drama,One.Drama.ae,64,73.9,100.0,,,SOURCE_QUARANTINED_BAD_CHANNEL_PROGRAMME_MAPPING 411 cloned channels / 813 total,FALLBACK,https://epgshare01.online/epgshare01/epg_ripper_AE1.xml.gz
QUARANTINE,,epgshare,AE1,One Movies,One.Movies.ae,64,73.9,100.0,,,SOURCE_QUARANTINED_BAD_CHANNEL_PROGRAMME_MAPPING 411 cloned channels / 813 total,FALLBACK,https://epgshare01.online/epgshare01/epg_ripper_AE1.xml.gz
QUARANTINE,,epgshare,AE1,One Tv,One.Tv.ae,33,49.4,60.6,,,SOURCE_QUARANTINED_BAD_CHANNEL_PROGRAMME_MAPPING 411 cloned channels / 813 total,FALLBACK,https://epgshare01.online/epgshare01/epg_ripper_AE1.xml.gz
QUARANTINE,,epgshare,AE1,One TV,One.TV.ae,79,74.3,100.0,,,SOURCE_QUARANTINED_BAD_CHANNEL_PROGRAMME_MAPPING 411 cloned channels / 813 total,FALLBACK,https://epgshare01.online/epgshare01/epg_ripper_AE1.xml.gz
QUARANTINE,,epgshare,AE1,Oscar TV,Oscar.TV.ae,0,0.0,0.0,,,SOURCE_QUARANTINED_BAD_CHANNEL_PROGRAMME_MAPPING 411 cloned channels / 813 total,FALLBACK,https://epgshare01.online/epgshare01/epg_ripper_AE1.xml.gz
QUARANTINE,,epgshare,AE1,OSN TV,OSN.TV.ae,64,48.9,100.0,,,SOURCE_QUARANTINED_BAD_CHANNEL_PROGRAMME_MAPPING 411 cloned channels / 813 total,FALLBACK,https://epgshare01.online/epgshare01/epg_ripper_AE1.xml.gz
QUARANTINE,,epgshare,AE1,Outdoor Channel,Outdoor.Channel.ae,327,73.3,100.0,,,SOURCE_QUARANTINED_BAD_CHANNEL_PROGRAMME_MAPPING 411 cloned channels / 813 total,FALLBACK,https://epgshare01.online/epgshare01/epg_ripper_AE1.xml.gz
QUARANTINE,,epgshare,AE1,Oyoun Al Watan TV,Oyoun.Al.Watan.TV.ae,64,48.9,100.0,,,SOURCE_QUARANTINED_BAD_CHANNEL_PROGRAMME_MAPPING 411 cloned channels / 813 total,FALLBACK,https://epgshare01.online/epgshare01/epg_ripper_AE1.xml.gz
QUARANTINE,,epgshare,AE1,Palestine Edu HD,Palestine.Edu.HD.ae,78,72.9,100.0,,,SOURCE_QUARANTINED_BAD_CHANNEL_PROGRAMME_MAPPING 411 cloned channels / 813 total,FALLBACK,https://epgshare01.online/epgshare01/epg_ripper_AE1.xml.gz
QUARANTINE,,epgshare,AE1,Palestine HD,Palestine.HD.ae,113,72.9,100.0,,,SOURCE_QUARANTINED_BAD_CHANNEL_PROGRAMME_MAPPING 411 cloned channels / 813 total,FALLBACK,https://epgshare01.online/epgshare01/epg_ripper_AE1.xml.gz
QUARANTINE,,epgshare,AE1,Palestine Live HD,Palestine.Live.HD.ae,73,72.9,100.0,,,SOURCE_QUARANTINED_BAD_CHANNEL_PROGRAMME_MAPPING 411 cloned channels / 813 total,FALLBACK,https://epgshare01.online/epgshare01/epg_ripper_AE1.xml.gz
QUARANTINE,,epgshare,AE1,Palestine News,Palestine.News.ae,113,72.9,100.0,,,SOURCE_QUARANTINED_BAD_CHANNEL_PROGRAMME_MAPPING 411 cloned channels / 813 total,FALLBACK,https://epgshare01.online/epgshare01/epg_ripper_AE1.xml.gz
QUARANTINE,,epgshare,AE1,Palestine Quraan,Palestine.Quraan.ae,64,48.9,100.0,,,SOURCE_QUARANTINED_BAD_CHANNEL_PROGRAMME_MAPPING 411 cloned channels / 813 total,FALLBACK,https://epgshare01.online/epgshare01/epg_ripper_AE1.xml.gz
QUARANTINE,,epgshare,AE1,Palestine Quran 2,Palestine.Quran.2.ae,64,48.9,100.0,,,SOURCE_QUARANTINED_BAD_CHANNEL_PROGRAMME_MAPPING 411 cloned channels / 813 total,FALLBACK,https://epgshare01.online/epgshare01/epg_ripper_AE1.xml.gz
QUARANTINE,,epgshare,AE1,Palestine Radio,Palestine.Radio.ae,64,48.9,100.0,,,SOURCE_QUARANTINED_BAD_CHANNEL_PROGRAMME_MAPPING 411 cloned channels / 813 total,FALLBACK,https://epgshare01.online/epgshare01/epg_ripper_AE1.xml.gz
QUARANTINE,,epgshare,AE1,Palestine Sport,Palestine.Sport.ae,34,49.4,100.0,,,SOURCE_QUARANTINED_BAD_CHANNEL_PROGRAMME_MAPPING 411 cloned channels / 813 total,FALLBACK,https://epgshare01.online/epgshare01/epg_ripper_AE1.xml.gz
QUARANTINE,,epgshare,AE1,Palestine Today,Palestine.Today.ae,113,72.9,100.0,,,SOURCE_QUARANTINED_BAD_CHANNEL_PROGRAMME_MAPPING 411 cloned channels / 813 total,FALLBACK,https://epgshare01.online/epgshare01/epg_ripper_AE1.xml.gz
QUARANTINE,,epgshare,AE1,Panorama Drama,Panorama.Drama.ae,109,72.9,100.0,,,SOURCE_QUARANTINED_BAD_CHANNEL_PROGRAMME_MAPPING 411 cloned channels / 813 total,FALLBACK,https://epgshare01.online/epgshare01/epg_ripper_AE1.xml.gz
QUARANTINE,,epgshare,AE1,Panorama Drama 2,Panorama.Drama.2.ae,109,72.9,100.0,,,SOURCE_QUARANTINED_BAD_CHANNEL_PROGRAMME_MAPPING 411 cloned channels / 813 total,FALLBACK,https://epgshare01.online/epgshare01/epg_ripper_AE1.xml.gz
QUARANTINE,,epgshare,AE1,Panorama Film,Panorama.Film.ae,109,72.9,100.0,,,SOURCE_QUARANTINED_BAD_CHANNEL_PROGRAMME_MAPPING 411 cloned channels / 813 total,FALLBACK,https://epgshare01.online/epgshare01/epg_ripper_AE1.xml.gz
QUARANTINE,,epgshare,AE1,Panorama Food,Panorama.Food.ae,64,74.4,100.0,,,SOURCE_QUARANTINED_BAD_CHANNEL_PROGRAMME_MAPPING 411 cloned channels / 813 total,FALLBACK,https://epgshare01.online/epgshare01/epg_ripper_AE1.xml.gz
QUARANTINE,,epgshare,AE1,Payam TV,Payam.TV.ae,113,72.9,100.0,,,SOURCE_QUARANTINED_BAD_CHANNEL_PROGRAMME_MAPPING 411 cloned channels / 813 total,FALLBACK,https://epgshare01.online/epgshare01/epg_ripper_AE1.xml.gz
QUARANTINE,,epgshare,AE1,Pishto,Pishto.ae,64,48.9,100.0,,,SOURCE_QUARANTINED_BAD_CHANNEL_PROGRAMME_MAPPING 411 cloned channels / 813 total,FALLBACK,https://epgshare01.online/epgshare01/epg_ripper_AE1.xml.gz
QUARANTINE,,epgshare,AE1,Play Aflam,Play.Aflam.ae,0,0.0,0.0,,,SOURCE_QUARANTINED_BAD_CHANNEL_PROGRAMME_MAPPING 411 cloned channels / 813 total,FALLBACK,https://epgshare01.online/epgshare01/epg_ripper_AE1.xml.gz
QUARANTINE,,epgshare,AE1,Play Cinema,Play.Cinema.ae,0,0.0,0.0,,,SOURCE_QUARANTINED_BAD_CHANNEL_PROGRAMME_MAPPING 411 cloned channels / 813 total,FALLBACK,https://epgshare01.online/epgshare01/epg_ripper_AE1.xml.gz
QUARANTINE,,epgshare,AE1,Play Drama,Play.Drama.ae,0,0.0,0.0,,,SOURCE_QUARANTINED_BAD_CHANNEL_PROGRAMME_MAPPING 411 cloned channels / 813 total,FALLBACK,https://epgshare01.online/epgshare01/epg_ripper_AE1.xml.gz
QUARANTINE,,epgshare,AE1,Play Hekayat,Play.Hekayat.ae,0,0.0,0.0,,,SOURCE_QUARANTINED_BAD_CHANNEL_PROGRAMME_MAPPING 411 cloned channels / 813 total,FALLBACK,https://epgshare01.online/epgshare01/epg_ripper_AE1.xml.gz
QUARANTINE,,epgshare,AE1,Play Today,Play.Today.ae,0,0.0,0.0,,,SOURCE_QUARANTINED_BAD_CHANNEL_PROGRAMME_MAPPING 411 cloned channels / 813 total,FALLBACK,https://epgshare01.online/epgshare01/epg_ripper_AE1.xml.gz
QUARANTINE,,epgshare,AE1,PraiseLive Global,PraiseLive.Global.ae,64,48.9,100.0,,,SOURCE_QUARANTINED_BAD_CHANNEL_PROGRAMME_MAPPING 411 cloned channels / 813 total,FALLBACK,https://epgshare01.online/epgshare01/epg_ripper_AE1.xml.gz
QUARANTINE,,epgshare,AE1,Press TV HD,Press.TV.HD.ae,149,72.9,100.0,,,SOURCE_QUARANTINED_BAD_CHANNEL_PROGRAMME_MAPPING 411 cloned channels / 813 total,FALLBACK,https://epgshare01.online/epgshare01/epg_ripper_AE1.xml.gz
QUARANTINE,,epgshare,AE1,Pulse95 SHJ,Pulse95.SHJ.ae,64,48.9,100.0,,,SOURCE_QUARANTINED_BAD_CHANNEL_PROGRAMME_MAPPING 411 cloned channels / 813 total,FALLBACK,https://epgshare01.online/epgshare01/epg_ripper_AE1.xml.gz
QUARANTINE,,epgshare,AE1,Qatar 2 HD,Qatar.2.HD.ae,116,73.9,100.0,,,SOURCE_QUARANTINED_BAD_CHANNEL_PROGRAMME_MAPPING 411 cloned channels / 813 total,FALLBACK,https://epgshare01.online/epgshare01/epg_ripper_AE1.xml.gz
QUARANTINE,,epgshare,AE1,Qatar Oryx Radio,Qatar.Oryx.Radio.ae,64,48.9,100.0,,,SOURCE_QUARANTINED_BAD_CHANNEL_PROGRAMME_MAPPING 411 cloned channels / 813 total,FALLBACK,https://epgshare01.online/epgshare01/epg_ripper_AE1.xml.gz
QUARANTINE,,epgshare,AE1,Qatar QBS Radio,Qatar.QBS.Radio.ae,64,48.9,100.0,,,SOURCE_QUARANTINED_BAD_CHANNEL_PROGRAMME_MAPPING 411 cloned channels / 813 total,FALLBACK,https://epgshare01.online/epgshare01/epg_ripper_AE1.xml.gz
QUARANTINE,,epgshare,AE1,Qatar R Quran,Qatar.R.Quran.ae,64,48.9,100.0,,,SOURCE_QUARANTINED_BAD_CHANNEL_PROGRAMME_MAPPING 411 cloned channels / 813 total,FALLBACK,https://epgshare01.online/epgshare01/epg_ripper_AE1.xml.gz
QUARANTINE,,epgshare,AE1,Qatar R Quran 2,Qatar.R.Quran.2.ae,64,48.9,100.0,,,SOURCE_QUARANTINED_BAD_CHANNEL_PROGRAMME_MAPPING 411 cloned channels / 813 total,FALLBACK,https://epgshare01.online/epgshare01/epg_ripper_AE1.xml.gz
QUARANTINE,,epgshare,AE1,Qatar Radio,Qatar.Radio.ae,64,48.9,100.0,,,SOURCE_QUARANTINED_BAD_CHANNEL_PROGRAMME_MAPPING 411 cloned channels / 813 total,FALLBACK,https://epgshare01.online/epgshare01/epg_ripper_AE1.xml.gz
QUARANTINE,,epgshare,AE1,Qatar TV HD,Qatar.TV.HD.ae,82,79.9,100.0,,,SOURCE_QUARANTINED_BAD_CHANNEL_PROGRAMME_MAPPING 411 cloned channels / 813 total,FALLBACK,https://epgshare01.online/epgshare01/epg_ripper_AE1.xml.gz
QUARANTINE,,epgshare,AE1,Qatar Urdu Radio,Qatar.Urdu.Radio.ae,64,48.9,100.0,,,SOURCE_QUARANTINED_BAD_CHANNEL_PROGRAMME_MAPPING 411 cloned channels / 813 total,FALLBACK,https://epgshare01.online/epgshare01/epg_ripper_AE1.xml.gz
QUARANTINE,,epgshare,AE1,Quran Kareem,Quran.Kareem.ae,64,48.9,100.0,,,SOURCE_QUARANTINED_BAD_CHANNEL_PROGRAMME_MAPPING 411 cloned channels / 813 total,FALLBACK,https://epgshare01.online/epgshare01/epg_ripper_AE1.xml.gz
QUARANTINE,,epgshare,AE1,Quran Kareem Jordan,Quran.Kareem.Jordan.ae,64,48.9,100.0,,,SOURCE_QUARANTINED_BAD_CHANNEL_PROGRAMME_MAPPING 411 cloned channels / 813 total,FALLBACK,https://epgshare01.online/epgshare01/epg_ripper_AE1.xml.gz
QUARANTINE,,epgshare,AE1,Quran Radio,Quran.Radio.ae,0,0.0,0.0,,,SOURCE_QUARANTINED_BAD_CHANNEL_PROGRAMME_MAPPING 411 cloned channels / 813 total,FALLBACK,https://epgshare01.online/epgshare01/epg_ripper_AE1.xml.gz
QUARANTINE,,epgshare,AE1,Radio 1,Radio.1.ae,64,48.9,100.0,,,SOURCE_QUARANTINED_BAD_CHANNEL_PROGRAMME_MAPPING 411 cloned channels / 813 total,FALLBACK,https://epgshare01.online/epgshare01/epg_ripper_AE1.xml.gz
QUARANTINE,,epgshare,AE1,Radio 2,Radio.2.ae,64,48.9,100.0,,,SOURCE_QUARANTINED_BAD_CHANNEL_PROGRAMME_MAPPING 411 cloned channels / 813 total,FALLBACK,https://epgshare01.online/epgshare01/epg_ripper_AE1.xml.gz
QUARANTINE,,epgshare,AE1,Radio 21 September,Radio.21.September.ae,64,48.9,100.0,,,SOURCE_QUARANTINED_BAD_CHANNEL_PROGRAMME_MAPPING 411 cloned channels / 813 total,FALLBACK,https://epgshare01.online/epgshare01/epg_ripper_AE1.xml.gz
QUARANTINE,,epgshare,AE1,Radio 9090,Radio.9090.ae,64,48.9,100.0,,,SOURCE_QUARANTINED_BAD_CHANNEL_PROGRAMME_MAPPING 411 cloned channels / 813 total,FALLBACK,https://epgshare01.online/epgshare01/epg_ripper_AE1.xml.gz
QUARANTINE,,epgshare,AE1,Radio Coran,Radio.Coran.ae,64,48.9,100.0,,,SOURCE_QUARANTINED_BAD_CHANNEL_PROGRAMME_MAPPING 411 cloned channels / 813 total,FALLBACK,https://epgshare01.online/epgshare01/epg_ripper_AE1.xml.gz
QUARANTINE,,epgshare,AE1,Radio Culture,Radio.Culture.ae,64,48.9,100.0,,,SOURCE_QUARANTINED_BAD_CHANNEL_PROGRAMME_MAPPING 411 cloned channels / 813 total,FALLBACK,https://epgshare01.online/epgshare01/epg_ripper_AE1.xml.gz
QUARANTINE,,epgshare,AE1,Radio Fann Jordan,Radio.Fann.Jordan.ae,64,48.9,100.0,,,SOURCE_QUARANTINED_BAD_CHANNEL_PROGRAMME_MAPPING 411 cloned channels / 813 total,FALLBACK,https://epgshare01.online/epgshare01/epg_ripper_AE1.xml.gz
QUARANTINE,,epgshare,AE1,Radio Hits,Radio.Hits.ae,64,48.9,100.0,,,SOURCE_QUARANTINED_BAD_CHANNEL_PROGRAMME_MAPPING 411 cloned channels / 813 total,FALLBACK,https://epgshare01.online/epgshare01/epg_ripper_AE1.xml.gz
QUARANTINE,,epgshare,AE1,Radio Internationale,Radio.Internationale.ae,64,48.9,100.0,,,SOURCE_QUARANTINED_BAD_CHANNEL_PROGRAMME_MAPPING 411 cloned channels / 813 total,FALLBACK,https://epgshare01.online/epgshare01/epg_ripper_AE1.xml.gz
QUARANTINE,,epgshare,AE1,Radio Jeunesse,Radio.Jeunesse.ae,64,48.9,100.0,,,SOURCE_QUARANTINED_BAD_CHANNEL_PROGRAMME_MAPPING 411 cloned channels / 813 total,FALLBACK,https://epgshare01.online/epgshare01/epg_ripper_AE1.xml.gz
QUARANTINE,,epgshare,AE1,Radio Mariam Arabic,Radio.Mariam.Arabic.ae,64,48.9,100.0,,,SOURCE_QUARANTINED_BAD_CHANNEL_PROGRAMME_MAPPING 411 cloned channels / 813 total,FALLBACK,https://epgshare01.online/epgshare01/epg_ripper_AE1.xml.gz
QUARANTINE,,epgshare,AE1,Radio Masr,Radio.Masr.ae,64,48.9,100.0,,,SOURCE_QUARANTINED_BAD_CHANNEL_PROGRAMME_MAPPING 411 cloned channels / 813 total,FALLBACK,https://epgshare01.online/epgshare01/epg_ripper_AE1.xml.gz
QUARANTINE,,epgshare,AE1,Radio Salam,Radio.Salam.ae,64,48.9,100.0,,,SOURCE_QUARANTINED_BAD_CHANNEL_PROGRAMME_MAPPING 411 cloned channels / 813 total,FALLBACK,https://epgshare01.online/epgshare01/epg_ripper_AE1.xml.gz
QUARANTINE,,epgshare,AE1,Radio Sawt El Shaab,Radio.Sawt.El.Shaab.ae,64,48.9,100.0,,,SOURCE_QUARANTINED_BAD_CHANNEL_PROGRAMME_MAPPING 411 cloned channels / 813 total,FALLBACK,https://epgshare01.online/epgshare01/epg_ripper_AE1.xml.gz
QUARANTINE,,epgshare,AE1,Radio Talavat,Radio.Talavat.ae,64,48.9,100.0,,,SOURCE_QUARANTINED_BAD_CHANNEL_PROGRAMME_MAPPING 411 cloned channels / 813 total,FALLBACK,https://epgshare01.online/epgshare01/epg_ripper_AE1.xml.gz
QUARANTINE,,epgshare,AE1,RDK,RDK.ae,64,48.9,100.0,,,SOURCE_QUARANTINED_BAD_CHANNEL_PROGRAMME_MAPPING 411 cloned channels / 813 total,FALLBACK,https://epgshare01.online/epgshare01/epg_ripper_AE1.xml.gz
QUARANTINE,,epgshare,AE1,Reef AlYemen,Reef.AlYemen.ae,68,80.9,100.0,,,SOURCE_QUARANTINED_BAD_CHANNEL_PROGRAMME_MAPPING 411 cloned channels / 813 total,FALLBACK,https://epgshare01.online/epgshare01/epg_ripper_AE1.xml.gz
QUARANTINE,,epgshare,AE1,Riyad Radio,Riyad.Radio.ae,64,48.9,100.0,,,SOURCE_QUARANTINED_BAD_CHANNEL_PROGRAMME_MAPPING 411 cloned channels / 813 total,FALLBACK,https://epgshare01.online/epgshare01/epg_ripper_AE1.xml.gz
QUARANTINE,,epgshare,AE1,Riyadh FM Split,Riyadh.FM.Split.ae,64,48.9,100.0,,,SOURCE_QUARANTINED_BAD_CHANNEL_PROGRAMME_MAPPING 411 cloned channels / 813 total,FALLBACK,https://epgshare01.online/epgshare01/epg_ripper_AE1.xml.gz
QUARANTINE,,epgshare,AE1,Roghayah TV,Roghayah.TV.ae,0,0.0,0.0,,,SOURCE_QUARANTINED_BAD_CHANNEL_PROGRAMME_MAPPING 411 cloned channels / 813 total,FALLBACK,https://epgshare01.online/epgshare01/epg_ripper_AE1.xml.gz
QUARANTINE,,epgshare,AE1,Rojava FM,Rojava.FM.ae,64,48.9,100.0,,,SOURCE_QUARANTINED_BAD_CHANNEL_PROGRAMME_MAPPING 411 cloned channels / 813 total,FALLBACK,https://epgshare01.online/epgshare01/epg_ripper_AE1.xml.gz
QUARANTINE,,epgshare,AE1,Rojava TV HD,Rojava.TV.HD.ae,113,72.9,100.0,,,SOURCE_QUARANTINED_BAD_CHANNEL_PROGRAMME_MAPPING 411 cloned channels / 813 total,FALLBACK,https://epgshare01.online/epgshare01/epg_ripper_AE1.xml.gz
QUARANTINE,,epgshare,AE1,Rotana Cinema Egypt,Rotana.Cinema.Egypt.ae,39,73.9,100.0,,,SOURCE_QUARANTINED_BAD_CHANNEL_PROGRAMME_MAPPING 411 cloned channels / 813 total,FALLBACK,https://epgshare01.online/epgshare01/epg_ripper_AE1.xml.gz
QUARANTINE,,epgshare,AE1,Rotana Cinema KSA,Rotana.Cinema.KSA.ae,39,72.9,100.0,,,SOURCE_QUARANTINED_BAD_CHANNEL_PROGRAMME_MAPPING 411 cloned channels / 813 total,FALLBACK,https://epgshare01.online/epgshare01/epg_ripper_AE1.xml.gz
QUARANTINE,,epgshare,AE1,Rotana Classic,Rotana.Classic.ae,34,73.9,100.0,,,SOURCE_QUARANTINED_BAD_CHANNEL_PROGRAMME_MAPPING 411 cloned channels / 813 total,FALLBACK,https://epgshare01.online/epgshare01/epg_ripper_AE1.xml.gz
QUARANTINE,,epgshare,AE1,Rotana Clip,Rotana.Clip.ae,169,72.9,100.0,,,SOURCE_QUARANTINED_BAD_CHANNEL_PROGRAMME_MAPPING 411 cloned channels / 813 total,FALLBACK,https://epgshare01.online/epgshare01/epg_ripper_AE1.xml.gz
QUARANTINE,,epgshare,AE1,Rotana Drama,Rotana.Drama.ae,73,72.9,100.0,,,SOURCE_QUARANTINED_BAD_CHANNEL_PROGRAMME_MAPPING 411 cloned channels / 813 total,FALLBACK,https://epgshare01.online/epgshare01/epg_ripper_AE1.xml.gz
QUARANTINE,,epgshare,AE1,Rotana FM KSA,Rotana.FM.KSA.ae,64,48.9,100.0,,,SOURCE_QUARANTINED_BAD_CHANNEL_PROGRAMME_MAPPING 411 cloned channels / 813 total,FALLBACK,https://epgshare01.online/epgshare01/epg_ripper_AE1.xml.gz
QUARANTINE,,epgshare,AE1,Rotana Khalijia,Rotana.Khalijia.ae,76,72.9,100.0,,,SOURCE_QUARANTINED_BAD_CHANNEL_PROGRAMME_MAPPING 411 cloned channels / 813 total,FALLBACK,https://epgshare01.online/epgshare01/epg_ripper_AE1.xml.gz
QUARANTINE,,epgshare,AE1,Rotana Music,Rotana.Music.ae,169,72.9,100.0,,,SOURCE_QUARANTINED_BAD_CHANNEL_PROGRAMME_MAPPING 411 cloned channels / 813 total,FALLBACK,https://epgshare01.online/epgshare01/epg_ripper_AE1.xml.gz
QUARANTINE,,epgshare,AE1,Rotana Radio Jordan,Rotana.Radio.Jordan.ae,64,48.9,100.0,,,SOURCE_QUARANTINED_BAD_CHANNEL_PROGRAMME_MAPPING 411 cloned channels / 813 total,FALLBACK,https://epgshare01.online/epgshare01/epg_ripper_AE1.xml.gz
QUARANTINE,,epgshare,AE1,Rotana Tarab Jordan,Rotana.Tarab.Jordan.ae,64,48.9,100.0,,,SOURCE_QUARANTINED_BAD_CHANNEL_PROGRAMME_MAPPING 411 cloned channels / 813 total,FALLBACK,https://epgshare01.online/epgshare01/epg_ripper_AE1.xml.gz
QUARANTINE,,epgshare,AE1,Roya TV HD,Roya.TV.HD.ae,54,75.4,100.0,,,SOURCE_QUARANTINED_BAD_CHANNEL_PROGRAMME_MAPPING 411 cloned channels / 813 total,FALLBACK,https://epgshare01.online/epgshare01/epg_ripper_AE1.xml.gz
QUARANTINE,,epgshare,AE1,RT Arabic HD,RT.Arabic.HD.ae,147,72.9,100.0,,,SOURCE_QUARANTINED_BAD_CHANNEL_PROGRAMME_MAPPING 411 cloned channels / 813 total,FALLBACK,https://epgshare01.online/epgshare01/epg_ripper_AE1.xml.gz
QUARANTINE,,epgshare,AE1,Rûdaw TV HD,Rûdaw.TV.HD.ae,73,72.9,100.0,,,SOURCE_QUARANTINED_BAD_CHANNEL_PROGRAMME_MAPPING 411 cloned channels / 813 total,FALLBACK,https://epgshare01.online/epgshare01/epg_ripper_AE1.xml.gz
QUARANTINE,,epgshare,AE1,Sada El Balad,Sada.El.Balad.ae,68,72.9,100.0,,,SOURCE_QUARANTINED_BAD_CHANNEL_PROGRAMME_MAPPING 411 cloned channels / 813 total,FALLBACK,https://epgshare01.online/epgshare01/epg_ripper_AE1.xml.gz
QUARANTINE,,epgshare,AE1,Sada El Balad 2,Sada.El.Balad.2.ae,66,72.9,100.0,,,SOURCE_QUARANTINED_BAD_CHANNEL_PROGRAMME_MAPPING 411 cloned channels / 813 total,FALLBACK,https://epgshare01.online/epgshare01/epg_ripper_AE1.xml.gz
QUARANTINE,,epgshare,AE1,Sada El Balad Drama,Sada.El.Balad.Drama.ae,73,72.9,100.0,,,SOURCE_QUARANTINED_BAD_CHANNEL_PROGRAMME_MAPPING 411 cloned channels / 813 total,FALLBACK,https://epgshare01.online/epgshare01/epg_ripper_AE1.xml.gz
QUARANTINE,,epgshare,AE1,Sahar Kurdi,Sahar.Kurdi.ae,64,48.9,100.0,,,SOURCE_QUARANTINED_BAD_CHANNEL_PROGRAMME_MAPPING 411 cloned channels / 813 total,FALLBACK,https://epgshare01.online/epgshare01/epg_ripper_AE1.xml.gz
QUARANTINE,,epgshare,AE1,Salahalddin TV,Salahalddin.TV.ae,0,0.0,0.0,,,SOURCE_QUARANTINED_BAD_CHANNEL_PROGRAMME_MAPPING 411 cloned channels / 813 total,FALLBACK,https://epgshare01.online/epgshare01/epg_ripper_AE1.xml.gz
QUARANTINE,,epgshare,AE1,Salam HD,Salam.HD.ae,64,48.9,100.0,,,SOURCE_QUARANTINED_BAD_CHANNEL_PROGRAMME_MAPPING 411 cloned channels / 813 total,FALLBACK,https://epgshare01.online/epgshare01/epg_ripper_AE1.xml.gz
QUARANTINE,,epgshare,AE1,Sama Dubai,Sama.Dubai.ae,83,50.9,41.0,,,SOURCE_QUARANTINED_BAD_CHANNEL_PROGRAMME_MAPPING 411 cloned channels / 813 total,FALLBACK,https://epgshare01.online/epgshare01/epg_ripper_AE1.xml.gz
QUARANTINE,,epgshare,AE1,Sama Dubai HD,Sama.Dubai.HD.ae,76,73.2,100.0,,,SOURCE_QUARANTINED_BAD_CHANNEL_PROGRAMME_MAPPING 411 cloned channels / 813 total,FALLBACK,https://epgshare01.online/epgshare01/epg_ripper_AE1.xml.gz
QUARANTINE,,epgshare,AE1,Samira HD,Samira.HD.ae,47,72.9,100.0,,,SOURCE_QUARANTINED_BAD_CHANNEL_PROGRAMME_MAPPING 411 cloned channels / 813 total,FALLBACK,https://epgshare01.online/epgshare01/epg_ripper_AE1.xml.gz
QUARANTINE,,epgshare,AE1,Saout Alaqila,Saout.Alaqila.ae,64,48.9,100.0,,,SOURCE_QUARANTINED_BAD_CHANNEL_PROGRAMME_MAPPING 411 cloned channels / 813 total,FALLBACK,https://epgshare01.online/epgshare01/epg_ripper_AE1.xml.gz
QUARANTINE,,epgshare,AE1,Sat-7 Arabic,Sat-7.Arabic.ae,64,48.9,100.0,,,SOURCE_QUARANTINED_BAD_CHANNEL_PROGRAMME_MAPPING 411 cloned channels / 813 total,FALLBACK,https://epgshare01.online/epgshare01/epg_ripper_AE1.xml.gz
QUARANTINE,,epgshare,AE1,Sat-7 Kids,Sat-7.Kids.ae,123,72.9,100.0,,,SOURCE_QUARANTINED_BAD_CHANNEL_PROGRAMME_MAPPING 411 cloned channels / 813 total,FALLBACK,https://epgshare01.online/epgshare01/epg_ripper_AE1.xml.gz
QUARANTINE,,epgshare,AE1,Sat.tv,Sat.tv.ae,64,48.9,100.0,,,SOURCE_QUARANTINED_BAD_CHANNEL_PROGRAMME_MAPPING 411 cloned channels / 813 total,FALLBACK,https://epgshare01.online/epgshare01/epg_ripper_AE1.xml.gz
QUARANTINE,,epgshare,AE1,Saudi Al Ekhbariya HD,Saudi.Al.Ekhbariya.HD.ae,158,72.9,100.0,,,SOURCE_QUARANTINED_BAD_CHANNEL_PROGRAMME_MAPPING 411 cloned channels / 813 total,FALLBACK,https://epgshare01.online/epgshare01/epg_ripper_AE1.xml.gz
QUARANTINE,,epgshare,AE1,Saudi HD,Saudi.HD.ae,92,74.9,100.0,,,SOURCE_QUARANTINED_BAD_CHANNEL_PROGRAMME_MAPPING 411 cloned channels / 813 total,FALLBACK,https://epgshare01.online/epgshare01/epg_ripper_AE1.xml.gz
QUARANTINE,,epgshare,AE1,Saudi Quran TV HD,Saudi.Quran.TV.HD.ae,113,73.3,100.0,,,SOURCE_QUARANTINED_BAD_CHANNEL_PROGRAMME_MAPPING 411 cloned channels / 813 total,FALLBACK,https://epgshare01.online/epgshare01/epg_ripper_AE1.xml.gz
QUARANTINE,,epgshare,AE1,Saudi Radio 1,Saudi.Radio.1.ae,64,48.9,100.0,,,SOURCE_QUARANTINED_BAD_CHANNEL_PROGRAMME_MAPPING 411 cloned channels / 813 total,FALLBACK,https://epgshare01.online/epgshare01/epg_ripper_AE1.xml.gz
QUARANTINE,,epgshare,AE1,Saudi Radio 2,Saudi.Radio.2.ae,64,48.9,100.0,,,SOURCE_QUARANTINED_BAD_CHANNEL_PROGRAMME_MAPPING 411 cloned channels / 813 total,FALLBACK,https://epgshare01.online/epgshare01/epg_ripper_AE1.xml.gz
QUARANTINE,,epgshare,AE1,Saudi Sunna TV HD,Saudi.Sunna.TV.HD.ae,113,73.3,100.0,,,SOURCE_QUARANTINED_BAD_CHANNEL_PROGRAMME_MAPPING 411 cloned channels / 813 total,FALLBACK,https://epgshare01.online/epgshare01/epg_ripper_AE1.xml.gz
QUARANTINE,,epgshare,AE1,Saudi Thikrayat,Saudi.Thikrayat.ae,91,72.9,100.0,,,SOURCE_QUARANTINED_BAD_CHANNEL_PROGRAMME_MAPPING 411 cloned channels / 813 total,FALLBACK,https://epgshare01.online/epgshare01/epg_ripper_AE1.xml.gz
QUARANTINE,,epgshare,AE1,Saudia Alaan TV,Saudia.Alaan.TV.ae,124,74.6,100.0,,,SOURCE_QUARANTINED_BAD_CHANNEL_PROGRAMME_MAPPING 411 cloned channels / 813 total,FALLBACK,https://epgshare01.online/epgshare01/epg_ripper_AE1.xml.gz
QUARANTINE,,epgshare,AE1,Sawt Al-alam,Sawt.Al-alam.ae,64,48.9,100.0,,,SOURCE_QUARANTINED_BAD_CHANNEL_PROGRAMME_MAPPING 411 cloned channels / 813 total,FALLBACK,https://epgshare01.online/epgshare01/epg_ripper_AE1.xml.gz
QUARANTINE,,epgshare,AE1,Sawtoman Radio,Sawtoman.Radio.ae,64,48.9,100.0,,,SOURCE_QUARANTINED_BAD_CHANNEL_PROGRAMME_MAPPING 411 cloned channels / 813 total,FALLBACK,https://epgshare01.online/epgshare01/epg_ripper_AE1.xml.gz
QUARANTINE,,epgshare,AE1,SBC HD,SBC.HD.ae,64,72.9,100.0,,,SOURCE_QUARANTINED_BAD_CHANNEL_PROGRAMME_MAPPING 411 cloned channels / 813 total,FALLBACK,https://epgshare01.online/epgshare01/epg_ripper_AE1.xml.gz
QUARANTINE,,epgshare,AE1,SBN,SBN.ae,64,48.9,100.0,,,SOURCE_QUARANTINED_BAD_CHANNEL_PROGRAMME_MAPPING 411 cloned channels / 813 total,FALLBACK,https://epgshare01.online/epgshare01/epg_ripper_AE1.xml.gz
QUARANTINE,,epgshare,AE1,Sha3by FM,Sha3by.FM.ae,64,48.9,100.0,,,SOURCE_QUARANTINED_BAD_CHANNEL_PROGRAMME_MAPPING 411 cloned channels / 813 total,FALLBACK,https://epgshare01.online/epgshare01/epg_ripper_AE1.xml.gz
QUARANTINE,,epgshare,AE1,Shamalia TV,Shamalia.TV.ae,123,72.9,100.0,,,SOURCE_QUARANTINED_BAD_CHANNEL_PROGRAMME_MAPPING 411 cloned channels / 813 total,FALLBACK,https://epgshare01.online/epgshare01/epg_ripper_AE1.xml.gz
QUARANTINE,,epgshare,AE1,Sharjah HD,Sharjah.HD.ae,88,72.9,100.0,,,SOURCE_QUARANTINED_BAD_CHANNEL_PROGRAMME_MAPPING 411 cloned channels / 813 total,FALLBACK,https://epgshare01.online/epgshare01/epg_ripper_AE1.xml.gz
QUARANTINE,,epgshare,AE1,Sharjah Quran,Sharjah.Quran.ae,64,48.9,100.0,,,SOURCE_QUARANTINED_BAD_CHANNEL_PROGRAMME_MAPPING 411 cloned channels / 813 total,FALLBACK,https://epgshare01.online/epgshare01/epg_ripper_AE1.xml.gz
QUARANTINE,,epgshare,AE1,Sharjah Quran TV,Sharjah.Quran.TV.ae,113,73.3,100.0,,,SOURCE_QUARANTINED_BAD_CHANNEL_PROGRAMME_MAPPING 411 cloned channels / 813 total,FALLBACK,https://epgshare01.online/epgshare01/epg_ripper_AE1.xml.gz
QUARANTINE,,epgshare,AE1,Sharjah Radio,Sharjah.Radio.ae,64,48.9,100.0,,,SOURCE_QUARANTINED_BAD_CHANNEL_PROGRAMME_MAPPING 411 cloned channels / 813 total,FALLBACK,https://epgshare01.online/epgshare01/epg_ripper_AE1.xml.gz
QUARANTINE,,epgshare,AE1,Sharjah Sports HD,Sharjah.Sports.HD.ae,63,75.5,100.0,,,SOURCE_QUARANTINED_BAD_CHANNEL_PROGRAMME_MAPPING 411 cloned channels / 813 total,FALLBACK,https://epgshare01.online/epgshare01/epg_ripper_AE1.xml.gz
QUARANTINE,,epgshare,AE1,Sharqiya from Kalba HD,Sharqiya.from.Kalba.HD.ae,64,48.9,100.0,,,SOURCE_QUARANTINED_BAD_CHANNEL_PROGRAMME_MAPPING 411 cloned channels / 813 total,FALLBACK,https://epgshare01.online/epgshare01/epg_ripper_AE1.xml.gz
QUARANTINE,,epgshare,AE1,Sheba TV,Sheba.TV.ae,14,76.9,100.0,,,SOURCE_QUARANTINED_BAD_CHANNEL_PROGRAMME_MAPPING 411 cloned channels / 813 total,FALLBACK,https://epgshare01.online/epgshare01/epg_ripper_AE1.xml.gz
QUARANTINE,,epgshare,AE1,Shehab TV HD,Shehab.TV.HD.ae,123,72.9,100.0,,,SOURCE_QUARANTINED_BAD_CHANNEL_PROGRAMME_MAPPING 411 cloned channels / 813 total,FALLBACK,https://epgshare01.online/epgshare01/epg_ripper_AE1.xml.gz
QUARANTINE,,epgshare,AE1,Sky News Arabia HD,Sky.News.Arabia.HD.ae,73,72.9,100.0,,,SOURCE_QUARANTINED_BAD_CHANNEL_PROGRAMME_MAPPING 411 cloned channels / 813 total,FALLBACK,https://epgshare01.online/epgshare01/epg_ripper_AE1.xml.gz
QUARANTINE,,epgshare,AE1,Sout AL Arab,Sout.AL.Arab.ae,64,48.9,100.0,,,SOURCE_QUARANTINED_BAD_CHANNEL_PROGRAMME_MAPPING 411 cloned channels / 813 total,FALLBACK,https://epgshare01.online/epgshare01/epg_ripper_AE1.xml.gz
QUARANTINE,,epgshare,AE1,Sout Al Islam Doha,Sout.Al.Islam.Doha.ae,64,48.9,100.0,,,SOURCE_QUARANTINED_BAD_CHANNEL_PROGRAMME_MAPPING 411 cloned channels / 813 total,FALLBACK,https://epgshare01.online/epgshare01/epg_ripper_AE1.xml.gz
QUARANTINE,,epgshare,AE1,Sout Al Rayyan,Sout.Al.Rayyan.ae,64,48.9,100.0,,,SOURCE_QUARANTINED_BAD_CHANNEL_PROGRAMME_MAPPING 411 cloned channels / 813 total,FALLBACK,https://epgshare01.online/epgshare01/epg_ripper_AE1.xml.gz
QUARANTINE,,epgshare,AE1,Sout Alkhaleej 2,Sout.Alkhaleej.2.ae,64,48.9,100.0,,,SOURCE_QUARANTINED_BAD_CHANNEL_PROGRAMME_MAPPING 411 cloned channels / 813 total,FALLBACK,https://epgshare01.online/epgshare01/epg_ripper_AE1.xml.gz
QUARANTINE,,epgshare,AE1,Sout Alkhaleej 3,Sout.Alkhaleej.3.ae,64,48.9,100.0,,,SOURCE_QUARANTINED_BAD_CHANNEL_PROGRAMME_MAPPING 411 cloned channels / 813 total,FALLBACK,https://epgshare01.online/epgshare01/epg_ripper_AE1.xml.gz
QUARANTINE,,epgshare,AE1,Sout Alkhaleej 4,Sout.Alkhaleej.4.ae,64,48.9,100.0,,,SOURCE_QUARANTINED_BAD_CHANNEL_PROGRAMME_MAPPING 411 cloned channels / 813 total,FALLBACK,https://epgshare01.online/epgshare01/epg_ripper_AE1.xml.gz
QUARANTINE,,epgshare,AE1,Sout Alkhaleej Europe,Sout.Alkhaleej.Europe.ae,64,48.9,100.0,,,SOURCE_QUARANTINED_BAD_CHANNEL_PROGRAMME_MAPPING 411 cloned channels / 813 total,FALLBACK,https://epgshare01.online/epgshare01/epg_ripper_AE1.xml.gz
QUARANTINE,,epgshare,AE1,South Sinai,South.Sinai.ae,64,48.9,100.0,,,SOURCE_QUARANTINED_BAD_CHANNEL_PROGRAMME_MAPPING 411 cloned channels / 813 total,FALLBACK,https://epgshare01.online/epgshare01/epg_ripper_AE1.xml.gz
QUARANTINE,,epgshare,AE1,Space Toon,Space.Toon.ae,157,72.9,100.0,,,SOURCE_QUARANTINED_BAD_CHANNEL_PROGRAMME_MAPPING 411 cloned channels / 813 total,FALLBACK,https://epgshare01.online/epgshare01/epg_ripper_AE1.xml.gz
QUARANTINE,,epgshare,AE1,Speda HD,Speda.HD.ae,73,72.9,100.0,,,SOURCE_QUARANTINED_BAD_CHANNEL_PROGRAMME_MAPPING 411 cloned channels / 813 total,FALLBACK,https://epgshare01.online/epgshare01/epg_ripper_AE1.xml.gz
QUARANTINE,,epgshare,AE1,Sports First,Sports.First.ae,327,73.1,100.0,,,SOURCE_QUARANTINED_BAD_CHANNEL_PROGRAMME_MAPPING 411 cloned channels / 813 total,FALLBACK,https://epgshare01.online/epgshare01/epg_ripper_AE1.xml.gz
QUARANTINE,,epgshare,AE1,Star 1,Star.1.ae,0,0.0,0.0,,,SOURCE_QUARANTINED_BAD_CHANNEL_PROGRAMME_MAPPING 411 cloned channels / 813 total,FALLBACK,https://epgshare01.online/epgshare01/epg_ripper_AE1.xml.gz
QUARANTINE,,epgshare,AE1,Star 2,Star.2.ae,0,0.0,0.0,,,SOURCE_QUARANTINED_BAD_CHANNEL_PROGRAMME_MAPPING 411 cloned channels / 813 total,FALLBACK,https://epgshare01.online/epgshare01/epg_ripper_AE1.xml.gz
QUARANTINE,,epgshare,AE1,Stêrk TV HD,Stêrk.TV.HD.ae,64,48.9,100.0,,,SOURCE_QUARANTINED_BAD_CHANNEL_PROGRAMME_MAPPING 411 cloned channels / 813 total,FALLBACK,https://epgshare01.online/epgshare01/epg_ripper_AE1.xml.gz
QUARANTINE,,epgshare,AE1,Suboro TV,Suboro.TV.ae,64,48.9,100.0,,,SOURCE_QUARANTINED_BAD_CHANNEL_PROGRAMME_MAPPING 411 cloned channels / 813 total,FALLBACK,https://epgshare01.online/epgshare01/epg_ripper_AE1.xml.gz
QUARANTINE,,epgshare,AE1,Sudan Basic Edu TV,Sudan.Basic.Edu.TV.ae,0,0.0,0.0,,,SOURCE_QUARANTINED_BAD_CHANNEL_PROGRAMME_MAPPING 411 cloned channels / 813 total,FALLBACK,https://epgshare01.online/epgshare01/epg_ripper_AE1.xml.gz
QUARANTINE,,epgshare,AE1,Sudan TV,Sudan.TV.ae,69,72.9,100.0,,,SOURCE_QUARANTINED_BAD_CHANNEL_PROGRAMME_MAPPING 411 cloned channels / 813 total,FALLBACK,https://epgshare01.online/epgshare01/epg_ripper_AE1.xml.gz
QUARANTINE,,epgshare,AE1,Suhail TV,Suhail.TV.ae,31,86.9,100.0,,,SOURCE_QUARANTINED_BAD_CHANNEL_PROGRAMME_MAPPING 411 cloned channels / 813 total,FALLBACK,https://epgshare01.online/epgshare01/epg_ripper_AE1.xml.gz
QUARANTINE,,epgshare,AE1,Sukariya Cinema,Sukariya.Cinema.ae,64,73.9,100.0,,,SOURCE_QUARANTINED_BAD_CHANNEL_PROGRAMME_MAPPING 411 cloned channels / 813 total,FALLBACK,https://epgshare01.online/epgshare01/epg_ripper_AE1.xml.gz
QUARANTINE,,epgshare,AE1,Sukariya Classic,Sukariya.Classic.ae,64,73.9,100.0,,,SOURCE_QUARANTINED_BAD_CHANNEL_PROGRAMME_MAPPING 411 cloned channels / 813 total,FALLBACK,https://epgshare01.online/epgshare01/epg_ripper_AE1.xml.gz
QUARANTINE,,epgshare,AE1,Sukariya Hekayat,Sukariya.Hekayat.ae,64,73.9,100.0,,,SOURCE_QUARANTINED_BAD_CHANNEL_PROGRAMME_MAPPING 411 cloned channels / 813 total,FALLBACK,https://epgshare01.online/epgshare01/epg_ripper_AE1.xml.gz
QUARANTINE,,epgshare,AE1,Sukariya Zaman,Sukariya.Zaman.ae,64,73.9,100.0,,,SOURCE_QUARANTINED_BAD_CHANNEL_PROGRAMME_MAPPING 411 cloned channels / 813 total,FALLBACK,https://epgshare01.online/epgshare01/epg_ripper_AE1.xml.gz
QUARANTINE,,epgshare,AE1,Sumer FM,Sumer.FM.ae,64,48.9,100.0,,,SOURCE_QUARANTINED_BAD_CHANNEL_PROGRAMME_MAPPING 411 cloned channels / 813 total,FALLBACK,https://epgshare01.online/epgshare01/epg_ripper_AE1.xml.gz
QUARANTINE,,epgshare,AE1,Syria One TV,Syria.One.TV.ae,64,48.9,100.0,,,SOURCE_QUARANTINED_BAD_CHANNEL_PROGRAMME_MAPPING 411 cloned channels / 813 total,FALLBACK,https://epgshare01.online/epgshare01/epg_ripper_AE1.xml.gz
QUARANTINE,,epgshare,AE1,Syria TV HD,Syria.TV.HD.ae,64,48.9,100.0,,,SOURCE_QUARANTINED_BAD_CHANNEL_PROGRAMME_MAPPING 411 cloned channels / 813 total,FALLBACK,https://epgshare01.online/epgshare01/epg_ripper_AE1.xml.gz
QUARANTINE,,epgshare,AE1,Taha,Taha.ae,123,72.9,100.0,,,SOURCE_QUARANTINED_BAD_CHANNEL_PROGRAMME_MAPPING 411 cloned channels / 813 total,FALLBACK,https://epgshare01.online/epgshare01/epg_ripper_AE1.xml.gz
QUARANTINE,,epgshare,AE1,Tayba TV,Tayba.TV.ae,64,48.9,100.0,,,SOURCE_QUARANTINED_BAD_CHANNEL_PROGRAMME_MAPPING 411 cloned channels / 813 total,FALLBACK,https://epgshare01.online/epgshare01/epg_ripper_AE1.xml.gz
QUARANTINE,,epgshare,AE1,TCHAD Radio,TCHAD.Radio.ae,64,48.9,100.0,,,SOURCE_QUARANTINED_BAD_CHANNEL_PROGRAMME_MAPPING 411 cloned channels / 813 total,FALLBACK,https://epgshare01.online/epgshare01/epg_ripper_AE1.xml.gz
QUARANTINE,,epgshare,AE1,Teba 8,Teba.8.ae,73,72.9,100.0,,,SOURCE_QUARANTINED_BAD_CHANNEL_PROGRAMME_MAPPING 411 cloned channels / 813 total,FALLBACK,https://epgshare01.online/epgshare01/epg_ripper_AE1.xml.gz
QUARANTINE,,epgshare,AE1,Ten,Ten.ae,74,72.9,100.0,,,SOURCE_QUARANTINED_BAD_CHANNEL_PROGRAMME_MAPPING 411 cloned channels / 813 total,FALLBACK,https://epgshare01.online/epgshare01/epg_ripper_AE1.xml.gz
QUARANTINE,,epgshare,AE1,Thaqalayn TV,Thaqalayn.TV.ae,123,72.9,100.0,,,SOURCE_QUARANTINED_BAD_CHANNEL_PROGRAMME_MAPPING 411 cloned channels / 813 total,FALLBACK,https://epgshare01.online/epgshare01/epg_ripper_AE1.xml.gz
QUARANTINE,,epgshare,AE1,The Kingdom Sat,The.Kingdom.Sat.ae,64,48.9,100.0,,,SOURCE_QUARANTINED_BAD_CHANNEL_PROGRAMME_MAPPING 411 cloned channels / 813 total,FALLBACK,https://epgshare01.online/epgshare01/epg_ripper_AE1.xml.gz
QUARANTINE,,epgshare,AE1,Toyor Aljanah TV,Toyor.Aljanah.TV.ae,123,72.9,100.0,,,SOURCE_QUARANTINED_BAD_CHANNEL_PROGRAMME_MAPPING 411 cloned channels / 813 total,FALLBACK,https://epgshare01.online/epgshare01/epg_ripper_AE1.xml.gz
QUARANTINE,,epgshare,AE1,TRT Arabiya,TRT.Arabiya.ae,139,72.9,100.0,,,SOURCE_QUARANTINED_BAD_CHANNEL_PROGRAMME_MAPPING 411 cloned channels / 813 total,FALLBACK,https://epgshare01.online/epgshare01/epg_ripper_AE1.xml.gz
QUARANTINE,,epgshare,AE1,TRT Kurdî,TRT.Kurdî.ae,113,72.9,100.0,,,SOURCE_QUARANTINED_BAD_CHANNEL_PROGRAMME_MAPPING 411 cloned channels / 813 total,FALLBACK,https://epgshare01.online/epgshare01/epg_ripper_AE1.xml.gz
QUARANTINE,,epgshare,AE1,TRT World,TRT.World.ae,144,72.9,100.0,,,SOURCE_QUARANTINED_BAD_CHANNEL_PROGRAMME_MAPPING 411 cloned channels / 813 total,FALLBACK,https://epgshare01.online/epgshare01/epg_ripper_AE1.xml.gz
QUARANTINE,,epgshare,AE1,Tunisia Nat 1,Tunisia.Nat.1.ae,79,74.3,100.0,,,SOURCE_QUARANTINED_BAD_CHANNEL_PROGRAMME_MAPPING 411 cloned channels / 813 total,FALLBACK,https://epgshare01.online/epgshare01/epg_ripper_AE1.xml.gz
QUARANTINE,,epgshare,AE1,Tunisia Nat 2,Tunisia.Nat.2.ae,69,72.9,100.0,,,SOURCE_QUARANTINED_BAD_CHANNEL_PROGRAMME_MAPPING 411 cloned channels / 813 total,FALLBACK,https://epgshare01.online/epgshare01/epg_ripper_AE1.xml.gz
QUARANTINE,,epgshare,AE1,TV5 Monde,TV5.Monde.ae,134,72.9,100.0,,,SOURCE_QUARANTINED_BAD_CHANNEL_PROGRAMME_MAPPING 411 cloned channels / 813 total,FALLBACK,https://epgshare01.online/epgshare01/epg_ripper_AE1.xml.gz
QUARANTINE,,epgshare,AE1,TWR ARABIC,TWR.ARABIC.ae,64,48.9,100.0,,,SOURCE_QUARANTINED_BAD_CHANNEL_PROGRAMME_MAPPING 411 cloned channels / 813 total,FALLBACK,https://epgshare01.online/epgshare01/epg_ripper_AE1.xml.gz
QUARANTINE,,epgshare,AE1,Télé Tchad,Télé.Tchad.ae,64,48.9,100.0,,,SOURCE_QUARANTINED_BAD_CHANNEL_PROGRAMME_MAPPING 411 cloned channels / 813 total,FALLBACK,https://epgshare01.online/epgshare01/epg_ripper_AE1.xml.gz
QUARANTINE,,epgshare,AE1,Türkmeneli TV HD,Türkmeneli.TV.HD.ae,64,48.9,100.0,,,SOURCE_QUARANTINED_BAD_CHANNEL_PROGRAMME_MAPPING 411 cloned channels / 813 total,FALLBACK,https://epgshare01.online/epgshare01/epg_ripper_AE1.xml.gz
QUARANTINE,,epgshare,AE1,UTV Iraq,UTV.Iraq.ae,64,48.9,100.0,,,SOURCE_QUARANTINED_BAD_CHANNEL_PROGRAMME_MAPPING 411 cloned channels / 813 total,FALLBACK,https://epgshare01.online/epgshare01/epg_ripper_AE1.xml.gz
QUARANTINE,,epgshare,AE1,VOA IRAQ,VOA.IRAQ.ae,64,48.9,100.0,,,SOURCE_QUARANTINED_BAD_CHANNEL_PROGRAMME_MAPPING 411 cloned channels / 813 total,FALLBACK,https://epgshare01.online/epgshare01/epg_ripper_AE1.xml.gz
QUARANTINE,,epgshare,AE1,Voice Of Palestine,Voice.Of.Palestine.ae,64,48.9,100.0,,,SOURCE_QUARANTINED_BAD_CHANNEL_PROGRAMME_MAPPING 411 cloned channels / 813 total,FALLBACK,https://epgshare01.online/epgshare01/epg_ripper_AE1.xml.gz
QUARANTINE,,epgshare,AE1,Waar HD,Waar.HD.ae,64,48.9,100.0,,,SOURCE_QUARANTINED_BAD_CHANNEL_PROGRAMME_MAPPING 411 cloned channels / 813 total,FALLBACK,https://epgshare01.online/epgshare01/epg_ripper_AE1.xml.gz
QUARANTINE,,epgshare,AE1,Wadi Al-Neil & Palestine,Wadi.Al-Neil.&.Palestine.ae,64,48.9,100.0,,,SOURCE_QUARANTINED_BAD_CHANNEL_PROGRAMME_MAPPING 411 cloned channels / 813 total,FALLBACK,https://epgshare01.online/epgshare01/epg_ripper_AE1.xml.gz
QUARANTINE,,epgshare,AE1,Wasat TV HD,Wasat.TV.HD.ae,0,0.0,0.0,,,SOURCE_QUARANTINED_BAD_CHANNEL_PROGRAMME_MAPPING 411 cloned channels / 813 total,FALLBACK,https://epgshare01.online/epgshare01/epg_ripper_AE1.xml.gz
QUARANTINE,,epgshare,AE1,Watan TV,Watan.TV.ae,64,48.9,100.0,,,SOURCE_QUARANTINED_BAD_CHANNEL_PROGRAMME_MAPPING 411 cloned channels / 813 total,FALLBACK,https://epgshare01.online/epgshare01/epg_ripper_AE1.xml.gz
QUARANTINE,,epgshare,AE1,WATAR SHJ,WATAR.SHJ.ae,64,48.9,100.0,,,SOURCE_QUARANTINED_BAD_CHANNEL_PROGRAMME_MAPPING 411 cloned channels / 813 total,FALLBACK,https://epgshare01.online/epgshare01/epg_ripper_AE1.xml.gz
QUARANTINE,,epgshare,AE1,Wedotv Big Stories,Wedotv.Big.Stories.ae,121,73.4,100.0,,,SOURCE_QUARANTINED_BAD_CHANNEL_PROGRAMME_MAPPING 411 cloned channels / 813 total,FALLBACK,https://epgshare01.online/epgshare01/epg_ripper_AE1.xml.gz
QUARANTINE,,epgshare,AE1,West Elbalad Zaman,West.Elbalad.Zaman.ae,64,48.9,100.0,,,SOURCE_QUARANTINED_BAD_CHANNEL_PROGRAMME_MAPPING 411 cloned channels / 813 total,FALLBACK,https://epgshare01.online/epgshare01/epg_ripper_AE1.xml.gz
QUARANTINE,,epgshare,AE1,Wion HD,Wion.HD.ae,0,0.0,0.0,,,SOURCE_QUARANTINED_BAD_CHANNEL_PROGRAMME_MAPPING 411 cloned channels / 813 total,FALLBACK,https://epgshare01.online/epgshare01/epg_ripper_AE1.xml.gz
QUARANTINE,,epgshare,AE1,World Fishing Network,World.Fishing.Network.ae,147,73.0,100.0,,,SOURCE_QUARANTINED_BAD_CHANNEL_PROGRAMME_MAPPING 411 cloned channels / 813 total,FALLBACK,https://epgshare01.online/epgshare01/epg_ripper_AE1.xml.gz
QUARANTINE,,epgshare,AE1,World Poker Tour,World.Poker.Tour.ae,0,0.0,0.0,,,SOURCE_QUARANTINED_BAD_CHANNEL_PROGRAMME_MAPPING 411 cloned channels / 813 total,FALLBACK,https://epgshare01.online/epgshare01/epg_ripper_AE1.xml.gz
QUARANTINE,,epgshare,AE1,Yalla Mosar3a,Yalla.Mosar3a.ae,67,73.9,100.0,,,SOURCE_QUARANTINED_BAD_CHANNEL_PROGRAMME_MAPPING 411 cloned channels / 813 total,FALLBACK,https://epgshare01.online/epgshare01/epg_ripper_AE1.xml.gz
QUARANTINE,,epgshare,AE1,Yas TV HD,Yas.TV.HD.ae,56,76.1,100.0,,,SOURCE_QUARANTINED_BAD_CHANNEL_PROGRAMME_MAPPING 411 cloned channels / 813 total,FALLBACK,https://epgshare01.online/epgshare01/epg_ripper_AE1.xml.gz
QUARANTINE,,epgshare,AE1,Yemen Documentary,Yemen.Documentary.ae,14,76.9,100.0,,,SOURCE_QUARANTINED_BAD_CHANNEL_PROGRAMME_MAPPING 411 cloned channels / 813 total,FALLBACK,https://epgshare01.online/epgshare01/epg_ripper_AE1.xml.gz
QUARANTINE,,epgshare,AE1,Yemen Education,Yemen.Education.ae,14,76.9,100.0,,,SOURCE_QUARANTINED_BAD_CHANNEL_PROGRAMME_MAPPING 411 cloned channels / 813 total,FALLBACK,https://epgshare01.online/epgshare01/epg_ripper_AE1.xml.gz
QUARANTINE,,epgshare,AE1,Yemen Radio,Yemen.Radio.ae,0,0.0,0.0,,,SOURCE_QUARANTINED_BAD_CHANNEL_PROGRAMME_MAPPING 411 cloned channels / 813 total,FALLBACK,https://epgshare01.online/epgshare01/epg_ripper_AE1.xml.gz
QUARANTINE,,epgshare,AE1,Yemen Shabab,Yemen.Shabab.ae,68,80.9,100.0,,,SOURCE_QUARANTINED_BAD_CHANNEL_PROGRAMME_MAPPING 411 cloned channels / 813 total,FALLBACK,https://epgshare01.online/epgshare01/epg_ripper_AE1.xml.gz
QUARANTINE,,epgshare,AE1,Yemen Today TV,Yemen.Today.TV.ae,31,86.9,100.0,,,SOURCE_QUARANTINED_BAD_CHANNEL_PROGRAMME_MAPPING 411 cloned channels / 813 total,FALLBACK,https://epgshare01.online/epgshare01/epg_ripper_AE1.xml.gz
QUARANTINE,,epgshare,AE1,Yemen TV,Yemen.TV.ae,68,80.9,100.0,,,SOURCE_QUARANTINED_BAD_CHANNEL_PROGRAMME_MAPPING 411 cloned channels / 813 total,FALLBACK,https://epgshare01.online/epgshare01/epg_ripper_AE1.xml.gz
QUARANTINE,,epgshare,AE1,Zad TV,Zad.TV.ae,123,72.9,100.0,,,SOURCE_QUARANTINED_BAD_CHANNEL_PROGRAMME_MAPPING 411 cloned channels / 813 total,FALLBACK,https://epgshare01.online/epgshare01/epg_ripper_AE1.xml.gz
QUARANTINE,,epgshare,AE1,Zagros,Zagros.ae,73,72.9,100.0,,,SOURCE_QUARANTINED_BAD_CHANNEL_PROGRAMME_MAPPING 411 cloned channels / 813 total,FALLBACK,https://epgshare01.online/epgshare01/epg_ripper_AE1.xml.gz
QUARANTINE,,epgshare,AE1,Zahra TV,Zahra.TV.ae,66,73.9,100.0,,,SOURCE_QUARANTINED_BAD_CHANNEL_PROGRAMME_MAPPING 411 cloned channels / 813 total,FALLBACK,https://epgshare01.online/epgshare01/epg_ripper_AE1.xml.gz
QUARANTINE,,epgshare,AE1,Zamalek TV,Zamalek.TV.ae,67,73.9,100.0,,,SOURCE_QUARANTINED_BAD_CHANNEL_PROGRAMME_MAPPING 411 cloned channels / 813 total,FALLBACK,https://epgshare01.online/epgshare01/epg_ripper_AE1.xml.gz
QUARANTINE,,epgshare,AE1,Zamen FM,Zamen.FM.ae,64,48.9,100.0,,,SOURCE_QUARANTINED_BAD_CHANNEL_PROGRAMME_MAPPING 411 cloned channels / 813 total,FALLBACK,https://epgshare01.online/epgshare01/epg_ripper_AE1.xml.gz
QUARANTINE,,epgshare,AE1,Zarok TV,Zarok.TV.ae,123,72.9,100.0,,,SOURCE_QUARANTINED_BAD_CHANNEL_PROGRAMME_MAPPING 411 cloned channels / 813 total,FALLBACK,https://epgshare01.online/epgshare01/epg_ripper_AE1.xml.gz
QUARANTINE,,epgshare,AE1,Zayed Quran,Zayed.Quran.ae,64,48.9,100.0,,,SOURCE_QUARANTINED_BAD_CHANNEL_PROGRAMME_MAPPING 411 cloned channels / 813 total,FALLBACK,https://epgshare01.online/epgshare01/epg_ripper_AE1.xml.gz
QUARANTINE,,epgshare,AE1,Zaytoona,Zaytoona.ae,69,72.9,100.0,,,SOURCE_QUARANTINED_BAD_CHANNEL_PROGRAMME_MAPPING 411 cloned channels / 813 total,FALLBACK,https://epgshare01.online/epgshare01/epg_ripper_AE1.xml.gz
QUARANTINE,,epgshare,AE1,Zee Aflam,Zee.Aflam.ae,37,72.9,100.0,,,SOURCE_QUARANTINED_BAD_CHANNEL_PROGRAMME_MAPPING 411 cloned channels / 813 total,FALLBACK,https://epgshare01.online/epgshare01/epg_ripper_AE1.xml.gz
QUARANTINE,,epgshare,AE1,Zee Alwan,Zee.Alwan.ae,146,72.9,100.0,,,SOURCE_QUARANTINED_BAD_CHANNEL_PROGRAMME_MAPPING 411 cloned channels / 813 total,FALLBACK,https://epgshare01.online/epgshare01/epg_ripper_AE1.xml.gz
QUARANTINE,,epgshare,AE1,Zee Alwan Egypt,Zee.Alwan.Egypt.ae,121,73.4,100.0,,,SOURCE_QUARANTINED_BAD_CHANNEL_PROGRAMME_MAPPING 411 cloned channels / 813 total,FALLBACK,https://epgshare01.online/epgshare01/epg_ripper_AE1.xml.gz
QUARANTINE,,epgshare,AE1,Çira TV,Çira.TV.ae,64,48.9,100.0,,,SOURCE_QUARANTINED_BAD_CHANNEL_PROGRAMME_MAPPING 411 cloned channels / 813 total,FALLBACK,https://epgshare01.online/epgshare01/epg_ripper_AE1.xml.gz
QUARANTINE,,epgshare,BEIN1,4K-HDR-200x200-1_AR,4K-HDR-200x200-1_AR.bein,0,0.0,0.0,,,SOURCE_QUARANTINED_BAD_CHANNEL_PROGRAMME_MAPPING 28 cloned channels / 80 total,FALLBACK,https://epgshare01.online/epgshare01/epg_ripper_BEIN1.xml.gz
QUARANTINE,,epgshare,BEIN1,4K-HDR-200x200-1_EN,4K-HDR-200x200-1_EN.bein,0,0.0,0.0,,,SOURCE_QUARANTINED_BAD_CHANNEL_PROGRAMME_MAPPING 28 cloned channels / 80 total,FALLBACK,https://epgshare01.online/epgshare01/epg_ripper_BEIN1.xml.gz
QUARANTINE,,epgshare,BEIN1,4k_DIGITAL_Mono_AR,4k_DIGITAL_Mono_AR.bein,40,72.9,0.0,,,SOURCE_QUARANTINED_BAD_CHANNEL_PROGRAMME_MAPPING 28 cloned channels / 80 total,FALLBACK,https://epgshare01.online/epgshare01/epg_ripper_BEIN1.xml.gz
QUARANTINE,,epgshare,BEIN1,4k_DIGITAL_Mono_EN,4k_DIGITAL_Mono_EN.bein,17,74.0,0.0,,,SOURCE_QUARANTINED_BAD_CHANNEL_PROGRAMME_MAPPING 28 cloned channels / 80 total,FALLBACK,https://epgshare01.online/epgshare01/epg_ripper_BEIN1.xml.gz
QUARANTINE,,epgshare,BEIN1,Alkass_1_AR,Alkass_1_AR.bein,1,0.9,0.0,,,SOURCE_QUARANTINED_BAD_CHANNEL_PROGRAMME_MAPPING 28 cloned channels / 80 total,FALLBACK,https://epgshare01.online/epgshare01/epg_ripper_BEIN1.xml.gz
QUARANTINE,,epgshare,BEIN1,Alkass_1_EN,Alkass_1_EN.bein,1,0.9,0.0,,,SOURCE_QUARANTINED_BAD_CHANNEL_PROGRAMME_MAPPING 28 cloned channels / 80 total,FALLBACK,https://epgshare01.online/epgshare01/epg_ripper_BEIN1.xml.gz
QUARANTINE,,epgshare,BEIN1,Alkass_2_AR,Alkass_2_AR.bein,2,0.9,0.0,,,SOURCE_QUARANTINED_BAD_CHANNEL_PROGRAMME_MAPPING 28 cloned channels / 80 total,FALLBACK,https://epgshare01.online/epgshare01/epg_ripper_BEIN1.xml.gz
QUARANTINE,,epgshare,BEIN1,Alkass_2_EN,Alkass_2_EN.bein,2,0.9,0.0,,,SOURCE_QUARANTINED_BAD_CHANNEL_PROGRAMME_MAPPING 28 cloned channels / 80 total,FALLBACK,https://epgshare01.online/epgshare01/epg_ripper_BEIN1.xml.gz
QUARANTINE,,epgshare,BEIN1,Alkass_3_AR,Alkass_3_AR.bein,1,0.9,0.0,,,SOURCE_QUARANTINED_BAD_CHANNEL_PROGRAMME_MAPPING 28 cloned channels / 80 total,FALLBACK,https://epgshare01.online/epgshare01/epg_ripper_BEIN1.xml.gz
QUARANTINE,,epgshare,BEIN1,Alkass_3_EN,Alkass_3_EN.bein,1,0.9,0.0,,,SOURCE_QUARANTINED_BAD_CHANNEL_PROGRAMME_MAPPING 28 cloned channels / 80 total,FALLBACK,https://epgshare01.online/epgshare01/epg_ripper_BEIN1.xml.gz
QUARANTINE,,epgshare,BEIN1,Alkass_4_AR,Alkass_4_AR.bein,2,0.9,0.0,,,SOURCE_QUARANTINED_BAD_CHANNEL_PROGRAMME_MAPPING 28 cloned channels / 80 total,FALLBACK,https://epgshare01.online/epgshare01/epg_ripper_BEIN1.xml.gz
QUARANTINE,,epgshare,BEIN1,Alkass_4_EN,Alkass_4_EN.bein,2,0.9,0.0,,,SOURCE_QUARANTINED_BAD_CHANNEL_PROGRAMME_MAPPING 28 cloned channels / 80 total,FALLBACK,https://epgshare01.online/epgshare01/epg_ripper_BEIN1.xml.gz
QUARANTINE,,epgshare,BEIN1,Alkass_5_AR,Alkass_5_AR.bein,1,0.9,0.0,,,SOURCE_QUARANTINED_BAD_CHANNEL_PROGRAMME_MAPPING 28 cloned channels / 80 total,FALLBACK,https://epgshare01.online/epgshare01/epg_ripper_BEIN1.xml.gz
QUARANTINE,,epgshare,BEIN1,Alkass_5_EN,Alkass_5_EN.bein,1,0.9,0.0,,,SOURCE_QUARANTINED_BAD_CHANNEL_PROGRAMME_MAPPING 28 cloned channels / 80 total,FALLBACK,https://epgshare01.online/epgshare01/epg_ripper_BEIN1.xml.gz
QUARANTINE,,epgshare,BEIN1,Alkass_6_AR,Alkass_6_AR.bein,2,0.9,0.0,,,SOURCE_QUARANTINED_BAD_CHANNEL_PROGRAMME_MAPPING 28 cloned channels / 80 total,FALLBACK,https://epgshare01.online/epgshare01/epg_ripper_BEIN1.xml.gz
QUARANTINE,,epgshare,BEIN1,Alkass_6_EN,Alkass_6_EN.bein,2,0.9,0.0,,,SOURCE_QUARANTINED_BAD_CHANNEL_PROGRAMME_MAPPING 28 cloned channels / 80 total,FALLBACK,https://epgshare01.online/epgshare01/epg_ripper_BEIN1.xml.gz
QUARANTINE,,epgshare,BEIN1,Alkass_7_AR,Alkass_7_AR.bein,2,0.9,0.0,,,SOURCE_QUARANTINED_BAD_CHANNEL_PROGRAMME_MAPPING 28 cloned channels / 80 total,FALLBACK,https://epgshare01.online/epgshare01/epg_ripper_BEIN1.xml.gz
QUARANTINE,,epgshare,BEIN1,Alkass_7_EN,Alkass_7_EN.bein,2,0.9,0.0,,,SOURCE_QUARANTINED_BAD_CHANNEL_PROGRAMME_MAPPING 28 cloned channels / 80 total,FALLBACK,https://epgshare01.online/epgshare01/epg_ripper_BEIN1.xml.gz
QUARANTINE,,epgshare,BEIN1,Alkass_8_AR,Alkass_8_AR.bein,1,0.9,0.0,,,SOURCE_QUARANTINED_BAD_CHANNEL_PROGRAMME_MAPPING 28 cloned channels / 80 total,FALLBACK,https://epgshare01.online/epgshare01/epg_ripper_BEIN1.xml.gz
QUARANTINE,,epgshare,BEIN1,Alkass_8_EN,Alkass_8_EN.bein,1,0.9,0.0,,,SOURCE_QUARANTINED_BAD_CHANNEL_PROGRAMME_MAPPING 28 cloned channels / 80 total,FALLBACK,https://epgshare01.online/epgshare01/epg_ripper_BEIN1.xml.gz
QUARANTINE,,epgshare,BEIN1,beIN_SPORTS1_DIGITAL_Mono_AR,beIN_SPORTS1_DIGITAL_Mono_AR.bein,66,73.4,0.0,,,SOURCE_QUARANTINED_BAD_CHANNEL_PROGRAMME_MAPPING 28 cloned channels / 80 total,FALLBACK,https://epgshare01.online/epgshare01/epg_ripper_BEIN1.xml.gz
QUARANTINE,,epgshare,BEIN1,beIN_SPORTS1_DIGITAL_Mono_EN,beIN_SPORTS1_DIGITAL_Mono_EN.bein,19,73.4,0.0,,,SOURCE_QUARANTINED_BAD_CHANNEL_PROGRAMME_MAPPING 28 cloned channels / 80 total,FALLBACK,https://epgshare01.online/epgshare01/epg_ripper_BEIN1.xml.gz
QUARANTINE,,epgshare,BEIN1,beIN_SPORTS1_ENGLISH_Digital_Mono_AR,beIN_SPORTS1_ENGLISH_Digital_Mono_AR.bein,24,49.4,0.0,,,SOURCE_QUARANTINED_BAD_CHANNEL_PROGRAMME_MAPPING 28 cloned channels / 80 total,FALLBACK,https://epgshare01.online/epgshare01/epg_ripper_BEIN1.xml.gz
QUARANTINE,,epgshare,BEIN1,beIN_SPORTS1_ENGLISH_Digital_Mono_EN,beIN_SPORTS1_ENGLISH_Digital_Mono_EN.bein,29,73.4,0.0,,,SOURCE_QUARANTINED_BAD_CHANNEL_PROGRAMME_MAPPING 28 cloned channels / 80 total,FALLBACK,https://epgshare01.online/epgshare01/epg_ripper_BEIN1.xml.gz
QUARANTINE,,epgshare,BEIN1,beIN_SPORTS1_FRENCH_Digital_Mono_AR,beIN_SPORTS1_FRENCH_Digital_Mono_AR.bein,1,0.9,0.0,,,SOURCE_QUARANTINED_BAD_CHANNEL_PROGRAMME_MAPPING 28 cloned channels / 80 total,FALLBACK,https://epgshare01.online/epgshare01/epg_ripper_BEIN1.xml.gz
QUARANTINE,,epgshare,BEIN1,beIN_SPORTS1_FRENCH_Digital_Mono_EN,beIN_SPORTS1_FRENCH_Digital_Mono_EN.bein,14,24.9,0.0,,,SOURCE_QUARANTINED_BAD_CHANNEL_PROGRAMME_MAPPING 28 cloned channels / 80 total,FALLBACK,https://epgshare01.online/epgshare01/epg_ripper_BEIN1.xml.gz
QUARANTINE,,epgshare,BEIN1,beIN_SPORTS2_DIGITAL_Mono_AR,beIN_SPORTS2_DIGITAL_Mono_AR.bein,37,73.4,0.0,,,SOURCE_QUARANTINED_BAD_CHANNEL_PROGRAMME_MAPPING 28 cloned channels / 80 total,FALLBACK,https://epgshare01.online/epgshare01/epg_ripper_BEIN1.xml.gz
QUARANTINE,,epgshare,BEIN1,beIN_SPORTS2_DIGITAL_Mono_EN,beIN_SPORTS2_DIGITAL_Mono_EN.bein,28,73.4,0.0,,,SOURCE_QUARANTINED_BAD_CHANNEL_PROGRAMME_MAPPING 28 cloned channels / 80 total,FALLBACK,https://epgshare01.online/epgshare01/epg_ripper_BEIN1.xml.gz
QUARANTINE,,epgshare,BEIN1,beIN_SPORTS2_ENGLISH_Digital_Mono_AR,beIN_SPORTS2_ENGLISH_Digital_Mono_AR.bein,19,48.9,0.0,,,SOURCE_QUARANTINED_BAD_CHANNEL_PROGRAMME_MAPPING 28 cloned channels / 80 total,FALLBACK,https://epgshare01.online/epgshare01/epg_ripper_BEIN1.xml.gz
QUARANTINE,,epgshare,BEIN1,beIN_SPORTS2_ENGLISH_Digital_Mono_EN,beIN_SPORTS2_ENGLISH_Digital_Mono_EN.bein,19,48.9,0.0,,,SOURCE_QUARANTINED_BAD_CHANNEL_PROGRAMME_MAPPING 28 cloned channels / 80 total,FALLBACK,https://epgshare01.online/epgshare01/epg_ripper_BEIN1.xml.gz
QUARANTINE,,epgshare,BEIN1,beIN_SPORTS2_FRENCH_Digital_Mono_AR,beIN_SPORTS2_FRENCH_Digital_Mono_AR.bein,1,0.9,0.0,,,SOURCE_QUARANTINED_BAD_CHANNEL_PROGRAMME_MAPPING 28 cloned channels / 80 total,FALLBACK,https://epgshare01.online/epgshare01/epg_ripper_BEIN1.xml.gz
QUARANTINE,,epgshare,BEIN1,beIN_SPORTS2_FRENCH_Digital_Mono_EN,beIN_SPORTS2_FRENCH_Digital_Mono_EN.bein,17,24.9,0.0,,,SOURCE_QUARANTINED_BAD_CHANNEL_PROGRAMME_MAPPING 28 cloned channels / 80 total,FALLBACK,https://epgshare01.online/epgshare01/epg_ripper_BEIN1.xml.gz
QUARANTINE,,epgshare,BEIN1,beIN_SPORTS3_DIGITAL_Mono_AR,beIN_SPORTS3_DIGITAL_Mono_AR.bein,29,50.2,0.0,,,SOURCE_QUARANTINED_BAD_CHANNEL_PROGRAMME_MAPPING 28 cloned channels / 80 total,FALLBACK,https://epgshare01.online/epgshare01/epg_ripper_BEIN1.xml.gz
QUARANTINE,,epgshare,BEIN1,beIN_SPORTS3_DIGITAL_Mono_EN,beIN_SPORTS3_DIGITAL_Mono_EN.bein,30,74.2,0.0,,,SOURCE_QUARANTINED_BAD_CHANNEL_PROGRAMME_MAPPING 28 cloned channels / 80 total,FALLBACK,https://epgshare01.online/epgshare01/epg_ripper_BEIN1.xml.gz
QUARANTINE,,epgshare,BEIN1,beIN_SPORTS4_DIGITAL_Mono_AR,beIN_SPORTS4_DIGITAL_Mono_AR.bein,24,50.7,0.0,,,SOURCE_QUARANTINED_BAD_CHANNEL_PROGRAMME_MAPPING 28 cloned channels / 80 total,FALLBACK,https://epgshare01.online/epgshare01/epg_ripper_BEIN1.xml.gz
QUARANTINE,,epgshare,BEIN1,beIN_SPORTS4_DIGITAL_Mono_EN,beIN_SPORTS4_DIGITAL_Mono_EN.bein,25,74.4,0.0,,,SOURCE_QUARANTINED_BAD_CHANNEL_PROGRAMME_MAPPING 28 cloned channels / 80 total,FALLBACK,https://epgshare01.online/epgshare01/epg_ripper_BEIN1.xml.gz
QUARANTINE,,epgshare,BEIN1,beIN_SPORTS5_DIGITAL_Mono_AR,beIN_SPORTS5_DIGITAL_Mono_AR.bein,34,72.9,0.0,,,SOURCE_QUARANTINED_BAD_CHANNEL_PROGRAMME_MAPPING 28 cloned channels / 80 total,FALLBACK,https://epgshare01.online/epgshare01/epg_ripper_BEIN1.xml.gz
QUARANTINE,,epgshare,BEIN1,beIN_SPORTS5_DIGITAL_Mono_EN,beIN_SPORTS5_DIGITAL_Mono_EN.bein,34,72.9,0.0,,,SOURCE_QUARANTINED_BAD_CHANNEL_PROGRAMME_MAPPING 28 cloned channels / 80 total,FALLBACK,https://epgshare01.online/epgshare01/epg_ripper_BEIN1.xml.gz
QUARANTINE,,epgshare,BEIN1,beIN_SPORTS66_DIGITAL_Mono-01_EN,beIN_SPORTS66_DIGITAL_Mono-01_EN.bein,19,75.9,0.0,,,SOURCE_QUARANTINED_BAD_CHANNEL_PROGRAMME_MAPPING 28 cloned channels / 80 total,FALLBACK,https://epgshare01.online/epgshare01/epg_ripper_BEIN1.xml.gz
QUARANTINE,,epgshare,BEIN1,beIN_SPORTS6_DIGITAL_Mono-d-1_AR,beIN_SPORTS6_DIGITAL_Mono-d-1_AR.bein,26,72.9,0.0,,,SOURCE_QUARANTINED_BAD_CHANNEL_PROGRAMME_MAPPING 28 cloned channels / 80 total,FALLBACK,https://epgshare01.online/epgshare01/epg_ripper_BEIN1.xml.gz
QUARANTINE,,epgshare,BEIN1,beIN_SPORTS7_DIGITAL_Mono_AR,beIN_SPORTS7_DIGITAL_Mono_AR.bein,35,72.9,0.0,,,SOURCE_QUARANTINED_BAD_CHANNEL_PROGRAMME_MAPPING 28 cloned channels / 80 total,FALLBACK,https://epgshare01.online/epgshare01/epg_ripper_BEIN1.xml.gz
QUARANTINE,,epgshare,BEIN1,beIN_SPORTS7_DIGITAL_Mono_EN,beIN_SPORTS7_DIGITAL_Mono_EN.bein,15,76.2,0.0,,,SOURCE_QUARANTINED_BAD_CHANNEL_PROGRAMME_MAPPING 28 cloned channels / 80 total,FALLBACK,https://epgshare01.online/epgshare01/epg_ripper_BEIN1.xml.gz
QUARANTINE,,epgshare,BEIN1,bein_SPORTS_FTA_DIGITAL_Mono_AR,bein_SPORTS_FTA_DIGITAL_Mono_AR.bein,13,57.9,0.0,,,SOURCE_QUARANTINED_BAD_CHANNEL_PROGRAMME_MAPPING 28 cloned channels / 80 total,FALLBACK,https://epgshare01.online/epgshare01/epg_ripper_BEIN1.xml.gz
QUARANTINE,,epgshare,BEIN1,bein_SPORTS_FTA_DIGITAL_Mono_EN,bein_SPORTS_FTA_DIGITAL_Mono_EN.bein,15,72.9,0.0,,,SOURCE_QUARANTINED_BAD_CHANNEL_PROGRAMME_MAPPING 28 cloned channels / 80 total,FALLBACK,https://epgshare01.online/epgshare01/epg_ripper_BEIN1.xml.gz
QUARANTINE,,epgshare,BEIN1,beIN_SPORTS_MAX1_DIGITAL_Mono_AR,beIN_SPORTS_MAX1_DIGITAL_Mono_AR.bein,13,24.9,0.0,,,SOURCE_QUARANTINED_BAD_CHANNEL_PROGRAMME_MAPPING 28 cloned channels / 80 total,FALLBACK,https://epgshare01.online/epgshare01/epg_ripper_BEIN1.xml.gz
QUARANTINE,,epgshare,BEIN1,beIN_SPORTS_MAX1_DIGITAL_Mono_EN,beIN_SPORTS_MAX1_DIGITAL_Mono_EN.bein,13,24.9,0.0,,,SOURCE_QUARANTINED_BAD_CHANNEL_PROGRAMME_MAPPING 28 cloned channels / 80 total,FALLBACK,https://epgshare01.online/epgshare01/epg_ripper_BEIN1.xml.gz
QUARANTINE,,epgshare,BEIN1,beIN_SPORTS_MAX2_DIGITAL_Mono_AR,beIN_SPORTS_MAX2_DIGITAL_Mono_AR.bein,13,24.9,0.0,,,SOURCE_QUARANTINED_BAD_CHANNEL_PROGRAMME_MAPPING 28 cloned channels / 80 total,FALLBACK,https://epgshare01.online/epgshare01/epg_ripper_BEIN1.xml.gz
QUARANTINE,,epgshare,BEIN1,beIN_SPORTS_MAX2_DIGITAL_Mono_EN,beIN_SPORTS_MAX2_DIGITAL_Mono_EN.bein,13,24.9,0.0,,,SOURCE_QUARANTINED_BAD_CHANNEL_PROGRAMME_MAPPING 28 cloned channels / 80 total,FALLBACK,https://epgshare01.online/epgshare01/epg_ripper_BEIN1.xml.gz
QUARANTINE,,epgshare,BEIN1,beIN_SPORTS_MAX3_DIGITAL_Mono_AR,beIN_SPORTS_MAX3_DIGITAL_Mono_AR.bein,13,24.9,0.0,,,SOURCE_QUARANTINED_BAD_CHANNEL_PROGRAMME_MAPPING 28 cloned channels / 80 total,FALLBACK,https://epgshare01.online/epgshare01/epg_ripper_BEIN1.xml.gz
QUARANTINE,,epgshare,BEIN1,beIN_SPORTS_MAX3_DIGITAL_Mono_EN,beIN_SPORTS_MAX3_DIGITAL_Mono_EN.bein,13,24.9,0.0,,,SOURCE_QUARANTINED_BAD_CHANNEL_PROGRAMME_MAPPING 28 cloned channels / 80 total,FALLBACK,https://epgshare01.online/epgshare01/epg_ripper_BEIN1.xml.gz
QUARANTINE,,epgshare,BEIN1,beIN_SPORTS_MAX4_DIGITAL_Mono_AR,beIN_SPORTS_MAX4_DIGITAL_Mono_AR.bein,13,24.9,0.0,,,SOURCE_QUARANTINED_BAD_CHANNEL_PROGRAMME_MAPPING 28 cloned channels / 80 total,FALLBACK,https://epgshare01.online/epgshare01/epg_ripper_BEIN1.xml.gz
QUARANTINE,,epgshare,BEIN1,beIN_SPORTS_MAX4_DIGITAL_Mono_EN,beIN_SPORTS_MAX4_DIGITAL_Mono_EN.bein,13,24.9,0.0,,,SOURCE_QUARANTINED_BAD_CHANNEL_PROGRAMME_MAPPING 28 cloned channels / 80 total,FALLBACK,https://epgshare01.online/epgshare01/epg_ripper_BEIN1.xml.gz
QUARANTINE,,epgshare,BEIN1,beIN_SPORTS_MAX5_DIGITAL_Mono_EN,beIN_SPORTS_MAX5_DIGITAL_Mono_EN.bein,13,24.9,0.0,,,SOURCE_QUARANTINED_BAD_CHANNEL_PROGRAMME_MAPPING 28 cloned channels / 80 total,FALLBACK,https://epgshare01.online/epgshare01/epg_ripper_BEIN1.xml.gz
QUARANTINE,,epgshare,BEIN1,beIN_SPORTS_MAX6_DIGITAL_Mono_EN,beIN_SPORTS_MAX6_DIGITAL_Mono_EN.bein,13,24.9,0.0,,,SOURCE_QUARANTINED_BAD_CHANNEL_PROGRAMME_MAPPING 28 cloned channels / 80 total,FALLBACK,https://epgshare01.online/epgshare01/epg_ripper_BEIN1.xml.gz
QUARANTINE,,epgshare,BEIN1,beIN_SPORTS_XTRA1_Digital_Mono_AR,beIN_SPORTS_XTRA1_Digital_Mono_AR.bein,45,48.9,0.0,,,SOURCE_QUARANTINED_BAD_CHANNEL_PROGRAMME_MAPPING 28 cloned channels / 80 total,FALLBACK,https://epgshare01.online/epgshare01/epg_ripper_BEIN1.xml.gz
QUARANTINE,,epgshare,BEIN1,beIN_SPORTS_XTRA1_Digital_Mono_EN,beIN_SPORTS_XTRA1_Digital_Mono_EN.bein,45,48.9,0.0,,,SOURCE_QUARANTINED_BAD_CHANNEL_PROGRAMME_MAPPING 28 cloned channels / 80 total,FALLBACK,https://epgshare01.online/epgshare01/epg_ripper_BEIN1.xml.gz
QUARANTINE,,epgshare,BEIN1,beIN_SPORTS_XTRA2_Digital_Mono_AR,beIN_SPORTS_XTRA2_Digital_Mono_AR.bein,34,48.9,0.0,,,SOURCE_QUARANTINED_BAD_CHANNEL_PROGRAMME_MAPPING 28 cloned channels / 80 total,FALLBACK,https://epgshare01.online/epgshare01/epg_ripper_BEIN1.xml.gz
QUARANTINE,,epgshare,BEIN1,beIN_SPORTS_XTRA2_Digital_Mono_EN,beIN_SPORTS_XTRA2_Digital_Mono_EN.bein,34,48.9,0.0,,,SOURCE_QUARANTINED_BAD_CHANNEL_PROGRAMME_MAPPING 28 cloned channels / 80 total,FALLBACK,https://epgshare01.online/epgshare01/epg_ripper_BEIN1.xml.gz
QUARANTINE,,epgshare,BEIN1,beIN_SPORTS_XTRA_04_bein.com_AR,beIN_SPORTS_XTRA_04_bein.com_AR.bein,35,48.9,0.0,,,SOURCE_QUARANTINED_BAD_CHANNEL_PROGRAMME_MAPPING 28 cloned channels / 80 total,FALLBACK,https://epgshare01.online/epgshare01/epg_ripper_BEIN1.xml.gz
QUARANTINE,,epgshare,BEIN1,beIN_SPORTS_XTRA_04_bein.com_EN,beIN_SPORTS_XTRA_04_bein.com_EN.bein,35,48.9,0.0,,,SOURCE_QUARANTINED_BAD_CHANNEL_PROGRAMME_MAPPING 28 cloned channels / 80 total,FALLBACK,https://epgshare01.online/epgshare01/epg_ripper_BEIN1.xml.gz
QUARANTINE,,epgshare,BEIN1,beIN_SPORTS_XTRA_05_bein.com_AR,beIN_SPORTS_XTRA_05_bein.com_AR.bein,34,48.9,0.0,,,SOURCE_QUARANTINED_BAD_CHANNEL_PROGRAMME_MAPPING 28 cloned channels / 80 total,FALLBACK,https://epgshare01.online/epgshare01/epg_ripper_BEIN1.xml.gz
QUARANTINE,,epgshare,BEIN1,beIN_SPORTS_XTRA_05_bein.com_EN,beIN_SPORTS_XTRA_05_bein.com_EN.bein,34,48.9,0.0,,,SOURCE_QUARANTINED_BAD_CHANNEL_PROGRAMME_MAPPING 28 cloned channels / 80 total,FALLBACK,https://epgshare01.online/epgshare01/epg_ripper_BEIN1.xml.gz
QUARANTINE,,epgshare,BEIN1,beIN_SPORTS_XTRA_06_bein.com_AR,beIN_SPORTS_XTRA_06_bein.com_AR.bein,1,0.9,0.0,,,SOURCE_QUARANTINED_BAD_CHANNEL_PROGRAMME_MAPPING 28 cloned channels / 80 total,FALLBACK,https://epgshare01.online/epgshare01/epg_ripper_BEIN1.xml.gz
QUARANTINE,,epgshare,BEIN1,beIN_SPORTS_XTRA_06_bein.com_EN,beIN_SPORTS_XTRA_06_bein.com_EN.bein,1,0.9,0.0,,,SOURCE_QUARANTINED_BAD_CHANNEL_PROGRAMME_MAPPING 28 cloned channels / 80 total,FALLBACK,https://epgshare01.online/epgshare01/epg_ripper_BEIN1.xml.gz
QUARANTINE,,epgshare,BEIN1,beIN_SPORTS_XTRA_07_bein.com_AR,beIN_SPORTS_XTRA_07_bein.com_AR.bein,49,48.9,0.0,,,SOURCE_QUARANTINED_BAD_CHANNEL_PROGRAMME_MAPPING 28 cloned channels / 80 total,FALLBACK,https://epgshare01.online/epgshare01/epg_ripper_BEIN1.xml.gz
QUARANTINE,,epgshare,BEIN1,beIN_SPORTS_XTRA_07_bein.com_EN,beIN_SPORTS_XTRA_07_bein.com_EN.bein,49,48.9,0.0,,,SOURCE_QUARANTINED_BAD_CHANNEL_PROGRAMME_MAPPING 28 cloned channels / 80 total,FALLBACK,https://epgshare01.online/epgshare01/epg_ripper_BEIN1.xml.gz
QUARANTINE,,epgshare,BEIN1,beIN_SPORTS_XTRA_08_Bein.com_AR,beIN_SPORTS_XTRA_08_Bein.com_AR.bein,1,0.9,0.0,,,SOURCE_QUARANTINED_BAD_CHANNEL_PROGRAMME_MAPPING 28 cloned channels / 80 total,FALLBACK,https://epgshare01.online/epgshare01/epg_ripper_BEIN1.xml.gz
QUARANTINE,,epgshare,BEIN1,beIN_SPORTS_XTRA_08_Bein.com_EN,beIN_SPORTS_XTRA_08_Bein.com_EN.bein,1,0.9,0.0,,,SOURCE_QUARANTINED_BAD_CHANNEL_PROGRAMME_MAPPING 28 cloned channels / 80 total,FALLBACK,https://epgshare01.online/epgshare01/epg_ripper_BEIN1.xml.gz
QUARANTINE,,epgshare,BEIN1,beIN_SPORTS_XTRA_Digital_09_Bein.com_AR,beIN_SPORTS_XTRA_Digital_09_Bein.com_AR.bein,49,48.9,0.0,,,SOURCE_QUARANTINED_BAD_CHANNEL_PROGRAMME_MAPPING 28 cloned channels / 80 total,FALLBACK,https://epgshare01.online/epgshare01/epg_ripper_BEIN1.xml.gz
QUARANTINE,,epgshare,BEIN1,beIN_SPORTS_XTRA_Digital_09_Bein.com_EN,beIN_SPORTS_XTRA_Digital_09_Bein.com_EN.bein,49,48.9,0.0,,,SOURCE_QUARANTINED_BAD_CHANNEL_PROGRAMME_MAPPING 28 cloned channels / 80 total,FALLBACK,https://epgshare01.online/epgshare01/epg_ripper_BEIN1.xml.gz
QUARANTINE,,epgshare,BEIN1,logos-_beINSPORTS8_AR,logos-_beINSPORTS8_AR.bein,16,51.9,0.0,,,SOURCE_QUARANTINED_BAD_CHANNEL_PROGRAMME_MAPPING 28 cloned channels / 80 total,FALLBACK,https://epgshare01.online/epgshare01/epg_ripper_BEIN1.xml.gz
QUARANTINE,,epgshare,BEIN1,logos-_beINSPORTS8_EN,logos-_beINSPORTS8_EN.bein,13,75.9,0.0,,,SOURCE_QUARANTINED_BAD_CHANNEL_PROGRAMME_MAPPING 28 cloned channels / 80 total,FALLBACK,https://epgshare01.online/epgshare01/epg_ripper_BEIN1.xml.gz
QUARANTINE,,epgshare,BEIN1,logos-_beINSPORTS9_AR,logos-_beINSPORTS9_AR.bein,40,73.4,0.0,,,SOURCE_QUARANTINED_BAD_CHANNEL_PROGRAMME_MAPPING 28 cloned channels / 80 total,FALLBACK,https://epgshare01.online/epgshare01/epg_ripper_BEIN1.xml.gz
QUARANTINE,,epgshare,BEIN1,logos-_beINSPORTS9_EN,logos-_beINSPORTS9_EN.bein,16,73.9,0.0,,,SOURCE_QUARANTINED_BAD_CHANNEL_PROGRAMME_MAPPING 28 cloned channels / 80 total,FALLBACK,https://epgshare01.online/epgshare01/epg_ripper_BEIN1.xml.gz
QUARANTINE,,epgshare,BEIN1,logos-_beINSPORTSXTRA3_AR,logos-_beINSPORTSXTRA3_AR.bein,32,48.9,0.0,,,SOURCE_QUARANTINED_BAD_CHANNEL_PROGRAMME_MAPPING 28 cloned channels / 80 total,FALLBACK,https://epgshare01.online/epgshare01/epg_ripper_BEIN1.xml.gz
QUARANTINE,,epgshare,BEIN1,logos-_beINSPORTSXTRA3_EN,logos-_beINSPORTSXTRA3_EN.bein,32,48.9,0.0,,,SOURCE_QUARANTINED_BAD_CHANNEL_PROGRAMME_MAPPING 28 cloned channels / 80 total,FALLBACK,https://epgshare01.online/epgshare01/epg_ripper_BEIN1.xml.gz
QUARANTINE,,epgshare,BEIN1,NEW_beIN-SPORTS-MAX-05_AR,NEW_beIN-SPORTS-MAX-05_AR.bein,13,24.9,0.0,,,SOURCE_QUARANTINED_BAD_CHANNEL_PROGRAMME_MAPPING 28 cloned channels / 80 total,FALLBACK,https://epgshare01.online/epgshare01/epg_ripper_BEIN1.xml.gz
QUARANTINE,,epgshare,BEIN1,NEW_beIN-SPORTS-MAX-06_AR,NEW_beIN-SPORTS-MAX-06_AR.bein,13,24.9,0.0,,,SOURCE_QUARANTINED_BAD_CHANNEL_PROGRAMME_MAPPING 28 cloned channels / 80 total,FALLBACK,https://epgshare01.online/epgshare01/epg_ripper_BEIN1.xml.gz
QUARANTINE,,epgshare,BEIN1,NEWS_DIGITAL_Mono_AR,NEWS_DIGITAL_Mono_AR.bein,67,48.9,0.0,,,SOURCE_QUARANTINED_BAD_CHANNEL_PROGRAMME_MAPPING 28 cloned channels / 80 total,FALLBACK,https://epgshare01.online/epgshare01/epg_ripper_BEIN1.xml.gz
QUARANTINE,,epgshare,BEIN1,NEWS_DIGITAL_Mono_EN,NEWS_DIGITAL_Mono_EN.bein,67,48.9,0.0,,,SOURCE_QUARANTINED_BAD_CHANNEL_PROGRAMME_MAPPING 28 cloned channels / 80 total,FALLBACK,https://epgshare01.online/epgshare01/epg_ripper_BEIN1.xml.gz
QUARANTINE,,epgshare,SA2,EN: Abdul Majeed Abdullah,EN:.Abdul.Majeed.Abdullah.sa,4,72.9,0.0,,,SOURCE_QUARANTINED_BAD_CHANNEL_PROGRAMME_MAPPING 23 cloned channels / 41 total,FALLBACK,https://epgshare01.online/epgshare01/epg_ripper_SA2.xml.gz
QUARANTINE,,epgshare,SA2,EN: Aflam,EN:.Aflam.sa,26,72.9,92.3,,,SOURCE_QUARANTINED_BAD_CHANNEL_PROGRAMME_MAPPING 23 cloned channels / 41 total,FALLBACK,https://epgshare01.online/epgshare01/epg_ripper_SA2.xml.gz
QUARANTINE,,epgshare,SA2,EN: Al Asouf Channel,EN:.Al.Asouf.Channel.sa,99,72.9,100.0,,,SOURCE_QUARANTINED_BAD_CHANNEL_PROGRAMME_MAPPING 23 cloned channels / 41 total,FALLBACK,https://epgshare01.online/epgshare01/epg_ripper_SA2.xml.gz
QUARANTINE,,epgshare,SA2,EN: Al Hisn Channel,EN:.Al.Hisn.Channel.sa,4,72.9,0.0,,,SOURCE_QUARANTINED_BAD_CHANNEL_PROGRAMME_MAPPING 23 cloned channels / 41 total,FALLBACK,https://epgshare01.online/epgshare01/epg_ripper_SA2.xml.gz
QUARANTINE,,epgshare,SA2,EN: Asharq,EN:.Asharq.sa,158,72.9,55.1,,,SOURCE_QUARANTINED_BAD_CHANNEL_PROGRAMME_MAPPING 23 cloned channels / 41 total,FALLBACK,https://epgshare01.online/epgshare01/epg_ripper_SA2.xml.gz
QUARANTINE,,epgshare,SA2,EN: Bab Al Hara Channel,EN:.Bab.Al.Hara.Channel.sa,96,72.9,70.8,,,SOURCE_QUARANTINED_BAD_CHANNEL_PROGRAMME_MAPPING 23 cloned channels / 41 total,FALLBACK,https://epgshare01.online/epgshare01/epg_ripper_SA2.xml.gz
QUARANTINE,,epgshare,SA2,EN: BIG TIME,EN:.BIG.TIME.sa,4,72.9,0.0,,,SOURCE_QUARANTINED_BAD_CHANNEL_PROGRAMME_MAPPING 23 cloned channels / 41 total,FALLBACK,https://epgshare01.online/epgshare01/epg_ripper_SA2.xml.gz
QUARANTINE,,epgshare,SA2,EN: Big Time Plus,EN:.Big.Time.Plus.sa,4,72.9,0.0,,,SOURCE_QUARANTINED_BAD_CHANNEL_PROGRAMME_MAPPING 23 cloned channels / 41 total,FALLBACK,https://epgshare01.online/epgshare01/epg_ripper_SA2.xml.gz
QUARANTINE,,epgshare,SA2,EN: El Le'ba Channel,EN:.El.Le'ba.Channel.sa,65,72.9,96.9,,,SOURCE_QUARANTINED_BAD_CHANNEL_PROGRAMME_MAPPING 23 cloned channels / 41 total,FALLBACK,https://epgshare01.online/epgshare01/epg_ripper_SA2.xml.gz
QUARANTINE,,epgshare,SA2,EN: El-Podcasters Channel,EN:.El-Podcasters.Channel.sa,4,72.9,0.0,,,SOURCE_QUARANTINED_BAD_CHANNEL_PROGRAMME_MAPPING 23 cloned channels / 41 total,FALLBACK,https://epgshare01.online/epgshare01/epg_ripper_SA2.xml.gz
QUARANTINE,,epgshare,SA2,EN: Fairuz,EN:.Fairuz.sa,1153,72.9,0.0,,,SOURCE_QUARANTINED_BAD_CHANNEL_PROGRAMME_MAPPING 23 cloned channels / 41 total,FALLBACK,https://epgshare01.online/epgshare01/epg_ripper_SA2.xml.gz
QUARANTINE,,epgshare,SA2,EN: Hikayat Ba'ed Alfasl,EN:.Hikayat.Ba'ed.Alfasl.sa,4,72.9,0.0,,,SOURCE_QUARANTINED_BAD_CHANNEL_PROGRAMME_MAPPING 23 cloned channels / 41 total,FALLBACK,https://epgshare01.online/epgshare01/epg_ripper_SA2.xml.gz
QUARANTINE,,epgshare,SA2,EN: Majid Almohandis,EN:.Majid.Almohandis.sa,4,72.9,0.0,,,SOURCE_QUARANTINED_BAD_CHANNEL_PROGRAMME_MAPPING 23 cloned channels / 41 total,FALLBACK,https://epgshare01.online/epgshare01/epg_ripper_SA2.xml.gz
QUARANTINE,,epgshare,SA2,EN: Maraya Channel,EN:.Maraya.Channel.sa,92,72.9,100.0,,,SOURCE_QUARANTINED_BAD_CHANNEL_PROGRAMME_MAPPING 23 cloned channels / 41 total,FALLBACK,https://epgshare01.online/epgshare01/epg_ripper_SA2.xml.gz
QUARANTINE,,epgshare,SA2,EN: Masrah Masr Channel,EN:.Masrah.Masr.Channel.sa,49,72.9,98.0,,,SOURCE_QUARANTINED_BAD_CHANNEL_PROGRAMME_MAPPING 23 cloned channels / 41 total,FALLBACK,https://epgshare01.online/epgshare01/epg_ripper_SA2.xml.gz
QUARANTINE,,epgshare,SA2,EN: MBC Action,EN:.MBC.Action.sa,124,72.9,80.6,,,SOURCE_QUARANTINED_BAD_CHANNEL_PROGRAMME_MAPPING 23 cloned channels / 41 total,FALLBACK,https://epgshare01.online/epgshare01/epg_ripper_SA2.xml.gz
QUARANTINE,,epgshare,SA2,EN: MBC Iraq,EN:.MBC1.Iraq.sa,128,72.9,71.1,,,SOURCE_QUARANTINED_BAD_CHANNEL_PROGRAMME_MAPPING 23 cloned channels / 41 total,FALLBACK,https://epgshare01.online/epgshare01/epg_ripper_SA2.xml.gz
QUARANTINE,,epgshare,SA2,EN: MBC Masr 2,EN:.MBC.Masr.2.sa,120,72.9,57.5,,,SOURCE_QUARANTINED_BAD_CHANNEL_PROGRAMME_MAPPING 23 cloned channels / 41 total,FALLBACK,https://epgshare01.online/epgshare01/epg_ripper_SA2.xml.gz
QUARANTINE,,epgshare,SA2,EN: MBC Masr Drama,EN:.MBC.Masr.Drama.sa,12,72.9,75.0,,,SOURCE_QUARANTINED_BAD_CHANNEL_PROGRAMME_MAPPING 23 cloned channels / 41 total,FALLBACK,https://epgshare01.online/epgshare01/epg_ripper_SA2.xml.gz
QUARANTINE,,epgshare,SA2,EN: MBC MAX,EN:.MBC.MAX.sa,71,72.9,76.1,,,SOURCE_QUARANTINED_BAD_CHANNEL_PROGRAMME_MAPPING 23 cloned channels / 41 total,FALLBACK,https://epgshare01.online/epgshare01/epg_ripper_SA2.xml.gz
QUARANTINE,,epgshare,SA2,EN: MBC1,EN:.MBC1.sa,99,72.9,89.9,,,SOURCE_QUARANTINED_BAD_CHANNEL_PROGRAMME_MAPPING 23 cloned channels / 41 total,FALLBACK,https://epgshare01.online/epgshare01/epg_ripper_SA2.xml.gz
QUARANTINE,,epgshare,SA2,EN: MBC1 Masr,EN:.MBC1.Masr.sa,107,72.9,59.8,,,SOURCE_QUARANTINED_BAD_CHANNEL_PROGRAMME_MAPPING 23 cloned channels / 41 total,FALLBACK,https://epgshare01.online/epgshare01/epg_ripper_SA2.xml.gz
QUARANTINE,,epgshare,SA2,EN: MBC3,EN:.MBC3.sa,267,72.9,100.0,,,SOURCE_QUARANTINED_BAD_CHANNEL_PROGRAMME_MAPPING 23 cloned channels / 41 total,FALLBACK,https://epgshare01.online/epgshare01/epg_ripper_SA2.xml.gz
QUARANTINE,,epgshare,SA2,EN: Mohammed Abdu,EN:.Mohammed.Abdu.sa,4,72.9,0.0,,,SOURCE_QUARANTINED_BAD_CHANNEL_PROGRAMME_MAPPING 23 cloned channels / 41 total,FALLBACK,https://epgshare01.online/epgshare01/epg_ripper_SA2.xml.gz
QUARANTINE,,epgshare,SA2,EN: Movies Action,EN:.Movies.Action.sa,24,72.9,91.7,,,SOURCE_QUARANTINED_BAD_CHANNEL_PROGRAMME_MAPPING 23 cloned channels / 41 total,FALLBACK,https://epgshare01.online/epgshare01/epg_ripper_SA2.xml.gz
QUARANTINE,,epgshare,SA2,EN: Rabeh Saqer,EN:.Rabeh.Saqer.sa,733,72.9,0.0,,,SOURCE_QUARANTINED_BAD_CHANNEL_PROGRAMME_MAPPING 23 cloned channels / 41 total,FALLBACK,https://epgshare01.online/epgshare01/epg_ripper_SA2.xml.gz
QUARANTINE,,epgshare,SA2,EN: Red Bull TV,EN:.Red.Bull.TV.sa,4,72.9,0.0,,,SOURCE_QUARANTINED_BAD_CHANNEL_PROGRAMME_MAPPING 23 cloned channels / 41 total,FALLBACK,https://epgshare01.online/epgshare01/epg_ripper_SA2.xml.gz
QUARANTINE,,epgshare,SA2,EN: Sikkat Safar Channel,EN:.Sikkat.Safar.Channel.sa,4,72.9,0.0,,,SOURCE_QUARANTINED_BAD_CHANNEL_PROGRAMME_MAPPING 23 cloned channels / 41 total,FALLBACK,https://epgshare01.online/epgshare01/epg_ripper_SA2.xml.gz
QUARANTINE,,epgshare,SA2,EN: SSC Extra 1 HD,EN:.SSC.Extra.1.HD.sa,4,72.9,0.0,,,SOURCE_QUARANTINED_BAD_CHANNEL_PROGRAMME_MAPPING 23 cloned channels / 41 total,FALLBACK,https://epgshare01.online/epgshare01/epg_ripper_SA2.xml.gz
QUARANTINE,,epgshare,SA2,EN: SSC Extra 2 HD,EN:.SSC.Extra.2.HD.sa,4,72.9,0.0,,,SOURCE_QUARANTINED_BAD_CHANNEL_PROGRAMME_MAPPING 23 cloned channels / 41 total,FALLBACK,https://epgshare01.online/epgshare01/epg_ripper_SA2.xml.gz
QUARANTINE,,epgshare,SA2,EN: SSC Extra 3 HD,EN:.SSC.Extra.3.HD.sa,4,72.9,0.0,,,SOURCE_QUARANTINED_BAD_CHANNEL_PROGRAMME_MAPPING 23 cloned channels / 41 total,FALLBACK,https://epgshare01.online/epgshare01/epg_ripper_SA2.xml.gz
QUARANTINE,,epgshare,SA2,EN: SSC Extra HD,EN:.SSC.Extra.HD.sa,4,72.9,0.0,,,SOURCE_QUARANTINED_BAD_CHANNEL_PROGRAMME_MAPPING 23 cloned channels / 41 total,FALLBACK,https://epgshare01.online/epgshare01/epg_ripper_SA2.xml.gz
QUARANTINE,,epgshare,SA2,EN: SSC News,EN:.SSC.News.sa,4,72.9,0.0,,,SOURCE_QUARANTINED_BAD_CHANNEL_PROGRAMME_MAPPING 23 cloned channels / 41 total,FALLBACK,https://epgshare01.online/epgshare01/epg_ripper_SA2.xml.gz
QUARANTINE,,epgshare,SA2,EN: SSC1 HD,EN:.SSC1.HD.sa,4,72.9,0.0,,,SOURCE_QUARANTINED_BAD_CHANNEL_PROGRAMME_MAPPING 23 cloned channels / 41 total,FALLBACK,https://epgshare01.online/epgshare01/epg_ripper_SA2.xml.gz
QUARANTINE,,epgshare,SA2,EN: SSC2 HD,EN:.SSC2.HD.sa,4,72.9,0.0,,,SOURCE_QUARANTINED_BAD_CHANNEL_PROGRAMME_MAPPING 23 cloned channels / 41 total,FALLBACK,https://epgshare01.online/epgshare01/epg_ripper_SA2.xml.gz
QUARANTINE,,epgshare,SA2,EN: SSC3 HD,EN:.SSC3.HD.sa,4,72.9,0.0,,,SOURCE_QUARANTINED_BAD_CHANNEL_PROGRAMME_MAPPING 23 cloned channels / 41 total,FALLBACK,https://epgshare01.online/epgshare01/epg_ripper_SA2.xml.gz
QUARANTINE,,epgshare,SA2,EN: SSC4 HD,EN:.SSC4.HD.sa,4,72.9,0.0,,,SOURCE_QUARANTINED_BAD_CHANNEL_PROGRAMME_MAPPING 23 cloned channels / 41 total,FALLBACK,https://epgshare01.online/epgshare01/epg_ripper_SA2.xml.gz
QUARANTINE,,epgshare,SA2,EN: SSC5 HD,EN:.SSC5.HD.sa,4,72.9,0.0,,,SOURCE_QUARANTINED_BAD_CHANNEL_PROGRAMME_MAPPING 23 cloned channels / 41 total,FALLBACK,https://epgshare01.online/epgshare01/epg_ripper_SA2.xml.gz
QUARANTINE,,epgshare,SA2,EN: Tarab,EN:.Tarab.sa,4,72.9,0.0,,,SOURCE_QUARANTINED_BAD_CHANNEL_PROGRAMME_MAPPING 23 cloned channels / 41 total,FALLBACK,https://epgshare01.online/epgshare01/epg_ripper_SA2.xml.gz
QUARANTINE,,epgshare,SA2,EN: Wanasa,EN:.Wanasa.sa,4,72.9,0.0,,,SOURCE_QUARANTINED_BAD_CHANNEL_PROGRAMME_MAPPING 23 cloned channels / 41 total,FALLBACK,https://epgshare01.online/epgshare01/epg_ripper_SA2.xml.gz
QUARANTINE,,epgshare,SA2,EN: WIZZO Esports World Cup,EN:.WIZZO.Esports.World.Cup.sa,4,72.9,0.0,,,SOURCE_QUARANTINED_BAD_CHANNEL_PROGRAMME_MAPPING 23 cloned channels / 41 total,FALLBACK,https://epgshare01.online/epgshare01/epg_ripper_SA2.xml.gz
